case_idx,Converged,Target R0 [m],Target Z0 [m],Target a [m],Target kappa,Target delta,Target Ip [A],Target ffp_alpha,Target ffp_beta,Target pp_alpha,Target pp_beta,Bt [T],CS [A-turn],PF1AL [A-turn],PF1AU [A-turn],PF1BL [A-turn],PF1BU [A-turn],PF1CL [A-turn],PF1CU [A-turn],PF2L [A-turn],PF2U [A-turn],PF3L [A-turn],PF3U [A-turn],PF4L [A-turn],PF4U [A-turn],PF5L [A-turn],PF5U [A-turn],type,R,Z,error,mdsplus_path,value
9000,True,0.901687878270773,0.0074653966211914,0.5153466397027765,1.6473132080207935,-0.3360584035476602,1048194.063483457,,,,,1.0,22400.0,-1500.0,-1500.0,-9200.0,-9200.0,-6299.999999999999,-6299.999999999999,-1500.0,-1500.0,3486.4170250783136,3525.5883186958977,1500.0,1500.0,-13404.760714793028,-13593.421489848455,flux_loop,0.3148,1.0428488876128712,,,0.0559798572228972
9001,True,0.9161394799635424,-0.0482356731815174,0.486736899641745,1.806252658985423,-0.090731626489487,1137019.857584952,,,,,1.0,22400.0,-1500.0,-1500.0,-9200.0,-9200.0,-6299.999999999999,-6299.999999999999,-1500.0,-1500.0,3474.1432913878775,3775.825293189288,1500.0,1500.0,-15291.303583850218,-14489.619714916917,flux_loop,0.3148,1.0428488876128712,,,0.0517528264932938
9002,True,0.8842746086377882,-0.0480995589688757,0.5468431841479824,1.8887067371537631,0.5418857851981632,920169.2261747344,,,,,1.0,22400.0,16800.0,16800.0,-7348.97520913559,9200.0,-6299.999999999999,-1469.575931294302,-518.3785617244247,-1500.0,-4956.28402081073,-9026.884123747875,-5759.499255556643,407.3166717709423,-5378.331868302046,-9609.497259247328,flux_loop,0.3148,1.0428488876128712,,,0.1188799491957691
9003,True,0.9123644136350256,0.0475547638776302,0.4517310258770027,2.804625012611577,-0.4669516365765371,635330.862486174,,,,,1.0,22400.0,5003.765952474735,7284.819814650954,-9200.0,-9200.0,-6299.999999999999,-6299.999999999999,-1500.0,-1500.0,7505.558200439938,6378.724422432908,1500.0,1500.0,-11344.821865603586,-12245.93021767016,flux_loop,0.3148,1.0428488876128712,,,0.0839839632016008
9004,True,0.9302473515162754,-0.0255708335779973,0.505564113604365,1.9907352542520285,0.4650342940519135,689529.3262221878,,,,,1.0,22400.0,16800.0,16800.0,3886.1898520128184,9200.0,-6299.999999999999,-2100.8591361063145,-1500.0,-1500.0,-3894.455356102638,-5536.831393689743,-393.10725695542266,1500.0,-7210.970318301361,-8346.21745504846,flux_loop,0.3148,1.0428488876128712,,,0.124634517655773
9005,True,0.8671113380135654,-0.0307040473420513,0.4784160380572825,2.0104828052854007,-0.3737656470101995,868469.1373466402,,,,,1.0,-10299.379140862133,-1500.0,-1500.0,-9200.0,-9200.0,-6299.999999999999,-6299.999999999999,-1500.0,-1500.0,8081.515408501075,8318.484591498926,1500.0,1500.0,-15381.062516229851,-14472.875039299171,flux_loop,0.3148,1.0428488876128712,,,-0.000950102886724
9006,True,0.8938965869519884,-0.0297326788050322,0.4906261204153811,2.2706758999798544,-0.3168757587869663,967564.7709971634,,,,,1.0,-22400.0,-1500.0,-1500.0,-9200.0,-9200.0,-6299.999999999999,-6299.999999999999,2440.365358470468,2445.536756641074,8022.753508675608,8377.246491324393,1500.0,1500.0,-16979.857725841528,-16285.478799539816,flux_loop,0.3148,1.0428488876128712,,,-0.0092864728097035
9007,True,0.9047987099148408,-0.049145762657346,0.5171220126538884,2.137215029846051,-0.3093483450810276,953995.397272744,,,,,1.0,-22400.0,-1500.0,-1500.0,-9200.0,-9200.0,-6299.999999999999,-6299.999999999999,-1500.0,-1500.0,7974.607152246144,8425.392847753857,1500.0,1500.0,-16227.892416565095,-15121.919380603746,flux_loop,0.3148,1.0428488876128712,,,-0.0166843505012553
9008,True,0.8527783954388564,-0.0111882772503452,0.5043943441076458,2.687446976643349,0.0992489171558789,1198892.2651650067,,,,,1.0,22400.0,-601.2364415403512,-301.00223963539986,9200.0,9200.0,633.2908903123833,85.54326600501533,-1500.0,-1500.0,270.2834715875629,446.0461432211471,1500.0,1500.0,-14567.250195752678,-14452.685301262882,flux_loop,0.3148,1.0428488876128712,,,0.1007372217359776
9009,True,0.8589800726363409,0.0263330833970953,0.4984842039172366,1.510423009084317,-0.3040027189967754,895417.3348405097,,,,,1.0,22400.0,-1500.0,-1500.0,-9200.0,-9200.0,-6299.999999999999,-6299.999999999999,-1500.0,-1500.0,3642.7324780007584,3829.9996161382046,1500.0,1500.0,-12451.330341064648,-13157.678204288351,flux_loop,0.3148,1.0428488876128712,,,0.0449840953674443
9010,True,0.8944517487211446,0.0345099336680619,0.5474411214326157,2.775872754140166,0.5369712719714025,1140709.5056811734,,,,,1.0,22400.0,6744.567488649674,5333.183781765221,-9200.0,-9200.0,-6299.999999999999,2032.8668524742377,9853.215673849054,5715.80801325797,-3056.6555307318413,-3047.731979626585,1500.0,1500.0,-12877.432778112,-13016.719724215764,flux_loop,0.3148,1.0428488876128712,,,0.1097839872920939
9011,True,0.8866064000256474,-0.0229408880799519,0.5362081545788974,3.186556104297699,0.0256301602041386,557399.2340626075,,,,,1.0,-22400.0,1759.9339556728137,2540.23803041156,-3198.1607154779367,-7722.985763681651,2051.1178945585248,5181.9346985150405,373.7727231563898,231.96764617141451,495.0880438881997,629.8876962397659,1500.0,1500.0,-7778.799705397048,-7520.835180373689,flux_loop,0.3148,1.0428488876128712,,,-0.0022083256658919
9012,True,0.9381468311810832,0.0431499387114501,0.5311108481620112,1.546725114677763,-0.1001223934653244,548143.1686185141,,,,,1.0,22400.0,-1500.0,-1500.0,-9200.0,-9200.0,-6299.999999999999,-6299.999999999999,-1500.0,-1500.0,1886.8989366396345,2077.8155335007464,1500.0,1500.0,-7093.169265890952,-7564.177605762021,flux_loop,0.3148,1.0428488876128712,,,0.032163950552917
9013,True,0.9475289308146032,0.0071429481116464,0.5301887956304818,2.1110594825455564,0.3968089975906422,1152138.9492778871,,,,,1.0,22400.0,16800.0,16800.0,6564.916790301335,5171.608223924096,-6299.999999999999,-6299.999999999999,-1500.0,-1500.0,-3574.8774282339277,-3495.2069608115476,1500.0,1500.0,-13599.946741380165,-13631.069833356309,flux_loop,0.3148,1.0428488876128712,,,0.1432960261765627
9014,True,0.9057260676071802,0.0142186315975303,0.5188572261966439,1.8288157894247925,-0.3327222108687993,1085508.1920660003,,,,,1.0,22400.0,-1500.0,-1500.0,-9200.0,-9200.0,-6299.999999999999,-6299.999999999999,-1500.0,-1500.0,4149.364198597288,4129.728511207916,1500.0,1500.0,-13892.608349219909,-14225.828775807098,flux_loop,0.3148,1.0428488876128712,,,0.0616228991421718
9015,True,0.8901567675296493,-0.0078363525756266,0.4683395779082978,3.146431231088133,0.3565462459838463,984250.3252515164,,,,,1.0,22400.0,9486.25412067515,9949.861014352744,-9200.0,-9200.0,-5785.433103304097,-6299.999999999999,6299.209228722076,6218.106007090012,161.11637374045975,365.8949839042043,1500.0,1500.0,-13278.30887615918,-13233.34245635263,flux_loop,0.3148,1.0428488876128712,,,0.1153320817905913
9016,True,0.9496618351705334,-0.0025990500596807,0.5204304097782871,2.566034593037234,0.5128925247687176,937705.5588357556,,,,,1.0,22400.0,11608.655123224606,11857.294263066073,-9200.0,-9200.0,-6299.999999999999,-6299.999999999999,6886.957404985075,6756.2551682979965,-2255.6058629568747,-2189.79242508312,1500.0,1500.0,-11461.908128778728,-11468.744035693604,flux_loop,0.3148,1.0428488876128712,,,0.1153335548017843
9017,True,0.882396205757993,-0.0169254837902905,0.541747782859768,2.029577976162358,0.3574910315586932,1165057.7444484113,,,,,1.0,22400.0,13819.114217040626,16422.887308828194,-9200.0,-9200.0,-6299.999999999999,-6299.999999999999,3618.245850052815,153.3312401718109,-4548.788126661469,-3547.2317415039993,1500.0,1500.0,-13406.089140917498,-13625.15447925836,flux_loop,0.3148,1.0428488876128712,,,0.1211672343816974
9018,True,0.8709746120592368,-0.0301882698414305,0.5468575889634439,2.2274716868133977,-0.0682776132499065,884281.374107349,,,,,1.0,22400.0,-1500.0,-1500.0,-6369.709250873685,-6710.673979631834,7100.0,5114.495614497639,-1500.0,-1500.0,1423.825220048283,2123.536971678139,1500.0,1500.0,-11495.746288343102,-11315.50787035824,flux_loop,0.3148,1.0428488876128712,,,0.0634405617845195
9019,True,0.9175652699793696,0.0003898877724772,0.4920303924022693,1.707055286746082,-0.4596513367188273,1069682.9128822442,,,,,1.0,22400.0,-1500.0,-1500.0,-9200.0,-9200.0,-6299.999999999999,-6299.999999999999,-1500.0,-1500.0,4861.721273706782,4889.038622570513,1500.0,1500.0,-14344.956828448365,-14361.060741519104,flux_loop,0.3148,1.0428488876128712,,,0.06079908061359
9020,True,0.8656134945176213,0.0177634744246795,0.4919098288171965,2.5313478470328725,0.0581104793013947,1037911.8244652211,,,,,1.0,22400.0,-363.45716510965906,-955.246134086208,9200.0,9200.0,-2511.592150484603,-825.6619240463854,-1500.0,-1500.0,889.5908245181269,514.5262892464939,1500.0,1500.0,-12843.87452116972,-12932.242514981295,flux_loop,0.3148,1.0428488876128712,,,0.0905046739387884
9021,True,0.8724926863322588,-0.0491700059667082,0.4624483378552545,3.001806636221652,-0.0349575456002779,585035.747614851,,,,,1.0,22400.0,406.44192796664225,-987.6028215957036,-3976.034727816041,8401.301674993216,7100.0,786.1597408704331,3.785390952825548,-1500.0,407.1427130621066,967.7375978472452,1500.0,1500.0,-8176.554887675865,-7825.525638357072,flux_loop,0.3148,1.0428488876128712,,,0.0677216946017249
9022,True,0.9285681392175822,0.01119580428601,0.4589437637305085,1.4229421850655426,0.561259570474402,1096162.4337880528,,,,,1.0,22400.0,16800.0,16800.0,812.7005970441867,9200.0,-6299.999999999999,-6299.999999999999,-1500.0,-1500.0,-13829.141893631337,-16770.858106368665,-9200.0,-9200.0,-4394.637459690026,-2234.7824541530936,flux_loop,0.3148,1.0428488876128712,,,0.0922733386861859
9024,True,0.8528282884789097,0.017395924701149,0.5085096199402048,2.920679840504284,-0.2957181775710915,690545.6912788867,,,,,1.0,22400.0,-1319.390126840814,-1500.0,9200.0,8045.286672247955,-3349.9485490856764,-1427.6523111434426,-1500.0,-1500.0,2714.161311872664,2478.922323924874,1500.0,1500.0,-10146.416501322465,-10397.08342371674,flux_loop,0.3148,1.0428488876128712,,,0.0704223267825771
9025,True,0.8948372838322786,-0.0010936635366421,0.5195807902169547,1.5513496766648134,-0.1375014805410223,1181089.3983478486,,,,,1.0,22400.0,-1500.0,-1500.0,-9200.0,-9200.0,-6299.999999999999,-6299.999999999999,-1500.0,-1500.0,2200.350909970311,2237.6192663896295,1500.0,1500.0,-15253.235915533258,-15242.088079742793,flux_loop,0.3148,1.0428488876128712,,,0.0494291207853469
9027,True,0.8978159290781053,-0.0477874378639531,0.4848795206439173,2.7668170620311905,-0.5429670318182178,748233.49700984,,,,,1.0,22400.0,6623.228980650008,4265.871526511689,-9200.0,-9200.0,-6299.999999999999,-6299.999999999999,-1500.0,-1500.0,5726.999678427647,6770.155368679173,1500.0,1500.0,-13095.08513578391,-12015.586813074362,flux_loop,0.3148,1.0428488876128712,,,0.0722713099516366
9028,True,0.9236503342447578,-0.0456082536315629,0.4884989680162015,1.534968360286588,-0.4827264688107979,1027715.178135808,,,,,1.0,22400.0,-1500.0,-1500.0,-9200.0,-9200.0,-6299.999999999999,-6299.999999999999,-1500.0,-1500.0,3433.590126201348,3401.0055671671166,1500.0,1500.0,-13659.32650831414,-12383.219079200911,flux_loop,0.3148,1.0428488876128712,,,0.0514416874851035
9030,True,0.8610091247003945,0.0478602280343252,0.4741070805380709,2.706887830473483,0.2117929612161234,834519.5559478551,,,,,1.0,22400.0,10363.83464792566,6865.982622949997,-9200.0,-9200.0,-6299.999999999999,-982.7834273991778,1830.157803051236,3610.44660157397,1593.098857545836,93.09022473959357,1500.0,1500.0,-11596.644345342307,-11645.210943370155,flux_loop,0.3148,1.0428488876128712,,,0.0989621381052253
9031,True,0.8875989785365155,0.0385394886803597,0.5071734901936062,3.16723695446846,0.4776651756259388,1090193.4514644423,,,,,1.0,22400.0,6745.955360937289,5356.937986804535,-9200.0,-7503.585301791402,1579.710535334153,4135.45068899255,4480.228726005581,2758.1085229312744,-681.5678846987773,-1017.7692081049116,1500.0,1500.0,-13133.1111548789,-13506.491119491802,flux_loop,0.3148,1.0428488876128712,,,0.1128650199017088
9032,True,0.9455963689789828,-0.0378215018730438,0.4537377661571597,2.6686123490104467,-0.399155446930324,1062005.061891022,,,,,1.0,22400.0,16800.0,-1500.0,-9200.0,7590.686795444598,-6299.999999999999,7100.0,4033.104382882009,11200.0,9347.685919386877,7052.314080613125,-872.9614491356933,199.13819764218871,-18400.0,-18400.0,flux_loop,0.3148,1.0428488876128712,,,0.115663958354317
9033,True,0.914376033492626,-0.0033222308577313,0.5025876579791096,3.0054849098621084,-0.0938427663007552,817279.0984638978,,,,,1.0,22400.0,2607.273715627448,2755.503943608598,-3295.232006665736,-3856.928273774999,7100.0,7100.0,-1500.0,-1500.0,2194.7009430404228,2253.8645935806585,1500.0,1500.0,-11446.296655829135,-11392.682651441384,flux_loop,0.3148,1.0428488876128712,,,0.089478210935382
9034,True,0.8624407081436685,0.022592385642258,0.4912866709476011,2.983541269063843,0.1188021678868077,532569.8573005527,,,,,1.0,22400.0,2570.760074926449,2131.7881339685955,-9200.0,-7006.758791542294,6165.215544822188,4184.072545561596,1500.6876647567135,1662.7009550937223,-155.29026457336812,-264.37991817120565,1500.0,1500.0,-6883.511491047948,-7025.871121673109,flux_loop,0.3148,1.0428488876128712,,,0.070983151674478
9035,True,0.915244103681825,-0.0002755924976751,0.549211057474761,1.4125649380933338,0.4608505581512007,929425.4882793851,,,,,1.0,22400.0,16800.0,16800.0,9200.0,9200.0,7100.0,7100.0,475.4148300646084,370.49133993929433,-15308.359612106357,-15291.640387893643,-9200.0,-9200.0,-1398.4894984090597,-1407.158862338944,flux_loop,0.3148,1.0428488876128712,,,0.1140813209912453
9036,True,0.9021253181842024,-0.0406003991616602,0.5111620678375082,3.122566827793105,0.0769724755202052,870515.367447291,,,,,1.0,22400.0,4071.569251488504,4828.219033444704,-9200.0,-9200.0,6805.378157167214,6578.7373295538655,966.3345404247702,468.58997952554,938.3008130465636,1459.9033147261628,1500.0,1500.0,-11807.340534475936,-11219.900935735564,flux_loop,0.3148,1.0428488876128712,,,0.0942180378853068
9038,True,0.8831537029608301,-0.0457609322922214,0.4802949037928585,1.5381752355621072,-0.5620020750037145,518061.1839188739,,,,,1.0,22400.0,-1500.0,-1500.0,-9200.0,-9200.0,-6299.999999999999,-6299.999999999999,-1500.0,-1500.0,4722.929570120697,4667.907033982972,1500.0,1500.0,-8987.623816900094,-7949.437678397453,flux_loop,0.3148,1.0428488876128712,,,0.033204101911756
9039,True,0.9464759452289444,-0.0468902398145742,0.5462564506925731,1.815872076687205,-0.5823033337033725,927414.6040831796,,,,,1.0,-22400.0,-1500.0,-1500.0,-9200.0,-9200.0,-6299.999999999999,-6299.999999999999,2976.486669384653,9852.731424989892,9966.575132985416,6433.424867014585,1500.0,1500.0,-17014.95295560625,-15055.428740254249,flux_loop,0.3148,1.0428488876128712,,,0.0015479019672796
9040,True,0.935208318148236,-0.0235876936546446,0.4959599275936741,1.871198504123769,-0.2093976861841837,1155014.1052306034,,,,,1.0,22400.0,-1500.0,-1500.0,-9200.0,-9200.0,-6299.999999999999,-6299.999999999999,-1500.0,-1500.0,3340.031265736115,3481.540895651457,1500.0,1500.0,-14498.816660222832,-14050.233262082307,flux_loop,0.3148,1.0428488876128712,,,0.0604514670300453
9041,True,0.8567775447194751,0.0340680598782791,0.5268558347920471,1.906763797817933,-0.2631805252286818,787717.6438316653,,,,,1.0,22400.0,-1500.0,-1500.0,-9200.0,-9200.0,-6299.999999999999,-6299.999999999999,-1500.0,-1500.0,4571.83251001255,4571.4386421768,1500.0,1500.0,-11072.314980956891,-11767.89221242382,flux_loop,0.3148,1.0428488876128712,,,0.0481627856612232
9042,True,0.8649395806842732,-0.0226419399621588,0.5366740972454893,3.157752886403045,0.2183193343203825,1021621.6730547878,,,,,1.0,-22400.0,1964.2286774842887,2517.0355951419406,-754.7423549408894,-2725.6496162368667,293.59234510165174,1282.2508048537866,1165.341269475111,1290.9911955476616,-402.32530009014073,-231.71836759303645,1500.0,1500.0,-12254.55477801242,-11969.732157268738,flux_loop,0.3148,1.0428488876128712,,,0.0243457771726594
9043,True,0.8600061450237674,-0.0175003763053773,0.5459999952935053,1.820045032981899,0.2765347975181077,748862.5212477193,,,,,1.0,22400.0,8718.787967241875,10515.309287467757,-9200.0,-9200.0,-6299.999999999999,-6299.999999999999,4900.443188294675,2294.857107407245,-3790.144151948645,-3045.6228457825955,1500.0,1500.0,-8983.798382339257,-9142.494951223642,flux_loop,0.3148,1.0428488876128712,,,0.082137917225483
9044,True,0.9093603733396644,0.0460040085412759,0.5092018344692764,1.5695365141659334,0.2399020002651989,809662.2625291354,,,,,1.0,22400.0,16800.0,11209.256689745498,-8949.007801910586,-9200.0,-6299.999999999999,-6299.999999999999,-1500.0,5523.537616767736,-6193.225047835268,-7571.225254503852,1500.0,1500.0,-8580.021309025642,-8135.923222886005,flux_loop,0.3148,1.0428488876128712,,,0.0873526825434419
9045,True,0.8936959024433825,-0.0114002132463863,0.4528353195638037,2.5466627667018535,-0.3480302468459415,661223.3928984159,,,,,1.0,-22400.0,3111.181570964872,2661.2928987774426,-9200.0,-9200.0,-6299.999999999999,-6299.999999999999,-1500.0,-1500.0,8036.404211750758,8363.595788249244,1500.0,1500.0,-13005.522299654698,-12816.850408086462,flux_loop,0.3148,1.0428488876128712,,,-0.0083166946429058
9046,True,0.910210738053887,-0.031605706791915,0.4871975594205137,1.6061530508728823,0.3188046472633435,617938.6045647493,,,,,1.0,22400.0,16800.0,16800.0,5738.330228951834,9200.0,-6299.999999999999,2436.7636600997,-1500.0,-1500.0,-7803.193191066823,-9785.704876017124,1045.5504721743898,1500.0,-5802.900372698348,-5890.640646720053,flux_loop,0.3148,1.0428488876128712,,,0.1154605901451404
9047,True,0.9049071480893564,0.0263256098975676,0.4847777431306622,2.8356192923717662,0.5729525254326066,1110067.2300162655,,,,,1.0,22400.0,13466.68460637772,11335.020042500664,-9200.0,-9200.0,-6299.999999999999,-6299.999999999999,4721.880224587585,8088.107797819517,266.35523970577316,-1586.7488733506802,-400.80695174328974,519.942595730548,-13765.68268479035,-14063.25562930039,flux_loop,0.3148,1.0428488876128712,,,0.1238567138678425
9048,True,0.90835142355222,0.0211417509914321,0.5187780677907696,1.715754244174459,-0.2898768642291713,899053.354139991,,,,,1.0,22400.0,-1500.0,-1500.0,-9200.0,-9200.0,-6299.999999999999,-6299.999999999999,-1500.0,-1500.0,3399.0632721748334,3431.8834999540145,1500.0,1500.0,-11523.629254977895,-11950.09629807338,flux_loop,0.3148,1.0428488876128712,,,0.0511013401263211
9049,True,0.8977062399492907,0.0487265450303028,0.546105648531132,2.114267928062765,-0.0116893928552352,1034446.1735511656,,,,,1.0,22400.0,-1500.0,-1500.0,1623.1003315060834,-3678.290573233539,-6299.999999999999,3758.026850496141,-1500.0,-1500.0,2579.0052513363244,1039.0991237296494,1500.0,1500.0,-12820.051163818418,-12943.218530330256,flux_loop,0.3148,1.0428488876128712,,,0.0768402535872728
9050,True,0.9150126266771272,-0.0051378702515218,0.4874442771897977,2.370114477011767,0.4537473475266093,1091148.454385648,,,,,1.0,22400.0,16800.0,16800.0,6877.742937274961,8410.79765899856,-6299.999999999999,-6299.999999999999,-1500.0,-1500.0,-1813.375325481498,-1896.141158487068,1500.0,1500.0,-14484.119216827565,-14416.781259165164,flux_loop,0.3148,1.0428488876128712,,,0.1437873229771561
9051,True,0.9077741580099408,-0.0440995193834582,0.504872057050696,3.121110406085581,0.1339298778830404,1112205.827503224,,,,,1.0,22400.0,5293.129549035941,6675.949974140716,-9200.0,-9200.0,6056.430728847294,4606.150560420693,1702.2969823321002,1427.880802073742,761.5329708895149,1451.9602460114272,1500.0,1500.0,-14531.253476441958,-13848.721308071506,flux_loop,0.3148,1.0428488876128712,,,0.1127732949370111
9052,True,0.8947245306410986,-0.0420462499435298,0.5455896596309784,2.9827170961802416,-0.100265321382002,704387.3368088362,,,,,1.0,22400.0,2082.488270441846,1664.679733554459,-7363.676788947122,-4150.930571759036,7100.0,7100.0,-88.19180303045681,-1369.7074790280813,1398.5442342950764,1852.1999681573873,1500.0,1500.0,-10115.336639218382,-9461.778580287582,flux_loop,0.3148,1.0428488876128712,,,0.0759662556116031
9053,True,0.876845808514048,0.017582941986291,0.5170837463615051,2.7842226361100906,0.499209459361782,1005755.1382175152,,,,,1.0,22400.0,7391.986844777397,6916.735926406356,-9200.0,-9200.0,-6299.999999999999,-6299.999999999999,8659.836377044434,9458.061167769907,-2055.3186465932895,-2674.8986485197374,1500.0,1500.0,-12383.35007969134,-12246.908304695931,flux_loop,0.3148,1.0428488876128712,,,0.103415734240554
9054,True,0.9469060760938198,0.0265487807753704,0.4528733284204555,2.472634578575365,-0.4788923116736671,791571.2083511418,,,,,1.0,-22400.0,-1500.0,-1500.0,-9200.0,-9200.0,-6299.999999999999,-5122.594770243978,9112.81146027449,11200.0,8661.99445001431,7738.005549985691,1500.0,1500.0,-15804.688676831898,-15220.498304115778,flux_loop,0.3148,1.0428488876128712,,,0.0004645862474193
9055,True,0.917941974038908,0.0060559018515302,0.5057749823792266,3.134984021459419,-0.1425205851434349,821625.641483542,,,,,1.0,15849.375742681294,3240.461638007455,2776.3976303713225,-3861.918774566732,-3219.888782796518,7100.0,7100.0,-1500.0,-1500.0,2465.1625668927263,2409.077193416797,1500.0,1500.0,-11610.462263389922,-11710.6074382309,flux_loop,0.3148,1.0428488876128712,,,0.0804281211331282
9056,True,0.9405973253751764,0.0295074932349901,0.4959948928824628,2.3857628046350396,-0.2741791489270299,647705.8567863214,,,,,1.0,22400.0,2209.2615948474495,3772.038905925862,-9200.0,-9200.0,-6299.999999999999,-6299.999999999999,-1500.0,-1500.0,6565.754461061858,5776.02076060632,1500.0,1500.0,-10820.220988203955,-11194.173386209004,flux_loop,0.3148,1.0428488876128712,,,0.0682123543382283
9057,True,0.8798769085068608,-0.0426433182465065,0.5297671880866724,2.575705630084398,-0.013647418403102,669355.963109189,,,,,1.0,22400.0,-1500.0,-1500.0,-120.4557592271657,315.2899963087249,7100.0,7100.0,-1106.7640284047932,-1500.0,111.19458311690153,479.08017292527313,1500.0,1500.0,-8549.242210120357,-8241.014586834835,flux_loop,0.3148,1.0428488876128712,,,0.0654578302663267
9059,True,0.9399167223826012,-0.0485139949798993,0.5327985771647481,2.5415422754695616,0.4190111249769338,952759.6226669874,,,,,1.0,22400.0,8738.67549540064,11729.909020282174,-9200.0,-9200.0,-6299.999999999999,-6299.999999999999,7784.197212573916,4637.776618498471,-2447.6269907782244,-1032.319520602645,1500.0,1500.0,-11394.763591009963,-11526.533172435453,flux_loop,0.3148,1.0428488876128712,,,0.1117567168998903
9060,True,0.922224227482374,-0.018371344757647,0.4813590665071326,2.9500586182856727,0.3883688851468734,1157043.8076975143,,,,,1.0,22400.0,12245.339709033102,13671.943504969177,-9200.0,-9200.0,-6299.999999999999,-6299.999999999999,6123.285336467761,4596.470302508537,-56.80321988226573,731.2519679297005,1500.0,1500.0,-15213.308442399592,-15207.047562750657,flux_loop,0.3148,1.0428488876128712,,,0.1351597648842898
9061,True,0.8566749622457085,0.009991156770018,0.5072687513975257,1.859218467747231,0.4444306558565866,1110756.7580658423,,,,,1.0,-22400.0,16800.0,16800.0,9200.0,9200.0,7100.0,7100.0,6398.315913989173,1902.6975002382208,-14965.133990996152,-13050.41440699674,1500.0,473.8212273001402,-11424.306703409937,-10944.538953467796,flux_loop,0.3148,1.0428488876128712,,,0.0620105978054918
9062,True,0.8826076546965159,-0.0272594775254831,0.5419413282643514,2.3570288293534913,-0.2340521902341136,877072.9846969207,,,,,1.0,22400.0,-1500.0,158.11635853800576,3153.8957791787425,-3472.0967185211243,-6299.999999999999,-6299.999999999999,-1500.0,-1500.0,3877.933951758869,4777.477955467577,1500.0,1500.0,-12772.405818957865,-12507.024545700027,flux_loop,0.3148,1.0428488876128712,,,0.0654254289012452
9063,True,0.8923085795544479,0.0369361198156704,0.5039346483820611,3.067087715719218,-0.3992798033258157,774517.0482591871,,,,,1.0,22400.0,2550.5467580860877,906.2789662020728,7287.159445992968,9200.0,-6299.999999999999,-3560.539613846618,-1500.0,-1500.0,3536.363942563868,3036.991727060342,1500.0,1500.0,-11310.16027195918,-11900.229146070653,flux_loop,0.3148,1.0428488876128712,,,0.0851728433999515
9064,True,0.9267883896851208,-0.0084522274604093,0.4507747058074272,3.125811368255122,0.0390204616682061,882428.4683775497,,,,,1.0,22400.0,4634.326943838825,4705.659718337071,-4456.535838124897,-3548.102998431701,7100.0,7100.0,-551.376432096161,-1202.9871612614777,1416.9058035839691,1627.7040184455657,1500.0,1500.0,-11895.569571370608,-11816.177960688465,flux_loop,0.3148,1.0428488876128712,,,0.1026029593050523
9065,True,0.9205601114613264,-0.000803167409439,0.4826381760506376,2.1828064069785102,0.1762380052213904,1190765.5338798924,,,,,1.0,22400.0,12675.228721154142,12776.35211417272,-9200.0,-9200.0,-6299.999999999999,-6299.999999999999,-1500.0,-1500.0,262.2913261254112,275.467570450101,1500.0,1500.0,-14503.79034152233,-14495.552385862771,flux_loop,0.3148,1.0428488876128712,,,0.1217551654460822
9066,True,0.9185140880422386,0.0293004145908551,0.4771508598452471,2.3762516465046764,0.112027449439535,1122979.0450855782,,,,,1.0,22400.0,4702.053501944082,1591.756858202033,1587.3284288551897,9200.0,-6299.999999999999,-5337.995380498906,-1500.0,-1500.0,597.1529218290708,-294.6815020286878,1500.0,1500.0,-12990.510726262828,-12988.25983084119,flux_loop,0.3148,1.0428488876128712,,,0.1022928707150799
9067,True,0.8821425809020076,0.0138143060954357,0.473329365779638,1.542394638323465,-0.2448942584661451,1078344.6925634127,,,,,1.0,22400.0,-1500.0,-1500.0,-9200.0,-9200.0,-6299.999999999999,-6299.999999999999,-1500.0,-1500.0,3413.372095679964,3490.0456920742276,1500.0,1500.0,-14654.059009626091,-15013.753052316057,flux_loop,0.3148,1.0428488876128712,,,0.0494771504894029
9068,True,0.943167505412785,-0.0412375299217583,0.5427136614396955,1.5045578273329816,-0.3773111484717073,1133136.5766319528,,,,,1.0,22400.0,-1500.0,-1500.0,-9200.0,-9200.0,-6299.999999999999,-6299.999999999999,-1500.0,-1500.0,2602.3852992402835,2565.734137365646,1500.0,1500.0,-14144.192458191705,-13166.774391665222,flux_loop,0.3148,1.0428488876128712,,,0.0537291525332453
9069,True,0.8514684662097103,-0.0303064938626959,0.5031913394487875,1.9500821834321065,0.4002941966277359,1061492.8040238563,,,,,1.0,22400.0,16800.0,16800.0,6559.289073753018,9200.0,-6299.999999999999,3186.5545020358495,-1500.0,-1500.0,-6630.4974870862,-8376.667923472833,850.3721488182542,1500.0,-12153.619302006064,-12304.867468097003,flux_loop,0.3148,1.0428488876128712,,,0.1299293431611883
9070,True,0.8863092169092468,0.0410976096465038,0.5086315262261163,1.4766905264839658,-0.4291164790235328,974777.4872188836,,,,,1.0,22400.0,-1500.0,-1500.0,-9200.0,-9200.0,-6299.999999999999,-6299.999999999999,-1500.0,-1500.0,3205.1541980190173,3488.9402178903815,1500.0,1500.0,-12275.564865368176,-13483.37896822153,flux_loop,0.3148,1.0428488876128712,,,0.0536501277319001
9071,True,0.9011226418861836,0.0252563087152792,0.5238229899793448,2.972452605605351,-0.4222946540317123,808211.1332122663,,,,,1.0,15926.798897935214,1252.6333707921633,510.90782796868433,9200.0,9200.0,-6299.999999999999,-3707.1022033606096,-1500.0,-1500.0,3240.6218315525352,2920.3778042060935,1500.0,1500.0,-11544.913491598034,-11948.423261719465,flux_loop,0.3148,1.0428488876128712,,,0.0738081413045075
9072,True,0.8937668847299816,-0.0154089716849568,0.5162497727001517,1.8329303349522688,-0.5345924023463011,653578.9113608784,,,,,1.0,21352.531923062717,-1500.0,-1500.0,-9200.0,-9200.0,-6299.999999999999,-6299.999999999999,-1500.0,-1500.0,8182.678497796478,8217.321502203522,1500.0,1500.0,-12243.516316272036,-11826.785528024371,flux_loop,0.3148,1.0428488876128712,,,0.0440009617318391
9073,True,0.8610461073810923,-0.0268780827104842,0.549149955209741,2.2533251243135695,-0.0039909870866455,758150.6394685189,,,,,1.0,22400.0,-1500.0,-1500.0,349.5702585353393,3420.866385583245,4652.682860356617,510.2076123378117,-1500.0,-1500.0,710.1083698544139,1201.8241458045406,1500.0,1500.0,-9909.887976295073,-9784.21560326738,flux_loop,0.3148,1.0428488876128712,,,0.0642324470089248
9074,True,0.9320691202897896,0.0495275102829347,0.4543280005422636,2.5336446074136987,0.2727573477229476,874140.9338851995,,,,,1.0,22400.0,16800.0,16800.0,386.2563751408304,-6418.8258780962515,-6299.999999999999,-6299.999999999999,-1500.0,-1500.0,1759.142484478275,1696.2231523502228,1500.0,1500.0,-12426.315519626836,-13137.172050682684,flux_loop,0.3148,1.0428488876128712,,,0.1339850677944097
9075,True,0.8911719285533111,-0.0451876249243368,0.4926953174712889,2.157910650291695,0.5561584381697239,873661.8562520461,,,,,1.0,22400.0,16800.0,16800.0,2405.889736779452,9200.0,-6299.999999999999,7100.0,-1500.0,-1500.0,-2793.1443661054423,-6747.6438252322,-4870.671035223017,1500.0,-7077.358206955818,-11367.66152302006,flux_loop,0.3148,1.0428488876128712,,,0.1330495021236028
9076,True,0.8735213298903547,0.0323973823875029,0.4816453886649924,1.6378257285731637,-0.2123789780340985,1152321.4612068792,,,,,1.0,22400.0,-1500.0,-1500.0,-9200.0,-9200.0,-6299.999999999999,-6299.999999999999,-1500.0,-1500.0,4189.136758429451,4198.579538394066,1500.0,1500.0,-15621.034441334048,-16447.18362464367,flux_loop,0.3148,1.0428488876128712,,,0.0565881936976636
9078,True,0.8611045355119534,-0.0337881254888493,0.5063813646298471,2.2078935540188636,0.3790743749210484,1198008.6508388428,,,,,1.0,22400.0,15839.068097559168,16800.0,-9200.0,422.38758984314205,-6299.999999999999,-6299.999999999999,2420.175770284836,-1500.0,-2888.497600282843,-2300.615515033694,1500.0,1500.0,-15360.594107243876,-15282.068670086712,flux_loop,0.3148,1.0428488876128712,,,0.1306377665145428
9079,True,0.9457574435679552,-0.0270404347681264,0.4842635140720717,1.4668676900408792,-0.5546473331864923,572196.4740363277,,,,,1.0,22400.0,-1500.0,-1500.0,-9200.0,-9200.0,-6299.999999999999,-6299.999999999999,-1500.0,-1500.0,3881.664335012357,3895.1694740415824,1500.0,1500.0,-8652.581362001694,-8098.028328975478,flux_loop,0.3148,1.0428488876128712,,,0.035840068264655
9080,True,0.8898580994521885,0.0402806274407614,0.5335430287086956,1.5537193247096197,-0.297584568904302,1000775.4452062956,,,,,1.0,22400.0,-1500.0,-1500.0,-9200.0,-9200.0,-6299.999999999999,-6299.999999999999,-1500.0,-1500.0,2979.394133407893,3145.1738214448596,1500.0,1500.0,-12578.429745773095,-13524.489932202294,flux_loop,0.3148,1.0428488876128712,,,0.0533332519442797
9081,True,0.8950798839751394,0.0181660477439398,0.5081284429874489,2.301652780858418,0.0099666381846545,918195.1609089124,,,,,1.0,22400.0,-1500.0,-1500.0,9200.0,6540.865488355762,-5716.801815797279,-1989.4986830977864,-1500.0,-1500.0,1282.4415885832152,851.5056104567606,1500.0,1500.0,-11377.58258684635,-11437.252222180812,flux_loop,0.3148,1.0428488876128712,,,0.0769230760478397
9082,True,0.8710863179535339,-0.0158729213317662,0.5110465736319962,2.53344441604733,-0.5775484319940262,1155672.9166750277,,,,,1.0,22400.0,1333.8428604736196,-1500.0,-9200.0,-9200.0,-6299.999999999999,-6299.999999999999,3864.507610525547,6372.4451740814375,8270.511655315717,8129.488344684285,146.32563663167434,589.9946794476683,-18400.0,-18400.0,flux_loop,0.3148,1.0428488876128712,,,0.0778079716881753
9083,True,0.8955874981883755,-0.0478771587712392,0.5175538227259431,2.0444074071552554,-0.1281577527754164,597270.7902459421,,,,,1.0,22400.0,-1500.0,-1500.0,-9200.0,-9200.0,3709.428032332732,-2751.005469008296,-1500.0,-1500.0,1999.992651030388,3448.448398383687,1500.0,1500.0,-8431.220433044533,-8375.602897660961,flux_loop,0.3148,1.0428488876128712,,,0.0395617013337402
9084,True,0.8671307907436911,-0.0137595513484548,0.4715714387798195,2.420252146085593,0.5306880008636315,733091.9972215833,,,,,1.0,22400.0,16034.582705507535,16800.0,-9200.0,-8418.252987273987,-6299.999999999999,-6299.999999999999,-1500.0,-1500.0,860.9198415717751,591.7666774148192,-2765.455295054919,-1508.7267321436436,-8299.442441998526,-9261.116752059628,flux_loop,0.3148,1.0428488876128712,,,0.1104414001155083
9085,True,0.895751404255187,0.0260569245175231,0.5297207486128936,1.9316265367465864,0.5932212344850553,546981.8081522692,,,,,1.0,22400.0,16800.0,15790.81800523493,-4996.793479335785,-9200.0,-6299.999999999999,-6299.999999999999,-1500.0,-1500.0,-3479.7124584641433,-2219.813369883919,-2334.187496991784,-4418.4940754548725,-4630.298045100304,-3115.8295815145407,flux_loop,0.3148,1.0428488876128712,,,0.0944343621706659
9086,True,0.8996461173374244,0.0033989377926363,0.5448421626143234,2.29994769072894,0.4830184909704414,1171655.8930185016,,,,,1.0,22400.0,11503.577691865365,11235.166266420603,-9200.0,-9200.0,-6299.999999999999,-6299.999999999999,7824.440206642245,8262.646754421017,-4494.615629745904,-4647.485111841156,1488.6024506934305,1478.1728323024308,-13523.031275157686,-13470.342593513082,flux_loop,0.3148,1.0428488876128712,,,0.1166084003314902
9087,True,0.8991460808727594,0.0489532958692489,0.464409823945193,1.71755707656891,0.1315848760698993,839901.4948289514,,,,,1.0,22400.0,7258.07523810064,7124.484103828481,-9200.0,-7249.285044203729,-6299.999999999999,-6299.999999999999,-1500.0,-1500.0,-20.221507931091992,-998.5367295555644,1500.0,1500.0,-10947.00691121241,-10700.277008206162,flux_loop,0.3148,1.0428488876128712,,,0.0754743004082434
9088,True,0.8660512471929295,0.0114859070644059,0.5489617658693047,1.6751442984459857,0.4479660593314515,887963.0718921302,,,,,1.0,22400.0,16800.0,16800.0,9200.0,6098.004448552769,-4381.691236969244,-6299.999999999999,-1500.0,-1500.0,-10198.370837141243,-9111.988738858365,-1446.6753609323234,-2672.0576245801285,-7235.913407235087,-6417.358489578757,flux_loop,0.3148,1.0428488876128712,,,0.1097136739129956
9089,True,0.9024433280439332,0.0322787623081716,0.4968725248581616,2.286946357016619,-0.4862062027315723,872969.2776095101,,,,,1.0,-22400.0,-1500.0,-1500.0,-9200.0,-9200.0,-6299.999999999999,-6299.999999999999,2687.279753209391,4326.893033744789,8537.478706535368,7862.521293464632,1500.0,1500.0,-15418.12209988304,-15758.034506772505,flux_loop,0.3148,1.0428488876128712,,,-0.0081316186407697
9090,True,0.8918729682914768,0.0059050086356388,0.5199914794265588,2.716747130683843,0.2534682294051527,804716.1937403951,,,,,1.0,22400.0,4601.564374818816,4413.163625021374,-9200.0,-9200.0,1558.937417251811,1999.6265990966615,3638.658187017538,3509.4118282500835,-1071.757644052639,-1110.3923942726017,1500.0,1500.0,-9502.984595502145,-9529.638499910856,flux_loop,0.3148,1.0428488876128712,,,0.0899423587285152
9091,True,0.8749986188337663,0.0154650097134251,0.4778087608403688,2.701805067039321,0.0959481608164501,1026349.5764588154,,,,,1.0,22400.0,885.1888838560624,255.1897468272425,9200.0,9200.0,-1818.067004670149,-479.1574437629165,-1500.0,-1500.0,592.4465270762291,321.76241761486324,1500.0,1500.0,-12602.79895568642,-12696.922466525411,flux_loop,0.3148,1.0428488876128712,,,0.0967801714016673
9092,True,0.8973287824373749,-0.0317462019780484,0.512818871686352,1.899796432005975,0.2887757178076149,883411.5876549664,,,,,1.0,22400.0,15403.269879329411,16800.0,-9200.0,-6112.032555827763,-6299.999999999999,-6299.999999999999,-439.140758847055,-1500.0,-3160.952911402512,-3169.0756795312045,1500.0,1500.0,-10562.77673582956,-10522.289372222667,flux_loop,0.3148,1.0428488876128712,,,0.1122712162519789
9093,True,0.8654649891833303,-0.0061873073950352,0.4536882613169476,1.5312844491627706,-0.1274862921964074,688009.2044470881,,,,,1.0,22400.0,-1500.0,-1500.0,-9200.0,-9200.0,-6299.999999999999,-6299.999999999999,-1500.0,-1500.0,3142.0089736672985,3153.3708473942993,1500.0,1500.0,-10499.156594691598,-10402.280943147493,flux_loop,0.3148,1.0428488876128712,,,0.0306611521201992
9094,True,0.9232014660446268,0.0007002410475146,0.5186376040693725,2.7940716429853447,-0.345571736391443,1143020.6562120868,,,,,1.0,22400.0,9029.87159810126,9000.470330966804,-8364.315275618112,-8013.334360632079,-6299.999999999999,-6299.999999999999,-1500.0,-1500.0,5643.955112898018,5615.7011699751465,1500.0,1500.0,-16525.407350182908,-16529.310396184585,flux_loop,0.3148,1.0428488876128712,,,0.1151888964211375
9095,True,0.8876958142334563,-0.0418679091726815,0.4824485284845392,1.645838949246066,-0.1234969094765069,714013.3709317046,,,,,1.0,22400.0,-1500.0,-1500.0,-9200.0,-9200.0,-6299.999999999999,-6299.999999999999,-1500.0,-1500.0,3404.5250623990128,3374.2351525159675,1500.0,1500.0,-10697.514309285163,-10036.793902668258,flux_loop,0.3148,1.0428488876128712,,,0.0336192823286604
9096,True,0.8686041249888193,-0.0212566189355512,0.4783283110703366,2.296205377447635,-0.0761440761215527,502342.9137562277,,,,,1.0,22400.0,-1500.0,-1500.0,-4260.643184232405,-5580.641725182677,7100.0,7100.0,-1500.0,-1500.0,1118.319268296491,1456.6808854720716,1500.0,1500.0,-7223.820780211831,-7153.502549211454,flux_loop,0.3148,1.0428488876128712,,,0.050233361391296
9097,True,0.8705857840956956,-0.0132368296122407,0.5474258123080408,2.314245833377022,-0.5998533239070521,1045416.4960017044,,,,,1.0,-9368.586207118842,-1500.0,-1500.0,-9200.0,-9200.0,-6299.999999999999,-6299.999999999999,-1500.0,-1500.0,8255.130245377115,8144.869754622885,1500.0,1500.0,-16561.971539945236,-16765.62835034071,flux_loop,0.3148,1.0428488876128712,,,0.0114297047838536
9098,True,0.871781057844656,0.0447350795668875,0.4615153559667271,1.6309902214244674,0.1786852453270053,1018557.6689535836,,,,,1.0,22400.0,15422.792087669312,13624.479113241605,-9200.0,-9200.0,-6299.999999999999,-6299.999999999999,-1500.0,-1500.0,-4391.630096533095,-4546.410639737052,1500.0,1500.0,-12492.980908231995,-12265.478629176876,flux_loop,0.3148,1.0428488876128712,,,0.0944703769547529
9099,True,0.946708247657016,-0.0119380528764516,0.5037655823142425,1.4158654379773097,0.0311578242454806,601011.7134083911,,,,,1.0,22400.0,-1500.0,-1500.0,-9200.0,-9200.0,-6299.999999999999,-6299.999999999999,-1500.0,-1500.0,75.88870931252387,38.20377050781019,1500.0,1500.0,-7481.774327328272,-7407.039464291937,flux_loop,0.3148,1.0428488876128712,,,0.0233587891897253
9101,True,0.8529980239899124,-0.0226782975911451,0.5203773168573241,2.1724653559931184,-0.2009031909243807,801020.4814222774,,,,,1.0,22400.0,-1500.0,-1500.0,-9200.0,-9200.0,-1717.2062842989808,-5348.822514129878,-1500.0,-1500.0,4007.0139381085623,4895.625792941445,1500.0,1500.0,-11655.053858371944,-11562.474702898777,flux_loop,0.3148,1.0428488876128712,,,0.0481145577781847
9102,True,0.932932569823036,-0.0157811512573399,0.475923141164929,1.678970213078185,-0.2150345058123768,615228.4053323811,,,,,1.0,22400.0,-1500.0,-1500.0,-9200.0,-9200.0,-6299.999999999999,-6299.999999999999,-1500.0,-1500.0,3053.825695938975,3063.651883411421,1500.0,1500.0,-8631.419522067334,-8415.669640648148,flux_loop,0.3148,1.0428488876128712,,,0.0352160468172283
9103,True,0.905217984342092,0.0329565995156622,0.5077540422307881,2.769294771301417,0.4375268056547275,640600.6682503298,,,,,1.0,22400.0,7417.086799252764,6512.815564992308,-9200.0,-9200.0,-6299.999999999999,-6299.999999999999,6524.355483035933,7774.01543865432,-994.722464088294,-1749.1178163271904,1500.0,1500.0,-8285.774409284331,-8203.258967799648,flux_loop,0.3148,1.0428488876128712,,,0.0862186257716576
9104,True,0.8650651116032095,0.0071084344066437,0.4767065054326903,2.4353614467945612,-0.5437124936199502,1038761.034247128,,,,,1.0,22400.0,-1500.0,-1500.0,-9200.0,-7561.981556877956,7100.0,7100.0,11200.0,11200.0,8328.847079861773,8071.152920138229,-937.676616941411,-639.0135111859676,-18400.0,-18400.0,flux_loop,0.3148,1.0428488876128712,,,0.0942589620644989
9105,True,0.9040577668712624,0.0253742705023205,0.5262557671774601,2.5866045342344517,0.4588044111003687,767913.7460109957,,,,,1.0,22400.0,7906.159617987552,6962.022007671689,-9200.0,-9200.0,-6299.999999999999,-6299.999999999999,7031.123194302635,8263.51562926294,-1799.9655784041338,-2445.7385040215745,1500.0,1500.0,-9496.756510534437,-9388.803506885652,flux_loop,0.3148,1.0428488876128712,,,0.0918540954818654
9106,True,0.8939662568227068,-0.0390661714192052,0.5191531039885486,2.3117633594542184,-0.2613234605281144,1084437.686453932,,,,,1.0,22400.0,232.2475237110721,-1500.0,-9200.0,-9200.0,-6299.999999999999,-6299.999999999999,-1500.0,-1500.0,7600.421435979672,8765.540919635909,1500.0,1500.0,-17400.92600214205,-16657.507974856704,flux_loop,0.3148,1.0428488876128712,,,0.0620253756965119
9107,True,0.8817273181806417,-0.0179115626584972,0.5119396534536461,1.438933988754591,0.1547597506929423,849964.5872464731,,,,,1.0,22400.0,-1500.0,-1500.0,-6954.251058008309,-307.2513732791639,7100.0,7100.0,4173.1062955573425,-1482.7515767314092,-6822.581891523673,-5518.20322014299,1500.0,1500.0,-9438.922061921574,-9757.51666851929,flux_loop,0.3148,1.0428488876128712,,,0.0389443110079968
9108,True,0.8602792666771978,-0.0344792693130775,0.4701541150741453,2.458737555785575,0.1509112401207607,1039818.0988765658,,,,,1.0,22400.0,4510.365796062543,9611.634154860443,7854.852907535541,-4738.577708456559,-6299.999999999999,-6299.999999999999,-1500.0,-1500.0,653.2389311162955,1868.1264764712184,1500.0,1500.0,-13779.241550172612,-13773.486366343972,flux_loop,0.3148,1.0428488876128712,,,0.1065041000953627
9109,True,0.8674613332041677,0.037671237934397,0.5269620952845812,2.1917501332461544,0.5346068191266876,597000.7299033015,,,,,1.0,22400.0,11895.92452334028,8430.479869721068,-9200.0,-9200.0,-6299.999999999999,-6299.999999999999,220.82062334055385,5862.072032833949,-680.0588686372863,-2674.934417935709,-1758.5335962154948,-1162.111941786275,-6144.1724931593435,-5956.617479941465,flux_loop,0.3148,1.0428488876128712,,,0.0801198612652143
9110,True,0.8740333848057118,0.0093447653424972,0.5450456232235469,2.0629060741154017,-0.2787887903265675,922742.4763946634,,,,,1.0,22400.0,-1500.0,-1500.0,-9200.0,-9200.0,-6299.999999999999,-6299.999999999999,-1500.0,-1500.0,5241.718767286892,5224.346243269753,1500.0,1500.0,-13083.404673219104,-13276.283150844492,flux_loop,0.3148,1.0428488876128712,,,0.0547851283073302
9111,True,0.8652033128564578,-0.025969311879005,0.5496631871362498,2.267229060441411,-0.1256539550150404,740329.3543898952,,,,,1.0,22400.0,-1500.0,-1500.0,-7204.521822605373,-8539.297359805485,7100.0,7100.0,-1177.0106750658165,-1500.0,1363.1586223869288,1886.068016121618,1500.0,1500.0,-9779.019478539236,-9618.395715866613,flux_loop,0.3148,1.0428488876128712,,,0.0580607646050274
9112,True,0.8678274907585045,0.0408775133170638,0.506895936751352,2.3646658556155113,-0.3895966577228141,515806.4014408271,,,,,1.0,22400.0,664.5788443885073,2736.5160499912326,-9200.0,-9200.0,-6299.999999999999,-6299.999999999999,-1500.0,-1500.0,5894.558862208592,5014.78620754942,1500.0,1500.0,-8967.841514083118,-9491.757359493504,flux_loop,0.3148,1.0428488876128712,,,0.0564477655480165
9113,True,0.9451510372644096,0.0440202775081681,0.490742080382559,2.846985248227864,-0.5184952448948114,582283.487257781,,,,,1.0,-22400.0,7904.927526826491,7834.672375216818,-9200.0,-5823.409456806412,-6299.999999999999,-6299.999999999999,-1500.0,-1500.0,4102.6791023137175,3431.29517394924,1500.0,1500.0,-8988.34091706955,-9723.589436430282,flux_loop,0.3148,1.0428488876128712,,,0.0138973500859863
9114,True,0.9011697144404212,-0.0150466752920256,0.4508402305370291,1.573982313882248,0.2014724032122161,1014903.8575592836,,,,,1.0,22400.0,16800.0,16800.0,-5172.828503314271,-1763.3258427343656,-6299.999999999999,-6299.999999999999,-1500.0,-1500.0,-7634.414479114946,-7959.097656204499,1500.0,1500.0,-10869.850946999866,-10910.351057576969,flux_loop,0.3148,1.0428488876128712,,,0.1051892387580476
9116,True,0.8859308432566955,-0.0020417578012382,0.4584406730410414,2.783958810974614,0.5130579769817695,1044008.0515956836,,,,,1.0,22400.0,16800.0,16800.0,-9200.0,-9200.0,-6299.999999999999,-6299.999999999999,576.532876642198,1055.8135068181225,1876.8968721518129,1683.4725171737416,-677.6976894900052,-205.59587428988337,-14038.104999131749,-14354.823035375024,flux_loop,0.3148,1.0428488876128712,,,0.1322189181897738
9117,True,0.9301902215499844,0.0476973733067733,0.5260004221961557,1.5846873525834568,0.2788899063277253,775704.99445047,,,,,1.0,22400.0,16800.0,11372.379214906414,-5153.164726314178,-9200.0,-6299.999999999999,-6299.999999999999,-1500.0,6820.158478139886,-6812.1967748287325,-8098.209400093415,1500.0,1500.0,-7713.431304302882,-7298.469182398309,flux_loop,0.3148,1.0428488876128712,,,0.0907585472967479
9118,True,0.9280462496635484,-0.0406420406657677,0.5420852450316507,2.2742152463486436,0.5624847450729621,866109.2616553758,,,,,1.0,22400.0,10178.70451961951,14307.165682358484,-9200.0,-9200.0,-6299.999999999999,-6299.999999999999,7833.206796270315,2788.9751497528396,-3978.966745463847,-2212.329705431972,-435.7426149362332,-535.2249811994913,-8894.63057633514,-9420.786988569162,flux_loop,0.3148,1.0428488876128712,,,0.1081911115222802
9119,True,0.9388905033312992,-0.0087143760888407,0.4528956846123099,2.74576737596386,0.5431306018492351,507344.4902880266,,,,,1.0,22400.0,13525.50491006331,14577.08556077674,-9200.0,-9200.0,-6299.999999999999,-6299.999999999999,529.7969434013116,-933.6834503417988,1259.2810485142766,1783.7464438047095,-406.2261560781192,-563.630413228538,-6837.615936903457,-6819.564767605809,flux_loop,0.3148,1.0428488876128712,,,0.1012299066423509
9120,True,0.8652769373094887,-0.0440719711861904,0.4863822480383723,2.0986919120211684,0.3147642829046556,714271.4560400208,,,,,1.0,22400.0,13783.178464699422,16800.0,-9200.0,-7265.629279839936,-6299.999999999999,-6299.999999999999,827.8234898750882,-1500.0,-1592.7527393623188,-1207.8845690827177,1500.0,1500.0,-9771.240302203709,-9654.037085532103,flux_loop,0.3148,1.0428488876128712,,,0.1074210899360925
9121,True,0.9240111914511616,-0.0142550896562657,0.4989806906804966,1.867932154502028,0.184512862084052,555476.8950395617,,,,,1.0,22400.0,3201.861214489731,5276.547842049152,7716.672054783742,2418.732380065306,-6299.999999999999,-6299.999999999999,-1500.0,-1500.0,-1516.9206181832546,-1162.297180419698,1500.0,1500.0,-6648.658421201993,-6711.9371045410235,flux_loop,0.3148,1.0428488876128712,,,0.0703057116517652
9122,True,0.8633130284827722,0.0078093652006656,0.4591846413195235,1.5197061479747642,-0.4635680780586221,833193.9590028301,,,,,1.0,22400.0,-1500.0,-1500.0,-9200.0,-9200.0,-6299.999999999999,-6299.999999999999,-1500.0,-1500.0,4464.106726948435,4547.699826051704,1500.0,1500.0,-12068.144981906247,-12325.30695379485,flux_loop,0.3148,1.0428488876128712,,,0.0454782662832333
9123,True,0.9181505620082128,0.0369816879608612,0.5009199936052616,1.4452787560840912,0.4902828581194113,728818.2706571254,,,,,1.0,22400.0,16800.0,16800.0,9200.0,9200.0,7100.0,7100.0,10309.969753810004,2023.4043160153344,-16179.00776944452,-14420.99223055548,-9200.0,-9200.0,-333.10762973351467,1201.8649523268898,flux_loop,0.3148,1.0428488876128712,,,0.1181432394194429
9124,True,0.9453594773112995,-0.0381424990911324,0.4864434726566952,1.9658652982877285,-0.0829569158707523,666021.6242767718,,,,,1.0,22400.0,95.9546558385553,-1500.0,-9200.0,-9200.0,-6299.999999999999,-6299.999999999999,-1500.0,-1500.0,2727.1550073071626,3431.3122827517795,1500.0,1500.0,-9025.453466879717,-8848.414264695186,flux_loop,0.3148,1.0428488876128712,,,0.0387801351662135
9126,True,0.9025529272655723,-0.0407632318033119,0.526894914340817,1.862472465615203,-0.0797303471843691,861174.0043847498,,,,,1.0,22400.0,-1500.0,-1500.0,-9200.0,-9200.0,-6299.999999999999,-6299.999999999999,-1500.0,-1500.0,3575.0689334514464,3724.3987028261927,1500.0,1500.0,-11984.143839675207,-11373.6451932442,flux_loop,0.3148,1.0428488876128712,,,0.0438396306102643
9127,True,0.8772056038754472,0.0463854304964403,0.4795699924535326,1.9412260505277608,0.3043668805204678,992028.77882091,,,,,1.0,22400.0,16800.0,16800.0,9200.0,2538.3875036742343,1289.4661168649156,-6299.999999999999,-1500.0,-1500.0,-5765.5209032822995,-4348.259124088198,1500.0,1500.0,-12213.13725866901,-12512.411886121152,flux_loop,0.3148,1.0428488876128712,,,0.1286274069317376
9128,True,0.9220072355837088,-0.0061444042844732,0.4916455817182638,3.183071396822585,0.2056949570748231,1172903.6664903397,,,,,1.0,22400.0,6746.991597376627,7004.45874364526,-9200.0,-9200.0,3415.6905771640413,2682.4120202807735,3127.296805649312,3315.2657175883764,-5.162522450964228,60.686293123000546,1500.0,1500.0,-14153.666374625724,-14059.99614641708,flux_loop,0.3148,1.0428488876128712,,,0.1222926563521025
9129,True,0.9292212427008903,0.0140100918736997,0.4782182136317157,2.5755672964168537,0.2717854668646262,505260.3223630719,,,,,1.0,22400.0,9904.487962297304,9039.557968943727,-9200.0,-9200.0,-6299.999999999999,-6299.999999999999,3127.9406462529437,4355.379224366022,166.20318610627487,-223.9210759437809,1500.0,1500.0,-7189.459916097906,-7175.996980986469,flux_loop,0.3148,1.0428488876128712,,,0.0862412040484008
9130,True,0.8879502764275756,0.0144340853403319,0.4504405273986448,2.4231614565451443,0.4890517554978274,1161435.999099988,,,,,1.0,-22400.0,16800.0,16800.0,9200.0,9200.0,7100.0,7100.0,4356.846780900758,-38.11064293044876,-5000.125348391136,-3775.860686873325,1500.0,1500.0,-16314.313141105637,-16636.68718370009,flux_loop,0.3148,1.0428488876128712,,,0.0844624468750218
9131,True,0.9072253174767174,-0.0480541164197754,0.4870828009408937,2.811965240021262,0.5959974588474807,920806.7078466562,,,,,1.0,22400.0,9284.514000279243,12733.766393685084,-9200.0,-9200.0,-6299.999999999999,-6299.999999999999,8691.397619148203,3486.5776260543557,-2070.951524430214,867.5087453239414,315.4720529847758,-1212.203646612687,-11453.732119753968,-10999.652206735294,flux_loop,0.3148,1.0428488876128712,,,0.1108058235532541
9132,True,0.8806878417475229,-0.0241011979655299,0.4821364818669526,2.2705712974921166,-0.2414588744737129,854818.5890762054,,,,,1.0,-22400.0,-763.7765200076695,-1500.0,-9200.0,-9200.0,-6299.999999999999,-6299.999999999999,-1456.1453853382718,-1500.0,7882.359698170704,8517.640301829297,1500.0,1500.0,-15025.783378300554,-14618.563017904957,flux_loop,0.3148,1.0428488876128712,,,-0.0199334644326854
9133,True,0.9371387602480248,-0.0229887575715685,0.547913059002074,2.04401380512485,0.347200647167219,873765.9921803137,,,,,1.0,22400.0,12255.354495794949,15246.274496662983,-9200.0,-9200.0,-6299.999999999999,-6299.999999999999,4146.25943738451,358.0410555960731,-3274.304793681366,-2246.083428352656,1500.0,1500.0,-10081.115281128918,-10266.480895908682,flux_loop,0.3148,1.0428488876128712,,,0.1121052829671553
9134,True,0.9461843446903546,0.0219117139058134,0.4964652398560532,2.91014814144497,-0.1480536171481016,1025828.8409946302,,,,,1.0,22400.0,11073.71966259596,7765.553635106522,-4863.612261874784,3066.156452619831,-6299.999999999999,-6299.999999999999,-1500.0,-1500.0,4789.47062586307,4159.637198616016,1500.0,1500.0,-14685.48391273786,-15031.81277887966,flux_loop,0.3148,1.0428488876128712,,,0.1184594274639641
9135,True,0.9118007526863712,-0.0254294152064547,0.531506550792143,1.5888609943964631,0.0171693596760158,948565.654226928,,,,,1.0,22400.0,-1500.0,-1500.0,-9200.0,-9200.0,-6299.999999999999,-6299.999999999999,-1500.0,-1500.0,1450.2505724244995,1515.670592280497,1500.0,1500.0,-12273.612312736472,-12031.313803778648,flux_loop,0.3148,1.0428488876128712,,,0.0373873596251024
9136,True,0.9164288562417868,0.008968322259571,0.5231350959332312,2.3387806250770433,0.2327587077931171,813804.6363598574,,,,,1.0,22400.0,6638.284130422951,6403.875509310257,-9200.0,-9200.0,5551.211480979258,3036.2665029039767,-391.73407394371975,1295.28565380553,-623.1450948336654,-936.5834572734392,1500.0,1500.0,-9889.382689954513,-9867.902299053536,flux_loop,0.3148,1.0428488876128712,,,0.0933039177157306
9137,True,0.903465705246844,-0.0334828112558383,0.5459655234204331,1.6609508051031985,0.1753876899045001,616088.8327220263,,,,,1.0,22400.0,-52.98609234533309,3562.4261929909812,9200.0,3063.805562637137,-1748.2331563814853,-6299.999999999999,-1500.0,-1500.0,-2596.9308575649693,-1643.4910978394132,1500.0,1500.0,-7251.899389588359,-7478.200351083187,flux_loop,0.3148,1.0428488876128712,,,0.0593261413311601
9138,True,0.9332763963765964,-0.0488621065321544,0.4558860341617878,2.031573110577214,0.272872295192534,517035.6326434981,,,,,1.0,22400.0,16800.0,16800.0,-8282.408885423489,1517.7283131641602,-6299.999999999999,-6299.999999999999,-1500.0,-1500.0,-750.9023693765399,-1576.3750578992033,1500.0,1500.0,-7520.620196930944,-7188.268372287934,flux_loop,0.3148,1.0428488876128712,,,0.1136644134978164
9139,True,0.9429236613916004,-0.0369631802879281,0.5002304075828922,2.406237974608845,0.298691711096764,583967.1406672307,,,,,1.0,22400.0,9369.749837997086,12462.754953869397,-9200.0,-9200.0,-6299.999999999999,-6299.999999999999,4874.933800216944,1098.003907149283,-918.713020862055,221.01007864555103,1500.0,1500.0,-7832.711119819565,-7905.279356690341,flux_loop,0.3148,1.0428488876128712,,,0.0967605979792368
9140,True,0.9215247621860714,-0.0047469140934398,0.5350341191085982,3.106819719087221,-0.1546118923018663,876590.7008908119,,,,,1.0,-20309.4114002913,3273.2581817047144,3271.6278870262863,-6489.343503905084,-6527.127364585337,7100.0,7100.0,-780.0363800864335,-866.2791456055406,2054.758787819246,2114.899025275239,1500.0,1500.0,-12119.144622252714,-12015.104249682545,flux_loop,0.3148,1.0428488876128712,,,0.0226836668195011
9142,True,0.8753342149027908,0.0070785907268415,0.4710676458899437,2.1305887024146637,-0.036309107136555,856482.3797669931,,,,,1.0,22400.0,435.0773911370713,-315.8443780431963,-5981.1582554817705,-2700.471067565041,-6299.999999999999,-6299.999999999999,-1500.0,-1500.0,4005.0154441050745,3615.860768460573,1500.0,1500.0,-12278.03123923044,-12239.75320453732,flux_loop,0.3148,1.0428488876128712,,,0.0610856643622619
9143,True,0.9335875357381392,-0.0122404408153276,0.4959823246524052,3.1782102723375467,-0.1502856909568129,844158.0954487275,,,,,1.0,22400.0,4655.346456638601,5600.3638432986345,-4534.077029829593,-6644.151134525888,7100.0,7100.0,-1500.0,-1500.0,2752.891082052189,2926.717340157376,1500.0,1500.0,-12265.856262104357,-12040.732009560405,flux_loop,0.3148,1.0428488876128712,,,0.099858968489826
9144,True,0.9464954694855082,-0.0013813849808259,0.5231129054164678,2.1959191108284006,-0.4563154878688144,641373.537670294,,,,,1.0,22400.0,-1500.0,-1500.0,-9200.0,-9200.0,-6299.999999999999,-6299.999999999999,-1500.0,-1500.0,7225.381513765246,7258.9260995214845,1500.0,1500.0,-11146.77522474982,-11129.0774010568,flux_loop,0.3148,1.0428488876128712,,,0.0452133101048737
9146,True,0.8822950095504364,0.0284393376013619,0.4501708155116659,2.9306842293230124,-0.1244316728793764,782001.7074750524,,,,,1.0,22400.0,1190.5788604663337,-131.24908902986084,9200.0,9200.0,-5604.602664998767,-1969.8530068206403,-1500.0,-1500.0,3006.001840526672,2370.6193011956066,1500.0,1500.0,-11296.106807323264,-11541.136039419198,flux_loop,0.3148,1.0428488876128712,,,0.0829219833998562
9147,True,0.9068244458239684,-0.0338368302132702,0.5275793505139174,2.8100454934453207,0.3303262057595186,882818.2028667186,,,,,1.0,22400.0,5107.354468169497,6579.724844448059,-9200.0,-9200.0,2426.9920610358695,-3117.804578514891,3615.1147895664153,5618.967421960363,-1240.2678552100294,-1085.9960091997175,1500.0,1500.0,-10593.79478659393,-10359.619198727887,flux_loop,0.3148,1.0428488876128712,,,0.0971979843733595
9148,True,0.8616433100357112,-0.0198416561879306,0.4602541711664615,3.1097497217005725,0.4857628519492599,560906.5392358054,,,,,1.0,22400.0,6256.421239173828,6812.056658220634,-9200.0,-9200.0,-6299.999999999999,-6299.999999999999,7693.660103442327,6923.308608432239,-927.6617485046122,-342.40152845080326,1500.0,1500.0,-8094.826048939044,-8192.303815495005,flux_loop,0.3148,1.0428488876128712,,,0.0794501298419723
9149,True,0.8684199243336392,0.0401118915068518,0.5048083134295765,3.067435311494749,0.3141825591516707,1050949.8772694007,,,,,1.0,22400.0,5857.608889431281,4587.324667862891,-9200.0,-9200.0,1863.5332809672095,5546.9618312837965,3695.855590702712,2308.412239554296,-380.2410805112563,-700.5926720675119,1500.0,1500.0,-12596.161888800449,-13009.13014438438,flux_loop,0.3148,1.0428488876128712,,,0.1084063443555143
9150,True,0.9202226614968008,-0.048372409265731,0.5139012703353006,2.548860975950827,0.4370160853981116,564886.2634109404,,,,,1.0,22400.0,6710.925039956136,8926.928294419353,-9200.0,-9200.0,-6299.999999999999,-6299.999999999999,7578.795934202957,5151.697388698215,-2016.2334722038795,-1001.7834263866916,1500.0,1500.0,-7278.396192242226,-7397.851389341568,flux_loop,0.3148,1.0428488876128712,,,0.0840017026074906
9151,True,0.8654839347734771,0.0442131711324189,0.5275231947021835,2.536610447205726,-0.2044083312627651,557986.6687724718,,,,,1.0,22400.0,-1500.0,-1500.0,2458.301129386121,-2616.471872839355,553.7876489800542,6833.971570261255,-1500.0,-1500.0,2099.8576010892366,1484.5238165498731,1500.0,1500.0,-7924.278765841549,-8255.580136603674,flux_loop,0.3148,1.0428488876128712,,,0.0599398215247372
9152,True,0.9085996667053304,-0.0258123944760899,0.5435474447966413,1.689299883812121,-0.2630929600325811,1068466.793288614,,,,,1.0,22400.0,-1500.0,-1500.0,-9200.0,-9200.0,-6299.999999999999,-6299.999999999999,-1500.0,-1500.0,3118.883851167064,3162.4650852041977,1500.0,1500.0,-13681.896647711455,-13152.62139423114,flux_loop,0.3148,1.0428488876128712,,,0.0536235379791116
9153,True,0.8975810493981806,0.0191561462319976,0.513589230252232,1.9901446770870044,-0.1925939441860608,767343.8975760818,,,,,1.0,22400.0,-1500.0,-1500.0,-9200.0,-9200.0,-6299.999999999999,-6299.999999999999,-1500.0,-1500.0,3979.8914026769935,3958.037008875889,1500.0,1500.0,-10450.452541977184,-10779.2181072457,flux_loop,0.3148,1.0428488876128712,,,0.0468552491880426
9154,True,0.8835140650141297,-0.0283075911229148,0.4883448356797236,3.156655283052654,-0.5519808225801391,942166.3830893696,,,,,1.0,22400.0,3492.777155771763,5687.389069524193,7363.794022641675,1173.7935462701143,-6299.999999999999,-6299.999999999999,-1500.0,-1500.0,4259.1233213974565,4765.602021342294,1500.0,1500.0,-14538.126671720596,-13959.695831470344,flux_loop,0.3148,1.0428488876128712,,,0.1001648185294806
9155,True,0.8963655460765108,-0.0283222647293868,0.4669931496827278,3.0615553335548253,0.2133033548430651,1030182.341701971,,,,,1.0,22400.0,7282.716266126011,9073.643762606713,-9200.0,-9200.0,1778.652870801287,-1917.3550514981123,3330.0725914690574,3659.365593382491,213.0714701851605,736.5657785235452,1500.0,1500.0,-13464.718642829386,-13220.026494068376,flux_loop,0.3148,1.0428488876128712,,,0.1160765163674273
9156,True,0.8699353404233884,-0.0348706829268067,0.5066798166113065,1.7994289749728758,-0.4556048592564301,1062330.3273305362,,,,,1.0,22400.0,-1500.0,-1500.0,-9200.0,-9200.0,-6299.999999999999,-6299.999999999999,-1500.0,-1500.0,6109.4140372401,6352.161718236302,1500.0,1500.0,-15947.436950357884,-14940.078320572233,flux_loop,0.3148,1.0428488876128712,,,0.0581899395411266
9157,True,0.8783163008837552,0.0103649886197316,0.4834144160023904,2.1729619343263136,-0.3544211267848006,1051158.529326789,,,,,1.0,-22400.0,-1500.0,-1500.0,-9200.0,-9200.0,-6299.999999999999,-6299.999999999999,3585.1075075920594,2678.201828749831,8023.605120551439,8376.394879448562,1500.0,1500.0,-17579.870351816306,-18009.745698251103,flux_loop,0.3148,1.0428488876128712,,,-0.0035781117988636
9158,True,0.9477046742393872,-0.0191668122065835,0.4819694208967602,2.300994747629745,0.4011186495577793,752707.2703827866,,,,,1.0,22400.0,16800.0,16800.0,-463.7805001479545,3624.604035494454,-6299.999999999999,-6299.999999999999,-1500.0,-1500.0,-852.6635924112308,-1083.2802637135867,1500.0,1500.0,-10362.627989008286,-10185.81206118225,flux_loop,0.3148,1.0428488876128712,,,0.1282587828736776
9159,True,0.8549561162450289,0.0009237107188231,0.4954654450147088,2.0123936131923847,0.5104884282962031,1197054.147594476,,,,,1.0,-22400.0,16800.0,16800.0,9200.0,9200.0,7100.0,7100.0,9664.994691796544,8909.843312965484,-14694.800150235887,-14351.603930881683,505.3776531339328,196.20001760196573,-12577.134358248217,-12401.726241872324,flux_loop,0.3148,1.0428488876128712,,,0.0721618577414948
9160,True,0.909489803326725,0.0058929536887811,0.5474036851101949,2.9311602015373124,0.4127483079789292,1001147.5151320348,,,,,1.0,22400.0,4774.863814293582,4521.914907777548,-9200.0,-8099.75970739948,5104.096656960736,4159.27369790933,2590.0714399764465,2609.9021319776043,-1399.2206300048497,-1432.742839942846,1500.0,1500.0,-11253.622567610446,-11290.979158483064,flux_loop,0.3148,1.0428488876128712,,,0.1026731520857171
9161,True,0.8922029634559048,-0.0378841662520583,0.4704667501631916,2.9179468618402513,-0.5316486913883921,569775.369503292,,,,,1.0,22400.0,7239.252804909426,7318.736764033858,-6996.11464512088,-9200.0,-6299.999999999999,-6299.999999999999,-1500.0,-1500.0,4295.954001690281,4868.976948213017,1500.0,1500.0,-10112.221823500617,-9360.42533825544,flux_loop,0.3148,1.0428488876128712,,,0.0771278557530961
9162,True,0.8771203986316487,-0.0343270623655228,0.4913144162944486,3.069361808372914,-0.5208266349451541,660190.9400380407,,,,,1.0,22400.0,919.2524474666334,2676.5375883619827,9200.0,4692.184841030861,-5760.500975558242,-6299.999999999999,-1500.0,-1500.0,3089.47628876605,3565.3827462012105,1500.0,1500.0,-10581.5934853188,-10055.972356857528,flux_loop,0.3148,1.0428488876128712,,,0.0769190641079912
9163,True,0.9377972644567456,-0.0421186295999311,0.5371986327510325,2.7249408490156517,0.2730907460099441,502209.3661088833,,,,,1.0,22400.0,3166.6817766522436,4849.399235572667,-4541.322351416496,-9200.0,-1754.5631810791697,-2709.944061923107,3453.9547723962023,5149.998091642337,-1055.4762575431737,-1067.6972527648406,1500.0,1500.0,-6178.302599102792,-5961.00578940109,flux_loop,0.3148,1.0428488876128712,,,0.0728828085165042
9164,True,0.854468669802692,-0.0338754443797352,0.4979726719627357,2.115498539710867,0.0715335329186311,919590.3435597018,,,,,1.0,22400.0,1153.0634264645323,5472.484568312284,6127.050705248553,-7351.063546497273,-6299.999999999999,-6299.999999999999,-1500.0,-1500.0,1341.0446318247646,2853.132348588342,1500.0,1500.0,-12641.01298511615,-12767.078764199883,flux_loop,0.3148,1.0428488876128712,,,0.0769578466152555
9165,True,0.897099491759046,-0.0357006835422196,0.4995042609611649,2.310023557616262,-0.5207388525147489,821890.2778426041,,,,,1.0,-22400.0,-1500.0,-1500.0,-9200.0,-9200.0,-6299.999999999999,-6299.999999999999,2951.378113555997,381.6610064508991,7640.582974157393,8759.417025842607,1500.0,1500.0,-14871.638957232824,-14589.098825305397,flux_loop,0.3148,1.0428488876128712,,,-0.0165450151335295
9166,True,0.87699362238151,-0.0139873162383269,0.5330714295034904,2.3542508007602345,-0.2275326059593275,891640.4650221528,,,,,1.0,22400.0,-1500.0,-1226.8756362659965,1464.2338497886649,-519.2479110363114,-6299.999999999999,-6299.999999999999,-1500.0,-1500.0,4167.902989621678,4593.267851487462,1500.0,1500.0,-12921.14486112606,-12765.177728111716,flux_loop,0.3148,1.0428488876128712,,,0.0641043971286039
9167,True,0.9257638627974578,0.0337629121078413,0.4536724591978177,2.836306640898801,-0.2253120466864612,1108231.7814670904,,,,,1.0,22400.0,14327.08187107028,10674.245452199608,-9200.0,-9200.0,-6299.999999999999,-6299.999999999999,-1500.0,1801.3225979732106,9615.23208565148,6784.767914348522,1500.0,765.9397838307143,-18400.0,-18400.0,flux_loop,0.3148,1.0428488876128712,,,0.1286975825808897
9168,True,0.8809365176486412,0.0175378582992307,0.5124303101003554,1.4037946226738265,0.5267991496935235,1056541.8683642622,,,,,1.0,22400.0,16800.0,16800.0,-9200.0,8222.78492801348,-6299.999999999999,-6299.999999999999,-1500.0,-1500.0,-12554.481528392593,-18045.518471607407,-9200.0,-9200.0,-4826.757771311263,-1111.0800492951787,flux_loop,0.3148,1.0428488876128712,,,0.0857587068389812
9169,True,0.9050526515709202,0.0499282253524242,0.4704596810035673,3.0135134431254658,0.3664122247307613,995653.8804753736,,,,,1.0,22400.0,13274.721848958256,10104.68408985246,-9200.0,-9200.0,-6299.999999999999,-6299.999999999999,2839.7952314924805,6956.468077369823,1721.7131173400971,-377.43265986189914,1500.0,1500.0,-13577.95999167154,-13564.651643024848,flux_loop,0.3148,1.0428488876128712,,,0.1212796585241939
9170,True,0.9474874211173676,-0.0366101515057086,0.457092740969997,2.1175081469389587,0.2786719769960752,664980.4601415107,,,,,1.0,22400.0,16800.0,16800.0,-1281.1888934977123,6741.347156386233,-6299.999999999999,-6299.999999999999,-1500.0,-1500.0,-747.1164236795343,-1236.5358864393816,1500.0,1500.0,-9515.043365658545,-9268.475434051006,flux_loop,0.3148,1.0428488876128712,,,0.1270040007957565
9171,True,0.8648704277295413,0.0155503786670619,0.4645874086919105,2.9042630475067384,0.3707466969576207,906627.0824107667,,,,,1.0,22400.0,11024.329533716258,9987.983855821336,-9200.0,-9200.0,-6299.999999999999,-6299.999999999999,3874.413498676831,5532.1332456203545,1093.0201426584197,326.49262537867264,1500.0,1500.0,-12987.26248792917,-12911.733132147388,flux_loop,0.3148,1.0428488876128712,,,0.1087146220297137
9172,True,0.8629842459629361,-0.0299352670579966,0.5294414170532283,2.976735978841321,-0.4151719960585401,629234.9292391861,,,,,1.0,22400.0,-1500.0,-1493.026301054274,5527.927159521021,9200.0,1552.2461837947096,-2504.3201424023546,-1500.0,-1500.0,2115.314500528116,2355.2087671702534,1500.0,1500.0,-9560.61358887052,-9109.542491002692,flux_loop,0.3148,1.0428488876128712,,,0.065604695596601
9173,True,0.9225296504958602,0.008833268572214,0.4717752052787322,2.7024435629981145,0.5640699726524273,778819.9947365401,,,,,1.0,22400.0,15468.753478645143,14417.079034606686,-9200.0,-9200.0,-6299.999999999999,-6299.999999999999,329.5161160834941,2129.636791362708,1320.7964480142175,606.3637756013088,-1101.3043464121206,-819.3944309212618,-9765.800450113731,-9815.137990638888,flux_loop,0.3148,1.0428488876128712,,,0.114272769864066
9174,True,0.9320231022736536,-0.0302262719640176,0.5137891848624992,1.6970599991404862,-0.0284110230074409,1153313.501068586,,,,,1.0,22400.0,-1500.0,-1500.0,-9200.0,-9200.0,-6299.999999999999,-6299.999999999999,-1500.0,-1500.0,2183.730624462225,2362.570954389434,1500.0,1500.0,-14596.46098980258,-14229.65603094969,flux_loop,0.3148,1.0428488876128712,,,0.0496985368700755
9175,True,0.901142019572614,0.0186992005721183,0.5205705647114216,1.7762374533245753,0.452159599379175,750060.1120495355,,,,,1.0,22400.0,16800.0,16800.0,9200.0,9200.0,6198.670673894885,-4427.301117159236,-1500.0,-1500.0,-10104.1254194463,-7682.205537142629,1340.3138014158778,-1325.6435965035064,-7640.631483433123,-6067.938148254589,flux_loop,0.3148,1.0428488876128712,,,0.1189964505610439
9176,True,0.8786069602962228,-0.0112360503177516,0.530407172129426,2.39346859204589,0.1143375927441818,883051.5826532529,,,,,1.0,22400.0,-749.785143031681,-442.6795143488312,9200.0,9200.0,-636.7075227653037,-1306.919337021712,-1500.0,-1500.0,-164.75216712422554,-7.73340708494461,1500.0,1500.0,-10717.972024216442,-10658.58833775082,flux_loop,0.3148,1.0428488876128712,,,0.0809652076234521
9177,True,0.8852092709871253,-0.0190902409316584,0.4672286807333115,1.7536307819032653,0.5832411981038886,711226.3581275406,,,,,1.0,-22400.0,16800.0,16800.0,9200.0,9200.0,7100.0,7100.0,11200.0,11200.0,-14619.317873636814,-12879.650534943386,-9200.0,-9200.0,-231.3526952266849,-2082.773623187349,flux_loop,0.3148,1.0428488876128712,,,0.0584712683007242
9178,True,0.8990052429010272,0.0145213442026599,0.4934544073178127,2.091108630734978,-0.5839703316584792,547881.5110231204,,,,,1.0,-22400.0,-1500.0,-1500.0,-9200.0,-9200.0,-6299.999999999999,-6299.999999999999,-1500.0,-1039.6324527585834,8239.659544235139,8160.340455764863,1500.0,1500.0,-10983.963959598232,-11133.729932320844,flux_loop,0.3148,1.0428488876128712,,,-0.0295065877659264
9179,True,0.8998075719057903,-0.0087915556630505,0.4722750763201852,2.5655580024289195,-0.2458826001435637,704620.0105420348,,,,,1.0,22400.0,5370.765958305042,5180.431917594392,-9200.0,-9200.0,-6299.999999999999,-6299.999999999999,-1500.0,-1500.0,6181.343308460248,6395.206366062925,1500.0,1500.0,-12221.38774805028,-12066.340056817628,flux_loop,0.3148,1.0428488876128712,,,0.0754703866657203
9180,True,0.8737671688383921,-0.029566453841791,0.5338382671372816,2.919223054476249,0.3156769329745031,915996.9127191572,,,,,1.0,22400.0,3009.555156121419,4000.587840502502,-5239.0628811331435,-9200.0,2841.205498508169,4378.076694321225,2159.3459681299864,2664.3873817869007,-1156.6578950691903,-992.6671444157108,1500.0,1500.0,-10723.011967296754,-10484.938545429764,flux_loop,0.3148,1.0428488876128712,,,0.0930703841609918
9181,True,0.8522998025544007,-0.0298530878543436,0.4924262079102708,2.0557336788216247,0.0587333567688451,1056468.1706199548,,,,,1.0,22400.0,3099.2205141624445,4702.545013081041,-2605.0636009370405,-9200.0,-6299.999999999999,-6299.999999999999,-1500.0,-1500.0,2551.936499616598,3793.9248334129857,1500.0,1500.0,-14890.53468181482,-14919.735400081145,flux_loop,0.3148,1.0428488876128712,,,0.0757798174302239
9182,True,0.9404050693753924,0.0314386652711539,0.5089861692346574,2.438065788423705,0.2477571101152882,953264.4927126076,,,,,1.0,22400.0,13731.27861745666,10814.043571191862,-9200.0,-9200.0,-6299.999999999999,-6299.999999999999,546.1992307211498,4447.049314546612,609.1268145245306,-693.942778059373,1500.0,1500.0,-12026.099316783671,-11960.643583767813,flux_loop,0.3148,1.0428488876128712,,,0.1160548474795734
9183,True,0.8921987583386024,-0.0460212282149349,0.5251400107426505,3.0544432946660525,-0.5662397801327712,555340.1853281235,,,,,1.0,-22400.0,-1373.5733851726711,-976.6439445770046,9200.0,9200.0,-1317.4280453745591,-3374.001121760349,-1500.0,-1500.0,1682.5231460659518,1939.7114812603795,1500.0,1500.0,-8645.246634319767,-8068.065665056533,flux_loop,0.3148,1.0428488876128712,,,-0.0091845565347499
9184,True,0.8972223885371268,0.0190507182262144,0.5449691799675819,1.6541289677271331,0.0140560713425107,1043124.4600862795,,,,,1.0,22400.0,-1500.0,-1500.0,-9200.0,-9200.0,-6299.999999999999,-6299.999999999999,-1500.0,-1500.0,2202.025556867595,2183.713051179391,1500.0,1500.0,-13450.607529046802,-13691.200851561303,flux_loop,0.3148,1.0428488876128712,,,0.0468909278781933
9185,True,0.9183264086550522,0.020199167935937,0.543145920292106,1.5167395111290451,-0.3061416158768513,987964.2848633558,,,,,1.0,22400.0,-1500.0,-1500.0,-9200.0,-9200.0,-6299.999999999999,-6299.999999999999,-1500.0,-1500.0,2308.2082607383513,2414.372597023046,1500.0,1500.0,-12017.905172208224,-12448.65311501465,flux_loop,0.3148,1.0428488876128712,,,0.0512719813066059
9186,True,0.8632558261264984,-0.0403251448998891,0.5250126296856124,1.4889693207152666,-0.425648390082843,643329.3424946027,,,,,1.0,22400.0,-1500.0,-1500.0,-9200.0,-9200.0,-6299.999999999999,-6299.999999999999,-1500.0,-1500.0,3642.509721806743,3407.1260759010856,1500.0,1500.0,-9759.895064959424,-8845.419783049118,flux_loop,0.3148,1.0428488876128712,,,0.0341745423843633
9187,True,0.8829015623115303,-0.0314659698935525,0.5339714514256514,2.464168845362798,0.3727998869655521,849150.693061651,,,,,1.0,22400.0,6593.572266692288,8012.228747317677,-9200.0,-9200.0,-6299.999999999999,-6299.999999999999,7712.659833486234,6127.908551054105,-2369.1241239038372,-1592.5751375417249,1500.0,1500.0,-10313.849860508964,-10394.224295560372,flux_loop,0.3148,1.0428488876128712,,,0.0928333532442058
9188,True,0.948699160769584,0.0211087358045764,0.478723175151017,1.5585584782866129,-0.4286342889026467,1192463.8711936427,,,,,1.0,22400.0,-1500.0,-1500.0,-9200.0,-9200.0,-6299.999999999999,-6299.999999999999,-1500.0,-1500.0,2704.670783345336,2742.54405667468,1500.0,1500.0,-13898.253389370322,-14462.243255771087,flux_loop,0.3148,1.0428488876128712,,,0.0652018618353833
9189,True,0.8512904447075339,0.0242043649402634,0.5457279768114237,2.7523097281854447,-0.5602521466816224,1098639.9924523686,,,,,1.0,22400.0,-564.6673714285786,-1368.6231953004788,2402.793762043937,6972.374209685219,-6299.999999999999,-6299.999999999999,-1500.0,-1500.0,5202.270330540565,4658.66872926027,1500.0,1500.0,-15542.22977536691,-16098.49430549342,flux_loop,0.3148,1.0428488876128712,,,0.0846731344286717
9190,True,0.8666412471570102,-0.0101902950554466,0.5244339556528156,1.5376300041269768,0.1055266117888721,600955.2484572505,,,,,1.0,22400.0,-1500.0,-1500.0,-9200.0,-9200.0,7100.0,6791.223004809472,-747.105388000939,-1500.0,-1168.0412354579926,-753.5623890516624,1500.0,1500.0,-7985.406456087378,-8070.238972931164,flux_loop,0.3148,1.0428488876128712,,,0.0346313935748393
9191,True,0.9208488804577027,-0.0352594629575155,0.4765840422093943,2.6592112470743205,0.2629225102710222,1163053.186288224,,,,,1.0,22400.0,14350.323108852586,16800.0,-9200.0,-5477.277032212261,-6299.999999999999,-6299.999999999999,3035.092996239452,-1500.0,780.0426630139317,2318.882348788729,1500.0,1500.0,-15777.428105005956,-15619.729363901772,flux_loop,0.3148,1.0428488876128712,,,0.1429641218159195
9192,True,0.8734583793216029,-0.0114508854750841,0.5063307711478305,2.7272147238750555,0.0219043869152526,722244.5887384395,,,,,1.0,22400.0,-1195.192936099935,-1446.8262852777443,1011.8926740102714,3042.940512075911,7100.0,5738.954147530742,-1362.6601780154688,-1500.0,136.45718619231556,249.60483401927175,1500.0,1500.0,-9005.485386244907,-8915.282195129812,flux_loop,0.3148,1.0428488876128712,,,0.0722827285388088
9193,True,0.8856745822452633,0.0034172851241476,0.4666980690482891,3.0201096090539767,0.066595717329327,1128138.1495080397,,,,,1.0,22400.0,1617.816747850366,1744.777903455107,-386.03993385810145,-1639.205581940913,7100.0,7100.0,-899.5492824702867,-525.2644061114987,609.9185963866762,537.2042875739454,1500.0,1500.0,-13790.587616933884,-13813.738376725054,flux_loop,0.3148,1.0428488876128712,,,0.1061700181634385
9194,True,0.8883137889701826,-0.0154969499928566,0.4917797715542407,1.528848395199617,-0.1679726822730403,885799.7724768659,,,,,1.0,22400.0,-1500.0,-1500.0,-9200.0,-9200.0,-6299.999999999999,-6299.999999999999,-1500.0,-1500.0,2670.009235252186,2655.317380892365,1500.0,1500.0,-12292.41399228901,-12013.22800804201,flux_loop,0.3148,1.0428488876128712,,,0.0380456658948635
9195,True,0.9395599094535836,-0.002527307025736,0.4967958339803108,1.7748926468266606,-0.0959705103505702,1052554.774464964,,,,,1.0,22400.0,-1500.0,-1500.0,-9200.0,-9200.0,-6299.999999999999,-6299.999999999999,-1500.0,-1500.0,2943.06751691052,2988.3617382623574,1500.0,1500.0,-13304.643260143546,-13277.504647030844,flux_loop,0.3148,1.0428488876128712,,,0.0533155701540911
9197,True,0.8887968814451264,-0.0020791022792477,0.4754963299127035,2.00878768898715,-0.3089717526865024,677643.7215284302,,,,,1.0,22400.0,-1500.0,-1500.0,-9200.0,-9200.0,-6299.999999999999,-6299.999999999999,-1500.0,-1500.0,6129.566659593578,6176.3703886728135,1500.0,1500.0,-11207.334918137967,-11178.247471256407,flux_loop,0.3148,1.0428488876128712,,,0.0440113553716476
9198,True,0.9259835307882378,0.0004776665825099,0.4641898102374328,2.081065913877877,0.4977947330459901,767247.5019767196,,,,,1.0,-22400.0,16800.0,16800.0,9200.0,9200.0,7100.0,7100.0,9268.640114884844,8906.707776582569,-10208.273824931688,-10102.081941612496,1500.0,1500.0,-9358.600782071771,-9371.263501859929,flux_loop,0.3148,1.0428488876128712,,,0.0736086380757162
9201,True,0.8793825773725313,-0.0291598747106292,0.5219933470456646,3.1976561499473073,-0.1566178657283371,867621.1284676888,,,,,1.0,22400.0,2696.41532522466,2493.684149926957,-7546.321468782822,-5396.667887128971,7100.0,7100.0,45.5124944225197,-850.4525787793852,2091.2180859767564,2452.0334315391633,1500.0,1500.0,-12491.402130176297,-11845.537640319551,flux_loop,0.3148,1.0428488876128712,,,0.0876444186717744
9202,True,0.8823729666877188,-0.0217564526238007,0.4714579477621302,1.489514349036596,0.3052465140636671,859403.2078856928,,,,,1.0,22400.0,16800.0,16800.0,9200.0,9200.0,7100.0,7100.0,-1500.0,4708.298923797868,-14252.614283895447,-16347.385716104553,-966.3419872241908,-1404.0742944746314,-5852.627018935603,-5591.724521899827,flux_loop,0.3148,1.0428488876128712,,,0.1185209960038015
9203,True,0.9370868921183666,0.0199078967955586,0.5258350515856387,2.0044434650973972,-0.3096775907869738,875945.3851028588,,,,,1.0,22400.0,-1500.0,-1500.0,-9200.0,-9200.0,-6299.999999999999,-6299.999999999999,-1500.0,-1500.0,7589.108109003798,7405.705970500934,1500.0,1500.0,-13757.858213103593,-14111.52863634867,flux_loop,0.3148,1.0428488876128712,,,0.0558748316803542
9205,True,0.9101392908964356,-0.0041279029727948,0.4839298257089545,2.8655021366502265,0.0067940019532632,1170195.933854747,,,,,1.0,22400.0,1069.5770844058104,1286.7826620303629,9200.0,9200.0,44.660534600113095,-377.9901982483535,-1500.0,-1500.0,1728.4932118980653,1812.9358055526511,1500.0,1500.0,-15003.470505787229,-14942.600853652442,flux_loop,0.3148,1.0428488876128712,,,0.1084035192560232
9206,True,0.8777702641282221,-0.0443019133167275,0.4782886094167856,2.2658680936343627,-0.0789860757120111,568668.3047067631,,,,,1.0,22400.0,-1500.0,-1500.0,-5238.090195572039,-4028.366613519423,7100.0,2565.4360032133527,-1500.0,-1500.0,1197.007007651954,2149.549044117055,1500.0,1500.0,-8058.036425325534,-7957.404719462471,flux_loop,0.3148,1.0428488876128712,,,0.0497700988283031
9207,True,0.938837681893079,-0.0434923452425964,0.4932344846890983,3.096958994682131,0.3996799864984512,555909.763579564,,,,,1.0,22400.0,5391.651398455547,7324.126323198583,-9200.0,-9200.0,2560.40647190092,-4912.561584155784,2959.65005503722,5716.0564194318395,-610.6294430572935,-553.7229649625243,1500.0,1500.0,-7415.104166003119,-7110.4359102080525,flux_loop,0.3148,1.0428488876128712,,,0.0840060971374149
9208,True,0.8596073212947875,0.0056313824304771,0.4790253918985849,2.0476661135251306,-0.0195594901967024,602725.3077527486,,,,,1.0,22400.0,-1500.0,-1500.0,3530.688164289036,4301.417067379999,-6299.999999999999,-6299.999999999999,-1500.0,-1500.0,2657.446458933568,2493.920418245937,1500.0,1500.0,-9084.649757222249,-9079.78030708804,flux_loop,0.3148,1.0428488876128712,,,0.0510861993490553
9209,True,0.893860715058162,0.0082282541423501,0.5307269021468491,1.9521213966435589,0.1198514381789278,837288.5764464163,,,,,1.0,22400.0,3333.0857600686677,2291.1624715055427,683.742591002862,4077.91413246871,-6299.999999999999,-6299.999999999999,-1500.0,-1500.0,415.2825751134162,103.6047479167431,1500.0,1500.0,-10581.217503118336,-10536.846888138816,flux_loop,0.3148,1.0428488876128712,,,0.0736626471307139
9210,True,0.8730910104848496,-0.0343697361437136,0.4796446512416641,2.911687390757349,-0.0162723880306315,872790.6065251699,,,,,1.0,22400.0,-788.0706174153098,-1034.8845704693797,1847.825065905264,9200.0,7100.0,678.4152091420789,-1440.7915576574596,-1500.0,786.5423066757143,1224.7852907925703,1500.0,1500.0,-11466.82487016017,-11112.958860572604,flux_loop,0.3148,1.0428488876128712,,,0.0826287322670861
9211,True,0.8529264350129785,-0.0253661414979336,0.4993365437238858,2.1380451795895254,-0.5814151405753872,751109.6985898103,,,,,1.0,-22400.0,-1500.0,-1500.0,-9200.0,-9200.0,-6299.999999999999,-6299.999999999999,3224.953687880251,3029.3740002620566,8212.35396903937,8187.64603096063,1500.0,1500.0,-14621.488198843435,-14158.727772088218,flux_loop,0.3148,1.0428488876128712,,,-0.0167051254026279
9212,True,0.8688348893742455,-0.0444108177947883,0.5361016043554723,2.4489410256672355,0.0228318167080403,868541.3397832995,,,,,1.0,22400.0,-1500.0,-1500.0,489.6555932254025,4911.277795115159,7100.0,2080.432264379304,-1500.0,-1500.0,124.85114020762876,731.4394982414314,1500.0,1500.0,-10829.143151717408,-10523.621060400672,flux_loop,0.3148,1.0428488876128712,,,0.0734019371127101
9213,True,0.91008844839211,0.0055812136615107,0.5344953317525996,1.9179867395553936,0.5929777346502233,996973.9945584816,,,,,1.0,-22400.0,16800.0,16800.0,9200.0,9200.0,7100.0,6283.472154417321,-40.14376301050952,-1500.0,-10605.78683038248,-9938.453785951457,-3082.339961670821,-3489.223223703425,-7821.870534025406,-7528.918951106137,flux_loop,0.3148,1.0428488876128712,,,0.0598874332015957
9214,True,0.8515402618025198,-0.0346319698822943,0.5105046993006795,1.7406801662279994,-0.1621398135890433,704912.2957009224,,,,,1.0,22400.0,-1500.0,-1500.0,-9200.0,-9200.0,-6299.999999999999,-6299.999999999999,-1500.0,-1500.0,4373.441556126121,4379.288143867821,1500.0,1500.0,-11103.57101753548,-10464.716917253569,flux_loop,0.3148,1.0428488876128712,,,0.0364328946261657
9215,True,0.9117786302252612,0.0315372547387148,0.4766851264096514,1.9361437206451704,0.5858507332855926,747194.4320429405,,,,,1.0,-22400.0,16800.0,16800.0,9200.0,9200.0,7100.0,7100.0,11200.0,11200.0,-9397.098543075585,-13885.393981754867,-9200.0,-974.0284158956148,-3077.5256549613946,-6659.21118209166,flux_loop,0.3148,1.0428488876128712,,,0.0679781687657922
9216,True,0.9342493058323752,0.0396785678957805,0.4842541377589707,2.4345994126049586,0.4779365149149001,832430.8710624783,,,,,1.0,22400.0,16800.0,16719.268437680515,2957.685626241807,-9200.0,-6299.999999999999,-6299.999999999999,-1500.0,2138.0680262055016,-761.619195698311,-964.1406462844964,1500.0,442.30951162854655,-11352.664808530377,-10689.57394473735,flux_loop,0.3148,1.0428488876128712,,,0.1260334871170984
9217,True,0.8789929051860234,0.0026569753178246,0.5483397217690665,3.0175168812033024,0.2228907314653057,1091968.2067109966,,,,,1.0,-22400.0,2383.8192847808223,2335.815053623795,-2109.77744338959,-2024.6483357821423,720.3688426336311,677.5335078379994,1540.8904927082704,1525.2166116827584,-697.7779448336388,-713.791406240652,1500.0,1500.0,-12471.796550456616,-12497.365695306416,flux_loop,0.3148,1.0428488876128712,,,0.0297478246630164
9218,True,0.935104726737286,0.0095210349827971,0.5188393655210444,1.4855482416273265,0.252496469738708,666983.5649875053,,,,,1.0,22400.0,12336.375186673147,10929.160274042875,-9200.0,-9200.0,-6299.999999999999,-6299.999999999999,5095.740668644765,7139.70865770512,-8023.2224938338195,-8405.032325631062,1500.0,1500.0,-6242.048874330828,-6139.4475342645455,flux_loop,0.3148,1.0428488876128712,,,0.0799613374949638
9219,True,0.8666603909974094,0.0317376832485273,0.5131727878086415,2.0146235249161464,-0.2131654878873444,662215.4588885426,,,,,1.0,22400.0,-1500.0,-1500.0,-9200.0,-9200.0,-6299.999999999999,-6299.999999999999,-1500.0,-1500.0,4454.112670368121,4429.086411030602,1500.0,1500.0,-9625.729808180104,-10180.728265582233,flux_loop,0.3148,1.0428488876128712,,,0.0427138932651961
9221,True,0.8716963370222918,0.0275863682809405,0.5246110324358001,1.5447597334127865,0.4145215741298237,777920.0111144435,,,,,1.0,-22400.0,16800.0,16800.0,9200.0,9200.0,7100.0,326.97050874559636,6215.087194024657,-1500.0,-17897.18363550457,-12702.816364495431,829.4700919602949,-2561.1276666344133,-5758.252519052299,-3943.264565649337,flux_loop,0.3148,1.0428488876128712,,,0.0383700822808765
9222,True,0.901519430052454,-0.0443509262819492,0.5071668426915895,1.5363549333882671,0.4031146811819642,822715.2509090983,,,,,1.0,13112.477788634686,16800.0,16800.0,9200.0,9200.0,7100.0,7100.0,-1500.0,11200.0,-13444.487011302865,-17155.512988697137,-2179.370450904348,-3991.329562658194,-4676.426522770305,-3816.986634978812,flux_loop,0.3148,1.0428488876128712,,,0.1116998461075756
9223,True,0.8904911521013239,-0.0383527093982556,0.5440925199788049,1.4390609565870205,0.0760550177031963,928815.1201481716,,,,,1.0,22400.0,-1500.0,-1500.0,-9200.0,-9200.0,-6299.999999999999,-6299.999999999999,-1500.0,-1500.0,-1029.589638789225,-1142.1757890280196,1500.0,1500.0,-11516.089485661269,-11267.721398847543,flux_loop,0.3148,1.0428488876128712,,,0.024281974044256
9224,True,0.9356910348397212,-0.0379013489763714,0.4971828022356173,2.318650281435502,-0.2980026621149105,703284.1587716839,,,,,1.0,22400.0,1146.703074974351,-1500.0,-9200.0,-9200.0,-6299.999999999999,-6299.999999999999,-1500.0,-1500.0,6991.439082102963,8320.591859659751,1500.0,1500.0,-12537.060806241388,-12082.752701511616,flux_loop,0.3148,1.0428488876128712,,,0.0472404985391814
9225,True,0.9374664885802404,-0.0411540764792218,0.517919843044727,2.2645069607163233,0.5082766214477202,1164533.384503543,,,,,1.0,22400.0,16800.0,16800.0,-9200.0,9200.0,-6299.999999999999,-1064.301708560867,7641.714757468588,-1500.0,-4892.772703063532,-4050.0413616077967,469.44435826291294,1500.0,-13247.538243610634,-14215.90692719299,flux_loop,0.3148,1.0428488876128712,,,0.1457708161516954
9226,True,0.924449360665642,-0.0410434950782737,0.5413563472983663,3.0297576177774808,0.308367001817238,884937.5658312216,,,,,1.0,-22400.0,3436.190607645863,5046.522688846974,-3438.101238870289,-9200.0,1264.285713513516,3661.1996289586177,1579.6404498513073,2105.0083053067915,-809.2943091064164,-563.9620862096892,1500.0,1500.0,-10588.679376848437,-10193.075731212612,flux_loop,0.3148,1.0428488876128712,,,0.0222459396869213
9227,True,0.9197905603107688,-0.0159622158349244,0.4647462223940836,3.1795279772347227,0.2969677630779643,1167462.1790040168,,,,,1.0,22400.0,11385.095678128378,12557.475289444055,-9200.0,-9200.0,-5026.132670411272,-6299.999999999999,5735.4067947686435,5429.203516532202,491.6425170432174,936.2824068953794,1500.0,1500.0,-15358.777190308065,-15213.483333108456,flux_loop,0.3148,1.0428488876128712,,,0.1362511547003742
9228,True,0.9201002611524236,-0.0211163136221236,0.5448583870100943,2.022799651709385,-0.4322891859898701,622554.1178275835,,,,,1.0,22400.0,-1500.0,-1500.0,-9200.0,-9200.0,-6299.999999999999,-6299.999999999999,-1500.0,-1500.0,6466.144131011825,6541.077864158581,1500.0,1500.0,-10688.6561674128,-10435.607333688611,flux_loop,0.3148,1.0428488876128712,,,0.0426093729655953
9229,True,0.8826122608102391,0.0344753019568485,0.4908536777055947,1.8030908730186477,0.0719956450131718,1095230.4403257405,,,,,1.0,22400.0,618.9618374224576,2600.75326298177,-9200.0,-9200.0,-6299.999999999999,-6299.999999999999,-1500.0,-1500.0,3441.2172457307497,2104.4245225637646,1500.0,1500.0,-15135.050762966495,-14941.898321853349,flux_loop,0.3148,1.0428488876128712,,,0.0676693326387331
9230,True,0.8537117428984418,-0.0222547122647243,0.4981141794930946,2.1253741192452544,-0.2761990461390575,701954.2260244801,,,,,1.0,22400.0,-1500.0,-1500.0,-9200.0,-9200.0,-6299.999999999999,-6299.999999999999,-1500.0,-1500.0,6566.528174004697,6733.839375766048,1500.0,1500.0,-12131.588922637802,-11711.38230375787,flux_loop,0.3148,1.0428488876128712,,,0.0440879042581674
9231,True,0.8674528804446993,0.0464098552777584,0.5073369057772676,2.9631282926995928,0.0774398109907547,617017.2714967923,,,,,1.0,22400.0,2270.585340111635,971.8462718941432,-8651.011549300063,958.2735735042368,7100.0,-1754.9941077850149,932.5046793023206,1849.659269089177,145.51954149568525,-179.63089981494312,1500.0,1500.0,-7741.264797793164,-8076.464171970714,flux_loop,0.3148,1.0428488876128712,,,0.0751582311794792
9232,True,0.9193339954836696,-0.0147216329326337,0.5217607535913394,2.7306698042892954,-0.295943051050326,1089044.7558565447,,,,,1.0,22400.0,6944.351274374109,8646.39045430065,-4568.974053206166,-9200.0,-6299.999999999999,-6299.999999999999,-1500.0,-1500.0,5174.01215193966,5620.789396067844,1500.0,1500.0,-15955.540597715908,-15657.206496256042,flux_loop,0.3148,1.0428488876128712,,,0.1083434805701186
9233,True,0.8851996502134506,0.0074235493491325,0.5209831856515756,2.4213814619242364,0.5980423046463806,629584.5233148151,,,,,1.0,22400.0,8149.750144676663,7716.698441312725,-9200.0,-9200.0,-6299.999999999999,-6299.999999999999,6344.149236709422,7186.132288819755,-1911.216311756785,-2281.79147094978,-1145.2082353991264,-967.7442225424262,-6608.797481327296,-6620.614185091343,flux_loop,0.3148,1.0428488876128712,,,0.0811394046200225
9234,True,0.90323160100574,0.0047739692604371,0.4841538450379608,2.9321253599129573,0.1687370287668903,819754.0776382424,,,,,1.0,22400.0,4322.6533331899545,4214.851929323754,-9200.0,-9200.0,4868.023332058511,4588.771606207677,2196.0592409307683,2334.030062134146,-399.7960200909347,-448.3230070491464,1500.0,1500.0,-9906.154950353855,-9931.997263781674,flux_loop,0.3148,1.0428488876128712,,,0.0929219364255578
9235,True,0.9069319766688722,0.0087958134818453,0.5420390185662252,3.100808947880095,0.0949213817920976,514170.1674595001,,,,,1.0,-22400.0,2110.9364673420455,1900.5415744752431,-3890.308910719004,-2967.1860214253293,2059.036329524439,1356.3299499373172,578.1769567457396,620.5092126223427,205.8462049935624,168.05635343896105,1500.0,1500.0,-6844.337626521126,-6920.692108537187,flux_loop,0.3148,1.0428488876128712,,,-0.003566708467941
9236,True,0.9338355560594732,-0.0049392542608386,0.498505369673793,2.7377875411108064,0.1999375574342259,1164457.4955124734,,,,,1.0,22400.0,5541.640042946605,5679.409076100252,-9200.0,-9200.0,6362.748703747123,6267.624113851936,1569.073959252412,1377.085843780737,-955.7136129369668,-848.8757827794899,1500.0,1500.0,-13086.013474348076,-13054.04455035393,flux_loop,0.3148,1.0428488876128712,,,0.1163126888100495
9237,True,0.882069048849614,0.0031604535125006,0.5444437268939163,1.7343664697481591,-0.215731972988547,891014.8248047576,,,,,1.0,22400.0,-1500.0,-1500.0,-9200.0,-9200.0,-6299.999999999999,-6299.999999999999,-1500.0,-1500.0,3678.4363009621866,3714.684424730393,1500.0,1500.0,-12022.260958493958,-12093.894128925913,flux_loop,0.3148,1.0428488876128712,,,0.0480250951532731
9238,True,0.9495282151580058,-0.0063867761939963,0.5323537044175733,2.914785608672018,-0.3452009523043774,596253.507137649,,,,,1.0,-22400.0,924.8385136665316,1169.7696780697213,9200.0,9200.0,-4498.817695663182,-4958.419225579516,-1500.0,-1500.0,1883.2794873344112,1932.847654370518,1500.0,1500.0,-8722.288944459378,-8639.358100836347,flux_loop,0.3148,1.0428488876128712,,,0.0018928609114741
9239,True,0.896098696977574,0.0368465715992763,0.5037870655098325,2.946931660139743,0.2938575347487513,838844.2545924473,,,,,1.0,22400.0,6672.589188006306,5087.105181602813,-9200.0,-9200.0,-2474.590220229169,2930.856926550221,4966.902567012512,3187.136986884032,-498.7513617550116,-728.3919881574514,1500.0,1500.0,-10246.58745764164,-10525.25046891646,flux_loop,0.3148,1.0428488876128712,,,0.0973283380005029
9240,True,0.8672209414774535,0.0150232996024121,0.4642896883923892,2.085267161564247,-0.360127216864793,621483.4672273891,,,,,1.0,-22400.0,-1500.0,-1500.0,-9200.0,-9200.0,-6299.999999999999,-6299.999999999999,-1500.0,-1500.0,8224.591196055842,8175.4088039441585,1500.0,1500.0,-11986.337398541757,-12337.936968715105,flux_loop,0.3148,1.0428488876128712,,,-0.0282573127011074
9242,True,0.9123213438236556,0.0497622276444758,0.5270350686162717,1.919211579964185,0.1114238545280661,890422.1949935507,,,,,1.0,22400.0,5835.772437818406,436.4839829431198,-9200.0,8337.428962404067,-6299.999999999999,-6299.999999999999,-1500.0,-1500.0,1250.0830858878724,-557.5892136545324,1500.0,1500.0,-11096.582168959376,-10865.480691328316,flux_loop,0.3148,1.0428488876128712,,,0.076078659461144
9243,True,0.8584114183396194,0.0233692622952804,0.5025761157124404,2.6555449771045474,-0.4783156869187471,950859.2791951696,,,,,1.0,22400.0,1910.0269990141371,3375.5884255503356,-9200.0,-9200.0,-6299.999999999999,-6299.999999999999,-1500.0,-1500.0,7950.11743780184,7310.058163501775,1500.0,1500.0,-15377.862531988672,-16012.084943018746,flux_loop,0.3148,1.0428488876128712,,,0.0803102390652148
9244,True,0.9078695652903062,-0.0007780509946855,0.4618302958863813,2.2860113559652766,-0.0463864859347813,746593.6634010788,,,,,1.0,22400.0,-1500.0,-1500.0,5035.9146673375835,5201.592014074597,-6299.999999999999,-6299.999999999999,-1500.0,-1500.0,1969.482119884899,1977.4328593553907,1500.0,1500.0,-9844.883457359036,-9837.358335280403,flux_loop,0.3148,1.0428488876128712,,,0.0621255521864096
9245,True,0.8556704163889732,-0.0330072227190303,0.459643058924296,2.8722412474323065,0.0069749211246509,985164.3523283728,,,,,1.0,22400.0,-1500.0,-830.3679049520117,8891.836519909079,9200.0,1475.6274041242896,-203.19430855721137,-1500.0,-1500.0,734.1660907378571,1227.5682155107131,1500.0,1500.0,-12706.324228910564,-12392.762294901358,flux_loop,0.3148,1.0428488876128712,,,0.0879474156668112
9246,True,0.8884998003867229,-0.0220122270162897,0.5443508970845347,2.3218639430761345,-0.225197703094641,863205.7808381899,,,,,1.0,22400.0,-1471.5132535600746,-76.07373753670683,2263.428057614633,-3277.003943949884,-6299.999999999999,-6299.999999999999,-1500.0,-1500.0,3852.265889928684,4588.972511392625,1500.0,1500.0,-12460.12881509231,-12263.424520292088,flux_loop,0.3148,1.0428488876128712,,,0.064147622291146
9248,True,0.918676827599432,-0.0402518145241298,0.544397065755694,2.466559830808621,-0.1708969745299781,1008652.4817050904,,,,,1.0,22400.0,1807.489955864532,6137.182399605333,3493.8620426597085,-9200.0,-6299.999999999999,-6299.999999999999,-1500.0,-1500.0,3669.2669299096856,4985.122268806278,1500.0,1500.0,-14380.458807076217,-13885.033027273128,flux_loop,0.3148,1.0428488876128712,,,0.0905937938293638
9249,True,0.9151599687537209,-0.0051898310403488,0.4955496441277143,2.5507842091221034,0.2715756893162299,901380.263891054,,,,,1.0,22400.0,11335.555235951488,11835.000124328331,-9200.0,-9200.0,-6299.999999999999,-6299.999999999999,3465.6014419734283,2956.105333034136,45.62928895930154,234.9685558190491,1500.0,1500.0,-11835.6455442126,-11834.44723353185,flux_loop,0.3148,1.0428488876128712,,,0.1130070913931178
9250,True,0.8711434987644175,0.0254739342345524,0.5205044242257607,2.361782369964236,0.424815512249861,1036583.0605950076,,,,,1.0,22400.0,12496.510335809484,10141.748416209535,-9200.0,-9200.0,-6299.999999999999,-6299.999999999999,3984.189934078082,7199.557742056359,-1957.9078746520172,-3139.703445533692,1500.0,1500.0,-13075.09802831172,-12830.369237469946,flux_loop,0.3148,1.0428488876128712,,,0.1089811797309417
9251,True,0.9188727983875602,0.0337103759667665,0.4859088814619813,1.7957138491748466,0.1345119160431664,1070819.504793459,,,,,1.0,22400.0,6985.573352402964,7591.21792447904,-9200.0,-9200.0,-6299.999999999999,-6299.999999999999,-1500.0,-1500.0,126.20372486654264,-637.4508616370896,1500.0,1500.0,-13239.995861493444,-13078.822757526255,flux_loop,0.3148,1.0428488876128712,,,0.0868877536584008
9252,True,0.8544227385154299,0.0315061969549822,0.5177789989499032,2.578850617846596,-0.5762692792917419,954404.8362069858,,,,,1.0,22400.0,-1221.197090600662,1457.2410987474652,-9200.0,-9200.0,-6299.999999999999,-6299.999999999999,-1500.0,-1500.0,8244.714210354457,7279.675376568249,1500.0,1500.0,-15171.154684274868,-15958.590912090962,flux_loop,0.3148,1.0428488876128712,,,0.0720468905331688
9253,True,0.9483285019156784,0.0128401066920647,0.4649761729271665,2.787292098440908,0.0745938536926189,828695.5243491202,,,,,1.0,22400.0,2477.957612612068,2990.227902356658,9200.0,-1857.6525781217804,-2400.125101500992,7100.0,-1500.0,-1500.0,791.3570852802187,555.2980646957014,1500.0,1500.0,-10369.367894355924,-10435.178193782822,flux_loop,0.3148,1.0428488876128712,,,0.0945112624360061
9255,True,0.9022750223221098,0.0257231305042015,0.4962424468120845,2.40249816797525,0.4282948920278718,1149695.0580350244,,,,,1.0,22400.0,16800.0,16800.0,2193.8244802892013,-9200.0,-6299.999999999999,-6299.999999999999,-1500.0,3540.688806168858,-918.9680960216724,-1850.634924523956,1500.0,1500.0,-15077.66201183541,-15066.86953839243,flux_loop,0.3148,1.0428488876128712,,,0.1381239629532638
9256,True,0.855756619827698,0.0015962367353156,0.4943814146404715,2.0990732316467526,0.232302894903538,1054907.3377661365,,,,,1.0,22400.0,13325.76099167717,13339.053275314776,-9200.0,-9200.0,-6299.999999999999,-6299.999999999999,-1500.0,-1500.0,-496.2034096007109,-494.33083261680787,1500.0,1500.0,-13577.25190226089,-13588.9805475964,flux_loop,0.3148,1.0428488876128712,,,0.1096697751240966
9257,True,0.8933257251202856,0.0156477332998406,0.4533517040782844,2.080186706547959,-0.0621278922894354,986406.1871335332,,,,,1.0,22400.0,-1500.0,-1500.0,-9200.0,-9200.0,-6299.999999999999,-6299.999999999999,-1500.0,-1500.0,5136.490876170137,5059.901734887522,1500.0,1500.0,-13918.834879677644,-14218.436545753157,flux_loop,0.3148,1.0428488876128712,,,0.0556493523085708
9258,True,0.8597528764303793,0.035372271126935,0.4643984272581087,1.7787515327467265,0.1712857858163775,1050139.8646222835,,,,,1.0,22400.0,13379.691045050324,12403.359579813992,-9200.0,-9200.0,-6299.999999999999,-6299.999999999999,-1500.0,-1500.0,-1506.1244592150508,-1912.1746560324727,1500.0,1500.0,-13814.909808856415,-13709.555663956597,flux_loop,0.3148,1.0428488876128712,,,0.0972121347571819
9259,True,0.9154696855565858,0.0401624316318551,0.4814901408038106,3.0497534799385813,-0.2013501359798009,619670.9671063138,,,,,1.0,22400.0,3938.284643335017,1394.9165640408164,6169.390590677371,9128.10127766193,-6299.999999999999,-3347.4484425379273,-1500.0,-1500.0,3000.0204321402293,2391.0130037637973,1500.0,1500.0,-9284.1116066161,-9757.94352437811,flux_loop,0.3148,1.0428488876128712,,,0.080189053691898
9260,True,0.9126229839607832,0.0374043278994413,0.4577366478450425,2.483667823080597,-0.4391233013246555,746753.5442938153,,,,,1.0,-22400.0,-1500.0,-683.6602743423463,-9200.0,-9200.0,-6299.999999999999,-6299.999999999999,4160.765295426815,5592.44551889846,8732.804378336266,7667.195621663734,1500.0,1500.0,-14402.8199404071,-14502.75330503844,flux_loop,0.3148,1.0428488876128712,,,-0.0080506160499621
9261,True,0.9417320235774214,0.0048612912701441,0.5227736428836632,1.423428717862295,-0.0737240202159515,598373.6998815187,,,,,1.0,22400.0,-1500.0,-1500.0,-9200.0,-9200.0,-6299.999999999999,-6299.999999999999,-1500.0,-1500.0,833.6697666208545,896.9666742872782,1500.0,1500.0,-7557.464306041285,-7616.018946090902,flux_loop,0.3148,1.0428488876128712,,,0.0276631720358355
9262,True,0.8995966622358105,0.031364055297127,0.5348692856792665,1.7859574322368157,0.509589393751167,782241.1224161659,,,,,1.0,22400.0,16800.0,16800.0,9200.0,6410.377692454405,7100.0,-6299.999999999999,-1500.0,-1500.0,-10683.78522269806,-7194.98823378895,406.6671279005624,-3356.558930697996,-7374.93841476404,-5022.905075199015,flux_loop,0.3148,1.0428488876128712,,,0.1157343239317347
9263,True,0.9433514175700934,-0.0077561435291527,0.4847273414002732,1.7089466200011183,-0.1977308054651375,583686.9445911444,,,,,1.0,22400.0,-1500.0,-1500.0,-9200.0,-9200.0,-6299.999999999999,-6299.999999999999,-1500.0,-1500.0,2916.029472806351,2940.6828913235236,1500.0,1500.0,-8055.419207472135,-7965.422170320826,flux_loop,0.3148,1.0428488876128712,,,0.0348360049492465
9264,True,0.9403440751646668,-0.0102087629239736,0.5256686280446672,2.365430093944712,0.0625360979490351,1067392.6190851645,,,,,1.0,22400.0,-975.9777203681908,-557.4695505048132,9200.0,9200.0,-1557.6920392864931,-2631.0876400478664,-1500.0,-1500.0,-15.232694522731684,184.46048405481457,1500.0,1500.0,-12207.954054042566,-12151.567238791837,flux_loop,0.3148,1.0428488876128712,,,0.0902370662184304
9265,True,0.9400311590919178,0.0384044179488202,0.4572159864710768,2.732541519044118,0.2293005747121227,1023365.6897413057,,,,,1.0,22400.0,16800.0,14661.640637317716,-4620.865623399762,-9200.0,-6299.999999999999,-3208.7243313934364,-1500.0,969.476806476478,2586.0298673267903,1463.654022676836,1500.0,1500.0,-14020.520422694848,-14380.50299969793,flux_loop,0.3148,1.0428488876128712,,,0.1380331879707722
9266,True,0.8847378020710867,-0.012559830523389,0.5448184976159195,2.6560185169933703,0.4559683304570553,742787.3988407096,,,,,1.0,22400.0,4766.69138558775,5328.9314078836815,-9200.0,-9200.0,-2286.812777364742,-5391.321199413192,6644.281373034152,8108.096282848759,-2294.1661117518584,-2354.4157950479307,1500.0,1500.0,-8789.284634358806,-8732.183893539926,flux_loop,0.3148,1.0428488876128712,,,0.083512689585663
9267,True,0.9322273522008928,-0.0211732710606387,0.498824658969238,1.69634550201789,-0.4747895763867239,550636.9522613853,,,,,1.0,22400.0,-1500.0,-1500.0,-9200.0,-9200.0,-6299.999999999999,-6299.999999999999,-1500.0,-1500.0,6592.9592833200095,6747.782338723289,1500.0,1500.0,-10025.731568412715,-9647.295974645696,flux_loop,0.3148,1.0428488876128712,,,0.0397776393292851
9268,True,0.9429032909417716,-0.0160887726129085,0.4986032491728671,1.6687902297547894,0.2140324179141011,933163.8740156452,,,,,1.0,22400.0,13236.605853963589,13830.244830137017,-9200.0,-9200.0,-6299.999999999999,-6299.999999999999,-1500.0,-1500.0,-4219.788517507124,-4189.572613615356,1500.0,1500.0,-9964.443493005165,-10024.868180707594,flux_loop,0.3148,1.0428488876128712,,,0.0966136665356199
9269,True,0.9053419174538688,0.0050841723368001,0.5085555157279156,2.5806165950553015,0.3801616199982439,762490.094887953,,,,,1.0,22400.0,9101.666067743634,8858.170529995203,-9200.0,-9200.0,-6299.999999999999,-6299.999999999999,5588.228463833684,6036.078900728363,-998.120877702674,-1174.6997018892023,1500.0,1500.0,-9875.21904851923,-9852.03048241537,flux_loop,0.3148,1.0428488876128712,,,0.0965526379608669
9270,True,0.9471449091721325,0.0351265819756748,0.5134567394848341,1.5311444968951469,-0.2836286936987584,810869.2997592443,,,,,1.0,22400.0,-1500.0,-1500.0,-9200.0,-9200.0,-6299.999999999999,-6299.999999999999,-1500.0,-1500.0,2114.841592308372,2257.5356423514336,1500.0,1500.0,-9795.61700443261,-10388.091270854236,flux_loop,0.3148,1.0428488876128712,,,0.0451933658150587
9271,True,0.9092484591001572,-0.0159861318584369,0.5425526065339227,2.860218483719561,0.240841081231753,756336.6590813623,,,,,1.0,22400.0,2904.7925703383826,3654.6780796376665,-4851.730473928419,-9200.0,1474.6029999426637,4277.322347595739,2315.479870333647,2377.300226104164,-864.2804250194312,-788.4694599165739,1500.0,1500.0,-8825.878171632135,-8706.107288416664,flux_loop,0.3148,1.0428488876128712,,,0.0854541009297191
9272,True,0.8879248480459904,-0.0245641848661557,0.5040280108455328,2.9539597122518386,0.260022777132725,711364.678544495,,,,,1.0,22400.0,3911.114544125846,4600.403347689093,-9200.0,-9200.0,4452.200471489563,1842.833145564872,2456.641975455069,3392.542504819616,-747.4069879447852,-657.9165908088692,1500.0,1500.0,-8802.029202715983,-8619.053368730723,flux_loop,0.3148,1.0428488876128712,,,0.0850570179101833
9273,True,0.9369280786729596,-0.0464443648011759,0.5115420947856024,2.1106938930907915,-0.1046040495760943,901784.9449995124,,,,,1.0,22400.0,668.5076190649553,-1275.8893202030831,-7012.935276432799,-9200.0,-6299.999999999999,-6299.999999999999,-1500.0,-1500.0,3554.5005560021914,5060.199831612926,1500.0,1500.0,-12480.34123457697,-12242.440055355324,flux_loop,0.3148,1.0428488876128712,,,0.0514158955820104
9274,True,0.9091297714336362,0.0002027993280991,0.4891889389008029,1.417569765416297,-0.201581270736564,632411.3363883877,,,,,1.0,22400.0,-1500.0,-1500.0,-9200.0,-9200.0,-6299.999999999999,-6299.999999999999,-1500.0,-1500.0,1781.6295228372885,1819.7194241513523,1500.0,1500.0,-8597.662915284556,-8612.923545868232,flux_loop,0.3148,1.0428488876128712,,,0.0296557935712691
9275,True,0.8956753456961716,0.0302704206078145,0.4778209094008283,2.4344436424810194,-0.0764240216599232,1107565.378117076,,,,,1.0,22400.0,-369.89017012769034,-1500.0,1466.3741314483664,7226.034910886307,-6299.999999999999,-6299.999999999999,-1500.0,-1500.0,3579.530296355302,2550.9929276460134,1500.0,1500.0,-14378.450889083608,-14552.064683213346,flux_loop,0.3148,1.0428488876128712,,,0.0854777687825603
9276,True,0.8713520202722657,0.0180764787830823,0.5151904277447515,2.5936166196284587,0.5209860711363125,569624.7496288255,,,,,1.0,22400.0,6073.42337938621,5523.347914497178,-9200.0,-9200.0,-6299.999999999999,-6299.999999999999,7611.25565984451,8625.933703935656,-1812.0316133868464,-2389.5042998805307,677.6332403156638,1051.631826217805,-6910.293896853696,-7059.573696428283,flux_loop,0.3148,1.0428488876128712,,,0.0750343658581521
9277,True,0.9478378895391965,0.0196572460593012,0.5052355793575101,2.401636240718126,0.4888027059608114,947325.512223746,,,,,1.0,22400.0,16800.0,16800.0,-560.8803153530232,-9200.0,-6299.999999999999,-6299.999999999999,-449.79422071533605,3449.807706751139,-1328.9893663933,-1877.554567815575,1500.0,808.5974987365372,-12229.358791257207,-11624.677152613787,flux_loop,0.3148,1.0428488876128712,,,0.1311312577200415
9278,True,0.9462280650715564,0.0279273923921132,0.5106795480295654,3.028931157609957,-0.3002968140731523,535132.6434960458,,,,,1.0,-22400.0,2091.118829359371,2345.491027753694,9200.0,-12.508303268764417,-6130.055419514062,2511.791684504476,-1500.0,-1500.0,1977.2888670041089,1732.3275015085908,1500.0,1500.0,-7923.398765826666,-8223.189502258858,flux_loop,0.3148,1.0428488876128712,,,0.0018732868845749
9279,True,0.9365191487091452,-0.037502678120839,0.4932850857593334,1.464262981803422,0.1986101911235711,660972.1107365894,,,,,1.0,22400.0,1529.369245814224,9395.876250285017,9200.0,259.4194881660629,5697.034464116692,-6299.999999999999,-1500.0,-1500.0,-6956.5055117213515,-5712.962309178276,1500.0,1500.0,-6393.940360298601,-6811.876017327589,flux_loop,0.3148,1.0428488876128712,,,0.0709907741919381
9280,True,0.9228944391683114,0.034574403377076,0.4547965691744973,1.7225857646300304,-0.3833149938635379,636820.1027056195,,,,,1.0,22400.0,-1500.0,-1500.0,-9200.0,-9200.0,-6299.999999999999,-6299.999999999999,-1500.0,-1500.0,3951.940028901724,3949.331708572922,1500.0,1500.0,-8886.014394658945,-9526.24598969688,flux_loop,0.3148,1.0428488876128712,,,0.0414979026877962
9281,True,0.8503509310049183,-0.0175334592192166,0.5082748891058789,3.098503294514552,-0.2509593006042704,835022.6808816125,,,,,1.0,22400.0,-671.869151417733,-1192.7690447342063,2048.599338999982,9200.0,4713.621645860331,-1221.2706887476288,-1500.0,-1500.0,2530.1470635745304,2749.159203342611,1500.0,1500.0,-12209.99464402981,-11878.092971546295,flux_loop,0.3148,1.0428488876128712,,,0.0787952592637155
9282,True,0.915397964484386,0.0187631582629368,0.5124693996297499,1.628323323194716,-0.4504991271754541,853876.0064857858,,,,,1.0,22400.0,-1500.0,-1500.0,-9200.0,-9200.0,-6299.999999999999,-6299.999999999999,-1500.0,-1500.0,3717.4461908078138,3742.0391602452137,1500.0,1500.0,-11085.207285387034,-11520.117527588858,flux_loop,0.3148,1.0428488876128712,,,0.0506247485316152
9283,True,0.8704938317763825,0.0325358353682386,0.5477507516939647,1.6093595470886868,-0.2594081977388829,910429.624369563,,,,,1.0,22400.0,-1500.0,-1500.0,-9200.0,-9200.0,-6299.999999999999,-6299.999999999999,-1500.0,-1500.0,3432.704899052045,3547.1399254150165,1500.0,1500.0,-12005.108019993024,-12717.949126277452,flux_loop,0.3148,1.0428488876128712,,,0.049055303840001
9284,True,0.9186693177195724,-0.0002332355637197,0.4837979683772635,1.9885300615843795,-0.5588531003976308,553737.7216169761,,,,,1.0,-22400.0,-1500.0,-1500.0,-9200.0,-9200.0,-6299.999999999999,-6299.999999999999,680.7549641573213,821.9694306491651,8213.83730723574,8186.162692764259,1500.0,1500.0,-11321.2263208374,-11309.444077086462,flux_loop,0.3148,1.0428488876128712,,,-0.0256776326687628
9285,True,0.8899242907159928,0.0060483380894178,0.469868942447453,1.4706127969322007,-0.2025896311553648,977786.5251174312,,,,,1.0,22400.0,-1500.0,-1500.0,-9200.0,-9200.0,-6299.999999999999,-6299.999999999999,-1500.0,-1500.0,2253.425041634566,2326.9730080629197,1500.0,1500.0,-13190.14076329908,-13334.75340651827,flux_loop,0.3148,1.0428488876128712,,,0.0406725396419731
9286,True,0.902351615587146,0.024976214504841,0.4916390142716789,2.539978639671028,0.1271113790779737,818107.2848393176,,,,,1.0,22400.0,1415.2137976801732,876.0166509590887,9200.0,4252.245967454679,-3116.909830532768,2866.702309616043,-1500.0,-1500.0,180.83802082465317,-210.6761103693734,1500.0,1500.0,-9939.23359509326,-10030.63811457401,flux_loop,0.3148,1.0428488876128712,,,0.0861839990008174
9287,True,0.9325246208294994,0.0282024780933421,0.5132964673300218,2.310920655621241,-0.5731952896762412,771938.349973378,,,,,1.0,-22400.0,-1500.0,117.79660064551832,-9200.0,-9200.0,-6299.999999999999,-6299.999999999999,-1500.0,-1500.0,8349.84786452506,8050.15213547494,1500.0,1500.0,-13537.830786114038,-13411.67610220534,flux_loop,0.3148,1.0428488876128712,,,-0.0141445946232534
9288,True,0.9367436677770592,-0.0149286706452235,0.518204848798485,1.60518507275602,0.1622804563828308,697059.1473149913,,,,,1.0,22400.0,4001.525663440604,7538.634110588848,1674.1189013346452,-8551.556335672127,-6299.999999999999,-6299.999999999999,-1500.0,-1500.0,-2512.4371541423857,-1820.3476888634525,1500.0,1500.0,-7917.212553703023,-8081.714671265834,flux_loop,0.3148,1.0428488876128712,,,0.065752011632486
9289,True,0.9066980315396468,-0.0180261218227882,0.5309280288013974,2.3745524502008246,-0.0599103405210319,1139545.939964533,,,,,1.0,22400.0,-1500.0,-1500.0,7499.997509217755,8502.198384375708,-4442.964188607887,-6299.999999999999,-1500.0,-1500.0,2018.376331019245,2457.6156874783637,1500.0,1500.0,-14410.891985094408,-14225.934403366822,flux_loop,0.3148,1.0428488876128712,,,0.0841689244481605
9290,True,0.85250410680967,-0.0290837477184841,0.4664209953376968,1.5143177642806391,-0.1732008101541078,947975.633666356,,,,,1.0,22400.0,-1500.0,-1500.0,-9200.0,-9200.0,-6299.999999999999,-6299.999999999999,-1500.0,-1500.0,3446.69609248739,3365.7006038684217,1500.0,1500.0,-14298.248332426889,-13615.647622397128,flux_loop,0.3148,1.0428488876128712,,,0.0355456396332333
9291,True,0.8546034515343249,-0.0413728399379341,0.4766669617609277,2.04079629623169,-0.3417712731217035,871023.937555598,,,,,1.0,22400.0,-1500.0,-1500.0,-9200.0,-9200.0,-6299.999999999999,-6299.999999999999,-1500.0,-1500.0,8030.001364534701,8369.9986354653,1500.0,1500.0,-15469.463110163582,-14333.754734892773,flux_loop,0.3148,1.0428488876128712,,,0.0510383938804065
9292,True,0.8784867919708366,0.0367891876048141,0.4706806979344518,2.0317467735025097,0.0524149072732472,595373.4365852808,,,,,1.0,22400.0,3099.988999201355,-668.7645330767072,-3648.269788396116,9200.0,-6299.999999999999,-6299.999999999999,-1500.0,-1500.0,2093.7419207508137,773.0998653944871,1500.0,1500.0,-8530.247150588732,-8376.276566171859,flux_loop,0.3148,1.0428488876128712,,,0.0600101331557987
9293,True,0.8642216928763423,-0.0285987262198792,0.526726949134398,1.9449064113969703,-0.5809827807861315,924438.3284103743,,,,,1.0,-22400.0,-1500.0,-1500.0,-9200.0,-9200.0,-6299.999999999999,-6299.999999999999,3228.862744948315,6755.960675487478,9132.459231031127,7267.540768968875,1500.0,1500.0,-17137.979927426237,-15911.982846084547,flux_loop,0.3148,1.0428488876128712,,,-0.0049077897654697
9294,True,0.8583555998452782,0.0128982275142595,0.5166717956681557,1.6304820590726763,0.2965917776221238,633372.726729204,,,,,1.0,22400.0,16400.05921027656,15312.14243449123,-9200.0,-9200.0,-6299.999999999999,-6299.999999999999,-1500.0,-1500.0,-5042.188020373228,-4468.923326591799,844.6057910301353,-137.85267342185134,-6845.591913842555,-6201.3949866221965,flux_loop,0.3148,1.0428488876128712,,,0.0882443383896894
9295,True,0.8591457435182651,-0.0055784910923263,0.517648643056432,1.7517146141728133,0.2827716727275049,1010492.02094125,,,,,1.0,22400.0,16800.0,16800.0,-6079.624167367485,-4620.834267649074,-6299.999999999999,-6299.999999999999,-1500.0,-1500.0,-5557.557175917552,-5689.567054844961,1500.0,1500.0,-11692.238005064772,-11673.7175816437,flux_loop,0.3148,1.0428488876128712,,,0.1089893195955551
9296,True,0.8550388178661403,-0.0122303032892042,0.46447229620867,3.0885872348101873,0.0644861100860827,1108595.916187728,,,,,1.0,22400.0,1747.4777608117645,1681.0296027355196,-3312.9368919313156,-2247.5149287291547,7100.0,7100.0,68.39524405508868,-519.3358335869998,520.4530572111559,774.3267291647633,1500.0,1500.0,-13914.924577317772,-13786.202512907825,flux_loop,0.3148,1.0428488876128712,,,0.1027336019748618
9297,True,0.9013616152850364,-0.0267680542553932,0.5485267324049224,2.9539395767496064,0.3656846244140189,996163.6692341912,,,,,1.0,22400.0,3223.888103842038,4456.191904994787,-3189.4554068181983,-9200.0,1305.6550201160137,4905.481652260572,2237.3310044481,2441.062968237594,-1299.193453445281,-1124.1820285280896,1500.0,1500.0,-11319.421340688832,-11103.148455087938,flux_loop,0.3148,1.0428488876128712,,,0.0996624820353785
9298,True,0.9313311247558176,0.0020799524524094,0.5229009579317752,1.8494580454143088,0.5450962319512361,1005340.3141096176,,,,,1.0,-22400.0,16800.0,16800.0,9200.0,9200.0,7100.0,7100.0,11200.0,11200.0,-14820.803473991671,-15192.890141615975,-2025.0253391258616,-1258.1612816512777,-7927.404261313105,-8316.76575597433,flux_loop,0.3148,1.0428488876128712,,,0.0730513414983146
9299,True,0.9113158396060178,-0.0115168385217771,0.4838776750855874,2.7730453765576293,0.4865947095066961,925625.7410369891,,,,,1.0,22400.0,11559.532127744,12541.1375609623,-9200.0,-9200.0,-6299.999999999999,-6299.999999999999,6082.775707534587,4974.249049928002,-893.1648391909844,-390.3476785815807,1500.0,1500.0,-12386.803058522486,-12455.80395142066,flux_loop,0.3148,1.0428488876128712,,,0.115771824509113
9300,True,0.9232996522737636,0.0272095818697655,0.5359572967995104,2.560277265236257,0.4295751198242662,1120609.223534845,,,,,1.0,22400.0,10677.230736689462,9154.18780191468,-9200.0,-9200.0,-6299.999999999999,-6299.999999999999,6233.999601462389,8056.540003480785,-1737.023549224353,-2646.5912315941628,1500.0,1500.0,-13318.69461045213,-13203.933543656103,flux_loop,0.3148,1.0428488876128712,,,0.1182440471128187
9301,True,0.901560880871259,0.0232895855405229,0.4848638819282705,2.7000193025461163,0.3373414768924124,1053324.2839177905,,,,,1.0,22400.0,14522.66504631905,12276.36414205659,-9200.0,-9200.0,-6299.999999999999,-6299.999999999999,1466.540248223556,4590.96332838241,1288.0833666477915,67.2624832956634,1500.0,1500.0,-14304.077978588148,-14210.924304173735,flux_loop,0.3148,1.0428488876128712,,,0.1250910391238016
9302,True,0.8886581837838601,0.0304087820117814,0.5277685747085719,2.7382056771456,0.5197683840821691,1101244.8103153007,,,,,1.0,22400.0,7960.266128006009,7074.455530716976,-9200.0,-9200.0,-6299.999999999999,-6299.999999999999,8841.936115893599,10083.805296366005,-2351.899039639849,-3397.398715443479,1500.0,1500.0,-13212.150266510784,-12972.319660083163,flux_loop,0.3148,1.0428488876128712,,,0.1100690986910869
9303,True,0.9361719554016122,0.0082715722056261,0.5047684031847395,2.6580658438701144,0.3207512728934023,1112578.361032709,,,,,1.0,22400.0,13008.50387648984,12365.190846426518,-9200.0,-9200.0,-6299.999999999999,-6299.999999999999,4016.6778935092534,4901.859700565188,-42.42819485975903,-391.6738121605636,1500.0,1500.0,-14005.230869624393,-13989.711024572229,flux_loop,0.3148,1.0428488876128712,,,0.1297702495327813
9304,True,0.906714746414084,-0.0075964152937572,0.5003838021246396,2.035839563835222,-0.2581828019877568,1174175.452516642,,,,,1.0,22400.0,-1500.0,-1500.0,-9200.0,-9200.0,-6299.999999999999,-6299.999999999999,-1500.0,-1500.0,5570.819427668493,5676.121967615707,1500.0,1500.0,-16176.09944059891,-16006.804077694807,flux_loop,0.3148,1.0428488876128712,,,0.065537669508059
9306,True,0.8636855941588594,0.0326491799400119,0.4940721455278687,2.9610336463363933,-0.4808445431966811,702954.8135338544,,,,,1.0,22400.0,4814.123694421696,2560.254717552328,-2216.5893592332054,4958.625918914414,-6299.999999999999,-6299.999999999999,-1500.0,-1500.0,4453.869907529988,3804.314558687415,1500.0,1500.0,-11013.569223621362,-11469.14316019126,flux_loop,0.3148,1.0428488876128712,,,0.0807719682142289
9307,True,0.8565604536179485,-0.047890632933674,0.5093464328660425,1.4986589422814505,-0.3051640126637364,1073655.6983732616,,,,,1.0,22400.0,-1500.0,-1500.0,-9200.0,-9200.0,-6299.999999999999,-6299.999999999999,-1500.0,-1500.0,3743.6761400986393,3518.843772144607,1500.0,1500.0,-15598.507842225135,-14189.719587421974,flux_loop,0.3148,1.0428488876128712,,,0.0430628791684206
9308,True,0.9319501125269264,0.0078361002438231,0.4555953500511589,1.9702421292881405,0.1651128119777225,1145447.730270927,,,,,1.0,22400.0,11079.954917695426,11077.833015655997,-9200.0,-9200.0,-6299.999999999999,-6299.999999999999,-1500.0,-1500.0,-779.915914359319,-892.9602743306194,1500.0,1500.0,-13475.56694357343,-13461.19123508274,flux_loop,0.3148,1.0428488876128712,,,0.1079457930781285
9309,True,0.8665393653277171,-0.048887463315963,0.5444634879349577,1.465004579064171,-0.212902830630839,926331.8426554612,,,,,1.0,22400.0,-1500.0,-1500.0,-9200.0,-9200.0,-6299.999999999999,-6299.999999999999,-1500.0,-1500.0,2443.535819815995,2186.499744069285,1500.0,1500.0,-12946.304507649347,-11915.012869077656,flux_loop,0.3148,1.0428488876128712,,,0.0356295043044918
9310,True,0.8869228698366177,0.032367181479729,0.4640211033407548,3.15964438088786,0.06118581535506,617300.3311284389,,,,,1.0,22400.0,3432.007409985597,3005.3796729334063,-9200.0,-9200.0,7086.721089612946,6313.59409292388,976.8114161758334,1509.0063282291649,487.7590621062844,211.37072137458225,1500.0,1500.0,-8137.492382683704,-8391.472749642044,flux_loop,0.3148,1.0428488876128712,,,0.0795198300791586
9311,True,0.92727202335868,0.0238928582703672,0.4964310883653888,3.1503889779300955,-0.393350180168199,1185611.975738246,,,,,1.0,13888.923194376424,10259.186313796874,7714.4629882021,-1086.1643602150757,5685.789211103795,-6299.999999999999,-6299.999999999999,-1500.0,-1500.0,5233.49095597927,4746.588729118011,1500.0,1500.0,-16932.365276141965,-17449.364346646584,flux_loop,0.3148,1.0428488876128712,,,0.1153598892807735
9312,True,0.8725008165261735,0.0117812981825064,0.5444252655813182,1.5247388351260782,0.5731217083412342,743005.2034665039,,,,,1.0,22400.0,16800.0,16800.0,9200.0,9200.0,7100.0,7100.0,5505.127311219895,1093.348652076642,-16053.684272965733,-14546.315727034267,-9200.0,-9200.0,225.4644873372441,391.2560668705329,flux_loop,0.3148,1.0428488876128712,,,0.1114846569466041
9313,True,0.9295425905130384,0.0109354771920953,0.4955263792066384,1.488675518761026,-0.1399626382757675,834419.4395888585,,,,,1.0,22400.0,-1500.0,-1500.0,-9200.0,-9200.0,-6299.999999999999,-6299.999999999999,-1500.0,-1500.0,1493.8815488319324,1575.8205492913678,1500.0,1500.0,-10581.219483094324,-10751.258874478368,flux_loop,0.3148,1.0428488876128712,,,0.0380079904420163
9314,True,0.8645019222373688,0.0318443095401165,0.5246847400634239,2.476704805615843,0.3594644616062012,809807.4142504714,,,,,1.0,22400.0,7723.559476503504,6377.124351194721,-9200.0,-9200.0,-6299.999999999999,-6299.999999999999,5779.729263948528,7685.512879926686,-1288.0437790416738,-2170.728119997342,1500.0,1500.0,-10211.08066617962,-10100.747773643669,flux_loop,0.3148,1.0428488876128712,,,0.0903976444981991
9315,True,0.9103925532232272,0.0274221682250758,0.4935776150258388,2.019997938536563,-0.0896741757298608,1162971.5820016286,,,,,1.0,22400.0,-1500.0,-1500.0,-9200.0,-9200.0,-6299.999999999999,-6299.999999999999,-1500.0,-1500.0,4389.174849978758,4226.289814095376,1500.0,1500.0,-14975.41716829689,-15499.91776746764,flux_loop,0.3148,1.0428488876128712,,,0.0649010125000327
9316,True,0.8950170116289549,-0.0181386404989851,0.4558129967894109,2.2213461914954076,-0.117806335930613,943197.3580502992,,,,,1.0,22400.0,-963.2998781424552,-1500.0,-9200.0,-9200.0,-6299.999999999999,-6299.999999999999,-1500.0,-1500.0,4644.259080881667,5012.566109598818,1500.0,1500.0,-13300.215928887406,-13081.164472926175,flux_loop,0.3148,1.0428488876128712,,,0.0539092441057942
9317,True,0.9293553955237076,-0.0185947113469085,0.5080699875732025,1.8195805546022663,0.153891884874311,1000388.9123384592,,,,,1.0,22400.0,8389.074810797867,8376.705054012846,-9200.0,-9200.0,-6299.999999999999,-6299.999999999999,-1500.0,-1500.0,-907.2482698961444,-610.4672707393187,1500.0,1500.0,-11805.793936092474,-11842.917886352516,flux_loop,0.3148,1.0428488876128712,,,0.08463716319411
9318,True,0.9021581955540262,-0.0081343199644233,0.5402278091567455,1.4249806117288406,-0.0432657048363886,508733.1372829187,,,,,1.0,22400.0,-1500.0,-1500.0,-9200.0,-9200.0,-6299.999999999999,-6299.999999999999,-1500.0,-1500.0,1273.6437258265444,1253.7840664226426,1500.0,1500.0,-6962.837564814837,-6890.720223038224,flux_loop,0.3148,1.0428488876128712,,,0.0235657721156686
9319,True,0.91929333400936,0.0118662336396716,0.5281262330355884,3.074593602996182,0.4398395132900542,702621.7427368659,,,,,1.0,-22400.0,4464.404545672961,3944.586984127864,-8813.141735244002,-6382.613504556367,4413.800340524675,2713.3873338378476,1896.7654721502904,1873.722172793549,-978.6586163992037,-1033.9658077959168,1500.0,1500.0,-8413.95170269605,-8483.629738133506,flux_loop,0.3148,1.0428488876128712,,,0.0127539888608159
9320,True,0.9124406991350849,0.0396567174974604,0.5309028162981492,2.8560571360118647,0.0647738081608554,793966.8059007976,,,,,1.0,22400.0,3454.647752767119,3161.3004505480703,-7147.0982236650025,-9191.203609058866,7100.0,7100.0,-259.015450667053,823.7815537682909,1075.849756429671,578.3209102225105,1500.0,1500.0,-10075.109896677524,-10479.73134670114,flux_loop,0.3148,1.0428488876128712,,,0.088727652036431
9321,True,0.8515697903628451,0.0199166990524571,0.5026573002345223,2.154601133168255,0.2397335129984656,1133428.219506854,,,,,1.0,22400.0,13387.354520274395,11160.599826970823,-9200.0,-9200.0,-6299.999999999999,-1179.7335795004649,-1500.0,-1500.0,-125.73181690973358,-734.399392629174,1500.0,1500.0,-14532.82967938733,-14506.38234080111,flux_loop,0.3148,1.0428488876128712,,,0.1116327424396384
9322,True,0.903699763468387,0.0307223628578589,0.4873285662906756,1.9357440728408677,-0.2076241873946878,898144.486422145,,,,,1.0,22400.0,-1500.0,-1500.0,-9200.0,-9200.0,-6299.999999999999,-6299.999999999999,-1500.0,-1500.0,4152.646664885426,4081.411949771997,1500.0,1500.0,-11893.162666401257,-12476.272889401764,flux_loop,0.3148,1.0428488876128712,,,0.0532814299831324
9323,True,0.9351819356431116,0.0032931796141995,0.4639734548016538,2.8043728384983595,-0.4276644248959436,721700.7221608267,,,,,1.0,22400.0,7410.257740399786,7645.279992721162,-9200.0,-9200.0,-6299.999999999999,-6299.999999999999,-1500.0,-1500.0,6678.983267084305,6602.748211332158,1500.0,1500.0,-12513.012676328324,-12577.564638101418,flux_loop,0.3148,1.0428488876128712,,,0.0885524769718935
9324,True,0.8785486387135759,-0.0052916597733289,0.5299801791167698,2.1112562252532543,0.0595740722616209,718294.6014073044,,,,,1.0,22400.0,-1135.6543260532958,-944.1465339013282,9200.0,9200.0,-4680.552834131774,-5210.159775775339,-1500.0,-1500.0,634.7350222538183,748.7101194137521,1500.0,1500.0,-9379.598621759427,-9371.21561602751,flux_loop,0.3148,1.0428488876128712,,,0.0646598186448192
9325,True,0.8950626420404655,-0.0130559465415817,0.5411785010909784,2.8750815579228597,0.3450836606859208,829009.0966325707,,,,,1.0,22400.0,3677.595907378845,4068.6417325999946,-8120.027215499038,-9200.0,4416.797217275704,4085.5752814156,2312.19455202954,2757.7985194478256,-1229.0451619136336,-1187.642061188533,1500.0,1500.0,-9575.36989447791,-9474.633252460791,flux_loop,0.3148,1.0428488876128712,,,0.0899987431479061
9326,True,0.9236759777301348,-0.0413087227719489,0.4743542722703066,2.2991126868307985,-0.3644261325987293,1186533.682352891,,,,,1.0,22400.0,4466.629358103541,4955.735103373519,9200.0,9200.0,7100.0,7100.0,11200.0,11200.0,8456.665453204574,7943.334546795426,-4991.432982966124,-4652.733287357917,-18400.0,-18400.0,flux_loop,0.3148,1.0428488876128712,,,0.1497170766143862
9327,True,0.9482244884859552,-0.0170670971758913,0.4556495434507384,2.767071217434901,0.2024723944320426,687255.9821604427,,,,,1.0,22400.0,11447.984061651046,12990.567312424791,-9200.0,-9200.0,-6299.999999999999,-6299.999999999999,3213.1931520855405,1442.376344041553,755.6740806404687,1334.5079096758927,1500.0,1500.0,-9656.566495035431,-9633.453705183569,flux_loop,0.3148,1.0428488876128712,,,0.1094234065875665
9328,True,0.8583869635207767,0.0282560598504609,0.4707912557547157,3.1218320868735208,-0.0692311298262974,513430.1225727564,,,,,1.0,-22400.0,392.8053789652329,467.639624882369,-4027.925239207012,-3056.0695451943893,7100.0,3743.552597881933,-684.049315310966,385.0398892137687,566.2644167077924,326.1522731677838,1500.0,1500.0,-7111.068837000448,-7316.357777111182,flux_loop,0.3148,1.0428488876128712,,,-0.0068183527926548
9329,True,0.8882374790883469,0.015309645613541,0.4816090650299952,2.710894082037388,0.4086413826154412,561305.9392370654,,,,,1.0,22400.0,8471.321825844727,7745.79051935175,-9200.0,-9200.0,-6299.999999999999,-6299.999999999999,5124.142290813541,6242.615277069674,-426.3395070988895,-884.9233246528963,1500.0,1500.0,-7945.21139761703,-7889.021629690739,flux_loop,0.3148,1.0428488876128712,,,0.08352618713273
9330,True,0.8524606069256999,-0.0478034866525204,0.4862148133849764,1.9991003075547356,0.5171836379123912,594941.8606838777,,,,,1.0,22400.0,16800.0,16800.0,-7391.738663511653,9200.0,-6299.999999999999,-3080.0618118809425,-1500.0,-1500.0,-2215.2610238389843,-6512.000838000352,-4843.797491103949,1500.0,-3682.589744472824,-7765.258382124397,flux_loop,0.3148,1.0428488876128712,,,0.112588472250251
9331,True,0.890628794338951,0.0393617371797947,0.4669751192261373,1.5078039088860682,-0.4944849163434859,841664.6394658047,,,,,1.0,22400.0,-1500.0,-1500.0,-9200.0,-9200.0,-6299.999999999999,-6299.999999999999,-1500.0,-1500.0,3689.303162452422,3919.5671826666726,1500.0,1500.0,-10976.112512780022,-12130.683691778264,flux_loop,0.3148,1.0428488876128712,,,0.0497159491909043
9332,True,0.924090254623438,0.0097754637906398,0.5269361708474019,2.5857833759625724,0.2353860099420232,737105.3185266717,,,,,1.0,22400.0,4771.029498397772,4483.772717377246,-9200.0,-9200.0,108.37005423354842,702.2187411092481,4058.689538099891,3963.670573955676,-1268.772883705054,-1343.1449351994156,1500.0,1500.0,-8461.65623306699,-8494.652819623414,flux_loop,0.3148,1.0428488876128712,,,0.0866405947001501
9333,True,0.8920547984435327,-0.0212964331587553,0.4953494260886924,2.325046697737028,0.5249365916035403,614133.3274418515,,,,,1.0,22400.0,12997.940511920358,15145.53107692952,-9200.0,-9200.0,-6299.999999999999,-6299.999999999999,646.7034058704853,-1500.0,-194.68702836610768,268.22893800168947,-1869.9157459528617,-1037.2060240368014,-6594.954540357431,-7393.883026386114,flux_loop,0.3148,1.0428488876128712,,,0.0995698167500132
9334,True,0.8809874764910198,0.0449992272038032,0.5013566393524377,2.0015926711179413,0.3626943556020805,909761.5468380796,,,,,1.0,22400.0,16800.0,16800.0,9200.0,-4192.040619123478,-6299.999999999999,-6299.999999999999,-1500.0,-341.84484888103134,-4782.9496732563475,-3833.051623986879,1500.0,1500.0,-11098.677072253313,-11397.178328452896,flux_loop,0.3148,1.0428488876128712,,,0.1213342121194023
9335,True,0.9011540690687962,-0.0401435129806231,0.5408877630800603,2.9473268201806357,-0.0174200700952348,946069.0587074172,,,,,1.0,22400.0,2825.0653682216653,2842.905086299598,-6961.131855731315,-4274.667827142324,7100.0,7100.0,-37.008733417207026,-1500.0,1617.2728174372087,2266.4627929855424,1500.0,1500.0,-12999.387658924314,-12312.784296990532,flux_loop,0.3148,1.0428488876128712,,,0.0920366054931914
9336,True,0.8693426632307842,-0.0471106164227638,0.4905030427833555,2.2452779385612356,-0.3392174171744517,1064600.532369949,,,,,1.0,-22400.0,-1500.0,-1500.0,-9200.0,-9200.0,-6299.999999999999,-6299.999999999999,2763.1306200034796,2630.222175953937,7727.915511432972,8672.084488567029,1500.0,1500.0,-18400.0,-17464.89985384372,flux_loop,0.3148,1.0428488876128712,,,-0.0065874371843107
9337,True,0.9088384632884734,0.0277386964244318,0.4827556429654021,2.958028134724608,0.5423437457130048,1168580.8110770606,,,,,1.0,22400.0,12753.977173999983,11033.9584610851,-9200.0,-9200.0,-6299.999999999999,-6299.999999999999,6220.6601946692845,8664.436071877839,-131.89162741083857,-1613.2241756133624,1500.0,1500.0,-15441.90804021131,-15169.097539672872,flux_loop,0.3148,1.0428488876128712,,,0.1288066402787405
9338,True,0.8916689502837651,0.0124673946978005,0.4558988668532244,1.8837253244148215,0.0139652325390176,658490.6057182525,,,,,1.0,22400.0,1017.8875091861746,1719.263721779455,-9200.0,-9200.0,-6299.999999999999,-6299.999999999999,-1500.0,-1500.0,3398.60839013714,3055.5556586733965,1500.0,1500.0,-9760.84699890345,-9738.581693297812,flux_loop,0.3148,1.0428488876128712,,,0.0503888598355909
9339,True,0.9111927047347964,-0.0196969945654005,0.4662883948619953,1.915732547592888,-0.5709608769534996,836159.9547026035,,,,,1.0,-22400.0,-1500.0,-1500.0,-3160.502259064833,7693.532761585489,7100.0,7100.0,11200.0,11200.0,9460.623612505087,6939.3763874949145,1500.0,1500.0,-18294.252947302943,-16847.447861193177,flux_loop,0.3148,1.0428488876128712,,,0.0346494262174988
9340,True,0.9380018543093864,0.001717734047873,0.4867768820922549,2.8646164219945724,-0.0420983433368256,1084890.538915053,,,,,1.0,22400.0,5293.13390815595,5111.8308874756185,8118.193716780993,8757.269432594861,-6299.999999999999,-6299.999999999999,-1500.0,-1500.0,3300.275398281624,3245.077671848114,1500.0,1500.0,-14890.325432938256,-14903.73996675432,flux_loop,0.3148,1.0428488876128712,,,0.114973600893066
9341,True,0.8874763653702581,-0.0423250226160467,0.4664826946443794,2.61866111238532,0.1362350698041277,1047123.6783524055,,,,,1.0,22400.0,3566.457674325412,8697.825684537274,9200.0,-168.12651990488564,-3893.42248283224,-6299.999999999999,-1500.0,-1500.0,627.555488713933,1861.137683800235,1500.0,1500.0,-13689.173200331628,-13543.147728808004,flux_loop,0.3148,1.0428488876128712,,,0.1111150959349295
9342,True,0.8765974486671805,-0.0182520689568219,0.4662735013340687,1.827653709979632,-0.3421972156647497,977823.0786703306,,,,,1.0,22400.0,-1500.0,-1500.0,-9200.0,-9200.0,-6299.999999999999,-6299.999999999999,-1500.0,-1500.0,4810.652899201685,4890.543142660592,1500.0,1500.0,-13923.494592099603,-13476.585299147942,flux_loop,0.3148,1.0428488876128712,,,0.0531968192630291
9343,True,0.8987154154643406,0.0153178529285158,0.4856200512525496,2.124431073108727,-0.3104536644840424,869220.8717355567,,,,,1.0,-22400.0,-1500.0,-1500.0,-9200.0,-9200.0,-6299.999999999999,-6299.999999999999,-1016.0949907782332,-1054.4854665854357,8245.274763041492,8154.7252369585085,1500.0,1500.0,-14698.705402626732,-15086.31143861914,flux_loop,0.3148,1.0428488876128712,,,-0.0165772571232915
9344,True,0.9049291233926212,-0.0292108319806578,0.485659524844825,2.535718241605597,0.0600649191708586,897338.6603229791,,,,,1.0,22400.0,-1500.0,-1081.6066829734737,7749.021800742819,9200.0,1187.5707601178508,-1377.115464596695,-1500.0,-1500.0,-234.25433308340823,170.4497378047977,1500.0,1500.0,-10562.683067098738,-10406.597785041786,flux_loop,0.3148,1.0428488876128712,,,0.0808823072000419
9345,True,0.8690145584527569,0.0408113983865018,0.5298512710444456,1.9837092343650236,0.3548350477145211,544680.5569752228,,,,,1.0,22400.0,10975.1878863182,7776.903276984368,-9200.0,-9200.0,-6299.999999999999,-6299.999999999999,2180.452026173088,6235.049744742301,-2356.5854674296306,-3276.072807317379,1397.0126496558992,956.100891822544,-6797.346278454934,-6259.031364206731,flux_loop,0.3148,1.0428488876128712,,,0.0761338386424139
9346,True,0.9069699001809558,0.0094460612407987,0.5495894599784141,3.117477402375197,0.3297060382822875,904400.797582724,,,,,1.0,-22400.0,2849.530932536002,2661.669779551831,-2350.69546684542,-1945.6479715191736,913.0808609975228,804.7494103832,1348.3871012668403,1258.457020182845,-794.0161683387219,-841.4766266769998,1500.0,1500.0,-10315.444419760772,-10402.814208899978,flux_loop,0.3148,1.0428488876128712,,,0.0217205662056317
9347,True,0.9048135440096192,0.0297759749389136,0.4574249064866824,1.6052811563984055,0.4620928611357714,719885.7221338477,,,,,1.0,-22400.0,16800.0,16800.0,9200.0,9200.0,7100.0,7100.0,11200.0,11200.0,-12221.976925808522,-14826.914312761668,-9200.0,-9200.0,-2604.736941239195,50.395456117281064,flux_loop,0.3148,1.0428488876128712,,,0.0604334244709574
9348,True,0.8768853279704939,0.0273236215583226,0.4679396815230144,1.4818800416673397,-0.3191507462837497,651287.9035668756,,,,,1.0,22400.0,-1500.0,-1500.0,-9200.0,-9200.0,-6299.999999999999,-6299.999999999999,-1500.0,-1500.0,3244.3531408691138,3486.0264088421086,1500.0,1500.0,-9329.618226887687,-9952.742646454048,flux_loop,0.3148,1.0428488876128712,,,0.0358338505803912
9349,True,0.927716792013058,0.0140605427132253,0.5130115069666594,2.0576255918168234,0.1082832120008054,798998.47831196,,,,,1.0,22400.0,2695.6442479321986,1101.1295967212773,2767.9705377830546,7685.978201121883,-6299.999999999999,-6299.999999999999,-1500.0,-1500.0,245.9770119587778,-190.00313039614184,1500.0,1500.0,-9612.071860449409,-9568.17072519374,flux_loop,0.3148,1.0428488876128712,,,0.0754694778342858
9350,True,0.9235169434117816,-0.010130626177027,0.4868719543079466,2.7905970996787133,-0.1978610227454374,598953.7824513902,,,,,1.0,22400.0,1975.1228700827648,2839.697613097749,7504.438808814617,5512.776703639347,-6299.999999999999,-6299.999999999999,-1500.0,-1500.0,2709.4116072839383,2897.965425667234,1500.0,1500.0,-9190.657254298969,-9092.009193600268,flux_loop,0.3148,1.0428488876128712,,,0.0764824597175175
9352,True,0.9003230932327924,0.0250567666063191,0.4820447803104545,2.6117722089880826,-0.0409283691180583,1040304.5654354998,,,,,1.0,22400.0,-133.3186419224272,-1225.1687012576865,9200.0,9200.0,-5056.74692397193,-1589.2962245150914,-1500.0,-1500.0,2245.8738438162586,1585.4789531666618,1500.0,1500.0,-13313.279030032489,-13479.965882787455,flux_loop,0.3148,1.0428488876128712,,,0.0907711824157063
9353,True,0.9027960899795606,-0.0323696316642442,0.4732302477277123,1.762728555904243,-0.0148058395979016,534657.742087456,,,,,1.0,22400.0,-1500.0,-1500.0,-4379.412991412619,-9200.0,-6299.999999999999,-6299.999999999999,-1500.0,-1500.0,2536.3338986733856,3588.2919117252654,1500.0,1500.0,-8017.906909789261,-8099.525479342041,flux_loop,0.3148,1.0428488876128712,,,0.0300438942207632
9354,True,0.9318951593459278,-0.0116164405702961,0.4553807209955409,2.354495346161512,-0.3202632935597448,580402.0527817515,,,,,1.0,-22400.0,528.1721778420401,-1500.0,-9200.0,-9200.0,-6299.999999999999,-6299.999999999999,-1500.0,993.380695551568,8302.956667578392,8097.043332421608,1500.0,1500.0,-11796.059569024026,-11535.469969149248,flux_loop,0.3148,1.0428488876128712,,,-0.0253636383664055
9355,True,0.881041287629727,0.0057745157943564,0.4771875269416229,2.0169022058130843,0.1336661818562265,873579.9642372257,,,,,1.0,22400.0,8703.43886381057,8763.471109267648,-9200.0,-9200.0,-6299.999999999999,-6299.999999999999,-1500.0,-1500.0,905.9181775526988,834.4571624943309,1500.0,1500.0,-11495.879231865689,-11509.460844221116,flux_loop,0.3148,1.0428488876128712,,,0.0869782098977886
9357,True,0.8987581639634417,0.0252999618550801,0.5351516036437175,2.7546449664668766,0.2591905087137257,1013930.7735289484,,,,,1.0,22400.0,4747.137494666952,4048.104259512869,-9200.0,-9200.0,2735.4833562904605,4370.646417277415,3336.1126288040778,2794.5851901076753,-1182.7775808449414,-1359.0900759106692,1500.0,1500.0,-11355.184667136786,-11531.926329897118,flux_loop,0.3148,1.0428488876128712,,,0.1028341578021944
9358,True,0.8746307393876718,-0.0260136322908023,0.533633519121413,3.026474368463643,-0.5592634939329898,901677.7330753092,,,,,1.0,-20771.220266868135,-1107.1629616889484,-834.9386308894,9200.0,9200.0,-2320.6324116468745,-3935.15607924875,-1500.0,-1500.0,2875.5729228025107,3100.075836754875,1500.0,1500.0,-13180.084582615356,-12648.43628433181,flux_loop,0.3148,1.0428488876128712,,,0.0104756401746231
9359,True,0.8855493441450768,-0.046092989274166,0.4994567798101554,3.1771602883684418,-0.2321598192688831,1019199.4246351668,,,,,1.0,22400.0,2752.533551018913,3632.563991377731,-2875.072114551061,9162.164625008982,7100.0,-6299.999999999999,-1500.0,-1500.0,3433.863726113749,4162.924448088598,1500.0,1500.0,-15415.36879906732,-14351.435058505846,flux_loop,0.3148,1.0428488876128712,,,0.1019267304740205
9360,True,0.9420362445772056,-0.0350659113009301,0.5312448225748007,1.4300103013587744,0.1915893095943682,845642.8517645539,,,,,1.0,22400.0,-733.0717128220521,6423.080982313243,9200.0,595.633895263823,6154.667887676383,-6299.999999999999,-1500.0,-1500.0,-7753.297026034558,-6262.302687956007,1500.0,1500.0,-8102.120479322056,-8616.153531406071,flux_loop,0.3148,1.0428488876128712,,,0.0616782810444731
9361,True,0.8919698380443625,0.0346103183086357,0.5190904192453205,2.538891641510303,-0.4412609482083495,904248.5884310048,,,,,1.0,22400.0,1074.9620252387783,3359.0859280376367,-9200.0,-9200.0,-6299.999999999999,-6299.999999999999,-1500.0,-1500.0,7394.520027127516,6449.226128778755,1500.0,1500.0,-14038.929124073502,-14823.89679488814,flux_loop,0.3148,1.0428488876128712,,,0.0785278949504259
9362,True,0.8570080404612056,0.0043512843732485,0.4885684680601485,3.145057966581656,0.5127970492219719,532866.5797200785,,,,,1.0,22400.0,3833.1492316299273,3739.9547614368694,-9200.0,-9200.0,3730.733267943357,4049.2613156002217,3234.001234679337,2988.6904390196814,-782.4241542340933,-761.1897030061763,1500.0,1454.3723780727655,-7231.886190956131,-7220.728523986796,flux_loop,0.3148,1.0428488876128712,,,0.0722763713781177
9363,True,0.9162634599549364,-0.0346856306205772,0.497314275249534,3.078342908086664,-0.3734661306336272,918730.2551627466,,,,,1.0,22400.0,4109.861138251836,7429.6776443042945,8482.278691526433,250.0403729162403,-6299.999999999999,-6299.999999999999,-1500.0,-1500.0,3818.8489342226617,4444.373353831898,1500.0,1500.0,-13957.821434565469,-13340.62990572174,flux_loop,0.3148,1.0428488876128712,,,0.1053026102211736
9364,True,0.8974959510324738,0.0252646538291608,0.5088950956987304,2.2703828267873085,0.3895816583308209,966093.7489416108,,,,,1.0,22400.0,16800.0,14534.778919624796,-5652.453085624197,-9200.0,-6299.999999999999,-6299.999999999999,-1499.6042642100726,3222.165082160706,-916.66345112851,-2139.41150991847,1500.0,1500.0,-12546.935328116222,-12366.459562845916,flux_loop,0.3148,1.0428488876128712,,,0.1197321212890398
9365,True,0.9456506808039292,-0.04693049881821,0.4539005834847802,2.9259343016281907,-0.3618057397765752,938336.25800707,,,,,1.0,22400.0,11663.142866002132,10197.631288887344,-9200.0,-9200.0,-6299.999999999999,-6299.999999999999,-1500.0,-1500.0,7420.768233779104,8609.284175621275,1500.0,1500.0,-16705.225977885675,-15362.118841540814,flux_loop,0.3148,1.0428488876128712,,,0.1088777397188012
9366,True,0.90283428481588,0.0248931092368563,0.5386747971909424,3.0463792044652287,-0.3517532466384045,1008927.5391253108,,,,,1.0,14923.50360629538,677.2791566282044,1522.927363658719,9200.0,-2309.2013724884728,-2581.2255008413445,7100.0,-1500.0,-1500.0,3208.60215988138,2983.48902928114,1500.0,1500.0,-13807.690782308591,-14315.567405773145,flux_loop,0.3148,1.0428488876128712,,,0.0838546895031525
9367,True,0.8832910241055861,0.0207757758667826,0.5261230430764611,1.6386768731368444,-0.3222539919886479,1062046.679563729,,,,,1.0,22400.0,-1500.0,-1500.0,-9200.0,-9200.0,-6299.999999999999,-6299.999999999999,-1500.0,-1500.0,3722.7884583048967,3781.6364548799047,1500.0,1500.0,-13725.184853403827,-14257.223657736968,flux_loop,0.3148,1.0428488876128712,,,0.0568094213729685
9368,True,0.9454915808974352,-0.0365053706573341,0.4508043348549075,2.9888350811081086,0.2961245412912719,767423.2821456492,,,,,1.0,22400.0,12289.075905037802,15703.062533379758,-9200.0,-9200.0,-6299.999999999999,-6299.999999999999,4300.47646777859,357.49353032890065,798.2061411737639,2228.2674560780106,1500.0,1500.0,-11084.889337202812,-11029.08248226418,flux_loop,0.3148,1.0428488876128712,,,0.1223310456495262
9369,True,0.9291823313557712,0.0299691808405899,0.4630303905564285,2.244028357895486,0.0176174884057583,1011206.8357381884,,,,,1.0,22400.0,4141.990085048109,1302.2232224480506,-9200.0,1188.366747081168,-6299.999999999999,-6299.999999999999,-1500.0,-1500.0,2612.8821630813413,1416.0369220598272,1500.0,1500.0,-12507.707208011938,-12464.86804977002,flux_loop,0.3148,1.0428488876128712,,,0.0840577447496661
9370,True,0.8891965896265392,0.0071704130475137,0.5227255698752125,2.5901035353179296,0.4390926376329912,1138810.6009576716,,,,,1.0,22400.0,9645.723396931877,9263.842786935023,-9200.0,-9200.0,-6299.999999999999,-6299.999999999999,7191.140070323177,7807.021004461681,-2021.6697531143504,-2320.984479430035,1500.0,1500.0,-13950.064451866729,-13895.00861213881,flux_loop,0.3148,1.0428488876128712,,,0.1148760451835623
9371,True,0.8925105890946177,-0.0402880899809575,0.5022861642206622,2.7671382733179133,-0.2938507340523256,529149.409572684,,,,,1.0,22400.0,-401.2716780745356,1467.3438619914402,9200.0,5293.968524885317,-4969.214503363985,-6299.999999999999,-1500.0,-1500.0,2344.347442192527,2956.427187958391,1500.0,1500.0,-8509.737373602347,-8099.287447508019,flux_loop,0.3148,1.0428488876128712,,,0.0655068794449266
9372,True,0.9425921855295406,0.0484249990541192,0.5232415758639715,2.534757208570798,0.1411312403721948,619224.1725534233,,,,,1.0,22400.0,2554.774172994655,2613.3133968397456,-6743.0779944565,-9200.0,7100.0,4666.401638038993,269.577370296693,2488.068488226171,-474.5469150547884,-969.3100128117648,1500.0,1500.0,-7219.41971121691,-7401.384029770321,flux_loop,0.3148,1.0428488876128712,,,0.076981949694498
9373,True,0.8814207905369292,-0.0250317817335067,0.5499872268792383,3.137278555845075,0.443370861859197,1005407.230791302,,,,,1.0,-22400.0,2252.93814396356,2662.045998865088,-696.4859415748155,-1686.665683932685,449.3889843386696,639.2223335158794,1335.8195834120984,1629.384444281471,-1339.698599750034,-1162.9017587945216,1500.0,1500.0,-11496.194767355488,-11283.128247290142,flux_loop,0.3148,1.0428488876128712,,,0.0231101978164725
9374,True,0.8571382023503726,0.0412154111025401,0.4560147836403141,2.2971428501746223,-0.264391097263887,776572.1280177713,,,,,1.0,-22400.0,-1500.0,-1500.0,-9200.0,-9200.0,-6299.999999999999,-6299.999999999999,1690.4803567768386,2846.161230621922,8729.43730055129,7670.562699448712,1500.0,1500.0,-14386.435757680529,-15129.37451633775,flux_loop,0.3148,1.0428488876128712,,,-0.0152191732998595
9375,True,0.8718870804358299,0.0353183700798295,0.4553174641779684,3.0167814058746303,0.3369417105679245,574407.7655552896,,,,,1.0,22400.0,8598.029090430915,7187.527550624102,-9200.0,-9200.0,-6299.999999999999,-6299.999999999999,4267.9534035966235,6423.970746970969,777.499843194654,-280.823087675593,1500.0,1500.0,-8529.91750553461,-8485.871745919925,flux_loop,0.3148,1.0428488876128712,,,0.0854386908782146
9376,True,0.9207770840879556,-0.0493254455240387,0.5207964334806143,3.1216710710884774,-0.2926037022872599,1051411.5200436204,,,,,1.0,2059.254580685794,4141.842826789948,4722.559498493419,-3757.9561839675425,8331.528783867145,7100.0,-6299.999999999999,-1500.0,-1500.0,3265.717015290116,3838.1184513466224,1500.0,1500.0,-15449.493958001358,-14415.01045329235,flux_loop,0.3148,1.0428488876128712,,,0.0746934006843936
9377,True,0.9423056389593218,0.0464242727691799,0.5128305294762947,2.0322053169499648,0.0555835401429178,623249.8391152819,,,,,1.0,22400.0,430.95051643513455,-1500.0,3816.412680840966,5952.9736708536475,-6299.999999999999,-839.8816475689212,-1500.0,-1500.0,775.5560775936514,-267.2859281312515,1500.0,1500.0,-7649.99529192608,-7611.737927602724,flux_loop,0.3148,1.0428488876128712,,,0.0622936736442185
9378,True,0.9198448861469428,0.036336554013992,0.5379151547247528,2.726399862347461,0.5867377834774351,758403.1929492693,,,,,1.0,22400.0,6566.018062529775,5706.602881073942,-9200.0,-9200.0,-6299.999999999999,-3813.676279221086,9035.130622407967,8539.645683097706,-2516.8605749266717,-3168.895095020782,1426.1584165522172,1500.0,-8964.598747315973,-8844.701424274623,flux_loop,0.3148,1.0428488876128712,,,0.0897217288385762
9379,True,0.9260542502273174,-0.0482023460987662,0.4977977854842019,2.9976138095337164,0.0071354761665933,1068026.4256298416,,,,,1.0,22400.0,4960.369527575917,8762.297525976497,-4733.591771362414,-9200.0,7100.0,4996.615371055378,-882.1388386259835,-1500.0,2389.4740744085234,3472.673946423123,1500.0,1500.0,-15119.329405915454,-14329.43774987894,flux_loop,0.3148,1.0428488876128712,,,0.116250020988237
9380,True,0.932462938597681,-0.0476958512313144,0.5389088715106842,1.696059697954235,0.4796874470027238,722002.7632589437,,,,,1.0,22400.0,16800.0,16800.0,8346.468370917428,9200.0,-6299.999999999999,7100.0,-1500.0,5436.920310829976,-7723.876517761338,-13557.96841371778,-2366.2811969877976,1500.0,-4562.93213106377,-6719.476902002223,flux_loop,0.3148,1.0428488876128712,,,0.1275317171894472
9381,True,0.925876608030459,0.0174482811730766,0.513660795681523,2.07149910091744,0.3654944944860625,800669.5373339574,,,,,1.0,22400.0,16800.0,16800.0,-2222.2170337545417,-8832.270751472648,-6299.999999999999,-6299.999999999999,-1500.0,1022.4234597321162,-2336.260085980734,-2562.163094372961,1500.0,1500.0,-9981.969553115614,-9995.284939392935,flux_loop,0.3148,1.0428488876128712,,,0.1179282224630829
9382,True,0.8686674407983144,0.0013073436041763,0.492631729440887,1.4225165873372752,-0.0527361703100367,734315.7397219487,,,,,1.0,22400.0,-1500.0,-1500.0,-9200.0,-9200.0,-6299.999999999999,-6299.999999999999,-1500.0,-1500.0,948.605543199541,1000.5974473254652,1500.0,1500.0,-10119.27029123049,-10153.999927935056,flux_loop,0.3148,1.0428488876128712,,,0.0261893255873936
9383,True,0.9111663899401196,0.0103336637534077,0.5246527198462871,1.432450218476092,0.3755951154306872,799593.0971862597,,,,,1.0,22400.0,16800.0,16800.0,9200.0,9200.0,7100.0,7100.0,1026.535025124668,-1500.0,-15641.644784070735,-14958.355215929265,-2198.561895363645,-1695.4956409702902,-3803.792882786498,-4026.366880532439,flux_loop,0.3148,1.0428488876128712,,,0.1140425644438119
9384,True,0.8870329204148799,0.0339146816112005,0.4850005667069104,2.435341359057376,0.2179212390158845,631380.6529468909,,,,,1.0,22400.0,10137.255519742674,7859.188070061652,-9200.0,-9200.0,-6299.999999999999,-6299.999999999999,1374.8177199474046,4812.55831771837,697.6215041491649,-467.6347250639706,1500.0,1500.0,-8773.123043008407,-8700.385927969523,flux_loop,0.3148,1.0428488876128712,,,0.087235135790096
9385,True,0.9376296856440433,0.0108110100920595,0.5451249595706684,2.8187083970421023,-0.0906686161392196,586003.5729936295,,,,,1.0,22400.0,1495.2174454665585,1222.1540876070862,-3264.4118250112533,-3324.9031319648193,7100.0,7100.0,-1500.0,-1325.5137795697608,1389.768912011507,1306.846873093126,1500.0,1500.0,-8099.841703097192,-8217.684727228938,flux_loop,0.3148,1.0428488876128712,,,0.0721174836427935
9386,True,0.9197201138630212,-0.0396077398368393,0.4686934406044067,2.772262023242921,-0.5434831013319231,598084.1842788697,,,,,1.0,22400.0,6904.888703371164,5048.974362127552,-9200.0,-9200.0,-6299.999999999999,-6299.999999999999,-1500.0,-1500.0,5414.122600002995,6238.129467114363,1500.0,1500.0,-10936.662518600826,-10229.359847421636,flux_loop,0.3148,1.0428488876128712,,,0.0697311384005738
9387,True,0.8876395219475876,-0.0475011313536645,0.5122541100383706,1.7550037539542789,-0.5990890733272748,582698.7664297646,,,,,1.0,-22400.0,-1500.0,-1500.0,-9200.0,-9200.0,-6299.999999999999,-6299.999999999999,-1500.0,2769.6908472413547,9299.99940416258,7100.00059583742,1500.0,1500.0,-12720.826208439275,-10795.821466851474,flux_loop,0.3148,1.0428488876128712,,,-0.0252161414434893
9388,True,0.8888902635524846,0.0361971870759775,0.4634195602862512,1.835560062743497,-0.3689335765440753,907835.5845145892,,,,,1.0,22400.0,-1500.0,-1500.0,-9200.0,-9200.0,-6299.999999999999,-6299.999999999999,-1500.0,-1500.0,4471.895691753809,4417.813010754349,1500.0,1500.0,-12092.564913000257,-12950.260332388723,flux_loop,0.3148,1.0428488876128712,,,0.0549093112635725
9389,True,0.8619458074577652,0.0488641108551127,0.511574341914119,3.09443219100297,0.0145009180018923,924965.2385929864,,,,,1.0,-22400.0,2591.486838808864,2223.4882745106333,-6238.119020497658,-6548.678158387692,7100.0,5402.703646175951,-602.2659126089351,559.2051774747447,1440.274201712713,798.2062311543159,1500.0,1500.0,-11858.794708995629,-12537.721169757866,flux_loop,0.3148,1.0428488876128712,,,0.0213582308895219
9390,True,0.8754779702611024,0.0113072980276198,0.4759881243244611,1.4150853584471927,-0.2728330069716684,626528.1847757355,,,,,1.0,22400.0,-1500.0,-1500.0,-9200.0,-9200.0,-6299.999999999999,-6299.999999999999,-1500.0,-1500.0,2579.887049349242,2728.3491174263772,1500.0,1500.0,-9029.217449319549,-9282.573695944777,flux_loop,0.3148,1.0428488876128712,,,0.0309172105211837
9391,True,0.8629674979373446,0.0139076420641316,0.5180385676490158,2.709555475568817,0.175982887742738,1167053.4817935256,,,,,1.0,22400.0,2553.2715924221566,2550.539027276372,-4981.585155287552,-6605.429987901412,7100.0,7100.0,58.71196108646587,746.8837440233997,-454.9572040735896,-709.7204052089504,1500.0,1500.0,-13547.49836076838,-13630.597904462127,flux_loop,0.3148,1.0428488876128712,,,0.1058338936368353
9392,True,0.8500362153443398,0.0426291499104839,0.5308417696351075,2.488092515722882,0.1137159016834786,945649.040786544,,,,,1.0,22400.0,288.5587617402955,232.1477319352226,9200.0,-610.213937682224,-2700.185248961814,7100.0,-1500.0,-1500.0,725.5061806987204,29.062212461903705,1500.0,1500.0,-11743.702430090852,-11996.301585459967,flux_loop,0.3148,1.0428488876128712,,,0.087882891204315
9393,True,0.8569033550488392,0.0069851824993935,0.5150620109598806,2.5740536741841566,0.2026997018327168,1011332.720048954,,,,,1.0,22400.0,3504.181534250717,3477.0186173368625,-6185.874191569105,-7400.924080685713,7100.0,7100.0,-302.63699285945233,272.0526368105465,-367.6326875910621,-534.3196344162862,1500.0,1500.0,-12285.12019312372,-12297.29543001216,flux_loop,0.3148,1.0428488876128712,,,0.0968516967477095
9394,True,0.8735452746291674,0.0354196906289183,0.4876742183905178,1.468867539785877,-0.1607617426014991,1083958.0366428108,,,,,1.0,22400.0,-1500.0,-1500.0,-9200.0,-9200.0,-6299.999999999999,-6299.999999999999,-1500.0,-1500.0,1883.9155081808651,2098.7297699916444,1500.0,1500.0,-14294.615552354951,-15083.524604371933,flux_loop,0.3148,1.0428488876128712,,,0.0446819660807852
9395,True,0.8986556699022843,0.0339339156881095,0.4651826796793891,2.290309379858789,-0.4201326153306477,1114911.6463130144,,,,,1.0,22400.0,6665.952408613179,7055.7191303685895,9200.0,9200.0,7100.0,7100.0,11200.0,11200.0,7978.040545493352,8421.959454506648,-4321.7750764534285,-4386.845447857573,-18400.0,-18400.0,flux_loop,0.3148,1.0428488876128712,,,0.1546984285881207
9396,True,0.8987007517649304,0.0102071597001887,0.5321137139020057,2.121209183278114,-0.259896461618248,746067.9641425852,,,,,1.0,22400.0,-1500.0,-1500.0,-9200.0,-9200.0,-6299.999999999999,-6299.999999999999,-1500.0,-1500.0,5960.000129550053,5924.71462752214,1500.0,1500.0,-11633.062456365831,-11801.21477308344,flux_loop,0.3148,1.0428488876128712,,,0.0474764155056836
9397,True,0.9370905049092552,0.0157230104145697,0.4526451087993647,3.175242598989402,-0.0778535297894421,675788.3480850719,,,,,1.0,22400.0,4961.491096538777,5807.638084165281,8537.661723594154,-7219.196793610034,-6299.999999999999,7100.0,-1500.0,-1500.0,2762.438119357152,2452.425191437308,1500.0,1500.0,-10087.604043786145,-10254.210436418383,flux_loop,0.3148,1.0428488876128712,,,0.0935489883097021
9398,True,0.9381688218991808,-0.0278929912863794,0.4597231750800691,2.851321841208974,0.1500408155656341,565319.5591917271,,,,,1.0,22400.0,4597.645039798933,5338.176224254748,-9200.0,-9200.0,1737.323608701741,1684.8909701958278,3220.165638751303,2549.3592317951593,-528.6334536043415,-216.94478060508095,1500.0,1500.0,-7243.257710599251,-7131.030485556662,flux_loop,0.3148,1.0428488876128712,,,0.0807831227131932
9399,True,0.8518963225704645,-0.0379221800286477,0.4874714598268228,1.6621733247378188,-0.3192998707124764,777684.5332010849,,,,,1.0,22400.0,-1500.0,-1500.0,-9200.0,-9200.0,-6299.999999999999,-6299.999999999999,-1500.0,-1500.0,4655.674432703163,4593.416729364737,1500.0,1500.0,-12150.89000182571,-11237.94312409256,flux_loop,0.3148,1.0428488876128712,,,0.0398124308162486
9400,True,0.9389078821426778,-0.0487300104064565,0.4637355185231541,1.745081222234146,0.4547225667094873,674018.7512000644,,,,,1.0,-22400.0,16800.0,16800.0,9200.0,9200.0,7100.0,7100.0,11200.0,11200.0,-13439.567253121051,-7891.943586758256,-1147.6350591688588,-9200.0,-5481.797741184252,-2930.8877786625794,flux_loop,0.3148,1.0428488876128712,,,0.0704187620443081
9401,True,0.8728297525552641,-0.0339272031316808,0.4890490720015525,2.75644035490864,0.2971561881127246,825902.582377288,,,,,1.0,22400.0,7474.134656472589,9160.602642861577,-9200.0,-9200.0,-6299.999999999999,-6299.999999999999,6576.944299314524,4491.23841244557,-683.1549060640353,347.94627793049193,1500.0,1500.0,-11081.714313664945,-11084.411033365795,flux_loop,0.3148,1.0428488876128712,,,0.0983586540117042
9402,True,0.9305150980875676,-0.0279839530543085,0.4672965622352109,2.4054345342055554,-0.4914489016365942,551157.2049547745,,,,,1.0,-3605.7791782742097,272.9459759887591,-1500.0,-9200.0,-9200.0,-6299.999999999999,-6299.999999999999,-1500.0,-1500.0,7840.390962592654,8559.609037407346,1500.0,1500.0,-11092.029766427448,-10934.454864224934,flux_loop,0.3148,1.0428488876128712,,,0.0005639017043637
9403,True,0.9087704531977916,0.0301968358805194,0.4915627102583015,2.033367322502654,-0.1905914633753166,984786.2101170848,,,,,1.0,22400.0,-1500.0,-1500.0,-9200.0,-9200.0,-6299.999999999999,-6299.999999999999,-1500.0,-1500.0,4892.788746246285,4718.649943361153,1500.0,1500.0,-13256.934602005223,-13843.839655968515,flux_loop,0.3148,1.0428488876128712,,,0.0583812083080246
9404,True,0.878752674884743,-0.0353800391809813,0.5056682888965466,2.390220622107759,-0.063642356042444,590520.122473312,,,,,1.0,22400.0,-1500.0,-1500.0,-3414.4011077339956,-3694.006327801906,7100.0,7100.0,-850.2151316874207,-1500.0,441.9469824649808,974.3688609060094,1500.0,1500.0,-7807.771816574874,-7659.067079840625,flux_loop,0.3148,1.0428488876128712,,,0.056733290415957
9405,True,0.8786286676512223,-0.0084681299374222,0.5399537789265647,2.5562896719426673,-0.1700414812974516,1095638.3027582257,,,,,1.0,22400.0,-1500.0,-1500.0,9200.0,9200.0,-5928.810672310827,-6135.432559817583,-1500.0,-1500.0,3286.8452942005047,3462.2273063183284,1500.0,1500.0,-14880.620928089802,-14720.19335354403,flux_loop,0.3148,1.0428488876128712,,,0.0847309259795183
9407,True,0.8689914878030635,-0.0339319734002077,0.5252425346943824,1.7236563410472097,0.4911555762448273,713587.4149670387,,,,,1.0,22400.0,16800.0,16800.0,4396.058765068257,9200.0,-6299.999999999999,7100.0,-1500.0,-1500.0,-7712.935047414656,-11800.90770581366,-3765.393757548349,450.2739122216054,-3775.18059295894,-6348.484288275843,flux_loop,0.3148,1.0428488876128712,,,0.1159857355974374
9408,True,0.8504972552018376,0.0027455230739014,0.5303593892578695,2.8874670174424364,0.2565465482372389,1084833.6996697704,,,,,1.0,22400.0,3430.114428694221,3390.111456243322,-9200.0,-9200.0,6747.956072753886,6346.24874983281,1772.7947158710313,1878.6768351908552,-815.4628496461712,-836.9888559654588,1500.0,1500.0,-12665.001913702405,-12682.699554696455,flux_loop,0.3148,1.0428488876128712,,,0.1022687202861086
9409,True,0.9345796720886244,0.0122606112052544,0.5459410467839505,1.7890428208722984,-0.2882790245060431,767263.9689080396,,,,,1.0,22400.0,-1500.0,-1500.0,-9200.0,-9200.0,-6299.999999999999,-6299.999999999999,-1500.0,-1500.0,3670.022849498191,3669.422047450247,1500.0,1500.0,-10194.091731977674,-10396.305454907691,flux_loop,0.3148,1.0428488876128712,,,0.0462176316880865
9410,True,0.8967102818438032,0.0078620546894531,0.4938931839382151,1.524140816260441,0.248894006101749,801175.0059574984,,,,,1.0,22400.0,16800.0,16800.0,-2062.8016675155422,-9200.0,-6299.999999999999,-6299.999999999999,-1500.0,2465.601699621461,-8521.493936016055,-8970.851641191377,1500.0,1494.2395391270825,-7903.877346098396,-7805.39848481184,flux_loop,0.3148,1.0428488876128712,,,0.0973685476893834
9411,True,0.9169236765129176,0.0426382675594789,0.4799797856330103,2.5284222470221485,0.3956854225309906,1017322.028478248,,,,,1.0,22400.0,16800.0,16003.963323901313,783.682342679042,-9200.0,-6299.999999999999,-6299.999999999999,-1500.0,2802.150096839986,654.0473422668915,-398.9920268002073,1500.0,1500.0,-13862.195678568158,-14084.45904271627,flux_loop,0.3148,1.0428488876128712,,,0.134810208523514
9412,True,0.9442994960886052,-0.0402642148420142,0.4964271574463291,2.3084895837534116,-0.3204582639695691,583413.0839727722,,,,,1.0,22400.0,1760.665172520312,-830.2774169565486,-9200.0,-9200.0,-6299.999999999999,-6299.999999999999,-1500.0,-1500.0,6110.83811902351,7329.370445109809,1500.0,1500.0,-10623.227992247976,-10197.64595089573,flux_loop,0.3148,1.0428488876128712,,,0.0444184852515739
9413,True,0.8724585214908436,-0.017943835470405,0.4859963792290346,3.198058339868666,-0.2493417024336701,952243.453160825,,,,,1.0,22400.0,684.7652695031566,1649.4477496989102,9200.0,9200.0,-2024.2743144554056,-3965.447224810327,-1500.0,-1500.0,3465.441574782107,3762.675332106154,1500.0,1500.0,-14233.934273240837,-13867.07683646339,flux_loop,0.3148,1.0428488876128712,,,0.0946151741224315
9414,True,0.9009158971514136,-0.0230897522511375,0.4983362180223717,1.5480268489831808,0.3553038245267328,534339.9779225402,,,,,1.0,22400.0,16800.0,16800.0,3176.604038246324,9200.0,-6299.999999999999,-1177.0432191377863,-1500.0,-1500.0,-7606.434803700845,-10067.01245274109,-760.0605276880885,1374.5633656528937,-3528.07326977009,-4674.44290406821,flux_loop,0.3148,1.0428488876128712,,,0.108247765983891
9415,True,0.9080675840230592,0.0339775708847482,0.4670376592288243,2.7193145542829447,0.1869247028404287,1043702.8243897932,,,,,1.0,22400.0,14191.52696966075,9848.00703301478,-9200.0,-9200.0,-3491.6405365525793,4528.3598498168285,-1500.0,-553.0785968778971,2512.6218819363426,1220.309470049939,1500.0,1500.0,-14155.394525003352,-14236.773986770397,flux_loop,0.3148,1.0428488876128712,,,0.1231839173248964
9417,True,0.8836920719350129,0.0172757045360342,0.5374699902345746,2.9831878922037434,-0.5900641495255584,962159.7865633016,,,,,1.0,-22400.0,-920.3068946957786,-1028.358458526419,9200.0,9200.0,-3984.932998783351,-2613.216817626203,-1500.0,-1500.0,3241.470459995766,3059.34791420373,1500.0,1500.0,-13438.478441098345,-13786.64554551982,flux_loop,0.3148,1.0428488876128712,,,0.0128758290904429
9419,True,0.8862135081578897,-0.0418219096346978,0.5190816464374114,2.761851054584535,-0.1034500586318243,932954.2345097644,,,,,1.0,22400.0,-904.8505356403214,737.1552226312907,9200.0,9200.0,-1086.487426997778,-5054.528846673057,-1500.0,-1500.0,2166.697701890687,2940.5373828803954,1500.0,1500.0,-13112.497953942337,-12548.75597830111,flux_loop,0.3148,1.0428488876128712,,,0.0860684036695225
9420,True,0.8768741619953339,0.0140866884440031,0.5057874362414708,1.6244447531797568,0.100372804484407,792119.0791182851,,,,,1.0,22400.0,2119.319681557199,-350.3784793683175,-8252.885630657373,983.5273522727534,-6299.999999999999,-6299.999999999999,-1500.0,-1500.0,823.7999560783696,-70.15791135671721,1500.0,1500.0,-10782.154228744384,-10575.381275772404,flux_loop,0.3148,1.0428488876128712,,,0.0473012278676974
9421,True,0.8819532007612167,0.0178623798154842,0.5430740157639947,1.9018382208074136,-0.5428134110542353,951007.4948001548,,,,,1.0,-22400.0,-1500.0,-1500.0,-9200.0,-9200.0,-6299.999999999999,-6299.999999999999,595.2165312650103,-1491.7005896587095,7666.172912467045,8733.827087532956,1500.0,1500.0,-15364.228762497403,-16151.907512659554,flux_loop,0.3148,1.0428488876128712,,,-0.01295748821314
9422,True,0.8784291869712816,-0.0037017571140983,0.476901106218813,1.8573412782385377,0.4179057884200597,862398.6465070022,,,,,1.0,-22400.0,16800.0,16800.0,9200.0,9200.0,7100.0,7100.0,9716.769106470238,10958.981269697282,-13874.238234918275,-14327.01064813789,1500.0,1500.0,-9241.941169965396,-9181.655700078503,flux_loop,0.3148,1.0428488876128712,,,0.0674127641715926
9423,True,0.9446032188261768,0.043868673507412,0.454415376607235,2.0035812313458448,-0.5816932661983178,877564.780241342,,,,,1.0,-22400.0,3511.3132911580883,-874.8366820366305,9200.0,9200.0,7100.0,7100.0,11200.0,11200.0,8168.551969128748,8231.448030871252,1500.0,1500.0,-18046.14084194287,-18400.0,flux_loop,0.3148,1.0428488876128712,,,0.0463649808454045
9424,True,0.945483564892661,0.0283259244533999,0.5373448624270295,3.108897504507015,0.0859313946949841,567485.5273374162,,,,,1.0,22400.0,4458.926728433088,3988.8853239727023,-9200.0,-9200.0,5710.503138486986,5522.040418826911,564.5249248989431,828.3228016650625,962.4775639316862,769.3532531311686,1500.0,1500.0,-7623.965645375691,-8000.396127836952,flux_loop,0.3148,1.0428488876128712,,,0.0787036418541626
9425,True,0.878096967568961,0.00599707389843,0.4646982939812509,1.8452145502362245,-0.5179438865237799,884466.9856315891,,,,,1.0,-22400.0,-1500.0,-1500.0,-9200.0,-9200.0,-6299.999999999999,-6299.999999999999,11200.0,7673.727024415497,7382.369878656843,9017.630121343158,1500.0,1500.0,-16540.226775322444,-17213.794871237395,flux_loop,0.3148,1.0428488876128712,,,-0.0021366455400829
9426,True,0.9074005426562984,-0.0106918084240813,0.5027577409487003,2.5181435856574765,0.567562209251688,1039218.2867876468,,,,,1.0,22400.0,14070.712738581296,15458.192449014494,-9200.0,-9200.0,-6299.999999999999,-6299.999999999999,4422.133467233584,2570.8512718538746,-1421.630362915727,-660.0117981471356,-1199.7548126693532,-1389.5952019992278,-11931.95197117314,-11999.29900610212,flux_loop,0.3148,1.0428488876128712,,,0.1238018131856803
9427,True,0.9109398404816692,-0.0315963627593888,0.4794761597530955,1.9797228417919075,-0.230660663648541,595491.7089285383,,,,,1.0,22400.0,-1500.0,-1500.0,-9200.0,-9200.0,-6299.999999999999,-6299.999999999999,-1500.0,-1500.0,5049.529347446821,5241.40041447288,1500.0,1500.0,-9818.245550691392,-9351.266800924675,flux_loop,0.3148,1.0428488876128712,,,0.0381800809817663
9428,True,0.8940417721072231,0.0261295909103918,0.4564042343001061,2.62194530744341,-0.2232007489688611,921028.6264187784,,,,,1.0,-22400.0,5461.160646185739,6269.1492407122705,-9200.0,-9200.0,-6299.999999999999,-6299.999999999999,-1500.0,-1500.0,8584.990240427212,7815.009759572789,1500.0,1500.0,-15861.497629245738,-16442.06742548303,flux_loop,0.3148,1.0428488876128712,,,0.0201846894716223
9429,True,0.8524181198016513,-0.0431676344883714,0.4879155268589164,1.7924363591270167,-0.5294362581685672,789211.9032230529,,,,,1.0,-22400.0,-1500.0,-1500.0,-9200.0,-9200.0,-6299.999999999999,-6299.999999999999,-1252.1872617451918,11200.0,11170.124975583452,5229.875024416549,1500.0,1500.0,-16982.226734539145,-13522.750500397004,flux_loop,0.3148,1.0428488876128712,,,-0.0094209706267403
9430,True,0.8536444459647975,-0.0459297289054013,0.4662583372424788,1.9619502485181417,0.2770236459588924,751615.8491259405,,,,,1.0,22400.0,16709.828844638934,16800.0,-9200.0,1287.4192452934435,-6299.999999999999,-6299.999999999999,-1500.0,-1500.0,-2070.680359777809,-3098.405013992037,1500.0,1500.0,-10257.330125934992,-9878.393763829938,flux_loop,0.3148,1.0428488876128712,,,0.1125146042404871
9431,True,0.9054707097588148,0.0011554436662906,0.5100555602357044,2.945930339040336,0.0123065256111472,1141907.0864016027,,,,,1.0,22400.0,2486.542519007356,2564.2039071222334,-1934.7844001798137,-2718.079176953001,7100.0,7100.0,-1025.1142320051115,-839.1440522046821,1749.4219402063936,1729.039972744842,1500.0,1500.0,-14676.148076439002,-14685.162185549914,flux_loop,0.3148,1.0428488876128712,,,0.1072778973096852
9432,True,0.900143821954218,-0.0129579630090189,0.5464784537716101,1.7458023243303789,-0.0857964055703547,572733.0184375093,,,,,1.0,22400.0,-1500.0,-1500.0,-9200.0,-9200.0,-6299.999999999999,-6299.999999999999,-1500.0,-1500.0,3137.9923867708885,3160.300472535282,1500.0,1500.0,-8274.907597147136,-8126.532012175585,flux_loop,0.3148,1.0428488876128712,,,0.0331789244280947
9433,True,0.9107601722601468,-0.0134469733094352,0.5473332849526646,2.104147879005759,0.2921660495109044,780924.9063841896,,,,,1.0,22400.0,7998.643983439176,8990.5444377079,-9200.0,-9200.0,-6299.999999999999,-6299.999999999999,5317.512154432716,4106.260671980051,-2493.145890320797,-2104.59666144545,1500.0,1500.0,-9105.652609115044,-9159.71512860774,flux_loop,0.3148,1.0428488876128712,,,0.090571465909107
9434,True,0.9452063890127138,-0.0101562051986858,0.4882041351123132,2.151575471893847,0.5919155479770543,832578.06244221,,,,,1.0,-22400.0,16800.0,16800.0,9200.0,9200.0,7100.0,7100.0,-1046.4743827864786,2920.8060558047196,-5925.561673571627,-7824.737148535092,-2085.0245715766996,-11.002823267981952,-8148.573298069113,-9403.658381571066,flux_loop,0.3148,1.0428488876128712,,,0.0700508338924102
9435,True,0.9356775104487096,-0.0176577036865463,0.4802697462200132,2.1641290868523733,-0.3630909740929545,777481.4735094185,,,,,1.0,-22400.0,-1500.0,-1500.0,-9200.0,-9200.0,-6299.999999999999,-6299.999999999999,2819.1679174991773,3459.6168096482693,8249.394218322652,8150.605781677348,1500.0,1500.0,-14469.009738526463,-14071.224390356305,flux_loop,0.3148,1.0428488876128712,,,-0.0134840534562246
9436,True,0.8972087922243911,0.008281963911418,0.5158369097481663,2.6637353726081083,-0.1026246042361674,1009619.7100285072,,,,,1.0,22400.0,-321.3306072991766,-654.7035549690116,9200.0,9200.0,-3988.053926730873,-2907.3219434515663,-1500.0,-1500.0,2700.3659023691193,2503.8539960000217,1500.0,1500.0,-13508.667207258191,-13594.964711162404,flux_loop,0.3148,1.0428488876128712,,,0.0891655296616406
9437,True,0.9318605754167426,-0.004786521692926,0.4781273419117778,1.888628030417789,-0.0239089227100444,718465.1148744416,,,,,1.0,22400.0,-932.3849191429832,-1177.9371043348,-9200.0,-9200.0,-6299.999999999999,-6299.999999999999,-1500.0,-1500.0,3251.1262369230117,3401.6672562715207,1500.0,1500.0,-9892.535008562394,-9897.883595151292,flux_loop,0.3148,1.0428488876128712,,,0.0418805857005065
9438,True,0.865322326755796,0.0374589553374264,0.4617735069439032,1.6495829110007103,0.1771112822318926,539248.8943705155,,,,,1.0,22400.0,11316.258933713912,4367.046430376581,-9200.0,9200.0,-6299.999999999999,-6299.999999999999,-1500.0,-1500.0,-1916.7095891913652,-3021.516808432424,1500.0,1500.0,-7061.498778935232,-6777.978480037178,flux_loop,0.3148,1.0428488876128712,,,0.0660215994804027
9439,True,0.8603592454828682,0.0499437074072518,0.4720633281305865,1.9434389424859408,0.3813256604386379,674777.6684740804,,,,,1.0,22400.0,16800.0,16800.0,9200.0,2059.334394104097,4953.150732430533,-6299.999999999999,-1500.0,-1500.0,-7060.68041436453,-4517.44724657741,1500.0,1260.3171940469874,-8179.542714044768,-8564.706980370649,flux_loop,0.3148,1.0428488876128712,,,0.1140597664300678
9440,True,0.8984952540911234,0.0494218558799615,0.4978543416592385,2.690970085020308,0.2001493510061431,1144159.651511692,,,,,1.0,22400.0,8681.500544743772,6074.171700023289,-9200.0,-9200.0,6091.236078233692,4738.541932127106,-1500.0,2194.51484210697,1069.7268948761025,-437.9292885858376,1500.0,1500.0,-14133.209925909568,-14318.634822412345,flux_loop,0.3148,1.0428488876128712,,,0.1177088592501272
9441,True,0.8878733690926044,0.0168075659038109,0.5314279208200968,2.31217123627949,0.4616012973963582,811896.5515064534,,,,,1.0,22400.0,10141.049471903683,8923.598947229697,-9200.0,-9200.0,-6299.999999999999,-6299.999999999999,5715.4257652452625,7358.578373644283,-2596.020800405617,-3180.012060664592,1106.2264278456817,1105.8909449726432,-9787.11232116168,-9642.766824756463,flux_loop,0.3148,1.0428488876128712,,,0.0943901309534744
9442,True,0.9436827779204316,0.0225490969345019,0.4895125167258007,1.9955301056450765,-0.2753008781523348,801303.1374013275,,,,,1.0,22400.0,-1500.0,-1500.0,-9200.0,-9200.0,-6299.999999999999,-6299.999999999999,-1500.0,-1500.0,8342.304266291543,8057.695733708457,1500.0,1500.0,-13399.163532389442,-13784.622507027412,flux_loop,0.3148,1.0428488876128712,,,0.0534801320647157
9443,True,0.8738462621996557,0.0237886706109177,0.4873441217852781,3.1382024111782885,-0.1617940299029319,509136.5549771268,,,,,1.0,579.0259880780199,660.2039019384115,723.7673244644951,-2826.5380407432626,-4553.433373955265,7100.0,7100.0,-1500.0,-830.9601369230854,1406.2829978911068,1193.4427640439844,1500.0,1500.0,-7482.292152263793,-7724.251384093751,flux_loop,0.3148,1.0428488876128712,,,0.0309047706974843
9444,True,0.88132480141826,0.0039929713910408,0.5208850782401158,2.7760039679960355,-0.0996684531873534,673395.0914411348,,,,,1.0,22400.0,-1500.0,-1500.0,4630.034436337251,3722.221942154133,3456.217470628094,4204.892335216107,-1500.0,-1500.0,1207.3879065468973,1173.7385026104014,1500.0,1500.0,-9072.77338135881,-9105.113081328533,flux_loop,0.3148,1.0428488876128712,,,0.0695119543430042
9445,True,0.9139689874633872,0.0083333660253263,0.4943696262800397,1.6328733597487093,0.3279850876749717,1145584.703871244,,,,,1.0,22400.0,16800.0,16800.0,9200.0,9200.0,7100.0,7100.0,6515.834034258625,3455.68354642136,-15868.815830539888,-14731.184169460112,805.8261670730448,413.9841391908532,-10268.19243926094,-10046.225677004044,flux_loop,0.3148,1.0428488876128712,,,0.1375585952709132
9446,True,0.94444973302547,-0.0362951333605107,0.5219756226481027,2.9283931694652843,0.0321669340324156,1002510.484039356,,,,,1.0,22400.0,5375.634727861953,7250.633461746575,-7083.527718405953,-8753.556105049942,7100.0,7100.0,-396.90603488021134,-1500.0,2003.3844728652016,2733.919557385659,1500.0,1500.0,-13799.25071863944,-13215.93457474888,flux_loop,0.3148,1.0428488876128712,,,0.1095813081368444
9447,True,0.885731796857448,0.0334548526555723,0.4506745983285397,2.5028394566336547,-0.5091403832204733,877327.5832777772,,,,,1.0,-22400.0,-1500.0,-1500.0,-9200.0,-9200.0,-6299.999999999999,-586.623103305092,11200.0,11200.0,8705.111861018408,7694.888138981593,1500.0,1500.0,-17621.146356931575,-17164.739688827744,flux_loop,0.3148,1.0428488876128712,,,0.006196897178821
9448,True,0.8975104480257374,-0.0295578290290979,0.5495553337863269,2.5939656901056427,-0.5137581859203451,653729.5915400453,,,,,1.0,-22400.0,188.9081566139112,1440.8666407546502,3568.361443291038,-1652.5186250951533,-6299.999999999999,-6299.999999999999,-1500.0,-1500.0,3005.4641901591845,3551.2891352270076,1500.0,1500.0,-10006.76246955804,-9616.526278548834,flux_loop,0.3148,1.0428488876128712,,,-0.0093404426836177
9449,True,0.8576788414489975,-0.0134233652650798,0.5412613175653019,3.0559956856402226,-0.1786642305377757,954857.1938902884,,,,,1.0,22400.0,707.4488902749836,412.5684643056998,-4516.783031712495,-3309.773110353761,7100.0,7100.0,-578.4209484335788,-1022.430378845298,2128.2808154297195,2313.056398115422,1500.0,1500.0,-13134.922406269206,-12844.119057978303,flux_loop,0.3148,1.0428488876128712,,,0.086004565246581
9450,True,0.9006734110430616,-0.0404663812014416,0.504449424648304,2.0687291211993317,0.3419896896475144,834260.4039881566,,,,,1.0,22400.0,15966.674179984731,16800.0,-9200.0,-425.9917270383984,-6299.999999999999,-6299.999999999999,735.8774133543726,-1500.0,-2369.194325684392,-2410.94126902162,1500.0,1500.0,-10705.914815441804,-10545.949284807455,flux_loop,0.3148,1.0428488876128712,,,0.1190510325159609
9451,True,0.8558101687099229,0.0497732787894744,0.4930106973145485,1.6387474423120951,-0.5169577254847648,672494.2210745547,,,,,1.0,22400.0,-1500.0,-1500.0,-9200.0,-9200.0,-6299.999999999999,-6299.999999999999,-1500.0,-1500.0,4430.093928346074,4563.393549404441,1500.0,1500.0,-9454.08702675058,-10701.4281547446,flux_loop,0.3148,1.0428488876128712,,,0.0442411336958973
9453,True,0.9247885578809056,0.0161469202688584,0.4657341529466861,2.103797118645488,-0.1745412473913224,843543.6243738811,,,,,1.0,22400.0,-1500.0,-1500.0,-9200.0,-9200.0,-6299.999999999999,-6299.999999999999,-1500.0,-1500.0,6466.5323406026255,6305.334420897647,1500.0,1500.0,-12952.006016579253,-13231.866591986784,flux_loop,0.3148,1.0428488876128712,,,0.0525367306283003
9454,True,0.9245476320308236,0.0276410466157971,0.5053371781357757,1.4567183165559583,-0.2568640464796059,817385.0493856082,,,,,1.0,22400.0,-1500.0,-1500.0,-9200.0,-9200.0,-6299.999999999999,-6299.999999999999,-1500.0,-1500.0,1846.9799785396376,2042.0978623059184,1500.0,1500.0,-10221.560426840748,-10729.214385480873,flux_loop,0.3148,1.0428488876128712,,,0.0412641823116677
9455,True,0.8960427077553874,-0.046454140216891,0.5015796481340723,1.5549995039304136,-0.1619648807959274,1095060.5667913246,,,,,1.0,22400.0,-1500.0,-1500.0,-9200.0,-9200.0,-6299.999999999999,-6299.999999999999,-1500.0,-1500.0,2515.8038388000086,2499.4077419413525,1500.0,1500.0,-14842.401867581504,-13941.072221023804,flux_loop,0.3148,1.0428488876128712,,,0.0424684944396617
9456,True,0.9350906484736808,-0.0452948861844432,0.5158897045355485,3.0019467423234096,0.0741768235794682,788090.6619753465,,,,,1.0,22400.0,4667.523233853904,5805.801437931375,-9200.0,-9200.0,6806.42610062024,7100.0,692.1830947581844,-538.5297319347013,1086.2211832018847,1764.0465735976345,1500.0,1500.0,-10936.695537937874,-10367.734930055196,flux_loop,0.3148,1.0428488876128712,,,0.0933605386551746
9457,True,0.8632719221667647,0.0215659722891476,0.5445286605017517,1.638104968340167,-0.3937057447645536,1109547.313349194,,,,,1.0,22400.0,-1500.0,-1500.0,-9200.0,-9200.0,-6299.999999999999,-6299.999999999999,-1500.0,-1500.0,4079.190775499723,4148.372212796799,1500.0,1500.0,-14328.575408410856,-14957.69962280494,flux_loop,0.3148,1.0428488876128712,,,0.0606406643635305
9458,True,0.943480645548436,0.0431871145858325,0.4830802836309871,1.4903425698869222,0.2681341927801313,948277.509220941,,,,,1.0,22400.0,16800.0,16800.0,9200.0,5086.5754303246395,7100.0,-6299.999999999999,-1177.517578550457,244.6998233307131,-14135.04815460162,-12047.225600157184,1500.0,1500.0,-7994.864200436317,-7938.509079429305,flux_loop,0.3148,1.0428488876128712,,,0.116294492661943
9459,True,0.940117434079904,0.0257514464401865,0.5383181299345864,2.1435995253688485,-0.5813507768615128,792479.1393996361,,,,,1.0,4287.994560648039,-1500.0,-1500.0,-9200.0,-9200.0,-6299.999999999999,-6299.999999999999,-1500.0,-1500.0,8009.516868502181,8390.48313149782,1500.0,1500.0,-13505.979066113638,-13291.17457851217,flux_loop,0.3148,1.0428488876128712,,,0.0230558082877426
9460,True,0.8599964058629987,0.0429601510092393,0.4649217342382889,1.6341958862678507,-0.1003375000091539,848511.3234708015,,,,,1.0,22400.0,-1500.0,-1500.0,-9200.0,-9200.0,-6299.999999999999,-6299.999999999999,-1500.0,-1500.0,3922.973199321941,3979.4373591813305,1500.0,1500.0,-12364.262122963202,-13198.402955175108,flux_loop,0.3148,1.0428488876128712,,,0.0418651337236
9462,True,0.9252451096736166,-0.0238945472209643,0.4962167231423973,1.5170992042496936,0.3903387033420161,983126.639338115,,,,,1.0,22400.0,16800.0,16800.0,9200.0,9200.0,7100.0,7100.0,5750.620275645048,8311.33893823919,-15970.88442447703,-14629.11557552297,-4368.178668827087,-9200.0,-5174.184970344194,-2964.6697395038523,flux_loop,0.3148,1.0428488876128712,,,0.1317435723717242
9463,True,0.8914431171168267,0.0239903542908996,0.5154178760937935,1.7313956706330005,0.2612849314727644,1094933.302345073,,,,,1.0,22400.0,16800.0,16800.0,-4707.271265253845,-9002.852433936396,-6299.999999999999,-6299.999999999999,-1500.0,-1500.0,-5875.128347448787,-5509.041084815976,1500.0,1500.0,-12128.354088506325,-12123.733589336713,flux_loop,0.3148,1.0428488876128712,,,0.1136065674100882
9464,True,0.856276047465983,0.0110330968832226,0.5024445614248698,1.8460440510534983,0.5961527405686343,629985.8875663741,,,,,1.0,22400.0,16800.0,16800.0,9200.0,9200.0,7069.971020399276,-556.1375847172176,-1500.0,-1500.0,-10345.587558223968,-8510.423150735565,-2592.070115984898,-4698.4771760786825,-4071.023479917091,-2781.3276016617265,flux_loop,0.3148,1.0428488876128712,,,0.1123698137140884
9465,True,0.9142313585750608,0.0090694650363212,0.5223809263083296,2.4907830766421286,0.0137865084436379,589226.8465882734,,,,,1.0,22400.0,-1500.0,-1500.0,386.0208229896713,-210.71205481829384,7100.0,7100.0,-1275.2326417178078,-1088.3846362435534,-88.1932731724169,-153.03808308299458,1500.0,1500.0,-7149.527041909505,-7191.975693574422,flux_loop,0.3148,1.0428488876128712,,,0.0640082953257602
9466,True,0.9452727322604644,-0.0057157697189639,0.4556209104434536,2.640086665270218,0.2993285160466372,1178820.0740135503,,,,,1.0,22400.0,16800.0,16800.0,4685.651586890587,5856.6609103349065,-6299.999999999999,-6299.999999999999,-1500.0,-1500.0,1941.5067342129764,1967.4916510844168,1500.0,1500.0,-16730.18043812251,-16618.376966114996,flux_loop,0.3148,1.0428488876128712,,,0.1578660837588499
9467,True,0.8730659394452295,-0.0279763918170129,0.5141102694994408,3.074185013755871,-0.2102533053561284,567028.1099003116,,,,,1.0,22400.0,450.3112269569293,465.2670149088488,-3642.8684739591654,-2810.1418287553192,7100.0,7100.0,-924.0607861422708,-1500.0,1488.9653345449203,1744.022936847443,1500.0,1500.0,-8515.710254315218,-8152.836278833189,flux_loop,0.3148,1.0428488876128712,,,0.0669634961148117
9468,True,0.8954340766526904,0.0105328407495207,0.5147969948094477,2.6202230716769552,0.5040701690165891,813510.0244749046,,,,,1.0,22400.0,8293.981251877762,7823.613214760566,-9200.0,-9200.0,-6299.999999999999,-6299.999999999999,7584.792250237117,8356.332032860837,-2051.7093082023807,-2452.067714979777,1304.1353030304442,1465.9338402642402,-10110.596854256604,-10153.36289443684,flux_loop,0.3148,1.0428488876128712,,,0.0947970508742672
9469,True,0.8729421992895282,-0.02519588050133,0.4559309545997861,2.144100853991193,-0.3651665603026217,648753.9797819825,,,,,1.0,-22400.0,-1500.0,-1500.0,-9200.0,-9200.0,-6299.999999999999,-6299.999999999999,1478.6527368130342,3109.170134522203,8469.043362723996,7930.956637276005,1500.0,1500.0,-13495.105615764278,-12725.25324705975,flux_loop,0.3148,1.0428488876128712,,,-0.0217246396932417
9470,True,0.9373555400988648,0.0102378384364187,0.534942569088368,1.7672004598512911,-0.3393598491836274,551802.5777518725,,,,,1.0,22400.0,-1500.0,-1500.0,-9200.0,-9200.0,-6299.999999999999,-6299.999999999999,-1500.0,-1500.0,3852.646832002327,3862.670979792692,1500.0,1500.0,-8048.433255633916,-8197.017129533588,flux_loop,0.3148,1.0428488876128712,,,0.0368940453786855
9471,True,0.9290584340298644,0.00086149672761,0.541598757894678,2.468955772164048,0.2277386006961265,875245.0785446761,,,,,1.0,22400.0,3246.772036994988,3247.0245917164584,-9200.0,-9200.0,5447.699448299153,4970.052551623207,2109.9278931599197,2269.171430992886,-1756.0283041438545,-1765.8103512768682,1500.0,1500.0,-9302.72909276121,-9299.237332367671,flux_loop,0.3148,1.0428488876128712,,,0.0902592062284607
9472,True,0.9363075204440836,-0.0385489680444127,0.5413601225914701,2.756988716957915,-0.5998955600912271,580208.4938585708,,,,,1.0,-22400.0,-568.2078577623961,-329.0117472488718,9200.0,8077.782387039223,-4325.248542656649,-6299.999999999999,-1500.0,-1500.0,2030.4933589445,2484.863207878196,1500.0,1500.0,-8852.838671437821,-8340.996851683854,flux_loop,0.3148,1.0428488876128712,,,-0.0092279510175674
9473,True,0.890614343115548,-0.0425388208059853,0.5408425449930055,2.812564029772768,0.2658049134851268,796622.3020428773,,,,,1.0,22400.0,2643.1932410067266,3991.619845246787,-4324.14473902891,-9200.0,1473.7061473679714,2971.324921891843,2304.447893569817,3049.9438617043224,-1089.438373115462,-900.6700784772353,1500.0,1500.0,-9405.681816232003,-9103.741477524483,flux_loop,0.3148,1.0428488876128712,,,0.0858128179642838
9474,True,0.9204221516304946,-0.0446649999199122,0.5181533375992072,2.243952250220264,-0.0974463060973089,823987.1168071709,,,,,1.0,22400.0,-1500.0,837.5552162185558,6299.55181407946,-3412.8232119458607,-6299.999999999999,-6299.999999999999,-1500.0,-1500.0,2185.5057601955323,3555.6661806703655,1500.0,1500.0,-11193.649969934238,-10994.943476821029,flux_loop,0.3148,1.0428488876128712,,,0.0641200790267582
9476,True,0.8708382754614724,-0.0059112932440126,0.4741468264320899,1.8795095234129084,0.1953176131689243,1086546.9688468063,,,,,1.0,22400.0,13688.9660433137,13986.09871819959,-9200.0,-9200.0,-6299.999999999999,-6299.999999999999,-1500.0,-1500.0,-1726.0428234565402,-1673.2543749962845,1500.0,1500.0,-13764.06276340386,-13761.568786430607,flux_loop,0.3148,1.0428488876128712,,,0.105557954305575
9477,True,0.9045820969794184,-0.0471845672169018,0.4695581636539167,2.5476847261129016,0.0176611416076569,609199.6331237213,,,,,1.0,22400.0,-1500.0,-1500.0,1525.070996759462,8453.773616118731,6586.1831580591515,-810.8730591629273,-1500.0,-1500.0,-129.4785377193333,418.7434164601493,1500.0,1500.0,-7693.198291332515,-7511.35432885484,flux_loop,0.3148,1.0428488876128712,,,0.0640950380506676
9478,True,0.935543929865414,-0.009719452533973,0.4832507078668333,2.1874281023819657,0.016606637505899,775546.8568147754,,,,,1.0,22400.0,-745.2298635075165,158.1575791148564,6471.76281355002,3687.8322044659167,-6299.999999999999,-6299.999999999999,-1500.0,-1500.0,920.096632329093,1217.4796774515428,1500.0,1500.0,-9551.791679090573,-9557.800946491312,flux_loop,0.3148,1.0428488876128712,,,0.0676337900180671
9479,True,0.9257127000162012,0.0276005850257809,0.4955753354325176,1.5713488897123058,-0.3140066371770694,1142463.770797817,,,,,1.0,22400.0,-1500.0,-1500.0,-9200.0,-9200.0,-6299.999999999999,-6299.999999999999,-1500.0,-1500.0,2786.3504229165337,2853.3078058252913,1500.0,1500.0,-13889.58977460439,-14546.098601986345,flux_loop,0.3148,1.0428488876128712,,,0.0596655961225013
9480,True,0.9430612941620676,-0.0196602449911593,0.4981911737116372,3.197993488173089,-0.2534374591216416,756708.1094758089,,,,,1.0,-10626.410750563771,5242.58937878247,6517.837977476622,-6533.662021427956,-9200.0,7100.0,6838.8496088573975,-1500.0,-1500.0,2527.2457820776617,2741.115047663279,1500.0,1500.0,-11253.404227965078,-10938.055315715908,flux_loop,0.3148,1.0428488876128712,,,0.0426508714723612
9481,True,0.9374887384642976,0.0136689923066679,0.483027221195074,2.0366186982104764,-0.4360804832938333,1012827.6756554008,,,,,1.0,-22400.0,-1500.0,-1500.0,-9200.0,-9200.0,-4290.167418454212,-6299.999999999999,11200.0,11200.0,8083.617617775795,8316.382382224205,1500.0,1500.0,-17902.241876196298,-18400.0,flux_loop,0.3148,1.0428488876128712,,,0.0102607835768345
9482,True,0.9247487352778644,-0.0235998936694283,0.4653373607839509,2.7106565984637996,0.3779161939830814,970658.9172767688,,,,,1.0,22400.0,16526.16678629814,16800.0,-9200.0,-2731.7711888594845,-6299.999999999999,-6299.999999999999,1550.2247461521438,-1500.0,1031.0244566569545,1863.2324004746113,1500.0,1500.0,-13896.700208649205,-13741.3652139823,flux_loop,0.3148,1.0428488876128712,,,0.1359297340279444
9483,True,0.947985440315956,0.0494722706679093,0.5078693538035818,2.7267148941765154,-0.5498147981879697,546526.762224662,,,,,1.0,-22400.0,6333.18731745964,5712.598472421932,-9200.0,-3224.835699974278,-6299.999999999999,-6299.999999999999,-1500.0,-1500.0,3938.559495045664,3090.330298161321,1500.0,1500.0,-8371.470542136498,-9046.56813489976,flux_loop,0.3148,1.0428488876128712,,,0.0054674084906694
9484,True,0.8585394073183445,-0.020341877517261,0.4517932289361286,2.795905854801742,0.2139325455464643,1002773.7729875422,,,,,1.0,22400.0,12014.059976214448,14197.83863696794,-9200.0,-9200.0,-6299.999999999999,-6299.999999999999,2264.8349266331043,-870.4660933682918,2075.7502839158496,3293.350861026323,1500.0,1500.0,-14821.228772763836,-14858.765151945478,flux_loop,0.3148,1.0428488876128712,,,0.1224009740262158
9485,True,0.8805675948977291,-0.0437892330733932,0.4815609988815662,1.6292495833600424,-0.3868844473633398,1124567.4730395945,,,,,1.0,22400.0,-1500.0,-1500.0,-9200.0,-9200.0,-6299.999999999999,-6299.999999999999,-1500.0,-1500.0,4345.733701911974,4344.928143564686,1500.0,1500.0,-15806.77885488176,-14494.04364376503,flux_loop,0.3148,1.0428488876128712,,,0.0534563591500369
9486,True,0.8536237226986969,-0.0122561773908667,0.4978870399433475,2.44147569834167,0.0796761413026179,585065.4753518701,,,,,1.0,22400.0,-1124.928740778047,-887.5286427111598,9200.0,9200.0,-764.0719936514305,-1298.9800835297656,-1500.0,-1500.0,168.9064520863421,300.3850382355496,1500.0,1500.0,-7818.083215731319,-7766.169304593252,flux_loop,0.3148,1.0428488876128712,,,0.0650384210987574
9487,True,0.9158846889643304,0.043377288175214,0.4665708547054736,1.5319608214072746,-0.5098579383190958,900776.4727899032,,,,,1.0,22400.0,-1500.0,-1500.0,-9200.0,-9200.0,-6299.999999999999,-6299.999999999999,-1500.0,-1500.0,3330.565744280025,3477.449810361359,1500.0,1500.0,-11072.773862533904,-12280.282156879945,flux_loop,0.3148,1.0428488876128712,,,0.0541135007762602
9488,True,0.9180838502213076,0.0056646924151705,0.5236181679742087,2.9142090817413084,-0.0904224887862702,1168951.7795383993,,,,,1.0,22400.0,2377.000795015714,3798.405556013064,9200.0,-4102.488563729869,-3381.707522674046,6473.999006050156,-1500.0,-1500.0,3240.773318095425,3108.282976978807,1500.0,1500.0,-15736.938147207818,-15843.899017793996,flux_loop,0.3148,1.0428488876128712,,,0.1108448655279314
9489,True,0.9116031157643064,0.0068262798742435,0.5096829561036527,2.9267153292649746,0.3070961413914707,606330.9750031129,,,,,1.0,22400.0,4850.369579076984,4625.044543232902,-9200.0,-9200.0,911.9445410385404,1702.9529151152717,3745.865287346037,3434.7208760902276,-813.4322208315494,-820.7844966773989,1500.0,1500.0,-7496.80006264147,-7536.960058259328,flux_loop,0.3148,1.0428488876128712,,,0.081197597802274
9490,True,0.905444081629649,-0.0474738160655338,0.5094371166803134,1.8237393095440415,-0.4511192044142255,577153.0161092719,,,,,1.0,22400.0,-1500.0,-1500.0,-9200.0,-9200.0,-6299.999999999999,-6299.999999999999,-1500.0,-1500.0,7561.552764055536,7843.152833125166,1500.0,1500.0,-11290.96271136608,-10429.412967057417,flux_loop,0.3148,1.0428488876128712,,,0.041094734996208
9491,True,0.8662059142029795,-0.0132687970812741,0.4911756816675806,1.847015971590603,0.4870652821330944,1013451.7111766356,,,,,1.0,-22400.0,16800.0,16800.0,9200.0,9200.0,7100.0,7100.0,11200.0,11200.0,-16280.389604904689,-14163.471997560424,-410.4931250657481,-5656.3255551907705,-9483.341427172198,-6550.967325933217,flux_loop,0.3148,1.0428488876128712,,,0.0668364715583071
9492,True,0.9109143701707896,-0.0391161935669364,0.5418387454534885,1.5732157014121742,-0.2740111746086569,520410.37869760167,,,,,1.0,22400.0,-1500.0,-1500.0,-9200.0,-9200.0,-6299.999999999999,-6299.999999999999,-1500.0,-1500.0,2807.2087133282535,2681.753989651641,1500.0,1500.0,-7555.311604093965,-7012.416263897789,flux_loop,0.3148,1.0428488876128712,,,0.029897077489221
9493,True,0.9354852671571032,-0.0168153592988199,0.5001319651266877,2.876118452667545,-0.3313056880275972,717132.2434313563,,,,,1.0,22400.0,5483.434453661405,7285.372130168565,1635.7590359751866,-2877.680921722332,-6299.999999999999,-6299.999999999999,-1500.0,-1500.0,3555.104956642098,3905.1362857991526,1500.0,1500.0,-10989.178690049166,-10765.95333375276,flux_loop,0.3148,1.0428488876128712,,,0.0920947435868892
9494,True,0.916164694395804,-0.0430867807715378,0.5465702961326699,2.8726883283890974,0.4963585830008935,884874.9578285568,,,,,1.0,22400.0,4086.843469354108,5754.088056844776,-5364.384052229277,-9200.0,1814.9173841428308,-319.27675604039854,3168.4100482977806,5505.884374755336,-1857.3286457451593,-1766.8171239534042,1500.0,1500.0,-10287.629930517222,-10032.836967065872,flux_loop,0.3148,1.0428488876128712,,,0.093674745344108
9495,True,0.9172016742732348,-0.045129169632093,0.4918165411855164,2.506308355724837,0.180725170329847,688617.1440290719,,,,,1.0,22400.0,4951.147775910525,7230.957149514616,-9200.0,-9200.0,5668.78127327521,5080.55929104315,1137.5035413685655,-1500.0,-470.9810560954071,561.8546520101025,1500.0,1500.0,-8920.580254449265,-8851.386711678972,flux_loop,0.3148,1.0428488876128712,,,0.0887452214378675
9496,True,0.9232330876389347,-0.0331132298808906,0.4586374369064575,1.595249966260979,-0.3824461705907505,1168529.5105990549,,,,,1.0,22400.0,-1500.0,-1500.0,-9200.0,-9200.0,-6299.999999999999,-6299.999999999999,-1500.0,-1500.0,3438.9217597100337,3465.5343360124375,1500.0,1500.0,-15264.44241338136,-14367.788590841308,flux_loop,0.3148,1.0428488876128712,,,0.056297349101525
9497,True,0.9433913822066928,0.0019871289273767,0.5045496827479484,3.1140890368644483,-0.1876526423672452,1197308.6664613169,,,,,1.0,22400.0,6323.9213104745695,8661.411907127022,9200.0,-9200.0,-6102.792911756176,6750.654816283208,-1500.0,-1500.0,4231.392063706901,4177.196531850628,1500.0,1500.0,-16772.727360279045,-16828.74126393351,flux_loop,0.3148,1.0428488876128712,,,0.1286009315746698
9498,True,0.8966023288087482,0.0129678297735929,0.5457835804993696,1.869128419069092,-0.1973771036873095,1098172.115692281,,,,,1.0,22400.0,-1500.0,-1500.0,-9200.0,-9200.0,-6299.999999999999,-6299.999999999999,-1500.0,-1500.0,3786.2439643674816,3779.7545140323105,1500.0,1500.0,-13964.298172437151,-14238.302864544252,flux_loop,0.3148,1.0428488876128712,,,0.0602746745545115
9499,True,0.912260892159036,0.0363787398355039,0.4983944934913196,2.5475990369733617,0.5923200860702665,790181.545449704,,,,,1.0,22400.0,14370.670028565246,10679.10459946745,-9200.0,-9200.0,-6299.999999999999,-6299.999999999999,523.9614331348387,6363.131968286784,690.4254785578172,-1753.7420561492495,-1940.938225495658,-1038.3203295442836,-8936.012570535664,-8918.839339964043,flux_loop,0.3148,1.0428488876128712,,,0.1028076291341728
9500,True,0.9190031474251278,-0.0066691903091127,0.5240785750852874,3.089958928151904,-0.4986387978642636,1028001.8157476302,,,,,1.0,-22400.0,1991.6054811081212,2182.8662038486655,9200.0,9200.0,-3795.440743268541,-4335.602588992992,-1500.0,-1500.0,3272.3309221162676,3335.0074208242227,1500.0,1500.0,-14538.23234561126,-14381.360291760388,flux_loop,0.3148,1.0428488876128712,,,0.0282468317217489
9501,True,0.8573943999965546,-0.0106830655423489,0.4841183483341092,2.3899960593677436,0.4089569934324167,840872.6466372992,,,,,1.0,22400.0,14362.35240916298,15823.897878536904,-9200.0,-9200.0,-6299.999999999999,-6299.999999999999,428.9278088185717,-1500.0,-68.23382714071256,537.3377019874191,515.2982702112942,622.6839132500829,-11307.023238708964,-11496.978987501152,flux_loop,0.3148,1.0428488876128712,,,0.1114386937001507
9502,True,0.91800389066484,-0.006122125648924,0.5139608987186781,3.1031221666542343,-0.5531124504565609,858938.7084872319,,,,,1.0,-22400.0,1739.4847577088665,1920.921355019738,9200.0,9200.0,-4415.150056768208,-4903.320027903165,-1500.0,-1500.0,2924.1698936578027,2982.365716209094,1500.0,1500.0,-12439.597874079744,-12313.435424488496,flux_loop,0.3148,1.0428488876128712,,,0.0183723981210691
9503,True,0.940528422485916,0.0109700090896835,0.4856828304027211,1.473925929504066,0.303363218099663,898955.5664980843,,,,,1.0,22400.0,16800.0,16800.0,9200.0,9200.0,7100.0,7100.0,3630.507078956038,-956.0209050608328,-16324.889183858517,-14275.110816141483,1040.061652760662,1.9600048241846348,-6803.541085972709,-6286.234811963161,flux_loop,0.3148,1.0428488876128712,,,0.1229517686281702
9504,True,0.9225023065429484,0.0151765629842901,0.5274178327116191,2.99993903499726,0.1444299942253122,965221.0816949422,,,,,1.0,22400.0,5132.541185998496,4773.659794815116,-9200.0,-9200.0,5303.197720899839,5262.761302278587,1568.4313636521645,1707.13045828116,597.2389183564583,431.57076509670014,1500.0,1500.0,-11889.597205535949,-12078.440232366824,flux_loop,0.3148,1.0428488876128712,,,0.1029511184643402
9505,True,0.8568985488050654,0.0191086482807128,0.5158437881605771,2.2622788550743222,-0.0424255473493901,565211.1578576104,,,,,1.0,22400.0,-1500.0,-1500.0,-1700.9955815286353,-3133.4385091812933,5118.761675981433,7100.0,-1500.0,-1500.0,1214.9456696107409,916.477592356754,1500.0,1500.0,-7818.94798656042,-7879.14752213672,flux_loop,0.3148,1.0428488876128712,,,0.0569217891793378
9506,True,0.9317963887815124,0.0012391286889051,0.5258520752113788,2.1341396344812873,-0.1100276736573912,1134165.307915512,,,,,1.0,22400.0,-887.6976376864948,-713.7534594684148,-9200.0,-9200.0,-6299.999999999999,-6299.999999999999,-1500.0,-1500.0,4722.5480297315535,4680.637690952508,1500.0,1500.0,-14974.57722448574,-14977.998800427984,flux_loop,0.3148,1.0428488876128712,,,0.0672909956840432
9507,True,0.8569809646298657,-0.0427592400808362,0.4834344079229435,3.065576459134432,0.1071475289141261,896541.7941604651,,,,,1.0,22400.0,2821.383904480413,3541.144423635466,-8337.487094895507,-8813.216093328956,7100.0,7100.0,1285.0420023874278,916.7254566309516,73.01352165297709,588.7177915527158,1500.0,1500.0,-11610.29767614995,-11188.856556919256,flux_loop,0.3148,1.0428488876128712,,,0.0916033598558516
9508,True,0.9450329970701415,0.0475894913926148,0.478472885646527,2.269538482101512,0.2511318280962173,607074.7834513219,,,,,1.0,22400.0,16095.40076425196,12601.369642702864,-9200.0,-9200.0,-6299.999999999999,-6299.999999999999,-1500.0,1727.7130382922337,664.2660230473833,-236.3692483502116,1500.0,1500.0,-8381.762764381834,-8499.680527454277,flux_loop,0.3148,1.0428488876128712,,,0.1022366314720649
9509,True,0.88298075553232,-0.0451671063297772,0.5172024849912789,1.5337790499441064,-0.4169797944001494,739598.0765289436,,,,,1.0,22400.0,-1500.0,-1500.0,-9200.0,-9200.0,-6299.999999999999,-6299.999999999999,-1500.0,-1500.0,3525.770421170273,3336.742748627882,1500.0,1500.0,-10707.944532230826,-9675.426416994673,flux_loop,0.3148,1.0428488876128712,,,0.0382541549815027
9510,True,0.9078405815082992,0.0185960299111743,0.5191943827693097,1.4281141521044187,-0.2956623098409525,788644.5725519075,,,,,1.0,22400.0,-1500.0,-1500.0,-9200.0,-9200.0,-6299.999999999999,-6299.999999999999,-1500.0,-1500.0,2042.981764972192,2212.5924339430853,1500.0,1500.0,-10103.30498196437,-10482.823005777249,flux_loop,0.3148,1.0428488876128712,,,0.0394994953253804
9511,True,0.9258345528338444,-0.0474540959880869,0.4557895047797262,1.594103430547757,-0.3482012649135538,1161606.89060935,,,,,1.0,22400.0,-1500.0,-1500.0,-9200.0,-9200.0,-6299.999999999999,-6299.999999999999,-1500.0,-1500.0,3290.131328983343,3307.701557677514,1500.0,1500.0,-15365.47907791501,-14146.117162123332,flux_loop,0.3148,1.0428488876128712,,,0.0531935535026326
9512,True,0.8985895189077122,0.0119743414662314,0.5401989692319559,2.3740782746594697,0.1701841885984865,843264.1083685427,,,,,1.0,22400.0,435.23025820176343,721.4427465864798,5125.900937665711,-677.588668382417,2266.4660935904244,7100.0,-1500.0,-1500.0,-692.9911610369978,-837.2325044503646,1500.0,1500.0,-9732.532234235396,-9770.373593240423,flux_loop,0.3148,1.0428488876128712,,,0.0829690938749227
9513,True,0.8877108111339415,0.041142917192384,0.465067425155457,3.028058643249229,0.3394710438621978,1199798.827917497,,,,,1.0,22400.0,14465.78026158718,11308.471281061018,-9200.0,-9200.0,-6299.999999999999,-6299.999999999999,2302.7695120428784,6575.53256813319,2461.227581180631,306.3369632584552,1500.0,1500.0,-16540.70116105667,-16527.592265092753,flux_loop,0.3148,1.0428488876128712,,,0.135090235399054
9514,True,0.9461393697875072,-0.0347662630445029,0.4829324854465758,1.9001740804546516,0.0577943506915179,818619.4310882741,,,,,1.0,22400.0,4007.5615630480975,2714.1678628982845,-9200.0,-9200.0,-6299.999999999999,-6299.999999999999,-1500.0,-1500.0,1224.4581883022308,2035.0165374019932,1500.0,1500.0,-10286.010232609467,-10328.847658630595,flux_loop,0.3148,1.0428488876128712,,,0.059307925734664
9515,True,0.93785198268755,0.0423200458464212,0.4622602940266143,1.6478474893413673,-0.2867613381323149,564079.052301733,,,,,1.0,22400.0,-1500.0,-1500.0,-9200.0,-9200.0,-6299.999999999999,-6299.999999999999,-1500.0,-1500.0,2949.5428362859816,3079.139435580213,1500.0,1500.0,-7552.731877236047,-8199.053219312134,flux_loop,0.3148,1.0428488876128712,,,0.0365265845919173
9516,True,0.9436606996258596,-0.0456657794213245,0.461135425415854,2.887619193401645,-0.451422433939043,768822.9525985053,,,,,1.0,22400.0,10089.668239274071,8343.982051613635,-9200.0,-9200.0,-6299.999999999999,-6299.999999999999,-1500.0,-1500.0,6085.051252960053,7084.512794982835,1500.0,1500.0,-13625.039979962132,-12570.452179426691,flux_loop,0.3148,1.0428488876128712,,,0.0924585489337196
9518,True,0.9463940862356476,0.0346944376144962,0.5426102973735442,2.241490070643887,0.2586659619422969,506917.1979359218,,,,,1.0,22400.0,6294.012364786016,5251.794985659716,-9200.0,-9200.0,-6299.999999999999,-6299.999999999999,5738.480840650624,6994.677680342759,-1525.711501072102,-1955.6806999666017,1500.0,1500.0,-6036.641627209539,-6039.4967796949995,flux_loop,0.3148,1.0428488876128712,,,0.0736724005861334
9519,True,0.905649779852716,0.0344222183617126,0.5354924235228828,2.0224518432727767,-0.3817905968767736,677572.0942527736,,,,,1.0,22400.0,-1500.0,-1500.0,-9200.0,-9200.0,-6299.999999999999,-6299.999999999999,-1500.0,-1500.0,6969.214703380311,6849.598164654893,1500.0,1500.0,-11259.125656950964,-11774.99308197411,flux_loop,0.3148,1.0428488876128712,,,0.0463549870046434
9520,True,0.882726370157264,-0.0052360457001021,0.4669437120875093,1.4547123333362246,0.1846907143460032,971385.1758462016,,,,,1.0,22400.0,8182.14405294057,9511.789400200483,9200.0,9165.823037244356,-3005.742953024404,-6299.999999999999,-1500.0,-1500.0,-9793.104951517673,-9562.788561745076,1500.0,1500.0,-10071.317917068009,-10157.198441220064,flux_loop,0.3148,1.0428488876128712,,,0.0783844777565421
9521,True,0.8979520148859615,0.003387501955672,0.5244565191806291,1.9576935636458204,0.3498833114012221,1094272.8578663934,,,,,1.0,22400.0,16800.0,16800.0,1330.8594563008785,756.89400624753,-6299.999999999999,-6299.999999999999,-1500.0,-1500.0,-4693.3216364620475,-4635.785383309207,1500.0,1500.0,-12751.820105943943,-12761.561356939656,flux_loop,0.3148,1.0428488876128712,,,0.1282633761360678
9522,True,0.9182033175110104,0.0354996598559479,0.5186086216009684,2.078773520493458,-0.4617918836994483,562406.3237780991,,,,,1.0,22400.0,-1500.0,-1500.0,-9200.0,-9200.0,-6299.999999999999,-6299.999999999999,-1500.0,-1500.0,7264.315727819929,7253.816653708393,1500.0,1500.0,-10227.263037133616,-10538.746499067276,flux_loop,0.3148,1.0428488876128712,,,0.041935509013659
9523,True,0.8544815590863403,0.0414282108763765,0.4971564313083684,1.8003183025501568,-0.0652156131576963,917968.2271531773,,,,,1.0,22400.0,-1500.0,-1500.0,-9200.0,-9200.0,-6299.999999999999,-6299.999999999999,-1500.0,-1500.0,4839.664743879446,4734.560653044138,1500.0,1500.0,-13343.681266960006,-14138.162286855686,flux_loop,0.3148,1.0428488876128712,,,0.0485963403530661
9524,True,0.8603167770061467,-0.0161083084220617,0.5227306395294201,1.8346338959674349,-0.3926739638250909,1160256.9025775688,,,,,1.0,22400.0,-1500.0,-1500.0,-9200.0,-9200.0,-6299.999999999999,-6299.999999999999,-1500.0,-1500.0,4712.7349291497385,4784.316526049061,1500.0,1500.0,-15667.015812911166,-15216.492625501784,flux_loop,0.3148,1.0428488876128712,,,0.0627390838301604
9525,True,0.9219530203232832,-0.0230337810358711,0.5313509464384388,2.81345833696681,-0.4831123060172593,1171308.131658268,,,,,1.0,-22400.0,6947.357577177749,8528.358760053936,-3488.9524421222673,-9200.0,-6299.999999999999,-6299.999999999999,-1500.0,-1500.0,4924.458049078696,5490.897147098943,1500.0,1500.0,-17000.839549848864,-16427.72773005864,flux_loop,0.3148,1.0428488876128712,,,0.0386311198132719
9526,True,0.9058305157945477,0.0048589119296377,0.4947573294491596,2.1280332045931227,-0.2225692096042802,903109.4418050236,,,,,1.0,22400.0,-1500.0,-1500.0,-9200.0,-9200.0,-6299.999999999999,-6299.999999999999,-1500.0,-1500.0,6599.837343268141,6578.592093613329,1500.0,1500.0,-13842.320132845298,-13941.199019492393,flux_loop,0.3148,1.0428488876128712,,,0.0548437396156779
9527,True,0.8785179298057038,-0.0384234374585127,0.509476890484657,1.4828333692939757,-0.2458787775848191,913818.7296657998,,,,,1.0,22400.0,-1500.0,-1500.0,-9200.0,-9200.0,-6299.999999999999,-6299.999999999999,-1500.0,-1500.0,2805.8812485689587,2624.134064637702,1500.0,1500.0,-12858.039869385158,-12004.264952917065,flux_loop,0.3148,1.0428488876128712,,,0.0375804725907985
9528,True,0.8988894817360135,0.016212782848305,0.4679251945959037,2.2893019209332888,0.3066778561180393,1017547.0733561936,,,,,1.0,22400.0,16800.0,16800.0,4234.096511456092,945.4401609995476,-6299.999999999999,-6299.999999999999,-1500.0,-1500.0,-331.11643765030277,-197.8063089581029,1500.0,1500.0,-14181.391077831204,-14362.788888648563,flux_loop,0.3148,1.0428488876128712,,,0.1374062273725858
9529,True,0.9024886386576012,-0.0040561215776881,0.5309307017919215,2.287414547379325,0.3794714257322426,1070052.7408977654,,,,,1.0,22400.0,12505.445282411996,12990.359856987465,-9200.0,-9200.0,-6299.999999999999,-6299.999999999999,4257.367138794142,3770.213968469781,-2275.589373943601,-2105.5679611721453,1500.0,1500.0,-13039.42713177733,-13061.176289975494,flux_loop,0.3148,1.0428488876128712,,,0.1178159796689047
9530,True,0.8553207878745773,0.0420834024245211,0.5455549626708422,3.0496488659578564,-0.5178906298192159,1141004.185037387,,,,,1.0,22400.0,-1500.0,-979.319554886446,8844.49734318698,124.36029391995982,-1937.19464335381,7100.0,-1500.0,-1500.0,3792.590683261832,3449.866412106561,1500.0,1500.0,-15494.04715913184,-16369.233183549824,flux_loop,0.3148,1.0428488876128712,,,0.0942708947981474
9531,True,0.8598544102626233,-0.0374228606704016,0.4974361088874143,2.6510677893985584,-0.2191467593701315,662087.0335051524,,,,,1.0,22400.0,-1500.0,-1500.0,4030.6024913251854,9200.0,405.7196346982301,-6184.399705084004,-1500.0,-1500.0,2334.5691196154744,3048.7177462641384,1500.0,1500.0,-10033.584562075432,-9678.652247914277,flux_loop,0.3148,1.0428488876128712,,,0.0629766887487417
9532,True,0.8759995782035369,0.0079419477499834,0.5479061828123438,1.8968998641789865,0.563653759982815,615612.2617454709,,,,,1.0,22400.0,15408.616595328842,14811.24281467588,-9200.0,-9200.0,-6299.999999999999,-6299.999999999999,-1500.0,-1500.0,-2918.4323484329834,-2621.3008641269835,-3208.0541543635645,-3859.1519606938846,-4694.227576152643,-4199.63133555997,flux_loop,0.3148,1.0428488876128712,,,0.0901861878488087
9533,True,0.9185752483675876,0.0386270456881628,0.549791929480323,1.8443414790798325,0.2830221703490635,656065.5347170872,,,,,1.0,22400.0,10216.583791905088,7025.771622865217,-9200.0,-9200.0,-6299.999999999999,-6299.999999999999,1977.977930873079,6668.2925504702,-2851.6691432577973,-4062.3178813713794,1500.0,1500.0,-7368.412588886074,-7124.552302177627,flux_loop,0.3148,1.0428488876128712,,,0.0790811867962623
9534,True,0.8700032350626222,0.0107445859371972,0.5357656523036594,1.7499821358094576,-0.4365164997259424,800250.2667664334,,,,,1.0,22400.0,-1500.0,-1500.0,-9200.0,-9200.0,-6299.999999999999,-6299.999999999999,-1500.0,-1500.0,3965.8500960766846,3997.6737205552063,1500.0,1500.0,-10829.010981098656,-11071.328501663116,flux_loop,0.3148,1.0428488876128712,,,0.0481328517131323
9535,True,0.8787153038813491,-0.0360898058932451,0.4628342455860145,1.7332163635144189,0.371824102413821,801606.4099205474,,,,,1.0,-22400.0,16800.0,16800.0,9200.0,9200.0,7100.0,7100.0,7703.890854619415,11200.0,-14470.330097962424,-12707.695908058584,1500.0,-3383.1856802359384,-8164.432033742791,-6183.572326523601,flux_loop,0.3148,1.0428488876128712,,,0.063683276309485
9536,True,0.9481147563004556,0.0304942275216566,0.5064869132056934,2.409844227028029,0.1173086719711324,1011373.7600117804,,,,,1.0,22400.0,1301.7411662965485,-257.50717163415453,9200.0,9200.0,-4311.004475599048,-553.9311804831829,-1500.0,-1500.0,-240.36919367092509,-794.1049732045842,1500.0,1500.0,-11163.073965936845,-11255.37381168206,flux_loop,0.3148,1.0428488876128712,,,0.0947715771597224
9537,True,0.9234971190669932,0.0251251572625312,0.4650364753455243,1.7154645985070005,0.1263988870229224,970459.0469532944,,,,,1.0,22400.0,6143.305598291519,6782.47943700124,-9200.0,-9200.0,-6299.999999999999,-6299.999999999999,-1500.0,-1500.0,-194.77081529158016,-787.742425862976,1500.0,1500.0,-12129.029695436808,-11955.314466778202,flux_loop,0.3148,1.0428488876128712,,,0.0758529825317504
9538,True,0.8639875455952652,-0.0218835977367193,0.5168372686368227,1.7923685929958306,0.3527019637934084,743518.6342926275,,,,,1.0,22400.0,16614.581260097355,16800.0,-9200.0,-2925.7274047459887,-6299.999999999999,-6299.999999999999,-1500.0,-1500.0,-4203.910561849713,-5563.97811558553,-372.8233165479389,1500.0,-7353.191134474062,-8509.025423473919,flux_loop,0.3148,1.0428488876128712,,,0.1036727573878196
9539,True,0.9115635827177536,0.0223354873565509,0.4699083654158955,1.802246630655271,0.2816268666545485,1001893.290568794,,,,,1.0,22400.0,16800.0,16800.0,9200.0,9200.0,7100.0,-331.8423881342726,-1291.6866847614062,-1500.0,-8032.499546048219,-7238.333577852848,1500.0,1500.0,-11528.146248021909,-11529.206490228513,flux_loop,0.3148,1.0428488876128712,,,0.1358341614014838
9540,True,0.9347264108953164,0.0428524486563238,0.4944560230950969,1.6189575940954477,0.4419446241417116,822148.3028547198,,,,,1.0,-22400.0,16800.0,16800.0,9200.0,9200.0,7100.0,7100.0,11200.0,11200.0,-11728.558571961155,-16670.0970580478,-9200.0,-1452.1019699774615,-2995.0589099496938,-5523.064724743478,flux_loop,0.3148,1.0428488876128712,,,0.0662580332821793
9541,True,0.9228666960911064,-0.037151893140298,0.5319764641009741,1.422325469326081,0.5749644001971875,767041.5288795468,,,,,1.0,22400.0,16800.0,16800.0,9200.0,9200.0,7100.0,7100.0,-1450.2010499747707,2157.829856538098,-15321.422477265009,-15278.577522734991,-9200.0,-9200.0,1500.0,-507.4958851410436,flux_loop,0.3148,1.0428488876128712,,,0.1084457834877294
9542,True,0.9318183806465646,-0.0440676270549121,0.532391546227433,2.8822851602048507,0.505644745723809,713706.6924600479,,,,,1.0,22400.0,5003.0363170873325,6747.08049019396,-9200.0,-9200.0,3415.1576605528408,-5157.9251248416285,3455.270995186716,7326.300211640237,-1588.0613271865827,-1656.4559036828252,1500.0,1500.0,-8660.069687233297,-8405.54855927194,flux_loop,0.3148,1.0428488876128712,,,0.0878094003798936
9544,True,0.9269559871837624,-0.0034296193963658,0.5063566888584862,2.673672574242284,0.2808714169289671,1057937.306605042,,,,,1.0,22400.0,10249.57207218312,10522.118718466112,-9200.0,-9200.0,-6299.999999999999,-6299.999999999999,5451.326560902814,5280.905919630285,-558.1495397475662,-473.45802790819795,1500.0,1500.0,-13064.41529735602,-13047.29655305346,flux_loop,0.3148,1.0428488876128712,,,0.1201242077008866
9545,True,0.9473452947054204,-0.0072446373254205,0.5246466571500507,2.795081683703894,-0.4460244831023793,636474.9192681075,,,,,1.0,-22400.0,3642.086143053122,4183.0470169464525,2762.396847923018,1371.9432608862485,-6299.999999999999,-6299.999999999999,-1500.0,-1500.0,2775.674232656317,2885.3525942537735,1500.0,1500.0,-9519.368744811913,-9425.667140338774,flux_loop,0.3148,1.0428488876128712,,,0.0068065349497936
9546,True,0.9096746499067996,-0.0438084754686981,0.5002660140547392,1.5497354642652597,0.3994281041058142,885734.6789320277,,,,,1.0,22400.0,16800.0,16800.0,9200.0,9200.0,7100.0,7100.0,3632.789161731413,11200.0,-15478.010828586515,-15121.989171413485,-1336.2512572461665,-8031.115475294648,-5962.6949914608185,-2722.8870101089924,flux_loop,0.3148,1.0428488876128712,,,0.1312254849992629
9547,True,0.8552013141422493,-0.0217685299225716,0.4702023150724828,2.259071119202877,-0.5655932322799393,739019.0991294086,,,,,1.0,-22400.0,-1500.0,-1500.0,-9200.0,-9200.0,-6299.999999999999,-6299.999999999999,7766.008335884363,7245.180665374895,8115.0914155429555,8284.908584457045,1500.0,1500.0,-15149.091522791992,-14967.625964300936,flux_loop,0.3148,1.0428488876128712,,,-0.0105671085961507
9548,True,0.9008168041165472,-0.0178497992041922,0.5247491558789403,2.685108955582365,0.4543939046649231,962785.9313486918,,,,,1.0,22400.0,7580.186392576159,8305.443810267452,-9200.0,-9200.0,-6299.999999999999,-6299.999999999999,8292.186500190626,7613.211122566168,-2311.389216389401,-1834.7852037471337,1500.0,1500.0,-11646.812156857197,-11699.350998144644,flux_loop,0.3148,1.0428488876128712,,,0.103159908005259
9549,True,0.9480240361163468,-0.0183606017281481,0.4603232670594495,1.7984313271432573,-0.1085539446285873,816673.5921485584,,,,,1.0,22400.0,-1500.0,-1500.0,-9200.0,-9200.0,-6299.999999999999,-6299.999999999999,-1500.0,-1500.0,3118.356051607397,3200.8557412415253,1500.0,1500.0,-10891.16337757706,-10657.368866888248,flux_loop,0.3148,1.0428488876128712,,,0.0434383964311586
9550,True,0.93266490233192,-0.0251852835700087,0.4691985375577678,2.232209363362868,-0.2793490714706525,1188028.2222322235,,,,,1.0,22400.0,1795.0809942681226,4899.9358208998165,9200.0,9200.0,7100.0,7100.0,11200.0,11200.0,8725.17354487191,7674.826455128091,-5106.862664165932,-4191.97925469628,-18400.0,-18400.0,flux_loop,0.3148,1.0428488876128712,,,0.1482966345336308
9551,True,0.9044274711739514,-0.0174032909195687,0.5093545575498395,1.4878867834086864,0.3983206807362288,519567.6724289381,,,,,1.0,22400.0,16800.0,16800.0,9200.0,9200.0,-4500.160705242694,5949.7906361661735,-1500.0,-1500.0,-9776.500424264808,-12203.001437707871,-1396.4638872209546,438.1259943194836,-2372.329572028682,-3303.2320227530545,flux_loop,0.3148,1.0428488876128712,,,0.1107388999124673
9553,True,0.9443801366126428,0.0094864153414383,0.486813316446761,2.859614734473544,-0.042931661302386,1102535.349346609,,,,,1.0,22400.0,7926.721356919933,6559.266302721084,3315.1723318516165,6635.233706908993,-6299.999999999999,-6299.999999999999,-1500.0,-1500.0,3818.580539773696,3526.01305227856,1500.0,1500.0,-15243.601117114184,-15359.851989909885,flux_loop,0.3148,1.0428488876128712,,,0.1203246628975182
9554,True,0.9387041869374804,0.0042495197951961,0.4669389210636974,2.4915518411649886,0.3194935006661744,999675.6111325716,,,,,1.0,22400.0,16800.0,16800.0,1526.6406182265234,1054.5038451453415,-6299.999999999999,-6299.999999999999,-1500.0,-1500.0,979.6716871791116,967.9777032368428,1500.0,1500.0,-14000.147931693984,-14049.764473710013,flux_loop,0.3148,1.0428488876128712,,,0.1424514946437206
9555,True,0.9409483870836164,-0.0217132777838728,0.5438714885672788,1.9289145275623905,0.0633997108491031,1190955.548536535,,,,,1.0,22400.0,2578.090129754011,2748.6529105580807,-6494.59074721889,-9200.0,-6299.999999999999,-6299.999999999999,-1500.0,-1500.0,1002.6438576606052,1713.8294872588745,1500.0,1500.0,-14024.589973780165,-14029.46771729046,flux_loop,0.3148,1.0428488876128712,,,0.0761822877184526
9556,True,0.9361044418430944,0.0301526597696358,0.4866282725001433,1.4534061118719277,0.5157589324271613,1084502.5958123663,,,,,1.0,22400.0,16800.0,16800.0,9200.0,9200.0,2139.8412978078145,7100.0,-1500.0,-1500.0,-13561.267113826934,-17038.732886173064,-9200.0,-9200.0,-4928.55668001412,-1560.9858112070394,flux_loop,0.3148,1.0428488876128712,,,0.1137469656064218
9557,True,0.9343510419208774,-0.0468609219681347,0.4737416773544864,1.8378417159360263,-0.2475557422384858,915134.336393676,,,,,1.0,22400.0,-1500.0,-1500.0,-9200.0,-9200.0,-6299.999999999999,-6299.999999999999,-1500.0,-1500.0,3769.0842170348783,3987.528051334245,1500.0,1500.0,-12553.3548326757,-11717.641744711776,flux_loop,0.3148,1.0428488876128712,,,0.0484299144287641
9558,True,0.8763379323735768,0.0060814375061293,0.5297006194566496,1.5127644790555792,0.4822310758319154,899715.7431237702,,,,,1.0,22400.0,16800.0,16800.0,9200.0,9200.0,7100.0,7100.0,4312.630087106463,2433.0924975142434,-15560.05779014888,-15039.94220985112,-9200.0,-9200.0,-1786.2030072186674,-1603.4641534115892,flux_loop,0.3148,1.0428488876128712,,,0.1163612158691821
9559,True,0.8743891583820554,-0.018848427015127,0.5494313918867259,2.7893667518567886,0.1489186450356279,829489.3131120113,,,,,1.0,22400.0,1012.6579696038424,1663.3002803485017,832.2459393821613,-4227.192964924022,-1844.6701372974649,2592.4758888901283,2054.3271854926434,1690.6647091448906,-711.1402413312455,-570.4522174193058,1500.0,1500.0,-9671.878127306769,-9525.46438356654,flux_loop,0.3148,1.0428488876128712,,,0.0836501943415256
9560,True,0.9457902194309626,0.0022221957699827,0.4750564128627072,2.770539905332937,-0.3440270722099608,672066.4246716873,,,,,1.0,22400.0,8424.909420212862,8568.296112433956,-9200.0,-9200.0,-6299.999999999999,-6299.999999999999,-1500.0,-1500.0,5369.576724051359,5329.604078075706,1500.0,1500.0,-11149.07462958842,-11194.66677184302,flux_loop,0.3148,1.0428488876128712,,,0.0896374931952747
9561,True,0.909764982458529,0.0019017955225584,0.5006796236343652,2.848791201593662,-0.08599589584126,686332.7189398969,,,,,1.0,22400.0,-452.6885684495043,-510.6202884796186,9200.0,9200.0,-1106.6245394640823,-945.2849946159552,-1500.0,-1500.0,1622.140447919273,1596.9215716611484,1500.0,1500.0,-9520.042977775398,-9533.380677015428,flux_loop,0.3148,1.0428488876128712,,,0.0758596853539855
9562,True,0.9414795666640317,0.0191289162453209,0.5154654558040942,3.1565321038747403,0.4840888791818668,961130.4746412731,,,,,1.0,22400.0,7342.431866204793,6684.471074132503,-9200.0,-9200.0,2190.7992203488016,3958.004089828858,3710.818302993931,2946.96026995074,-799.1882278838283,-925.2512201231834,1500.0,1500.0,-11379.766844259586,-11558.596437748669,flux_loop,0.3148,1.0428488876128712,,,0.1099063145646757
9563,True,0.904744856160178,0.0324318378283281,0.4505618528938603,2.6331212159970967,-0.2939669486481039,864917.9895089747,,,,,1.0,-22400.0,575.0497543213478,6337.572325719315,-9200.0,-9200.0,-6299.999999999999,-6299.999999999999,6742.239388297793,-1500.0,7632.462705685676,8767.537294314325,1500.0,1500.0,-15247.182012656667,-16666.15275320907,flux_loop,0.3148,1.0428488876128712,,,0.0190563614818379
9564,True,0.8761817660643079,-0.0218532835131209,0.5241526001084168,2.523967201226441,0.0046509569832916,820553.1180603222,,,,,1.0,22400.0,-1500.0,-1500.0,133.55391679276394,-135.14295367287943,7100.0,7100.0,-1439.341930460974,-1500.0,156.3787418807287,382.8740142826661,1500.0,1500.0,-10041.463753895714,-9865.37130690669,flux_loop,0.3148,1.0428488876128712,,,0.0730346415031681
9565,True,0.9076691207903844,0.0006072585174965,0.4726997165438849,3.105836433105189,0.2551072264725198,606823.725917078,,,,,1.0,22400.0,5568.2785270053855,5543.688637657941,-9200.0,-9200.0,265.3854240419858,329.77187311169314,3755.5924048014585,3732.221153157084,-360.9026645161026,-360.9034189886693,1500.0,1500.0,-7906.263459166092,-7908.071294276536,flux_loop,0.3148,1.0428488876128712,,,0.0846066758592318
9566,True,0.9112983617174109,0.0361392747202517,0.5006024974156196,2.0540032674481745,-0.4569163307606408,1018777.5642936134,,,,,1.0,-22400.0,-1500.0,-1500.0,-9200.0,-9200.0,-6299.999999999999,-6299.999999999999,10312.144012388284,6407.486854993858,7571.767527906533,8828.232472093468,1500.0,1500.0,-17422.96236277121,-18400.0,flux_loop,0.3148,1.0428488876128712,,,0.003415791039462
9567,True,0.8885633354434592,-0.0079966827320533,0.4886054304654535,2.6924781770916972,0.3875080857097224,1094484.8620102354,,,,,1.0,22400.0,12273.700335879068,13066.34475145068,-9200.0,-9200.0,-6299.999999999999,-6299.999999999999,4665.913109468661,3753.17134180911,-163.6917733364944,232.1226501812977,1500.0,1500.0,-14660.127999832652,-14694.573291668416,flux_loop,0.3148,1.0428488876128712,,,0.1243215076950011
9568,True,0.9438796394469274,0.025675735354807,0.5080362310447996,1.852307281726238,-0.1552450531946543,668083.6854052326,,,,,1.0,22400.0,-1500.0,-1500.0,-9200.0,-9200.0,-6299.999999999999,-6299.999999999999,-1500.0,-1500.0,3045.7336442579117,3039.6303052944913,1500.0,1500.0,-8695.537960523141,-9036.89689723549,flux_loop,0.3148,1.0428488876128712,,,0.0414099718010043
9569,True,0.931208414394086,-0.0129148121277333,0.5045767387358641,2.1461777655228276,0.039588726612375,768734.6113871485,,,,,1.0,22400.0,-1176.2062943405126,-499.8825055834482,9200.0,7034.690558755046,-6290.610917600945,-6299.999999999999,-1500.0,-1500.0,485.301487764231,778.5262441656671,1500.0,1500.0,-9371.78166305136,-9357.633343313606,flux_loop,0.3148,1.0428488876128712,,,0.0672946645566738
9570,True,0.9222493635094756,0.0097017747496309,0.5333580542347398,1.857421238902241,0.1982061498471847,634414.7154417374,,,,,1.0,22400.0,3916.2930292572846,2718.8461738634633,5825.219075169608,9200.0,-6299.999999999999,-6299.999999999999,-1500.0,-1500.0,-1517.1579888119022,-1749.0478832786448,1500.0,1500.0,-7455.163192382817,-7411.11093986385,flux_loop,0.3148,1.0428488876128712,,,0.0709586995114968
9571,True,0.8645308431430143,0.0115306433532906,0.5446413643948878,1.6033234379331396,-0.0394114481502801,1044883.325740884,,,,,1.0,22400.0,-1500.0,-1500.0,-9200.0,-9200.0,-6299.999999999999,-6299.999999999999,-1500.0,-1500.0,2609.9093040266025,2635.992268771918,1500.0,1500.0,-14117.096633967903,-14309.852406520517,flux_loop,0.3148,1.0428488876128712,,,0.0443761104627688
9572,True,0.8795310873619039,-0.0188148493362761,0.4938260207151931,1.8850830422888172,0.0059566225525665,753087.0275097615,,,,,1.0,22400.0,-725.5444877581691,429.51561053984295,-3262.405182644913,-9200.0,-6299.999999999999,-6299.999999999999,-1500.0,-1500.0,2853.2868717812185,3752.825287961948,1500.0,1500.0,-10860.295527647408,-10960.806274759332,flux_loop,0.3148,1.0428488876128712,,,0.0472362712856867
9573,True,0.9281116934593368,0.0357367595474983,0.4720869740708723,2.844855244939548,-0.4434047517888658,980843.4364748668,,,,,1.0,22400.0,7128.464812010421,9071.085536577131,-9200.0,-9200.0,-6299.999999999999,-6299.999999999999,-1500.0,-1500.0,8395.30854550955,7418.81262269967,1500.0,1500.0,-15792.454176444884,-16778.66257077245,flux_loop,0.3148,1.0428488876128712,,,0.1088634931527957
9574,True,0.8572683584490193,0.0144403359845015,0.4537093983293096,2.807994869426464,-0.4714938116527065,1195125.557246346,,,,,1.0,22400.0,3040.963236223877,14853.706742418724,9200.0,-9200.0,7100.0,-216.44537787809145,11200.0,11200.0,7796.612402214002,8603.387597785999,-6433.737186928661,-6238.891049786511,-18400.0,-18400.0,flux_loop,0.3148,1.0428488876128712,,,0.1564076593315701
9575,True,0.902542432201172,-0.0209022612066755,0.5343143903615173,1.7767794688540568,0.3305795066693532,550013.4271136757,,,,,1.0,22400.0,10751.017294143074,13030.681996161951,-9200.0,-9200.0,-6299.999999999999,-6299.999999999999,4053.573345122343,1661.209014458757,-4159.044918712919,-3830.163572664704,989.3464174947416,1387.1861097447024,-5827.407505055852,-6203.88091361632,flux_loop,0.3148,1.0428488876128712,,,0.0860552414714172
9577,True,0.8509398206874561,0.013698491276762,0.5180660186215842,1.547707211596643,0.5540003278152729,702338.9814505145,,,,,1.0,22400.0,16800.0,16800.0,9200.0,9200.0,7100.0,7100.0,6711.626081651893,2381.0881815021366,-15940.220842899804,-14659.779157100196,-9200.0,-9200.0,267.1290390059755,651.154843582164,flux_loop,0.3148,1.0428488876128712,,,0.1113030257669702
9578,True,0.8828005662453885,-0.0480480450042618,0.4791686112256807,1.7725200312208982,0.3711982093497746,1012668.5361946484,,,,,1.0,-22400.0,16800.0,16800.0,9200.0,9200.0,7100.0,7100.0,4681.088913206564,11200.0,-13612.37385873488,-12511.149658822576,1500.0,-3486.5576020226554,-10684.818866749189,-8741.761193972396,flux_loop,0.3148,1.0428488876128712,,,0.0687726324838352
9579,True,0.920989493063922,-0.0462995771055678,0.5105221534574135,1.645360660680656,0.4725862347570236,1012142.4689080508,,,,,1.0,-22400.0,16800.0,16800.0,9200.0,9200.0,7100.0,7100.0,11200.0,11200.0,-17611.467349012168,-12988.532650987834,-4761.865579433514,-9200.0,-4902.97414974518,-5367.255566759342,flux_loop,0.3148,1.0428488876128712,,,0.0656351598765091
9580,True,0.8668723491460887,0.0216047470099829,0.4920174287219834,2.2589429984640517,-0.2919117010362582,615974.6434771211,,,,,1.0,22400.0,-1500.0,-92.81652310063387,-9200.0,-9200.0,-6299.999999999999,-6299.999999999999,-1500.0,-1500.0,7339.935297540627,6677.589785932841,1500.0,1500.0,-11085.881992796689,-11308.242877123032,flux_loop,0.3148,1.0428488876128712,,,0.048919142488864
9581,True,0.921541769455065,-0.0127353508275308,0.4932200463267234,1.58803063209118,0.0887496767178745,541561.1352201306,,,,,1.0,22400.0,-1500.0,-544.6721813097337,4561.674075149272,667.6744479046337,-6299.999999999999,-6299.999999999999,-1500.0,-1500.0,-415.19902862607194,31.176680279623792,1500.0,1500.0,-7016.247272830306,-7112.818524829748,flux_loop,0.3148,1.0428488876128712,,,0.0394689884127545
9582,True,0.9050171401481626,-0.0045547743128444,0.5140793546262273,1.976569986065026,0.0820681630219949,923646.54066077,,,,,1.0,22400.0,3405.9876766609573,4134.0883077453045,-3242.627865405106,-5332.33576489667,-6299.999999999999,-6299.999999999999,-1500.0,-1500.0,1147.7206322051804,1356.364391353564,1500.0,1500.0,-11708.350766559348,-11730.039954502843,flux_loop,0.3148,1.0428488876128712,,,0.0754374692904815
9583,True,0.8703460095175336,0.0169954014758837,0.480700358330252,2.342346977606739,-0.1028734609252425,1041218.6085068926,,,,,1.0,22400.0,-1500.0,-1500.0,-958.1401861114384,-5299.7746745246395,-6299.999999999999,521.5593296111106,-1500.0,-1500.0,4083.918443521744,3320.543680791529,1500.0,1500.0,-14092.170197170632,-14116.067168070387,flux_loop,0.3148,1.0428488876128712,,,0.0723417509600785
9584,True,0.9440885018515736,0.0176936119176223,0.4972533913356047,1.922019929163399,0.3582859032792339,1057825.2886898995,,,,,1.0,-22400.0,16800.0,16800.0,9200.0,9200.0,7100.0,7100.0,3320.9775896047045,-1326.0836377822973,-8543.866409275035,-7237.91704925888,1500.0,1500.0,-12284.8708190661,-12408.282669246542,flux_loop,0.3148,1.0428488876128712,,,0.0765667133490134
9585,True,0.9113378000984448,-0.0379496311382013,0.4513101179003312,2.034256388130064,-0.3334187886484491,597380.7601715227,,,,,1.0,-22400.0,-1500.0,-1500.0,-9200.0,-9200.0,-6299.999999999999,-6299.999999999999,-318.7549094839962,3345.7007346804803,8840.945442013699,7559.054557986301,1500.0,1500.0,-12778.654241620745,-11566.820895866344,flux_loop,0.3148,1.0428488876128712,,,-0.023425485882981
9586,True,0.9485952224835014,0.011810410300739,0.5459016236774052,2.9858465396591023,0.0436045755175721,701445.5523656073,,,,,1.0,22400.0,4376.401924703552,4206.942284900409,-9200.0,-9200.0,6918.744181848613,6203.219247266521,214.06731578296893,575.6769603014254,1197.354785269515,1084.977859348819,1500.0,1500.0,-9306.5146100675,-9466.923535502256,flux_loop,0.3148,1.0428488876128712,,,0.0858881204338336
9587,True,0.8811981713419406,-0.0139286657317308,0.4603975913581939,2.229576159542799,0.4808584727412489,1010436.7568689536,,,,,1.0,-22400.0,16800.0,16800.0,9200.0,9200.0,7100.0,7100.0,1895.27691013075,6260.958452274784,-6805.793147490729,-8190.105750132214,1500.0,1500.0,-13551.342307264304,-13257.972847476673,flux_loop,0.3148,1.0428488876128712,,,0.0769331214020942
9588,True,0.8585928222028119,-0.0197561588592271,0.5393496206350126,2.6344073831592274,0.441204009058758,645654.102780366,,,,,1.0,22400.0,4039.625451443832,4815.4406338018225,-9200.0,-9200.0,-1685.262514650637,-6299.999999999999,6381.423491897281,8517.998800127238,-2046.7362353857025,-2108.4297176233085,1500.0,1500.0,-8014.294495771808,-7945.525176024565,flux_loop,0.3148,1.0428488876128712,,,0.075090404242067
9589,True,0.8752883077880943,-0.038888537877381,0.5358507508439246,1.7266684837315769,0.5221706041550053,744199.6759084179,,,,,1.0,22400.0,16800.0,16800.0,3100.203063269849,9200.0,-6299.999999999999,7100.0,-1500.0,-1011.637483743101,-7665.934331261058,-12135.65558284498,-4688.350528031996,-273.2261014664375,-3417.502986155891,-6196.204239518183,flux_loop,0.3148,1.0428488876128712,,,0.1164302455184296
9590,True,0.946936236437652,-0.0165195309457871,0.4969495420678039,1.512864555173252,-0.0567981160030345,680910.1339435227,,,,,1.0,22400.0,-1500.0,-1500.0,-9200.0,-9200.0,-6299.999999999999,-6299.999999999999,-1500.0,-1500.0,1391.3115395649838,1373.0587991757602,1500.0,1500.0,-8814.540048400931,-8661.21929353529,flux_loop,0.3148,1.0428488876128712,,,0.030753614516943
9591,True,0.9257906867845328,0.0415235485732316,0.5475523291062503,1.669442572927482,-0.203108378533763,878188.2561910991,,,,,1.0,22400.0,-1500.0,-1500.0,-9200.0,-9200.0,-6299.999999999999,-6299.999999999999,-1500.0,-1500.0,2622.211549587286,2674.1412561051197,1500.0,1500.0,-10722.717515302407,-11398.22743503677,flux_loop,0.3148,1.0428488876128712,,,0.0497826077842495
9592,True,0.8608158054988596,0.0489776256392906,0.4896238433262968,2.477203536863018,-0.5881353931139353,898878.9441883257,,,,,1.0,-22400.0,-1500.0,-1500.0,-9200.0,-9200.0,-6299.999999999999,-6299.999999999999,805.8423170713112,5858.302115251326,9262.470775588115,7137.529224411884,1500.0,1500.0,-16245.749458167698,-16097.122860792946,flux_loop,0.3148,1.0428488876128712,,,-0.0070248087854233
9593,True,0.8714471561097034,-0.0276258662420735,0.479571316486321,2.7616284202267645,0.2155632419069736,1199169.644575329,,,,,1.0,22400.0,8645.19347302919,10861.58835859921,-9200.0,-9200.0,973.4899813651303,-582.1194305120504,2367.938183644518,362.8603592969952,631.235892906878,1766.3543895120572,1500.0,1500.0,-15974.136030265545,-15898.50859570772,flux_loop,0.3148,1.0428488876128712,,,0.1245854027843741
9594,True,0.9473037768076727,-0.0128098302362467,0.5405891867847112,2.349434705370971,-0.199164310839307,1119815.816935066,,,,,1.0,22400.0,3798.879981807593,3235.0086918557554,-9200.0,-9200.0,-6299.999999999999,-6299.999999999999,-1500.0,-1500.0,5938.716964978306,6330.184675533634,1500.0,1500.0,-16130.694815747072,-15880.837045159044,flux_loop,0.3148,1.0428488876128712,,,0.0854772522501755
9595,True,0.9026974153067,0.017656653131253,0.5373827577647625,1.9072784437855113,-0.0007961667773551,1183697.7880658868,,,,,1.0,22400.0,-1500.0,-602.0120605098456,-9200.0,-9200.0,-6299.999999999999,-6299.999999999999,-1500.0,-1500.0,3846.2757546213898,3363.635245041665,1500.0,1500.0,-15317.82195958329,-15411.56028237006,flux_loop,0.3148,1.0428488876128712,,,0.0644596743649053
9596,True,0.9244647834597604,0.0347017631894162,0.5141889272479504,1.7394825761647994,-0.4645049497447241,634897.4580169036,,,,,1.0,22400.0,-1500.0,-1500.0,-9200.0,-9200.0,-6299.999999999999,-6299.999999999999,-1500.0,-1500.0,7674.494983578826,7471.829413761132,1500.0,1500.0,-10981.988162369114,-11666.183300123665,flux_loop,0.3148,1.0428488876128712,,,0.046149252272396
9597,True,0.8694911969613836,0.0234515772346659,0.4819491483721683,2.145576135824573,-0.1227802572246886,712459.2530420215,,,,,1.0,22400.0,-1500.0,-1500.0,-6232.407984845184,-9200.0,-6299.999999999999,690.836321503012,-1500.0,-1500.0,4509.232578576786,3494.3578865591603,1500.0,1500.0,-10557.585776595031,-10534.63350015857,flux_loop,0.3148,1.0428488876128712,,,0.0511598863397673
9598,True,0.8741844148684247,-0.0115528289481599,0.503496851670082,2.09763144577301,0.5275529597639573,723038.5056640867,,,,,1.0,22400.0,16800.0,16800.0,-6162.089911180183,-1907.1685431797032,-6299.999999999999,-6299.999999999999,-1500.0,-1500.0,-2049.592153920416,-2961.2209814631847,-3086.753688981348,-1336.824999096894,-6662.057050495434,-7845.976853338921,flux_loop,0.3148,1.0428488876128712,,,0.110002767116847
9599,True,0.8609457238912835,0.0209157261501145,0.5001978667788111,2.701328331751447,0.2593604772401964,1045956.2324986404,,,,,1.0,22400.0,8161.00444641246,6786.122889606122,-9200.0,-9200.0,-5279.088094654327,-1496.0816667501094,4990.017444251756,4520.755450222318,-93.86922069948795,-552.2544003522356,1500.0,1500.0,-13335.705206091015,-13401.706332373393,flux_loop,0.3148,1.0428488876128712,,,0.1076886985386385
9600,True,0.9003887017244808,0.0494826855296179,0.5394301023386678,1.5748140361690168,0.4223990490741199,824742.4517777108,,,,,1.0,22400.0,16800.0,16800.0,9200.0,8053.425115679079,7100.0,-6299.999999999999,7060.157798561643,-1500.0,-17238.3464406732,-10389.39447942136,1500.0,-2458.03669339258,-6756.04863270097,-4609.7347635902315,flux_loop,0.3148,1.0428488876128712,,,0.1133624124807084
9601,True,0.9268397000634992,0.0348286573420923,0.450797574812376,2.5243714280940672,0.1378986458522287,1076113.0169991502,,,,,1.0,22400.0,14213.34732600467,10130.098101528663,-9200.0,-173.82963022223984,-6299.999999999999,-6299.999999999999,-1500.0,-1500.0,2206.9957401858474,1321.0432275439434,1500.0,1500.0,-13957.80776080361,-14177.69012344716,flux_loop,0.3148,1.0428488876128712,,,0.1249530752320106
9602,True,0.93210627566943,0.0063052604519915,0.4910482961991362,1.8291286588763933,-0.0575127798453811,1198585.6526094773,,,,,1.0,22400.0,-1500.0,-1500.0,-9200.0,-9200.0,-6299.999999999999,-6299.999999999999,-1500.0,-1500.0,3311.270897441626,3305.8623736677087,1500.0,1500.0,-15163.1958397156,-15268.736332664295,flux_loop,0.3148,1.0428488876128712,,,0.0600837576159972
9603,True,0.913920124935754,-0.045342116747612,0.5302281833664683,2.647043083472417,0.1132708117112974,1117257.679025624,,,,,1.0,22400.0,2099.9487385827274,2312.94912197145,-5170.872027068183,-1549.0647517123516,7100.0,7100.0,601.8312099381775,-1500.0,-386.9367673619629,449.140589307675,1500.0,1500.0,-13301.673070171391,-12925.65783435106,flux_loop,0.3148,1.0428488876128712,,,0.1004882355993807
9604,True,0.8673854410518287,0.0134270334064255,0.4645712996759006,2.1070877057568835,-0.3017448771082672,894519.295877747,,,,,1.0,22400.0,-1500.0,-1500.0,-9200.0,-9200.0,-6299.999999999999,-6299.999999999999,-1500.0,-1500.0,8249.618910957779,8150.381089042221,1500.0,1500.0,-14940.213046547313,-15293.436323614473,flux_loop,0.3148,1.0428488876128712,,,0.0555313089528229
9605,True,0.8553573445664984,0.0095510949855047,0.5314775167991912,1.9133550154219352,-0.0818677234613034,665707.0378971281,,,,,1.0,22400.0,-1500.0,-1500.0,-6842.20064450983,-9200.0,-6299.999999999999,-1981.2227428304532,-1500.0,-1500.0,4096.461309409952,3626.7625698169422,1500.0,1500.0,-10049.193898384394,-10010.355015459538,flux_loop,0.3148,1.0428488876128712,,,0.0430463552288439
9606,True,0.9478614027738024,-0.0231928526227834,0.4869376777191986,1.8525492578591507,0.5475364525670462,678614.56807956,,,,,1.0,-22400.0,16800.0,16800.0,9200.0,9200.0,7100.0,7100.0,11200.0,11200.0,-13567.369728279682,-10532.080975393184,539.075943163854,-5833.779191172849,-6596.780477718477,-3386.4173810131433,flux_loop,0.3148,1.0428488876128712,,,0.0693896087341385
9607,True,0.8888661938685458,-0.0423839600871773,0.4557992498164697,2.3844481146352745,0.3660941958979693,1148874.3151587264,,,,,1.0,22400.0,16800.0,16800.0,8638.573288621767,9200.0,-6299.999999999999,6056.33739257188,-1500.0,-1500.0,-451.6078501604172,-1204.2180734257702,1500.0,1500.0,-16979.88959273925,-16371.367710024602,flux_loop,0.3148,1.0428488876128712,,,0.1542579530319165
9608,True,0.8599436268355823,-0.0206080361943137,0.5390441292484967,1.450694902300398,0.4952393650014769,549385.3438109648,,,,,1.0,-22400.0,16800.0,16800.0,9200.0,9200.0,-2050.650600526814,7100.0,-1500.0,984.9922633093644,-12378.633753433163,-15586.04649473666,-4376.292969685736,-2569.094914967103,-286.72340444880723,-1263.0896267591731,flux_loop,0.3148,1.0428488876128712,,,0.0328294059378417
9609,True,0.9417743775759588,0.0194964050540726,0.5340937049723353,1.40471818924159,-0.5595642662763327,1122663.199467157,,,,,1.0,22400.0,-1500.0,-1500.0,-9200.0,-9200.0,-6299.999999999999,-6299.999999999999,-1500.0,-1500.0,3817.923932413557,3851.562314225485,1500.0,1500.0,-13814.859875980526,-14470.38270055807,flux_loop,0.3148,1.0428488876128712,,,0.0629739614284941
9610,True,0.8886840951946275,-0.0004932554406854,0.4564430612736564,2.0822533060042288,-0.5030109510325101,520691.11289152823,,,,,1.0,-22400.0,-1500.0,-1500.0,-9200.0,-9200.0,-6299.999999999999,-6299.999999999999,1711.7631222824912,1874.7654037414864,8218.704694897013,8181.295305102987,1500.0,1500.0,-11338.584190220234,-11317.172203070004,flux_loop,0.3148,1.0428488876128712,,,-0.0262515584638882
9611,True,0.8694242354635345,0.0058552361075397,0.503866360649683,2.2470567351055775,-0.5534302838435622,1088131.0820392063,,,,,1.0,22400.0,-1500.0,-1500.0,-9200.0,-9200.0,1462.9633781887972,2049.6442291251083,11200.0,11200.0,8211.43604403932,8188.563955960682,-692.0880059665466,-697.0295982088463,-18400.0,-18400.0,flux_loop,0.3148,1.0428488876128712,,,0.0906238847605575
9612,True,0.9281235131632553,0.0387860006651094,0.4804917858085923,2.7452351547461684,-0.3385423757369263,911939.4527283176,,,,,1.0,22400.0,6851.831109015435,8316.498668192256,-9200.0,-9200.0,-6299.999999999999,-6299.999999999999,-1500.0,-1500.0,7637.8079914053715,6678.619804642214,1500.0,1500.0,-14482.80045844489,-15501.979770346928,flux_loop,0.3148,1.0428488876128712,,,0.102184438643453
9613,True,0.9306160846165016,0.044254651026342,0.5471637058211398,2.9969872088586156,-0.0976049180152843,1140725.315528439,,,,,1.0,22400.0,6106.853472336936,4984.485112752704,-7404.200784099535,-8537.54312177754,7100.0,7100.0,-1500.0,-37.64211139725474,3381.5184254630226,2726.826234254632,1500.0,1500.0,-14920.982375283984,-15993.138028959234,flux_loop,0.3148,1.0428488876128712,,,0.1140258660617433
9614,True,0.8857577519266433,-0.0239887825730723,0.5094090268213918,2.5446553162177894,0.539127831332466,1189034.0292795035,,,,,1.0,22400.0,11356.014483624322,13819.5895600672,-9200.0,-9200.0,-6299.999999999999,-6299.999999999999,7868.49610928937,4603.065033852055,-2877.918514918549,-1370.9520248996776,-28.30533469951214,-401.1792049427068,-14014.10252925976,-14131.63419785114,flux_loop,0.3148,1.0428488876128712,,,0.1232272601937646
9615,True,0.9364545607164332,0.0444442187893902,0.4756001956665368,1.4148322738882382,0.2862941799814222,1144671.262840191,,,,,1.0,22400.0,16800.0,16800.0,9200.0,9200.0,7100.0,7100.0,243.26025498697368,-1500.0,-13648.031907119132,-16951.968092880867,-9163.381710395646,-1054.242768938974,-4529.211594864034,-7896.625485789106,flux_loop,0.3148,1.0428488876128712,,,0.124431899390222
9617,True,0.9243915241970226,0.0045312392900593,0.4720036736221319,1.60723420707397,-0.3126957877400992,534203.9478382595,,,,,1.0,22400.0,-1500.0,-1500.0,-9200.0,-9200.0,-6299.999999999999,-6299.999999999999,-1500.0,-1500.0,3078.689407664022,3126.9159823316445,1500.0,1500.0,-7603.44672641837,-7686.824626573773,flux_loop,0.3148,1.0428488876128712,,,0.0332135837950483
9618,True,0.9355501353076798,0.0461561820594253,0.4540091514005888,3.042728086684658,-0.520960198228953,1015968.058480998,,,,,1.0,22400.0,10692.960078008646,13033.137773955334,-9200.0,-9200.0,-6299.999999999999,-6299.999999999999,-1500.0,-1500.0,8419.496238363496,7249.388652945836,1500.0,1500.0,-16179.78080572518,-17593.119347571443,flux_loop,0.3148,1.0428488876128712,,,0.1287954317382063
9619,True,0.9441982093143668,0.0014063066009769,0.5252178723552332,1.7079554484032569,0.2375804915652333,784086.1451850147,,,,,1.0,22400.0,11610.647692244916,11204.077978881223,-6540.296446144589,-5239.076432480974,-6299.999999999999,-6299.999999999999,-1500.0,-1500.0,-3453.5259420489906,-3524.0470783999044,1500.0,1500.0,-8371.53654601294,-8352.359292586758,flux_loop,0.3148,1.0428488876128712,,,0.0899847617956085
9620,True,0.8804187162252288,0.0375521668237416,0.5480415825468089,3.13020977297541,-0.588389415771314,1159009.6501325453,,,,,1.0,-22400.0,-1500.0,-829.1155435682247,5297.476884979338,1882.462206059634,3338.4928423509477,7100.0,-1500.0,-1500.0,3157.8341611036144,3052.950862845624,1500.0,1500.0,-15543.038761995576,-16338.785601503603,flux_loop,0.3148,1.0428488876128712,,,0.0245717436191547
9621,True,0.9204793894975568,-0.0080894269666578,0.5065999262949484,2.282680128412296,0.0910700409794587,1079390.369731997,,,,,1.0,22400.0,583.8709105367012,973.3298723874894,9200.0,8797.410394742872,-5765.275644628597,-6299.999999999999,-1500.0,-1500.0,75.83502984984459,251.32015025362332,1500.0,1500.0,-12545.409139155088,-12514.746540915308,flux_loop,0.3148,1.0428488876128712,,,0.0914516603130311
9622,True,0.9123795929788276,0.0381599827837183,0.467688993582741,2.3173013748336597,0.0346319117874825,751723.8693095241,,,,,1.0,22400.0,770.1181140228425,-1323.9550175440831,5103.292986093319,9200.0,-6299.999999999999,-3225.917280004866,-1500.0,-1500.0,1267.6490354395587,308.3990701729972,1500.0,1500.0,-9408.71756704579,-9417.715066235574,flux_loop,0.3148,1.0428488876128712,,,0.0727779874706737
9623,True,0.8823504050800282,-0.033947261037925,0.4775483113070672,2.672425205534176,0.107707416839464,589427.4840250999,,,,,1.0,22400.0,1243.4484020654245,1360.8894281982425,-4357.350840522459,-2335.3197271695635,7100.0,7100.0,-180.69346567578904,-1500.0,-284.220896689857,153.02174427400703,1500.0,1500.0,-7642.634592067764,-7507.355672511861,flux_loop,0.3148,1.0428488876128712,,,0.0710923216845042
9624,True,0.908243631733564,0.0073128389043822,0.5020303750859578,2.235745234521088,-0.3355696330973557,1145390.0514275562,,,,,1.0,-22400.0,-1500.0,-1500.0,-9200.0,-9200.0,-6299.999999999999,-6299.999999999999,1956.2656170455327,2567.8784133379404,8427.419897989967,7972.580102010034,1500.0,1500.0,-18400.0,-18400.0,flux_loop,0.3148,1.0428488876128712,,,0.0009979395169508
9625,True,0.8991308440755973,0.0098388103680894,0.5118344733419999,2.281610085512801,0.1475570083599789,1083692.9186061732,,,,,1.0,22400.0,2923.6571104457216,2194.474195063333,7963.883479534812,9200.0,-6299.999999999999,-5451.925872670948,-1500.0,-1500.0,-94.77292977261106,-348.80835297306174,1500.0,1500.0,-12782.5162607129,-12786.693669194176,flux_loop,0.3148,1.0428488876128712,,,0.0977240126200055
9626,True,0.8505329500216265,-0.0208997521451106,0.5424108140330497,1.7635063197663106,-0.5737574905864892,559252.4133431304,,,,,1.0,22400.0,-1500.0,-1500.0,-9200.0,-9200.0,-6299.999999999999,-6299.999999999999,-1500.0,-1500.0,7134.1464405867755,7175.721275853268,1500.0,1500.0,-10651.926274144374,-10240.1005636049,flux_loop,0.3148,1.0428488876128712,,,0.0399470414656128
9627,True,0.926316333318446,0.0494054051109855,0.5292108564366147,2.4786474349419,-0.0945649982458827,1054352.116382294,,,,,1.0,22400.0,7413.3273467676145,1536.1773479164892,-9195.770330959296,7531.4390162216605,-6299.999999999999,-6299.999999999999,-1500.0,-1500.0,4747.655228647637,3035.3036795416147,1500.0,1500.0,-14234.955203735422,-14715.292642491777,flux_loop,0.3148,1.0428488876128712,,,0.097696801687838
9628,True,0.9409671902376064,0.0222878614706445,0.4533823349497878,1.4215702007521054,-0.1846331132804521,863802.7989485161,,,,,1.0,22400.0,-1500.0,-1500.0,-9200.0,-9200.0,-6299.999999999999,-6299.999999999999,-1500.0,-1500.0,872.6223957960424,1058.1898432109908,1500.0,1500.0,-10697.07478589082,-11062.01440444257,flux_loop,0.3148,1.0428488876128712,,,0.0377091752722524
9629,True,0.8949969944859899,0.0423352776324508,0.4769642236005192,2.1128646010852905,-0.0598766315228169,982377.7824288544,,,,,1.0,22400.0,-1500.0,-753.8240782865122,-9200.0,-4783.783876344339,-6299.999999999999,-6299.999999999999,-1500.0,-1500.0,5073.577290140429,3577.4335573575277,1500.0,1500.0,-13468.630882945405,-13613.112134279923,flux_loop,0.3148,1.0428488876128712,,,0.065948823644618
9630,True,0.925297909750682,-0.014075457758692,0.4633684215793833,2.819109198036614,0.3703958272104845,1171137.6137332213,,,,,1.0,22400.0,16800.0,16800.0,-7164.986398098005,-515.333265060999,-6299.999999999999,-6299.999999999999,1899.5467321718256,-1500.0,1463.9825440857728,2311.533997524656,1500.0,1500.0,-16431.865252270352,-16391.52664120498,flux_loop,0.3148,1.0428488876128712,,,0.149674027128132
9631,True,0.9340942953427132,-0.0424564125152981,0.5437161440459309,2.8686438960075415,0.571578990149246,888939.5193570441,,,,,1.0,22400.0,5242.532956138408,6955.9963068128,-8089.390227447131,-9200.0,2889.9077994160257,-4486.77750651857,4026.092432594158,8087.499789139785,-2228.1623901601715,-2285.16960965609,1500.0,1500.0,-10350.140735294695,-10128.676544988792,flux_loop,0.3148,1.0428488876128712,,,0.0964618859994432
9632,True,0.8859464925617739,-0.0052224218537143,0.5277788393794935,2.988454917099381,0.5286049070846367,1037640.7636341326,,,,,1.0,22400.0,5199.535449348109,5350.370870799624,-9200.0,-9200.0,4185.8451903784635,3128.7690088761806,3922.063345260918,4415.91966607388,-1731.0392899964602,-1717.52415429528,1500.0,1500.0,-12325.372376772384,-12278.81072949751,flux_loop,0.3148,1.0428488876128712,,,0.1025302956588465
9633,True,0.9201958429439852,-0.0388447069770367,0.4570435200222424,2.3405143999459908,0.2837863039065076,684882.5800549735,,,,,1.0,22400.0,16800.0,16800.0,-9172.631723578826,-2813.349798646945,-6299.999999999999,-6299.999999999999,-1500.0,-1500.0,912.107525721118,636.2735396955378,1500.0,1500.0,-10358.662083955756,-9924.446879789177,flux_loop,0.3148,1.0428488876128712,,,0.1198243041609104
9634,True,0.8900455106418188,0.0076272527975646,0.5254545614389541,2.902542730334513,-0.5325760056808051,519523.2099942711,,,,,1.0,-22400.0,-1262.1997624786943,-1337.8071111272732,9200.0,9200.0,-4683.709080329847,-4101.729544748391,-1500.0,-1500.0,1992.984915104932,1917.3812568339783,1500.0,1500.0,-7878.628566036528,-7956.67276477792,flux_loop,0.3148,1.0428488876128712,,,-0.0119042054822081
9635,True,0.8974337312276501,0.0072926461894076,0.5211438517394951,2.520256475698631,-0.0036667026528809,936036.5548376424,,,,,1.0,22400.0,-1500.0,-1500.0,906.5148743532632,-54.74926347323242,6322.034274901602,7100.0,-1500.0,-1500.0,490.29788602088,407.1348025591549,1500.0,1500.0,-11174.057238441384,-11227.869909901436,flux_loop,0.3148,1.0428488876128712,,,0.0809961880338433
9636,True,0.9084107611677532,0.0209276771097023,0.5173290492232171,2.189902413836074,0.0662190721679281,1082623.925626551,,,,,1.0,22400.0,1568.784904924849,-211.7670850033843,3354.478986126636,9200.0,-6299.999999999999,-6299.999999999999,-1500.0,-1500.0,1192.7901114209203,503.5038935660595,1500.0,1500.0,-13060.13964763773,-13060.016176487685,flux_loop,0.3148,1.0428488876128712,,,0.0873972680048321
9637,True,0.9139971917293622,0.0181884952242849,0.4705618391048339,2.7035224684843477,-0.3816010606507574,927502.4766171552,,,,,1.0,-22400.0,5393.850654919411,6350.583240304953,-9200.0,-9200.0,-6299.999999999999,-6299.999999999999,-1500.0,-1500.0,8451.968235764118,7948.031764235883,1500.0,1500.0,-15808.794509289708,-16230.004732318572,flux_loop,0.3148,1.0428488876128712,,,0.0207948831468986
9638,True,0.8573690618365832,0.0241258026307739,0.5042460418915187,1.4276942619361948,-0.4215642216761189,575874.0717205658,,,,,1.0,22400.0,-1500.0,-1500.0,-9200.0,-9200.0,-6299.999999999999,-6299.999999999999,-1500.0,-1500.0,3356.9752026675637,3614.365212992024,1500.0,1500.0,-8400.249577908327,-8986.472765100814,flux_loop,0.3148,1.0428488876128712,,,0.0340868144358328
9639,True,0.8967857248598646,-0.00693957089906,0.511772750571587,3.004391337393652,0.155679634536564,605856.1617429348,,,,,1.0,22400.0,2564.0502646821164,2964.612860121002,-4857.634505476652,-7703.036180459608,1562.2172673908806,3616.987819606284,2107.4528863648734,2049.9717000497985,-373.83677668811976,-335.81986263591335,1500.0,1500.0,-7542.960277178624,-7491.552947670587,flux_loop,0.3148,1.0428488876128712,,,0.0766195243124371
9640,True,0.904354705597186,-0.0050698560277912,0.4716539227083743,1.5813264431513845,-0.5496025404691449,596127.1743945997,,,,,1.0,22400.0,-1500.0,-1500.0,-9200.0,-9200.0,-6299.999999999999,-6299.999999999999,-1500.0,-1500.0,3914.587804914602,3941.9936848312022,1500.0,1500.0,-8758.063345664239,-8656.17291595335,flux_loop,0.3148,1.0428488876128712,,,0.0381539302368813
9641,True,0.9205964412365684,0.0034322622487401,0.5421015253354446,2.5593759877543585,0.4357938295474318,1135046.653886078,,,,,1.0,22400.0,9175.344670429433,9056.372229594952,-9200.0,-9200.0,-6299.999999999999,-6299.999999999999,7615.991876540689,7887.214512464809,-2467.808890933507,-2598.3036078281093,1500.0,1500.0,-13203.98373438092,-13178.844953280195,flux_loop,0.3148,1.0428488876128712,,,0.116077149186464
9642,True,0.9062987205440908,0.0386925569423058,0.5331867677981074,2.1134283155662974,0.0463315651374042,1032515.6932660248,,,,,1.0,22400.0,1200.171381835287,-1500.0,331.70458080254787,9200.0,-6299.999999999999,-5348.199554748625,-1500.0,-1500.0,1785.9285222044098,493.4358276944783,1500.0,1500.0,-12634.879299957112,-12633.10948810131,flux_loop,0.3148,1.0428488876128712,,,0.0808616066589191
9643,True,0.8619556630871077,0.0448230291139572,0.5259377710846893,1.6401177880963884,-0.3892342331680966,1045239.721310668,,,,,1.0,22400.0,-1500.0,-1500.0,-9200.0,-9200.0,-6299.999999999999,-6299.999999999999,-1500.0,-1500.0,4212.052362606415,4326.708604365688,1500.0,1500.0,-13507.444416543767,-14793.019056811148,flux_loop,0.3148,1.0428488876128712,,,0.0594349327446291
9644,True,0.9257330042427708,0.0467948058522067,0.5119285667426572,3.048424713052498,-0.4999535852799803,1118732.5739388943,,,,,1.0,-22400.0,9539.751504020944,6034.634990824732,-4625.096108275682,6731.432366175754,-6299.999999999999,-6299.999999999999,-1500.0,-1500.0,4930.09793668003,4065.682047579565,1500.0,1500.0,-15607.06323266104,-16601.889316434186,flux_loop,0.3148,1.0428488876128712,,,0.0472108423230573
9645,True,0.8763653808922003,-0.0367680468083021,0.5452598707408961,2.045214940159507,0.5652903758223226,802753.3080537603,,,,,1.0,22400.0,11898.50753058684,16474.625534333107,-9200.0,-9200.0,-6299.999999999999,-6299.999999999999,3960.0516538340335,-1500.0,-3925.884035380155,-2479.5404400877023,-3289.1174749138836,-2785.9130169833084,-6450.15302621005,-7515.934182315285,flux_loop,0.3148,1.0428488876128712,,,0.1014204514728231
9646,True,0.8612280132658807,0.0094295028435387,0.5212483798608855,3.110708647618761,-0.377557846473359,506650.30010619265,,,,,1.0,-570.7613052883589,-1500.0,-945.1936142957422,3808.117326154971,-1730.321880804466,3070.657355140303,7100.0,-1500.0,-1500.0,1518.5537424632844,1477.225152145188,1500.0,1500.0,-7568.084787016563,-7685.633573375877,flux_loop,0.3148,1.0428488876128712,,,0.0231720306551375
9647,True,0.8757006945719013,0.0055142804860845,0.5229216897352864,1.7350880152421193,-0.2445469218560775,1033175.2915865872,,,,,1.0,22400.0,-1500.0,-1500.0,-9200.0,-9200.0,-6299.999999999999,-6299.999999999999,-1500.0,-1500.0,4149.391352768412,4180.5074885131935,1500.0,1500.0,-13965.381327975108,-14100.236126821072,flux_loop,0.3148,1.0428488876128712,,,0.0541833204013088
9648,True,0.8884659683035422,0.0290787938819599,0.5386606340185991,2.731039127898585,-0.5507095186406273,855514.4715619378,,,,,1.0,-22400.0,2507.5561025045845,1225.1748941892265,-2739.4723186464653,3222.2034245840323,-6299.999999999999,-6299.999999999999,-1500.0,-1500.0,4337.657223500511,3724.4271188309745,1500.0,1500.0,-12335.09016865144,-12840.358976638245,flux_loop,0.3148,1.0428488876128712,,,0.0073981747190497
9649,True,0.8514952605691094,-0.0021250407122847,0.5163732722725592,2.5199943519941153,0.3786356779780052,672655.5198622008,,,,,1.0,22400.0,6051.244488948022,6169.07423742404,-9200.0,-9200.0,-6299.999999999999,-6299.999999999999,7243.300742239588,7243.350757763336,-1756.196013480812,-1736.6129112988358,1500.0,1500.0,-8666.784527214784,-8661.988501618442,flux_loop,0.3148,1.0428488876128712,,,0.0803482824814161
9650,True,0.9073546431476152,0.0309802462725729,0.5165355291486056,2.242162131227051,-0.4741974767190308,827762.9049390503,,,,,1.0,-22400.0,-1500.0,-1500.0,-9200.0,-9200.0,-6299.999999999999,-6299.999999999999,-1500.0,-504.9131119813421,8379.998501613461,8020.001498386539,1500.0,1500.0,-14130.744663287012,-14415.568922541202,flux_loop,0.3148,1.0428488876128712,,,-0.0173009982004103
9651,True,0.8823006260545051,0.0155464780864065,0.4578049031820527,2.455407622518556,-0.1114450526535928,1071617.196174604,,,,,1.0,22400.0,-1189.9810160284917,-1500.0,14.127940517671952,2865.286771507503,-6299.999999999999,-6299.999999999999,-1500.0,-1500.0,4225.84415039445,3645.5914021116982,1500.0,1500.0,-14546.242693506843,-14627.84531510652,flux_loop,0.3148,1.0428488876128712,,,0.0776162774186953
9652,True,0.8798509966700528,-0.0481317760797351,0.5012677479454576,1.6878750136095246,-0.0309838630017964,518050.65139057353,,,,,1.0,22400.0,-1374.1073248659873,-1500.0,-6723.163499787048,-9200.0,-6299.999999999999,-6299.999999999999,-1500.0,-1500.0,2835.2500732409653,3369.5467131356754,1500.0,1500.0,-8127.635262867342,-7799.360810459343,flux_loop,0.3148,1.0428488876128712,,,0.0273913386142529
9653,True,0.8594905065636762,-0.0243264306766419,0.4532605263832608,1.768088641629997,-0.1578042541134443,654330.4429455387,,,,,1.0,22400.0,-1500.0,-1500.0,-9200.0,-9200.0,-6299.999999999999,-6299.999999999999,-1500.0,-1500.0,4721.853306968314,4745.212600502197,1500.0,1500.0,-10716.679289678792,-10267.872482565108,flux_loop,0.3148,1.0428488876128712,,,0.0353737600887323
9654,True,0.8857496158820604,-0.0054043854175902,0.5215203846857253,1.8918757610222163,-0.1234478694919104,688394.7495770998,,,,,1.0,22400.0,-1500.0,-1500.0,-9200.0,-9200.0,-6299.999999999999,-6299.999999999999,-1500.0,-1500.0,3964.450860016007,4006.753616468903,1500.0,1500.0,-10005.47310638675,-9933.539114024845,flux_loop,0.3148,1.0428488876128712,,,0.0401574534482505
9655,True,0.9345896775883132,-0.0208423206773844,0.5484236994747295,1.7162434333686831,-0.1522148821996162,688742.5683466351,,,,,1.0,22400.0,-1500.0,-1500.0,-9200.0,-9200.0,-6299.999999999999,-6299.999999999999,-1500.0,-1500.0,2658.091026352739,2681.5444231192787,1500.0,1500.0,-9091.306058457978,-8834.615951996766,flux_loop,0.3148,1.0428488876128712,,,0.038088945659828
9656,True,0.9299766018912138,0.0418968786635407,0.4857727675297371,2.5229446085342024,-0.3012638375666727,665116.0168113952,,,,,1.0,22400.0,3784.200230850936,5586.837997429591,-9200.0,-9200.0,-6299.999999999999,-6299.999999999999,-1500.0,-1500.0,6714.200926912955,5701.380231314429,1500.0,1500.0,-11076.69133501927,-11750.35621426474,flux_loop,0.3148,1.0428488876128712,,,0.0775225341052878
9657,True,0.9453221041534268,-0.0365859973735829,0.4965602707949872,1.5586239169789269,0.4345680748104282,708626.9905628852,,,,,1.0,-22400.0,16800.0,16800.0,9200.0,9200.0,7100.0,7100.0,11200.0,11200.0,-17123.813799650816,-12538.553919233404,600.7560432537051,-8945.763722473359,-5433.951844496149,-961.0515140537556,flux_loop,0.3148,1.0428488876128712,,,0.0622617100445192
9658,True,0.8578466701410976,-0.0205644543490043,0.4808132671871357,2.3049472941708435,0.4832454876651112,702121.2619971355,,,,,1.0,22400.0,15230.09775528234,16800.0,-9200.0,-9200.0,-6299.999999999999,-6299.999999999999,-1500.0,-1500.0,307.7348073109453,-173.4994239958823,-2290.3833161320094,-319.2784185681952,-7818.730908620241,-9279.9317980041,flux_loop,0.3148,1.0428488876128712,,,0.1065213833079335
9659,True,0.940209872884757,0.0064587375059357,0.5197395385297162,1.6856774370257046,0.1418021808546348,692721.4702166528,,,,,1.0,22400.0,6078.456730408012,4707.692476045756,-7531.219927888487,-3151.955573689134,-6299.999999999999,-6299.999999999999,-1500.0,-1500.0,-816.8368027677033,-1124.6076390508117,1500.0,1500.0,-8239.162617527027,-8172.3764707799855,flux_loop,0.3148,1.0428488876128712,,,0.0648121894503794
9660,True,0.90406554422896,-0.046779204831358,0.48926517785861,1.8817051772813096,0.4585593957399497,618771.365290569,,,,,1.0,22400.0,16800.0,16800.0,7955.207440704053,9200.0,-6299.999999999999,7100.0,-1500.0,2834.6126363500266,-5511.014061868679,-9697.9917447006,-736.5891464429453,1500.0,-5862.241183420811,-6937.90078783932,flux_loop,0.3148,1.0428488876128712,,,0.1278684639067982
9661,True,0.8814942344896676,0.0265673197656912,0.4637580010473766,2.6298825431770467,0.237324397625633,844295.2406980036,,,,,1.0,22400.0,14477.426374796474,11864.792947738755,-9200.0,-9200.0,-6299.999999999999,-6299.999999999999,-1500.0,2324.8013042702696,2478.739899261366,1140.8560681079716,1500.0,1500.0,-12317.616728429482,-12272.857220588796,flux_loop,0.3148,1.0428488876128712,,,0.1113459865742303
9662,True,0.9219436293673764,0.0222903257370479,0.5441353082973089,1.8387030255302317,-0.5374189249880461,517189.63360056706,,,,,1.0,22400.0,-1500.0,-1500.0,-9200.0,-9200.0,-6299.999999999999,-6299.999999999999,-1500.0,-1500.0,6779.686650233662,6816.369217098877,1500.0,1500.0,-9342.998224424597,-9643.888290590092,flux_loop,0.3148,1.0428488876128712,,,0.0398755201034117
9663,True,0.8737258767239888,-0.0054487569589401,0.4593585379734397,2.5458277659344457,0.5049934932622014,906329.2951204102,,,,,1.0,22400.0,16800.0,16800.0,-3716.8007116092735,-1870.2747680104555,-6299.999999999999,-6299.999999999999,-1500.0,-1500.0,890.7437406475244,533.0791902379464,-1166.2677838309514,-54.84645484524794,-11828.810999703172,-12603.40221328325,flux_loop,0.3148,1.0428488876128712,,,0.1258717734900336
9664,True,0.8747399778640357,-0.030372167199298,0.4630697061308742,2.4795873726965,0.219080793756251,524923.2739617829,,,,,1.0,22400.0,8665.964870249347,11141.58032282535,-9200.0,-9200.0,-6299.999999999999,-6299.999999999999,3498.323276663138,-60.50602507381373,189.15209797092953,1333.4033557278487,1500.0,1500.0,-7891.769383136872,-7967.25120075025,flux_loop,0.3148,1.0428488876128712,,,0.0872435789241968
9665,True,0.927981920064202,0.0452987769030652,0.5319187715584428,2.123240541123178,-0.4454005839457869,1048406.2150648376,,,,,1.0,-22400.0,-1500.0,-1500.0,-9200.0,-9200.0,-6299.999999999999,-6299.999999999999,1449.0239930191146,1788.7945873811889,8250.827690937287,8149.172309062715,1500.0,1500.0,-16451.91612587546,-17481.466922866843,flux_loop,0.3148,1.0428488876128712,,,-0.0026803648268457
9666,True,0.8741741150967747,0.0048085029032092,0.4595273562441148,1.6076421724242296,0.4257064373767844,1069732.0460816787,,,,,1.0,22400.0,16800.0,16800.0,9200.0,9200.0,7100.0,7100.0,7817.9351831472595,8165.161094119908,-14958.575380862638,-15641.424619137362,-9200.0,-9200.0,-4867.586591586164,-4280.667585759511,flux_loop,0.3148,1.0428488876128712,,,0.1292907717456487
9667,True,0.8689495623387848,-0.0026201470193083,0.4737308511129179,2.2314420397049073,0.4622052493618761,1057737.5072439862,,,,,1.0,22400.0,16800.0,16800.0,9200.0,9200.0,2862.1870918501595,3820.788168205445,-1500.0,-1500.0,-5006.803113736711,-5127.299382278869,1500.0,1500.0,-13976.584092725938,-13928.184224129323,flux_loop,0.3148,1.0428488876128712,,,0.1417626048118039
9669,True,0.9302826656033308,0.015840437601711,0.4509837512256077,1.403581665911622,-0.0877994806485212,1125443.5234093247,,,,,1.0,22400.0,-1500.0,-1500.0,-9200.0,-9200.0,-6299.999999999999,-6299.999999999999,-1500.0,-1500.0,-1031.9278240235024,-892.4407982964179,1500.0,1500.0,-13533.43416778138,-13756.957892871556,flux_loop,0.3148,1.0428488876128712,,,0.0373995379507429
9670,True,0.9419180580792852,-0.0262029661580815,0.5418694452745959,1.4953341415541856,0.4802679574912379,721826.2389855662,,,,,1.0,22400.0,16800.0,16800.0,9200.0,9200.0,7100.0,7100.0,577.1421864140882,10472.914926176,-13326.965015507632,-17273.034984492366,-3823.3117630865872,-2860.7045089611197,-2380.836033032308,-2916.013065896994,flux_loop,0.3148,1.0428488876128712,,,0.1265231472966477
9671,True,0.9170950414885708,-0.0423522630196391,0.5266443362127888,3.031611375558511,-0.5451799243732744,566440.3162063158,,,,,1.0,-22400.0,-666.5445859646088,-220.7743827357409,9200.0,9200.0,-1550.541650040285,-3738.997486803296,-1500.0,-1500.0,1672.639606353889,1929.413517470405,1500.0,1500.0,-8683.929065564109,-8166.45275725651,flux_loop,0.3148,1.0428488876128712,,,-0.0054505316370682
9672,True,0.9072449952979752,0.0239101432803667,0.4724301531088988,1.5547548090732397,0.1448540339738294,885859.6314668383,,,,,1.0,22400.0,7613.72985229632,6758.388177212629,-9200.0,-5772.1590428902955,-6299.999999999999,-6299.999999999999,-1500.0,-1500.0,-2628.6126646297093,-3188.6713320851795,1500.0,1500.0,-10694.680686852882,-10463.505543559855,flux_loop,0.3148,1.0428488876128712,,,0.066950924836433
9673,True,0.8699856777943148,-0.0038081512499656,0.5111357959674124,2.194251366540964,-0.2794046171371325,970550.9493904156,,,,,1.0,22400.0,-1500.0,-1500.0,-9200.0,-9200.0,-6299.999999999999,-6299.999999999999,-1500.0,-1500.0,7389.168394449562,7462.67285330247,1500.0,1500.0,-15365.282637723709,-15287.166465756574,flux_loop,0.3148,1.0428488876128712,,,0.0577566264521692
9674,True,0.8847909329433403,-0.0017715126617159,0.5344241018396472,1.6046389552298912,0.1965737514525525,697944.5846984846,,,,,1.0,22400.0,3359.041023187132,3670.231491467979,8789.042147271286,8165.094417996083,-6299.999999999999,-6299.999999999999,-1500.0,-1500.0,-3513.165647220319,-3467.6804809779665,1500.0,1500.0,-8183.3528979334815,-8193.368994019762,flux_loop,0.3148,1.0428488876128712,,,0.0641814030095158
9675,True,0.9019496392442335,-0.0105074563025287,0.4834633377053165,2.784846010727195,0.2287657025990089,1018926.0150832362,,,,,1.0,22400.0,8997.345077040924,9809.665012061696,-9200.0,-9200.0,-2721.1085449848224,-3866.715808500734,3922.0625349695383,3704.2493434271782,151.24385123954994,426.833909488294,1500.0,1500.0,-13179.40314187972,-13129.993296170263,flux_loop,0.3148,1.0428488876128712,,,0.1159263480664898
9676,True,0.914788298858767,0.020946954573471,0.4501151443745965,2.1350060325525764,-0.3781936412766328,824485.4423508656,,,,,1.0,-22400.0,-1500.0,-1500.0,-9200.0,-9200.0,-2394.7931095327363,-6299.999999999999,11200.0,11200.0,7912.770925586519,8487.229074413483,1500.0,1500.0,-16020.00646489494,-16806.69726509505,flux_loop,0.3148,1.0428488876128712,,,0.001576606493681
9678,True,0.8608003636642912,-0.0027237136878351,0.4935576847050227,1.6134396363675534,-0.0577732763381615,796522.9725254797,,,,,1.0,22400.0,-1500.0,-1500.0,-9200.0,-9200.0,-6299.999999999999,-6299.999999999999,-1500.0,-1500.0,3332.5910031138765,3374.16654936302,1500.0,1500.0,-11797.08962803009,-11770.342647296931,flux_loop,0.3148,1.0428488876128712,,,0.0354211601857066
9679,True,0.9222776352022274,0.0490266892140864,0.5276044083305702,2.0070374198846697,-0.1513995074999906,899649.0424525526,,,,,1.0,22400.0,-1500.0,-1298.8210074349454,-9200.0,-9200.0,-6299.999999999999,-6299.999999999999,-1500.0,-1500.0,4879.936093272508,4502.228632505712,1500.0,1500.0,-12140.820367311611,-12917.42495380389,flux_loop,0.3148,1.0428488876128712,,,0.0559320678709701
9680,True,0.9297620868424896,-0.0078949124766057,0.543239288510288,1.995678273241622,-0.3679911053378178,752615.0141287721,,,,,1.0,22400.0,-1500.0,-1500.0,-9200.0,-9200.0,-6299.999999999999,-6299.999999999999,-1500.0,-1500.0,6610.228761456448,6690.538228674269,1500.0,1500.0,-12105.6761175299,-11982.340299749403,flux_loop,0.3148,1.0428488876128712,,,0.0486151010280826
9681,True,0.8615114613198563,0.0300625849250534,0.5336457809124286,3.038545619762628,-0.1620812158085206,1003794.9034440812,,,,,1.0,22400.0,936.204515021708,917.1112026627276,-1852.4526671349824,-4382.403493531706,6410.555144536311,7100.0,-1500.0,-677.9988191494468,2775.029404913475,2368.4151577575717,1500.0,1500.0,-13480.614913561749,-14122.2369027446,flux_loop,0.3148,1.0428488876128712,,,0.092764903128572
9682,True,0.9430727130160206,-0.0319371051912037,0.5390678209466642,1.6125045522920278,0.4308436869481679,874022.0220970984,,,,,1.0,-22400.0,16800.0,16800.0,9200.0,9200.0,7100.0,7100.0,-31.27751837492737,11200.0,-12897.0621517501,-17478.466391339563,-668.8015088111839,1345.546703402809,-6218.227136088586,-7345.4393637783105,flux_loop,0.3148,1.0428488876128712,,,0.062266730804676
9683,True,0.8720708879070663,0.0213691820691318,0.5427828518884666,2.870012114699154,-0.0723251933786783,738537.7813005527,,,,,1.0,-4473.386565085625,136.70761659996302,609.7460858607692,-2393.4507537978047,-5298.496379855798,7100.0,7100.0,-1500.0,-618.6750356559277,1282.418744539895,1032.2827286208528,1500.0,1500.0,-9766.184702477336,-10017.226991340696,flux_loop,0.3148,1.0428488876128712,,,0.0328359726936214
9684,True,0.9019142907254734,-0.0362852675993817,0.4925412794421111,2.2746823076074496,-0.3110691565625578,863325.9744056712,,,,,1.0,-22400.0,-1500.0,-1500.0,-9200.0,-9200.0,-6299.999999999999,-6299.999999999999,1327.6918843646708,-230.46356556777843,7650.854063529697,8749.145936470304,1500.0,1500.0,-15361.220051208507,-14785.434718180642,flux_loop,0.3148,1.0428488876128712,,,-0.0171827595911962
9685,True,0.9418435919818556,-0.0378636431828815,0.4703873720819672,2.735796264325155,0.4753015268328285,612900.0805791133,,,,,1.0,22400.0,11004.863690460108,14553.846436391092,-9200.0,-9200.0,-6299.999999999999,-6299.999999999999,5171.149795784909,597.1431279895328,-643.9367020569618,1000.8302462317572,1302.4127280421378,1027.9626762286878,-8584.601299773267,-8591.81478778597,flux_loop,0.3148,1.0428488876128712,,,0.1062451967523072
9686,True,0.9099241086039812,-0.0094230837956888,0.5347149577060439,1.8555318004067087,-0.3656841710259186,1144811.4254820333,,,,,1.0,22400.0,-1500.0,-1500.0,-9200.0,-9200.0,-6299.999999999999,-6299.999999999999,-1500.0,-1500.0,5531.473239289377,5633.157521995275,1500.0,1500.0,-15757.905890961389,-15529.04914196598,flux_loop,0.3148,1.0428488876128712,,,0.0639863647200305
9687,True,0.8981643797975947,-0.0146707878252296,0.5412556780745327,1.64827628431022,0.2351148999578107,1195571.0353925067,,,,,1.0,22400.0,14334.2587889447,15022.355473337062,-9200.0,-9200.0,-6299.999999999999,-6299.999999999999,-1500.0,-1500.0,-5666.735073716311,-5634.131191076915,1500.0,1500.0,-13087.306403503955,-13158.222003078234,flux_loop,0.3148,1.0428488876128712,,,0.1022631596415146
9688,True,0.8852145653039655,-0.048013842051938,0.4648796318041844,2.01480226762191,0.0548791667288443,761593.8202376296,,,,,1.0,22400.0,1152.0754663566065,4231.230651895827,2850.2572258422165,-9200.0,-6299.999999999999,-6299.999999999999,-1500.0,-1500.0,1246.9470789391598,2980.1799001233976,1500.0,1500.0,-10540.010703606513,-10693.719504932282,flux_loop,0.3148,1.0428488876128712,,,0.0625834545008776
9689,True,0.94043887857466,0.0047357256088143,0.5374405884398111,2.856655496621712,0.4110127543805816,944382.2488776598,,,,,1.0,22400.0,6883.84618055922,6659.64260236906,-9200.0,-9200.0,-812.4103286559063,69.87762153620741,5055.650857371787,4713.565723959526,-1463.6454875988102,-1475.830694778374,1500.0,1500.0,-10867.059614402,-10896.316812325224,flux_loop,0.3148,1.0428488876128712,,,0.1054918004777612
9690,True,0.9221613400346717,0.0292424171093551,0.5378292779247362,2.717822748596677,-0.4233753425004228,1113357.598418843,,,,,1.0,-22400.0,7119.756347832136,6739.788392033997,-9200.0,-5356.646589212427,-6299.999999999999,-6299.999999999999,-1500.0,-1500.0,5550.619960629425,4896.4144201617055,1500.0,1500.0,-15609.208895448715,-16386.266790355367,flux_loop,0.3148,1.0428488876128712,,,0.0352328769979247
9691,True,0.8764958095007583,-0.0257868476207648,0.5330093947143472,2.6831994779326744,-0.5310127898879424,583903.7138626261,,,,,1.0,-22400.0,-570.150664305397,361.5112716634124,5751.193542058323,2044.6099935914804,-6299.999999999999,-6299.999999999999,-1500.0,-1500.0,2805.078202528752,3216.7259592032187,1500.0,1500.0,-9213.246985477188,-8888.919782616491,flux_loop,0.3148,1.0428488876128712,,,-0.0128870346623069
9692,True,0.911528303443971,-0.0003700790580883,0.5424512086256869,3.1836647031295273,0.2332117828783267,812569.3042634756,,,,,1.0,-22400.0,3004.296881792805,3070.9244992542613,-3312.1987081425514,-3747.715171377669,1702.9051324318575,1891.5242928996224,937.8867767508342,960.6867805301872,-44.5491515300216,-40.32993725018135,1500.0,1500.0,-9951.722237779237,-9943.821770791716,flux_loop,0.3148,1.0428488876128712,,,0.0165438131889953
9693,True,0.8868269762550125,-0.0062170560697379,0.5340547999506569,2.515444008938437,0.045040246001617,1176270.4541545012,,,,,1.0,22400.0,-1500.0,-1500.0,3183.9333484754675,3557.344125572929,5330.678022938537,4750.126978319909,-1500.0,-1500.0,67.8168972362926,168.696215874529,1500.0,1500.0,-13608.24713864634,-13544.579833394017,flux_loop,0.3148,1.0428488876128712,,,0.093492916869977
9694,True,0.9261174395529504,0.0006599544965338,0.4714624927711107,1.5529498103746346,0.5752313738895484,896129.4559985056,,,,,1.0,22400.0,16800.0,16800.0,9200.0,9200.0,7100.0,7100.0,4313.915769540079,4508.794958693875,-15194.98061327586,-15405.01938672414,-9200.0,-9200.0,-1545.68290681817,-1416.5320897757765,flux_loop,0.3148,1.0428488876128712,,,0.1207241773218124
9695,True,0.9141993551526296,0.0248729106879031,0.503070359013877,3.044193705462513,0.4980189190729868,844455.5937448462,,,,,1.0,22400.0,7938.5539163043795,6615.092684974294,-9200.0,-9200.0,-5685.196068026898,555.1039368021127,7389.370440956341,4819.970684389911,-1118.9807353688302,-1171.743102811772,1500.0,1500.0,-10516.776127897618,-10691.171003268904,flux_loop,0.3148,1.0428488876128712,,,0.1004505912780964
9696,True,0.8885193238403732,-0.0001734704392876,0.5419879181556361,1.839809002511542,-0.5704747577255977,747433.8146265561,,,,,1.0,22400.0,-1500.0,-1500.0,-9200.0,-9200.0,-6299.999999999999,-6299.999999999999,-1500.0,-1500.0,8183.056362119964,8216.943637880036,1500.0,1500.0,-13036.832898518418,-13031.365903439426,flux_loop,0.3148,1.0428488876128712,,,0.0503331576976407
9697,True,0.8857909820695484,0.0090346282825902,0.4852289794902706,1.9318035208993911,0.0540639525006906,875777.5689488347,,,,,1.0,22400.0,3403.669835174971,3805.747829273008,-9200.0,-9200.0,-6299.999999999999,-6299.999999999999,-1500.0,-1500.0,2735.6733445438335,2500.1534819784047,1500.0,1500.0,-12092.452313453094,-12088.270893484734,flux_loop,0.3148,1.0428488876128712,,,0.0671635242394362
9698,True,0.9014925131498196,-0.0193764102194548,0.5473033215820401,1.6785306862088294,0.4522515874470455,973905.2122488267,,,,,1.0,-22400.0,16800.0,16800.0,9200.0,9200.0,-73.19946439526294,7100.0,-1500.0,1206.2698861934168,-11564.355446848334,-14432.409133457928,-1726.7061780318586,728.7488562443623,-6996.711497818053,-8448.926468145466,flux_loop,0.3148,1.0428488876128712,,,0.0534798264082229
9699,True,0.9222178821041924,0.0300840484727693,0.4580222622870235,1.5427249376091487,-0.0733740208538014,1001617.9083417384,,,,,1.0,22400.0,-1500.0,-1500.0,-9200.0,-9200.0,-6299.999999999999,-6299.999999999999,-1500.0,-1500.0,1603.6031771155406,1657.890773390763,1500.0,1500.0,-12828.87976103187,-13248.8794371217,flux_loop,0.3148,1.0428488876128712,,,0.0435040480384697
9700,True,0.9223277378131934,-0.0100563615675977,0.5333708663428356,2.654365236846391,0.5383398122510475,943833.2598466516,,,,,1.0,22400.0,7818.572916931519,8233.502221581211,-9200.0,-9200.0,-6299.999999999999,-6299.999999999999,9123.085585876835,8843.089953945628,-3038.283943025731,-2798.591535607212,1500.0,1500.0,-11088.125505661936,-11134.686913830568,flux_loop,0.3148,1.0428488876128712,,,0.102561642803243
9701,True,0.9498323915433772,0.0189818988651796,0.5242236407606601,2.134323909141873,0.2538499095987072,979311.6180133596,,,,,1.0,22400.0,15498.744553190229,12983.432194583034,-9200.0,-9200.0,-6299.999999999999,-831.282180647117,-1500.0,-1500.0,-436.92793010247783,-955.7590974377608,1500.0,1500.0,-11817.846295353893,-11787.570750894502,flux_loop,0.3148,1.0428488876128712,,,0.1186937002715724
9702,True,0.9227613886707406,0.0124845165323094,0.4838812637424114,3.101650038311748,0.2744688750799071,1156907.3260791004,,,,,1.0,22400.0,9319.47874811787,8499.567388088528,-9200.0,-9200.0,-2563.636273275027,-305.73889060613965,5095.326726661048,4523.585049226831,-144.78264457810994,-295.8631163700716,1500.0,1500.0,-14069.073548399116,-14197.15476295248,flux_loop,0.3148,1.0428488876128712,,,0.1266579256465909
9703,True,0.8551192248252528,0.0474849789474523,0.4978023630901723,2.858238986404211,0.1236523789747774,913644.505633926,,,,,1.0,22400.0,2127.316201324684,2082.567123705201,-4231.8479092974285,-7649.059267659101,7100.0,7100.0,-450.9814314291892,1091.8943035935797,314.2117004013239,-359.89652125756635,1500.0,1500.0,-11059.002912389751,-11398.823371373132,flux_loop,0.3148,1.0428488876128712,,,0.0934370273682815
9704,True,0.8974009681081021,0.0209985658042389,0.4602074465115298,3.0140620115784618,0.4287310021821945,601512.0870755932,,,,,1.0,22400.0,9120.214060868757,8212.980798175799,-9200.0,-9200.0,-6299.999999999999,-6299.999999999999,4974.341191958324,6384.028334826367,291.95176065974465,-403.7650815065495,1500.0,1500.0,-8735.70996518289,-8667.315539645244,flux_loop,0.3148,1.0428488876128712,,,0.0897859832033206
9705,True,0.9405546788814904,0.0391961510352095,0.5162527266239533,1.505344402878964,0.2037273457063266,757599.227895767,,,,,1.0,22400.0,11925.477846383836,3035.68664341781,-9200.0,9200.0,-6299.999999999999,-674.4110538419404,-1500.0,-1500.0,-4840.966173427467,-6243.639567953772,1500.0,1500.0,-7989.649479465761,-7524.395300998418,flux_loop,0.3148,1.0428488876128712,,,0.0697295296412565
9706,True,0.9491722162722854,0.0436131053493827,0.4715887963727608,3.0912733608698355,0.1280807277198749,944317.9171538672,,,,,1.0,22400.0,10068.463854721043,7679.3961960269135,-9200.0,-9200.0,2970.699374889451,3384.6420095281787,437.25385478000607,2309.0743795117555,1897.3379425319808,952.734238863274,1500.0,1500.0,-12328.317851445045,-12766.10310864423,flux_loop,0.3148,1.0428488876128712,,,0.1158290168145675
9707,True,0.8633823685405762,0.0102612678756438,0.5241133597685467,2.009005588328474,-0.5249424778144604,895670.3614775619,,,,,1.0,-22400.0,-1500.0,-1500.0,-9200.0,-9200.0,-6299.999999999999,-6299.999999999999,132.82071332615038,-473.88218346461815,8027.43922275154,8372.560777248462,1500.0,1500.0,-15174.07203998226,-15545.774906469203,flux_loop,0.3148,1.0428488876128712,,,-0.0148404298308392
9708,True,0.8846802598279914,-0.0468504656247872,0.5432545636604917,1.7489754466559446,-0.5177670461113405,582617.5939150539,,,,,1.0,22400.0,-1500.0,-1500.0,-9200.0,-9200.0,-6299.999999999999,-6299.999999999999,-1500.0,-1500.0,6934.080163010393,7047.841874027118,1500.0,1500.0,-10958.493974654291,-10061.452839994616,flux_loop,0.3148,1.0428488876128712,,,0.0401362226791463
9709,True,0.8570773467679438,-0.0171075839241342,0.4846835602650526,2.448149608772375,-0.2466978691243496,676415.9660009375,,,,,1.0,22400.0,944.3048669941428,2423.3099457397875,-2513.599325599637,-7897.178325770611,-6299.999999999999,-6299.999999999999,-1500.0,-1500.0,4852.668682999876,5525.5923386558125,1500.0,1500.0,-11213.555650892691,-11117.682526342192,flux_loop,0.3148,1.0428488876128712,,,0.0620792252933337
9710,True,0.8760985952848569,0.0241301325177006,0.5446920375684791,2.0680083347781504,0.1535098000940118,1016540.1778956264,,,,,1.0,22400.0,4601.504158697005,1866.659044686104,1351.1949818913797,9200.0,-6299.999999999999,-6299.999999999999,-1500.0,-1500.0,443.2401519111684,-357.6697660999022,1500.0,1500.0,-12680.548618232437,-12616.15372041912,flux_loop,0.3148,1.0428488876128712,,,0.0872309823892929
9711,True,0.8541839117157455,-0.017540131240166,0.4978753655785857,2.27241529714036,-0.0186373494026867,532110.710643895,,,,,1.0,22400.0,-1500.0,-1500.0,1262.1025585504383,3081.6051845895886,3882.9002029850544,1291.2986192757885,-1500.0,-1500.0,861.0786027398301,1164.3180124555806,1500.0,1500.0,-7567.055774102683,-7520.186810110295,flux_loop,0.3148,1.0428488876128712,,,0.0549200987178152
9712,True,0.8775536872916636,0.021012120388037,0.5037113052220867,1.8845826719691712,-0.5538024246933887,887257.2067906624,,,,,1.0,-22400.0,-1500.0,-1500.0,-9200.0,-9200.0,-6299.999999999999,-6299.999999999999,11200.0,5791.802121292625,6885.913631171219,9514.08636882878,1500.0,1500.0,-15964.9801727671,-17297.92857102013,flux_loop,0.3148,1.0428488876128712,,,-0.0036353515010604
9713,True,0.9046606999776462,0.0490522633592452,0.4709888351192691,1.981947664375746,-0.4387802547895029,843379.8080000561,,,,,1.0,-22400.0,-1500.0,-1500.0,-9200.0,-9200.0,-4593.363824573945,-6299.999999999999,11200.0,8761.603101099981,7674.407585649452,8725.592414350549,1500.0,1500.0,-15348.101279135735,-17419.798280336283,flux_loop,0.3148,1.0428488876128712,,,-6.68148396292354e-05
9714,True,0.8879871704615123,-0.048998466408737,0.4673412294376424,1.524773137679149,0.4883751464462816,503491.0967005409,,,,,1.0,-22400.0,16800.0,16800.0,9200.0,9200.0,7100.0,7100.0,11200.0,11200.0,-17390.083331328744,-12755.064989292185,-4380.9344837420695,-9200.0,837.7085666958969,452.0230908201253,flux_loop,0.3148,1.0428488876128712,,,0.0521553491880602
9715,True,0.9369102357029933,0.0374212767371604,0.5161114352725693,3.1300196192867182,0.5517472171041836,908973.9703077646,,,,,1.0,22400.0,7473.270773982533,6222.899637722767,-9200.0,-9091.924391512026,-17.976261478523583,4446.414596058579,5035.5150812795,2923.0869625626033,-1007.8056956643252,-1218.8141389213838,1500.0,1500.0,-10836.237784374813,-11125.38738105514,flux_loop,0.3148,1.0428488876128712,,,0.1057659861574949
9716,True,0.945048845838473,-0.0029942261868353,0.4642383842663811,1.433573694557783,-0.4956805968403958,521431.1282359427,,,,,1.0,22400.0,-1500.0,-1500.0,-9200.0,-9200.0,-6299.999999999999,-6299.999999999999,-1500.0,-1500.0,2676.5420109808774,2690.029121382503,1500.0,1500.0,-7149.30119377847,-7104.949371403659,flux_loop,0.3148,1.0428488876128712,,,0.0324488824138489
9717,True,0.927829193820418,-0.0240089207769659,0.5370981032369591,2.948910173683032,0.2356221841302007,951356.0250003076,,,,,1.0,22400.0,4693.158383687319,5321.829647985226,-9200.0,-9200.0,5006.465518434821,3244.396192489002,2137.047108125598,2703.605852382239,-479.8545784610534,-318.8354758837967,1500.0,1500.0,-11317.483297550823,-11052.94278975078,flux_loop,0.3148,1.0428488876128712,,,0.1010366169327883
9718,True,0.9374920911380348,-0.0037304720809959,0.504603725790672,1.4029165564809831,-0.0803355473388268,926952.3182948412,,,,,1.0,22400.0,-1500.0,-1500.0,-9200.0,-9200.0,-6299.999999999999,-6299.999999999999,-1500.0,-1500.0,-384.5275843358827,-371.6982026768716,1500.0,1500.0,-11098.520885466249,-11064.432610096545,flux_loop,0.3148,1.0428488876128712,,,0.0333438724053263
9719,True,0.8581642747833519,0.0259292968514082,0.46596306581977,2.1799485212186056,-0.3820011393362491,899411.1691292177,,,,,1.0,-22400.0,-1500.0,-1500.0,-9200.0,-9200.0,-6299.999999999999,-6299.999999999999,9571.177816920312,5759.066594447697,7375.486963837389,9024.51303616261,1500.0,1500.0,-16464.74304641021,-17688.152308179513,flux_loop,0.3148,1.0428488876128712,,,-0.0052055279754565
9720,True,0.8625974366418295,0.0466036445277605,0.4884601656884664,1.7137738884555025,-0.5150137269903026,1171484.7758381302,,,,,1.0,22400.0,-1500.0,-1500.0,-9200.0,-9200.0,-6299.999999999999,-6299.999999999999,-1500.0,-1500.0,6834.375289576792,6570.4395795341525,1500.0,1500.0,-16200.370900103908,-17881.410276780996,flux_loop,0.3148,1.0428488876128712,,,0.0699678942765562
9721,True,0.9166438997743228,-0.0249940417369861,0.548479412698378,1.958091555117411,-0.2053857463619661,887810.6687451123,,,,,1.0,22400.0,-1500.0,-1500.0,-9200.0,-9200.0,-6299.999999999999,-6299.999999999999,-1500.0,-1500.0,4266.88813599785,4423.625064878637,1500.0,1500.0,-12307.154220507937,-11892.227282824382,flux_loop,0.3148,1.0428488876128712,,,0.0500764223213145
9722,True,0.8927123685747577,-0.0097945415646853,0.4832350244350485,2.0991573309084393,-0.2724346888731955,816444.8055630445,,,,,1.0,22400.0,-1500.0,-1500.0,-9200.0,-9200.0,-6299.999999999999,-6299.999999999999,-1500.0,-1500.0,7694.041614969739,7841.594665345354,1500.0,1500.0,-13879.00304909456,-13694.946207027113,flux_loop,0.3148,1.0428488876128712,,,0.0512427990018491
9723,True,0.8651909638212928,0.025702397675231,0.5037405669528243,1.9450618060765832,-0.0579314958669272,724821.701583665,,,,,1.0,22400.0,-1500.0,-1500.0,-8641.341412306034,-3951.9970743770855,-6299.999999999999,-6299.999999999999,-1500.0,-1500.0,4704.241437263872,3638.2854072971154,1500.0,1500.0,-10907.345513458684,-10857.77816968397,flux_loop,0.3148,1.0428488876128712,,,0.0480482895215312
9724,True,0.9458047900852437,0.0316258331185243,0.5497060973230434,1.9391397525418912,0.4887134956437732,917259.6603580596,,,,,1.0,22400.0,16800.0,16800.0,9200.0,-3412.3516956029594,-3680.271526745858,-6299.999999999999,-1500.0,1904.7814896442208,-6711.498689329563,-5485.520554512073,1500.0,-973.4890354424708,-10168.346371792755,-8435.595952073541,flux_loop,0.3148,1.0428488876128712,,,0.1241000515988482
9725,True,0.9214765143433818,-0.0143780719726289,0.4623749222999937,3.01855772414853,-0.4179147739737776,904167.7603895456,,,,,1.0,22400.0,10945.081093083463,10785.861744667262,-9200.0,-9200.0,-6299.999999999999,-6299.999999999999,-1500.0,-1500.0,6364.222205085399,6619.236302470079,1500.0,1500.0,-15052.354068713645,-14562.286693535529,flux_loop,0.3148,1.0428488876128712,,,0.10982376700395
9726,True,0.9402789227665092,-0.0473330437784216,0.4721122978437881,1.7841109893051044,-0.2445848656724168,845715.8095184385,,,,,1.0,22400.0,-1500.0,-1500.0,-9200.0,-9200.0,-6299.999999999999,-6299.999999999999,-1500.0,-1500.0,3191.678075498796,3303.7821227565446,1500.0,1500.0,-11350.455285864991,-10564.041969925336,flux_loop,0.3148,1.0428488876128712,,,0.0445622743286716
9727,True,0.8793417722925133,-0.0045125015845905,0.4789342065018172,2.1656972726982193,-0.2849749212820375,915711.7461761396,,,,,1.0,5510.379361493813,-1500.0,-1500.0,-9200.0,-9200.0,-6299.999999999999,-6299.999999999999,-1500.0,-1500.0,8157.530295902125,8242.469704097875,1500.0,1500.0,-15389.122177104857,-15285.221209930218,flux_loop,0.3148,1.0428488876128712,,,0.0285695451741276
9728,True,0.9297053882700812,0.0283466807898783,0.505023425404304,2.608473479979589,0.4345199497552173,691553.2149180835,,,,,1.0,22400.0,10576.104763067333,8886.345439211598,-9200.0,-9200.0,-6299.999999999999,-6299.999999999999,4601.044224687915,6754.482810823891,-703.9280896662193,-1556.5370534742292,1500.0,1500.0,-9077.013026788014,-8973.034271219913,flux_loop,0.3148,1.0428488876128712,,,0.0957296102887819
9729,True,0.9421102510227708,-0.0315183086209427,0.4588800706062786,1.490819945712746,0.4826918642865397,1185034.1637232178,,,,,1.0,22400.0,16800.0,16800.0,9200.0,9200.0,7100.0,7100.0,1494.7183887919662,-1500.0,-17294.468897138177,-13305.531102861823,-9200.0,-9200.0,-2860.078925709281,-6395.702472016327,flux_loop,0.3148,1.0428488876128712,,,0.1164092646420528
9730,True,0.9148366270767976,-0.0240911289620538,0.5422083117128464,1.5558867450349725,-0.5565348324162929,920749.777189418,,,,,1.0,22400.0,-1500.0,-1500.0,-9200.0,-9200.0,-6299.999999999999,-6299.999999999999,-1500.0,-1500.0,6283.163382924599,6461.729219405915,1500.0,1500.0,-14015.34066935214,-13318.32237889095,flux_loop,0.3148,1.0428488876128712,,,0.0540412393879867
9732,True,0.9118672845373452,-0.0297252606513185,0.5434573406723295,2.265131045609437,0.2692449635423559,1117693.527615846,,,,,1.0,22400.0,8214.805461659624,9678.991064207938,-9200.0,-9200.0,-4330.710106666722,2324.466992294971,4916.204013198444,-999.2467887245144,-2154.966325631893,-796.1019529852414,1500.0,1500.0,-12982.940484207227,-13107.455975943913,flux_loop,0.3148,1.0428488876128712,,,0.1114248663655498
9733,True,0.8653356272223102,-0.0001651653413744,0.5302496496695218,2.397016330089299,-0.2511854155087913,795725.64705736,,,,,1.0,22400.0,-1500.0,-1500.0,2427.190451205452,2645.664518296941,-6299.999999999999,-6299.999999999999,-1500.0,-1500.0,3860.718882697863,3853.6824107261664,1500.0,1500.0,-11585.99526431544,-11574.980005746103,flux_loop,0.3148,1.0428488876128712,,,0.0628588092124862
9734,True,0.9259082377389106,0.035324976039087,0.5444539877160618,2.761195412471378,0.382858335919471,976604.291798073,,,,,1.0,22400.0,7348.555553601099,5651.523903249545,-9200.0,-9200.0,-5148.963087299024,1753.5898125342126,6787.640888064183,4140.348532986756,-1591.7844239242988,-1704.3474755679488,1500.0,1500.0,-11068.73010424981,-11298.573777003096,flux_loop,0.3148,1.0428488876128712,,,0.1055943850440583
9735,True,0.924340762007084,0.0370756426684349,0.5195171907523415,2.105226326583849,-0.0301421478566944,657941.6219868697,,,,,1.0,22400.0,-1500.0,-1500.0,3962.097776223936,-6304.562643264964,-6299.999999999999,7100.0,-1500.0,-1500.0,1611.3079271551169,630.5086351121919,1500.0,1500.0,-8333.93795122526,-8344.233110174755,flux_loop,0.3148,1.0428488876128712,,,0.0585708108824868
9736,True,0.8770280152843682,0.0359063508329031,0.544769725175163,2.8689119448268885,0.1760822384591832,867064.644465301,,,,,1.0,22400.0,2901.9468305844075,1545.3003409904657,-9200.0,-284.29564155954677,6597.226777156763,-796.2255577510147,1457.740592396069,1946.675681182465,-384.5895934928683,-649.7987103441103,1500.0,1500.0,-10009.390069713172,-10306.420945990563,flux_loop,0.3148,1.0428488876128712,,,0.0900577952379706
9737,True,0.881779961517403,-0.0078783339003336,0.4821027896909811,1.557321313121249,0.4780637374258621,822652.57537004,,,,,1.0,22400.0,16800.0,16800.0,9200.0,9200.0,7100.0,7100.0,6618.275560731708,7851.188634356309,-15257.7859297638,-15342.2140702362,-9200.0,-9200.0,-845.3864831912026,-1293.356995314096,flux_loop,0.3148,1.0428488876128712,,,0.1230367698771058
9738,True,0.8856874264148104,-0.0377050228165006,0.5213725329152233,2.9353697010993134,-0.01769585669514,757861.1626263197,,,,,1.0,22400.0,1782.3162421002753,1506.8393249048484,-6327.008262930947,-3424.34679158296,7100.0,7100.0,76.15584246823953,-1226.2839520843338,961.019673426104,1474.042531211497,1500.0,1500.0,-10376.59194451292,-9946.489947939832,flux_loop,0.3148,1.0428488876128712,,,0.0795108886500954
9739,True,0.8774484506294855,0.0456327718123676,0.4752974158513324,2.882024695345579,-0.1931631130521811,620648.9867958545,,,,,1.0,22400.0,870.8272219763387,-787.2178208135124,8497.910961063235,9200.0,-6299.999999999999,-2263.9911085834124,-1500.0,-1500.0,2993.9042103948823,2205.5325564914715,1500.0,1500.0,-9276.374673654604,-9715.759612369324,flux_loop,0.3148,1.0428488876128712,,,0.0718050209314891
9740,True,0.8789186663340502,-0.0102501220734651,0.4878161789226733,2.59610170800183,-0.453116732194758,888398.6183440783,,,,,1.0,-22400.0,2194.931186440571,1622.5403915801776,-9200.0,-9200.0,-6299.999999999999,-6299.999999999999,-1500.0,-1500.0,8045.605711970621,8354.39428802938,1500.0,1500.0,-15546.628123064556,-15315.260539212788,flux_loop,0.3148,1.0428488876128712,,,-0.0036590085568749
9741,True,0.8665758404767204,-0.0491264617122686,0.4667016741991674,1.4873759184429782,-0.1036468933525835,989438.3209346504,,,,,1.0,22400.0,-1500.0,-1500.0,-9200.0,-9200.0,-6299.999999999999,-6299.999999999999,-1500.0,-1500.0,2119.046637139305,1957.9085252521872,1500.0,1500.0,-14359.685358100409,-13419.325735719696,flux_loop,0.3148,1.0428488876128712,,,0.0306843272883204
9742,True,0.907881214854466,-0.0110853888607275,0.5208450758205192,1.7455611068183814,-0.132856304292567,813294.2307611747,,,,,1.0,22400.0,-1500.0,-1500.0,-9200.0,-9200.0,-6299.999999999999,-6299.999999999999,-1500.0,-1500.0,3286.9335468011054,3330.4914215044064,1500.0,1500.0,-11061.868078036596,-10901.066681570566,flux_loop,0.3148,1.0428488876128712,,,0.0428349370650993
9743,True,0.8908707994585141,-0.0442055918489625,0.4837558802842936,2.181534947398819,0.1721925733741718,1116237.558354435,,,,,1.0,22400.0,5824.5985034070645,11086.930366226172,3714.040903314667,-9200.0,-6299.999999999999,-6299.999999999999,-1500.0,-1500.0,-670.6694189346091,632.3601185831278,1500.0,1500.0,-13623.238183039177,-13656.841500106351,flux_loop,0.3148,1.0428488876128712,,,0.106016618779138
9744,True,0.9169404180780996,0.031775520810026,0.5258276300517205,2.9175121828052086,-0.4359012259212103,726957.2444136591,,,,,1.0,-22400.0,2577.7428860543528,1247.047774735378,5291.288147842385,9200.0,-6299.999999999999,-5806.7435713266,-1500.0,-1500.0,2989.8820173052936,2594.4940773114567,1500.0,1500.0,-10447.592027670586,-10913.796298153768,flux_loop,0.3148,1.0428488876128712,,,0.0089321419950384
9745,True,0.9337354650106224,-0.0162892659286646,0.4792435922783935,1.8848982941153516,-0.1953737139876228,612731.3950598274,,,,,1.0,22400.0,-1500.0,-1500.0,-9200.0,-9200.0,-6299.999999999999,-6299.999999999999,-1500.0,-1500.0,3345.7358573090373,3400.315037250072,1500.0,1500.0,-8615.015536462814,-8402.0315660296,flux_loop,0.3148,1.0428488876128712,,,0.0375176678562061
9746,True,0.8814419719730663,-0.0458753329908171,0.477071960978658,2.970305538095088,0.5952805311909483,604366.634643705,,,,,1.0,22400.0,6092.139575179923,7568.016972431922,-9200.0,-9200.0,-6299.999999999999,-6299.999999999999,9073.340191090943,6324.207658478466,-2034.7148238278903,64.1449407232804,1471.6243072206348,-485.9779028838621,-8393.999900340485,-7329.103028860612,flux_loop,0.3148,1.0428488876128712,,,0.0812313238422807
9747,True,0.8920464391490739,-0.0355256877950656,0.5148807442851145,2.554257172660262,0.151394944368435,1191692.4334738145,,,,,1.0,22400.0,1196.7370889001952,1707.1329530274736,508.9669532077837,9200.0,7100.0,-2307.8178468223377,-1500.0,-1500.0,-658.3531404613819,-10.303627964579814,1500.0,1500.0,-13901.043683141632,-13682.472672554755,flux_loop,0.3148,1.0428488876128712,,,0.1037873345757523
9748,True,0.8662928184272629,0.0045882887210209,0.4581629942366851,2.061582861924531,-0.2832611002361714,639091.3058043479,,,,,1.0,22400.0,-1500.0,-1500.0,-9200.0,-9200.0,-6299.999999999999,-6299.999999999999,-1500.0,-1500.0,6168.296352711452,6175.648091681142,1500.0,1500.0,-10837.404200312836,-10934.80030736974,flux_loop,0.3148,1.0428488876128712,,,0.0422121950690583
9749,True,0.86750228827856,-0.0359081485950071,0.5451517867603556,2.9334834336181332,0.4078769214665089,1108764.2069785418,,,,,1.0,22400.0,2868.47719177589,4296.6995719399665,-2368.3530009392607,-9200.0,871.1715339683947,4882.645400794905,2553.695762609748,2914.7353655762417,-1641.140385725815,-1340.125681130621,1500.0,1500.0,-12762.916309630466,-12495.662599160758,flux_loop,0.3148,1.0428488876128712,,,0.1017360875489435
9751,True,0.8660623956981649,-0.0415761683197454,0.5479359511136518,2.7802217528559865,-0.0742142077578749,1074115.5249921842,,,,,1.0,22400.0,-430.02863437366983,-767.8954339043833,-679.1488822014643,9200.0,7100.0,-2003.9512279954197,-1500.0,-1500.0,1827.1867598037384,2460.2682794918496,1500.0,1500.0,-14479.614368644416,-13762.385403333526,flux_loop,0.3148,1.0428488876128712,,,0.0885175946010949
9752,True,0.8620081208476466,-0.026271836959056,0.5130815252231746,1.703420829058445,0.100188073363614,817928.9294269064,,,,,1.0,22400.0,397.30938727664335,3327.673782669885,1836.89145869357,-9200.0,-6299.999999999999,-6299.999999999999,-1500.0,-1500.0,286.15000313084283,1612.113270057899,1500.0,1500.0,-11175.58636858672,-11445.218822075449,flux_loop,0.3148,1.0428488876128712,,,0.0522539593641538
9753,True,0.9061833893811778,0.0378263036273364,0.5302894365195531,3.0716501232405995,0.1701528648013198,543628.3893181864,,,,,1.0,-22400.0,3148.62353853878,1859.2801316148473,-7672.877296698715,-1261.2228214494849,3951.541742758787,-236.4167917943901,1057.4436907430102,1051.0768725365765,-59.37885335061881,-215.6512881323848,1500.0,1500.0,-6905.250729476786,-7197.88113890119,flux_loop,0.3148,1.0428488876128712,,,-7.092586844859623e-05
9754,True,0.936151499991328,-0.016958452009106,0.461964543792523,2.49252939909006,-0.2745980750058472,567357.8238395232,,,,,1.0,22400.0,4489.446284659815,3844.8093439385952,-9200.0,-9200.0,-6299.999999999999,-6299.999999999999,-1500.0,-1500.0,6529.586314129272,6985.9814570302515,1500.0,1500.0,-10742.905086385508,-10526.882540899323,flux_loop,0.3148,1.0428488876128712,,,0.0646533890142702
9756,True,0.9460087731955488,-0.0342427924582655,0.5112616768020757,2.612027256451902,-0.0853493153167951,1187573.3308076148,,,,,1.0,22400.0,7430.056265354449,10659.3276943999,-862.0257685050976,-9200.0,-6299.999999999999,-6299.999999999999,-1500.0,-1500.0,4330.923283334684,5434.938035047214,1500.0,1500.0,-16917.530258268285,-16298.18196201164,flux_loop,0.3148,1.0428488876128712,,,0.1198339543069931
9757,True,0.8624822954156706,-0.0462727372234747,0.4803449901726149,3.184288307124577,0.444672257017585,1144335.1596599238,,,,,1.0,22400.0,6558.200940313104,9011.916223786002,-9200.0,-9200.0,3231.54570289646,-6299.999999999999,4037.0640481372343,7534.312410012883,-626.2457511510991,38.639476423181165,1500.0,1500.0,-15163.50220454511,-14749.868502821237,flux_loop,0.3148,1.0428488876128712,,,0.1141807742709102
9758,True,0.8930529245768861,0.0294568585270754,0.5126749322903964,2.5520351814334976,0.1880230087230766,1000173.6870455964,,,,,1.0,22400.0,3608.8233321195503,3198.502995054326,-3838.375906905363,-6816.6566623568215,7100.0,7100.0,-1500.0,448.9853994775603,-281.1427627690452,-911.451060547465,1500.0,1500.0,-11687.523260384616,-11777.565081530238,flux_loop,0.3148,1.0428488876128712,,,0.0993900819940169
9759,True,0.8911866943273625,0.045655119819744,0.5407628393953334,2.5822537625984383,-0.1969032739072195,797366.9933667612,,,,,1.0,22400.0,818.6802720131188,-1143.4079673214412,4961.261838899844,9200.0,-6299.999999999999,-4171.82945147461,-1500.0,-1500.0,3421.5716977511793,2521.8082722106224,1500.0,1500.0,-11066.106966393056,-11623.363022018715,flux_loop,0.3148,1.0428488876128712,,,0.0766444902592061
9760,True,0.8690095038267843,0.0061657901947233,0.4829819869550578,2.415953932414067,0.1354296331809227,751560.0211081433,,,,,1.0,22400.0,1365.3891969223207,1072.3676058031356,9200.0,9200.0,-4444.8431856145835,-3554.682865621224,-1500.0,-1500.0,143.3602908462985,17.935743533797996,1500.0,1500.0,-9550.864575631647,-9554.286786290992,flux_loop,0.3148,1.0428488876128712,,,0.0796214694059723
9761,True,0.8561045123398708,0.0047125343566317,0.4644930842534739,2.2698948873185456,-0.5210400334174196,526817.9630654211,,,,,1.0,-22400.0,-1500.0,-1500.0,-9200.0,-9200.0,-6299.999999999999,-6299.999999999999,-474.6162275198069,-26.973702679976565,8285.992224940303,8114.007775059698,1500.0,1500.0,-11253.451842977289,-11281.944604750552,flux_loop,0.3148,1.0428488876128712,,,-0.0300143538217645
9762,True,0.9406855463395608,0.0471616752807926,0.4648012864625481,1.9731310166059448,-0.5603223367147523,753633.8183800712,,,,,1.0,-22400.0,-1500.0,-1500.0,-581.1881837311439,-9200.0,7100.0,7046.087178925322,11200.0,11200.0,7139.635888393827,9260.364111606174,1500.0,1500.0,-14989.246001126094,-16926.713274946746,flux_loop,0.3148,1.0428488876128712,,,0.016695630479639
9763,True,0.9389640368947916,-0.0219716413763512,0.4614056304536646,2.9715024936313723,0.5612170980714487,1123183.7547903988,,,,,1.0,22400.0,15959.450072014948,16800.0,-9200.0,-8518.878299006543,-6299.999999999999,-6299.999999999999,5179.94834562023,4659.051892137955,210.62961443793913,811.4656648349651,593.5219902212962,1500.0,-14938.975809824982,-15640.260470438549,flux_loop,0.3148,1.0428488876128712,,,0.1431033144425825
9764,True,0.9027156373018956,-0.0267579976066538,0.490451417493141,1.7911909197693632,-0.3804966137737577,1176543.106937992,,,,,1.0,22400.0,-1500.0,-1500.0,-9200.0,-9200.0,-6299.999999999999,-6299.999999999999,-1500.0,-1500.0,4451.60870971713,4602.82339267007,1500.0,1500.0,-15716.896375163622,-15010.17506435385,flux_loop,0.3148,1.0428488876128712,,,0.0622671200303959
9765,True,0.8725544298451614,0.0147674118463502,0.5233458135673913,2.0309534513949865,0.2714463695553007,711795.0214427816,,,,,1.0,22400.0,9573.028769773256,8386.475752060524,-9200.0,-9200.0,-6299.999999999999,-6299.999999999999,2457.1210521328585,4386.9778893874145,-1823.55067909881,-2397.929828140778,1500.0,1500.0,-8783.370487547709,-8684.13118429272,flux_loop,0.3148,1.0428488876128712,,,0.0840838566159448
9766,True,0.8643942251738294,-0.0032610709705842,0.4853031745640435,2.991517148697392,-0.2744962835358348,595247.1933933704,,,,,1.0,22400.0,-1165.2224866567003,-1063.9658362306443,9200.0,9200.0,-2500.429173799339,-2665.4871981359192,-1500.0,-1500.0,2328.5447540626033,2365.791266318738,1500.0,1500.0,-9117.183437134716,-9071.519132874404,flux_loop,0.3148,1.0428488876128712,,,0.0671080787936464
9767,True,0.9129494934499656,0.0207325925222118,0.4639838062329914,2.6391528300184053,-0.1306735577381477,621141.239674479,,,,,1.0,22400.0,1288.4292729371148,78.43414691773657,5954.822058667298,9200.0,-6299.999999999999,-5694.87557497531,-1500.0,-1500.0,2759.6892701727015,2294.2839610666742,1500.0,1500.0,-9138.881913345274,-9261.206682140326,flux_loop,0.3148,1.0428488876128712,,,0.0710764799686299
9768,True,0.8773224371167652,-0.0004030985471321,0.4841056714431792,2.429989536102795,-0.5482678207341011,1160493.6835670476,,,,,1.0,22400.0,2508.019936635143,2342.2596205793134,9200.0,9200.0,7100.0,7100.0,11200.0,11200.0,8190.332841619833,8209.667158380169,-4825.372960692307,-4822.680681350481,-18400.0,-18400.0,flux_loop,0.3148,1.0428488876128712,,,0.1352628059981064
9769,True,0.8503819722308396,-0.0206676589008561,0.466538135120508,2.8350273907778365,0.550620466362035,647135.6020042088,,,,,1.0,22400.0,7407.907033693178,8632.315327469216,-9200.0,-9200.0,-6299.999999999999,-6299.999999999999,6947.696563197091,4872.1849913725855,-697.8006568229957,472.0324659365721,-46.730411558712994,-875.7346430896922,-8561.527802276745,-8191.099956471607,flux_loop,0.3148,1.0428488876128712,,,0.0850596270469542
9770,True,0.8680845282823074,-0.0312697952574008,0.5058322009971198,2.0458038379862717,0.5247334713175277,914097.6686127094,,,,,1.0,22400.0,16800.0,16800.0,2471.082424414319,9200.0,-6299.999999999999,2112.1916468858453,-1500.0,-1500.0,-4269.342242506539,-7616.0386398564515,-4430.871135659445,1025.6635968866926,-7322.178317522983,-10950.930763864024,flux_loop,0.3148,1.0428488876128712,,,0.1263857741040522
9771,True,0.9302298200849436,-0.0011807362289385,0.5200528075089768,1.9408016030483104,-0.5799235267242759,504989.9209916566,,,,,1.0,22400.0,-1500.0,-1500.0,-9200.0,-9200.0,-6299.999999999999,-6299.999999999999,-1500.0,-1500.0,7713.948181661782,7746.885729871613,1500.0,1500.0,-9872.08653425868,-9856.08507841286,flux_loop,0.3148,1.0428488876128712,,,0.0406700468191177
9772,True,0.8790192633298838,0.0478905412598429,0.5253103064408349,1.6674738549201815,-0.3564081355145825,889002.6218487639,,,,,1.0,22400.0,-1500.0,-1500.0,-9200.0,-9200.0,-6299.999999999999,-6299.999999999999,-1500.0,-1500.0,3755.838898908957,3868.880514979022,1500.0,1500.0,-11456.562262790309,-12575.833236199152,flux_loop,0.3148,1.0428488876128712,,,0.0525207030497238
9773,True,0.9498639199509972,0.0348300828433565,0.5305475309128452,2.0694568124468087,-0.4417829609044534,981141.1371673172,,,,,1.0,-22400.0,-1500.0,-1500.0,-9200.0,-9200.0,-6299.999999999999,-6299.999999999999,1530.1927538923576,1332.6256226457813,8141.4934036414115,8258.50659635859,1500.0,1500.0,-15618.67732113662,-16432.187296882752,flux_loop,0.3148,1.0428488876128712,,,-0.005854399202276
9774,True,0.8957179111184439,0.034253932584175,0.4715358932439097,2.9114202882196496,0.0462195526248938,766335.0057826338,,,,,1.0,22400.0,873.3162264596731,1212.2184390004002,-60.73075074371159,-4495.629393199483,7100.0,7100.0,-1500.0,198.76637370325176,583.0747477681657,105.75985319399284,1500.0,1500.0,-9541.41928804464,-9775.237899444825,flux_loop,0.3148,1.0428488876128712,,,0.0840869053811119
9775,True,0.9302769968712352,0.0157491314416255,0.4865232377395287,2.996008902992454,-0.4735149460349063,542368.0934213232,,,,,1.0,-22400.0,5309.932652350203,4244.790800369006,-241.79854385770724,3012.573767363063,-6299.999999999999,-6299.999999999999,-1500.0,-1500.0,2957.194860259996,2709.5631339555175,1500.0,1500.0,-8521.75224943096,-8693.813986734553,flux_loop,0.3148,1.0428488876128712,,,0.0053418059973224
9776,True,0.8558609882306847,-0.0149119641753937,0.5010036022126234,2.915081628644536,0.2455246180779098,837214.4850247417,,,,,1.0,22400.0,3716.63995665724,4114.179616132127,-9200.0,-9200.0,5243.620562407158,3703.9323105780622,2252.8059845764155,2737.3308540085627,-694.954534201036,-588.2316565135925,1500.0,1500.0,-10328.440184014786,-10216.104997493809,flux_loop,0.3148,1.0428488876128712,,,0.0899637698335392
9777,True,0.8708105239925569,-0.0301414762750278,0.5381895943642225,2.3787562844720167,0.2996019223682202,780775.1801638431,,,,,1.0,22400.0,5536.051626355399,6646.289876653181,-9200.0,-9200.0,-6299.999999999999,-6299.999999999999,7283.6961258914625,5997.999079692025,-2146.8804444947546,-1527.406557986778,1500.0,1500.0,-9420.614949448718,-9453.627544241464,flux_loop,0.3148,1.0428488876128712,,,0.0850840609451223
9778,True,0.9041498391560508,0.0117468295011054,0.5238565025287294,1.5523316640051956,0.3481197768027773,892220.5067786337,,,,,1.0,22400.0,16800.0,16800.0,9200.0,9200.0,4330.535177855176,-2583.996141941233,-1500.0,-1500.0,-13498.403568473475,-11876.024366335214,1444.2827864516382,-37.47399150142189,-7611.499869173974,-6778.929015186287,flux_loop,0.3148,1.0428488876128712,,,0.1154742687344382
9779,True,0.9114406555114036,-0.0026648411351939,0.5320689182335974,3.0151308726553463,0.5705689876002306,825770.5795804148,,,,,1.0,22400.0,4657.153561435966,4835.371021186499,-7594.370591212936,-8626.131281656371,3368.0857270544793,3848.0638188750377,3350.9921281427187,3411.1898801213483,-1569.7466029976267,-1543.3240633325552,1500.0,1500.0,-9807.727253488943,-9793.864585722657,flux_loop,0.3148,1.0428488876128712,,,0.091538738853094
9780,True,0.8632849705316242,0.0482458982363306,0.4612780823781588,2.8027700287933657,0.4038479642133296,554066.1592023827,,,,,1.0,22400.0,9979.745134086648,7267.098403968251,-9200.0,-9200.0,-6299.999999999999,-6299.999999999999,2578.8674894915653,6728.550405274423,891.2145063564298,-822.1061201885885,1493.6875714909147,1500.0,-8413.351315737418,-8201.870312875166,flux_loop,0.3148,1.0428488876128712,,,0.0829730137128739
9781,True,0.894433166584185,0.0010813519018637,0.5224732507149312,1.9961360632075644,0.0565940280403203,1021323.4875948556,,,,,1.0,22400.0,2639.8861142589044,2503.152810059435,-4638.108570832231,-3928.487961391451,-6299.999999999999,-6299.999999999999,-1500.0,-1500.0,1976.4582106610276,1913.2583849275063,1500.0,1500.0,-13155.59178558715,-13144.046367028152,flux_loop,0.3148,1.0428488876128712,,,0.0751508172689809
9782,True,0.8586181477982306,-0.0090494023879915,0.5005474768083311,1.648981027749172,-0.1718341926294272,675120.7632715596,,,,,1.0,22400.0,-1500.0,-1500.0,-9200.0,-9200.0,-6299.999999999999,-6299.999999999999,-1500.0,-1500.0,3944.241632062644,3961.0297448140345,1500.0,1500.0,-10353.845385334917,-10201.930933377287,flux_loop,0.3148,1.0428488876128712,,,0.035281941186241
9783,True,0.8505954434212619,-0.0215324879225544,0.5166917750585112,3.17465685619629,0.132252800827036,762425.6110210812,,,,,1.0,-22400.0,1308.48886729841,1807.5279561388309,9.142599377890598,-2265.770950272877,-625.5046871642826,830.7332745339384,1155.1506408509272,1177.892297767602,-172.71678762661716,-43.33095657457075,1500.0,1500.0,-9639.121866720758,-9420.81576920684,flux_loop,0.3148,1.0428488876128712,,,0.0086541084098281
9784,True,0.8587825994985707,0.0358442035148461,0.5198057651603815,1.76361989366244,0.2025759179570884,1094811.0185108972,,,,,1.0,22400.0,12671.845391264118,10641.284380359426,-9200.0,-5816.59273479616,-6299.999999999999,-6299.999999999999,-1500.0,-1500.0,-2074.8629478076855,-2625.740446821879,1500.0,1500.0,-13795.720052742165,-13666.683394305855,flux_loop,0.3148,1.0428488876128712,,,0.0951219518812722
9785,True,0.9083682793010016,0.0042274037766689,0.4611084392006346,2.3339738764911075,0.5768672202961115,543796.6478753994,,,,,1.0,22400.0,16800.0,16800.0,-2398.2276882815713,-3518.5681957437714,-6299.999999999999,-6299.999999999999,-1500.0,-1500.0,-661.0866173217712,-383.6389406243883,-1442.2005563908635,-2067.132427319769,-6478.963583803538,-6049.8401703721365,flux_loop,0.3148,1.0428488876128712,,,0.1100747600299336
9786,True,0.9270471738406634,-0.029792488959845,0.4821994952565613,1.8704587614168395,0.4052286653746902,712970.6655399698,,,,,1.0,-22400.0,16800.0,16800.0,9200.0,9200.0,6921.467965996411,7100.0,-1500.0,6800.090253988115,-7924.766568877338,-10641.94311431694,1500.0,1500.0,-8264.917810805073,-7967.685207902744,flux_loop,0.3148,1.0428488876128712,,,0.0654393650008381
9787,True,0.9458481507042448,0.0377172829443954,0.5376552164141833,2.153951402887972,-0.3906385806868697,938763.038618968,,,,,1.0,4997.335720247837,-1500.0,-1500.0,-9200.0,-9200.0,-6299.999999999999,-6299.999999999999,-1500.0,-1500.0,8230.747588803784,8169.2524111962175,1500.0,1500.0,-14780.120487141368,-15318.294443688275,flux_loop,0.3148,1.0428488876128712,,,0.0316073606446061
9788,True,0.9483794165142644,0.0089411964445278,0.5441107146440294,2.2647257771927563,-0.0563834474916956,676203.3105897559,,,,,1.0,22400.0,-1355.2870270335409,-1500.0,9200.0,9200.0,-5402.133669401216,-4521.028051917181,-1500.0,-1500.0,1404.9996258768483,1242.6673928213831,1500.0,1500.0,-8746.516491121636,-8791.733436183235,flux_loop,0.3148,1.0428488876128712,,,0.0659906752071496
9789,True,0.9046976327650604,-0.0416318014870229,0.5258039727786754,2.413483609766981,0.1659934946621057,1101151.7766431433,,,,,1.0,22400.0,966.5507318493678,1776.8600313514064,166.13650971360838,9200.0,7100.0,-3498.902595003238,-1500.0,-1500.0,-1152.9339059605388,-420.4236099863285,1500.0,1500.0,-12503.811892767631,-12342.707166531502,flux_loop,0.3148,1.0428488876128712,,,0.0970267861549944
9790,True,0.9194971392067428,0.0029432776512635,0.4696638811783125,1.995197249143352,-0.0728577707790301,535429.9490676357,,,,,1.0,22400.0,-1500.0,-1500.0,-3026.825432162977,-2380.623789150526,-6299.999999999999,-6299.999999999999,-1500.0,-1500.0,2768.3667602665387,2671.1558749728556,1500.0,1500.0,-7713.038944555782,-7705.049532868513,flux_loop,0.3148,1.0428488876128712,,,0.0421953388726369
9791,True,0.8630716886701406,-0.0466614620781309,0.4551725070212846,2.3089744546545865,0.0711058277516734,1087897.371856404,,,,,1.0,22400.0,2678.585298709138,7351.256152003413,4941.8801739156415,-9200.0,-6299.999999999999,-6299.999999999999,-1500.0,-1500.0,1446.1559560748458,3305.811052737364,1500.0,1500.0,-14648.946649696974,-14655.466929380193,flux_loop,0.3148,1.0428488876128712,,,0.0920987962063801
9794,True,0.8756192101353737,0.025891829469792,0.4742330186090276,1.4990321794101116,0.1605985028117511,596737.3550402089,,,,,1.0,22400.0,1546.702043177566,-1305.205621289782,9200.0,9200.0,-2061.134811770541,6503.628100318972,-1500.0,-1500.0,-4230.369748254642,-5049.276389923326,1500.0,1500.0,-7199.798835461299,-6921.013780166395,flux_loop,0.3148,1.0428488876128712,,,0.0502224676298648
9795,True,0.858875751460946,-0.0367133152610443,0.4835256647019132,2.4390197574492873,0.1525720518033824,512625.50595388224,,,,,1.0,22400.0,1685.4894954148922,1305.782349709709,-4399.858688263307,9200.0,7100.0,-4167.645393336876,-619.8880756290987,-1500.0,-406.276899838986,170.80736424920056,1500.0,1500.0,-6943.348911795565,-6888.426042968733,flux_loop,0.3148,1.0428488876128712,,,0.0665693302223578
9796,True,0.9012978951953332,0.0138350379477972,0.4595976483336383,2.5483079975651632,0.4984445971054044,843894.8000790922,,,,,1.0,22400.0,16800.0,16800.0,1145.3309782707388,-2459.972971598339,-6299.999999999999,-6299.999999999999,-1500.0,-1500.0,-27.641558408266324,704.3622395229088,1500.0,-770.0076213580238,-12493.41051762397,-10930.43774563112,flux_loop,0.3148,1.0428488876128712,,,0.1269214053438687
9797,True,0.9374405968601848,-0.0083826800835572,0.4914237406496836,1.9400672454981267,0.5092107975754826,719189.6862361808,,,,,1.0,-22400.0,16800.0,16800.0,9200.0,9200.0,7100.0,7100.0,3506.8301683021614,6945.490303405333,-9620.402679007297,-11209.107455667176,261.0109964836699,1500.0,-7244.174362578511,-7904.31090011637,flux_loop,0.3148,1.0428488876128712,,,0.0662576733505111
9798,True,0.9477639164405872,-0.0007984962295513,0.4780497452121141,2.2492267216660897,0.4001335057914333,1016852.023826836,,,,,1.0,22400.0,16800.0,16800.0,9200.0,9200.0,3218.3143767025977,3357.351230923133,-1500.0,-1500.0,-2794.7478392520843,-2808.00928318159,1500.0,1500.0,-13533.53168508674,-13516.985891450076,flux_loop,0.3148,1.0428488876128712,,,0.1521119444375222
9799,True,0.8515078795429867,0.0068064722867249,0.4917835055981746,2.898886434034514,0.2079382150792057,1075729.5377966426,,,,,1.0,22400.0,3776.1246105597615,3592.090258770021,-9200.0,-9200.0,7100.0,6979.39693069302,1475.8685733663174,1543.1992880118453,-633.5187945412173,-705.3330431635992,1500.0,1500.0,-12701.06871381556,-12746.839568286558,flux_loop,0.3148,1.0428488876128712,,,0.1040161978618588
9800,True,0.9410885996550892,-0.0159199661619211,0.4900098008994704,2.4866316088850215,-0.4730861746372697,758986.0750830945,,,,,1.0,-4308.187758438251,1002.304239585649,-378.0683965138654,-9200.0,-9200.0,-6299.999999999999,-6299.999999999999,-1500.0,-1500.0,7918.672262037588,8481.327737962412,1500.0,1500.0,-13499.67765609865,-13250.201951654668,flux_loop,0.3148,1.0428488876128712,,,0.0127118495158938
9802,True,0.8614880252567232,-0.0008483000482595,0.5393809995430968,2.538434958065446,0.4102094899487293,965382.722967096,,,,,1.0,22400.0,6281.333360386332,6351.126842334897,-9200.0,-9200.0,-6299.999999999999,-6299.999999999999,8267.253528513762,8341.833872015106,-2442.3296065968225,-2455.2767553276976,1500.0,1500.0,-11630.631547401284,-11618.968043155312,flux_loop,0.3148,1.0428488876128712,,,0.0950853129434498
9803,True,0.8786723913595416,-0.0024153572659773,0.499544213731669,2.652478953720989,0.1037344297581431,1173782.3500365666,,,,,1.0,22400.0,-373.8512308159522,-306.3401124689104,9200.0,9200.0,344.1920296487806,213.9699478249551,-1500.0,-1500.0,-5.575959120743458,31.558927379527987,1500.0,1500.0,-13786.453981791405,-13757.69770722801,flux_loop,0.3148,1.0428488876128712,,,0.1012467550483877
9804,True,0.9267071699137164,-0.0172083820728965,0.5123555817218499,2.2280805116516085,-0.0001958911964775,634712.1532740296,,,,,1.0,22400.0,-1500.0,-1500.0,-2670.7541320446317,-400.185029035795,7100.0,3914.310141675769,-1500.0,-1500.0,168.3104886937776,462.2637593400366,1500.0,1500.0,-7802.105750819413,-7759.222841565856,flux_loop,0.3148,1.0428488876128712,,,0.0594648405762586
9805,True,0.9012855760960672,0.0391651446310742,0.5147890005697009,3.000771989753798,0.1573102949983719,623130.9073139442,,,,,1.0,22400.0,3631.782647531574,2208.1929576283583,-9200.0,-1956.2305170394968,4360.108112794103,-431.9928838830914,2103.2935588376813,2071.850472482605,-166.02551879639552,-348.14475139905835,1500.0,1500.0,-7636.056945187063,-7931.767465636865,flux_loop,0.3148,1.0428488876128712,,,0.0788554822142088
9807,True,0.9135505940102036,0.0407534279334074,0.4814514093167571,2.410881053019783,0.4568474029299235,630192.6378274501,,,,,1.0,22400.0,16800.0,13261.149893300986,-8273.306336873939,-9200.0,-6299.999999999999,-6299.999999999999,-1500.0,2209.742300624577,216.4494717148258,-468.8048549686577,1397.0699234205154,-234.32797821953793,-9121.809048259713,-7775.955565225774,flux_loop,0.3148,1.0428488876128712,,,0.1030145545503958
9808,True,0.8961001746840506,0.0412492973133136,0.4619222157250605,2.437385119552386,0.0575744451924391,722993.2409395005,,,,,1.0,22400.0,416.4207098952953,-1201.8005681712289,9200.0,9200.0,-6296.133495869599,-1257.2033260539822,-1500.0,-1500.0,826.2536616956678,-1.3995327614840942,1500.0,1500.0,-9028.13017936453,-9083.620118784858,flux_loop,0.3148,1.0428488876128712,,,0.0746662198341047
9809,True,0.930393693710066,0.0239750237369933,0.4797529613012102,1.8994764096495056,0.2639511480840862,619929.7891025868,,,,,1.0,22400.0,16800.0,16800.0,-4739.889461484207,-8776.933427892673,-6299.999999999999,-6299.999999999999,-1500.0,-1500.0,-2251.325717325877,-1894.8454468994648,1500.0,1500.0,-7863.265664956662,-7966.354220036277,flux_loop,0.3148,1.0428488876128712,,,0.1077236319521252
9810,True,0.91703991965035,-0.0322065031309401,0.5351845913459269,1.4199935181043424,-0.5752754584814214,823421.766781861,,,,,1.0,22400.0,-1500.0,-1500.0,-9200.0,-9200.0,-6299.999999999999,-6299.999999999999,-1500.0,-1500.0,3797.504114889333,3747.978196988798,1500.0,1500.0,-11459.2920295337,-10561.826665959945,flux_loop,0.3148,1.0428488876128712,,,0.045101881499287
9811,True,0.945584612143618,0.0408846940847885,0.5456955540417257,2.642219884581233,-0.4163201168335408,1112483.0484520737,,,,,1.0,-22400.0,6667.408305578647,8741.71744282083,-9200.0,-9102.72306619943,-6299.999999999999,-6299.999999999999,-1500.0,-1500.0,5757.879004040846,4943.462864552979,1500.0,1500.0,-15293.082655101416,-16474.683855766074,flux_loop,0.3148,1.0428488876128712,,,0.0403284212357758
9812,True,0.9052655851126032,-0.0422933259233546,0.4843518576614068,2.427030464979028,0.1734717542747197,912141.0912519938,,,,,1.0,22400.0,6791.032654408316,11615.389101735716,-8246.639722272615,-6529.997527831759,7100.0,-6299.999999999999,-1500.0,-1500.0,122.99570386085766,1509.0194287731697,1500.0,1500.0,-11862.400696505629,-11867.171902605462,flux_loop,0.3148,1.0428488876128712,,,0.1079771718843198
9813,True,0.8563446173451238,-0.0296730611703109,0.4752737331718313,2.7390548686753577,0.0491100354778204,950358.888689111,,,,,1.0,22400.0,-1236.6389703579782,-511.9260053424672,9200.0,9200.0,683.4540388647681,-819.3141076754167,-1500.0,-1500.0,426.8014954157707,862.8918190948468,1500.0,1500.0,-12072.2885373954,-11835.684830716702,flux_loop,0.3148,1.0428488876128712,,,0.0861959101797692
9814,True,0.8517943451636971,-0.0248538266855449,0.4658634980379401,2.376703123139418,-0.2995008310664176,533677.8941167437,,,,,1.0,22400.0,1706.929039390418,511.3487755005575,-9200.0,-9200.0,-6299.999999999999,-6299.999999999999,-1500.0,-1500.0,6526.060469116836,7236.32908501613,1500.0,1500.0,-10568.490783884645,-10292.597235211248,flux_loop,0.3148,1.0428488876128712,,,0.0470396326576298
9815,True,0.919535973279848,0.0158618868710214,0.5187162335400011,1.7862617128152103,-0.5067106504293802,992058.2465790816,,,,,1.0,-22400.0,-1500.0,-1500.0,-9200.0,-9200.0,-6299.999999999999,-6299.999999999999,5599.287058714803,-1130.4586460540863,6723.1758981962375,9676.824101803764,1500.0,1500.0,-15845.343468805771,-17099.172014288913,flux_loop,0.3148,1.0428488876128712,,,-0.0087600204698183
9816,True,0.8830623909029007,-0.0092684046691673,0.4899210475258816,2.4222736157911013,-0.0607952037056421,882198.9094973957,,,,,1.0,22400.0,-1500.0,-1500.0,-3723.917358157283,-3263.3574825190153,6081.792728763432,4873.6950882465235,-1500.0,-1500.0,1414.0323120596804,1636.8154377368294,1500.0,1500.0,-11287.137470751151,-11236.108794391455,flux_loop,0.3148,1.0428488876128712,,,0.070322704102761
9817,True,0.873188864370847,0.0209085996920608,0.5490074083585021,1.7810792165669094,-0.2894071276461548,1175035.6728367056,,,,,1.0,22400.0,-1500.0,-1500.0,-9200.0,-9200.0,-6299.999999999999,-6299.999999999999,-1500.0,-1500.0,4153.086631693037,4154.7661940889575,1500.0,1500.0,-15033.917083428769,-15571.240632009702,flux_loop,0.3148,1.0428488876128712,,,0.0641736006809295
9818,True,0.9130387558464615,0.0001834489208804,0.4890726985189188,2.273124568320166,0.1206907535482643,960201.9439957256,,,,,1.0,22400.0,2648.038570095843,2641.7988400797926,6633.8869944622675,6885.8992453113815,-6299.999999999999,-6299.999999999999,-1500.0,-1500.0,67.01866255039347,52.94112327960395,1500.0,1500.0,-11399.419768742286,-11394.175550326809,flux_loop,0.3148,1.0428488876128712,,,0.090526604966128
9819,True,0.9077187960145656,0.004824183800563,0.5431602465433207,3.009195560236204,0.0119781073718031,1196182.8887474164,,,,,1.0,22400.0,4057.102683205866,4097.326610608099,-7476.439767251643,-8370.19609422502,7100.0,7100.0,97.80914449758224,353.421985151389,1999.3971064548427,1923.2615091675527,1500.0,1500.0,-15336.861798335363,-15431.631211259351,flux_loop,0.3148,1.0428488876128712,,,0.1114197978059139
9820,True,0.8776092903966642,-0.0333670776930416,0.4876891926034741,2.9690255101774894,0.0156542747134276,985882.9231193725,,,,,1.0,22400.0,1192.0965235710746,985.9941890580952,-3220.8745346380106,16.235514027670092,7100.0,7100.0,10.21864702267168,-1500.0,728.2950720386702,1323.2231199304715,1500.0,1500.0,-12788.290527189209,-12423.604344278465,flux_loop,0.3148,1.0428488876128712,,,0.0927662548278021
9821,True,0.8794063305708072,0.0143094361838471,0.4506665215391437,2.735586738157833,0.0027373974963313,986817.2284736407,,,,,1.0,22400.0,-1500.0,-1500.0,9200.0,5736.953311834795,-1460.1374497262027,2212.0385630022465,-1500.0,-1500.0,783.2791151469078,501.5491427956101,1500.0,1500.0,-11921.562399160875,-11990.73371532337,flux_loop,0.3148,1.0428488876128712,,,0.08746413033903
9822,True,0.9160811914782714,-0.0141189356077936,0.4832729585973817,2.3515083804686334,0.5560158159660354,1067843.111704735,,,,,1.0,22400.0,16800.0,16800.0,9200.0,9200.0,-3027.005630938227,3633.495733684217,-1500.0,-1500.0,-2660.0387827515387,-4063.108780625546,-1961.71825853328,912.0359370149602,-11899.060507316995,-13830.13223413491,flux_loop,0.3148,1.0428488876128712,,,0.1465084669942636
9823,True,0.8841516537843237,-0.0039965707561606,0.4685476604191471,1.5051630092046304,0.1621349906074305,1128496.497071548,,,,,1.0,22400.0,11605.57827646205,11753.939727792893,-9200.0,-9200.0,-6299.999999999999,-6299.999999999999,-1500.0,-1500.0,-6296.8942585820105,-6259.4302670851475,1500.0,1500.0,-12946.41469321804,-12982.206517894374,flux_loop,0.3148,1.0428488876128712,,,0.0769840878216661
9824,True,0.9175463652521622,-0.0082536479938716,0.5369824780717505,2.5833289982220724,0.0520319396570599,715382.5473196433,,,,,1.0,22400.0,-250.7618939022481,-534.393655462715,-1355.078054238989,-92.66415513365504,7100.0,7100.0,-728.8520874941318,-1205.8195134558923,-76.06262357778597,40.908792103839865,1500.0,1500.0,-8668.813800449956,-8614.23005263372,flux_loop,0.3148,1.0428488876128712,,,0.0737213133448698
9825,True,0.8860495788293505,-0.002238316042772,0.5124968925035481,1.4068718556453648,0.1901860920373449,1076797.2395069925,,,,,1.0,22400.0,-429.4464175031785,-152.15349538069484,9200.0,9200.0,7100.0,7100.0,2483.2173051182717,1804.7648595425555,-12078.455860303411,-11910.800296505093,1500.0,1500.0,-10683.12700495568,-10724.731985696832,flux_loop,0.3148,1.0428488876128712,,,0.0545688701752676
9826,True,0.9401369038757346,0.0207968433522703,0.5157800248345836,2.023477017033711,-0.4839289629929468,981675.533247042,,,,,1.0,-22400.0,-1500.0,-1500.0,-9200.0,-9200.0,-6299.999999999999,-6299.999999999999,7476.064647748796,5616.397515545375,7757.297318325184,8642.702681674817,1500.0,1500.0,-16536.663256218075,-17212.021779429568,flux_loop,0.3148,1.0428488876128712,,,0.0008904461659276
9827,True,0.8764321740871736,-0.0394297424899897,0.484518325561849,1.734496970294644,-0.2356226438124754,678999.1003659572,,,,,1.0,22400.0,-1500.0,-1500.0,-9200.0,-9200.0,-6299.999999999999,-6299.999999999999,-1500.0,-1500.0,4132.877565613074,4115.46297819238,1500.0,1500.0,-10483.901261272396,-9754.397102579913,flux_loop,0.3148,1.0428488876128712,,,0.0365922613005898
9828,True,0.8913525704598982,-0.0341977899474299,0.5421361368137203,2.803878156512888,-0.2095057526382934,815546.196241,,,,,1.0,22400.0,-1006.0259439075708,164.9632894817297,9200.0,9200.0,-1874.336968890911,-4688.060158548483,-1500.0,-1500.0,2350.373748983954,2800.576361624737,1500.0,1500.0,-11750.065550746867,-11218.580253397173,flux_loop,0.3148,1.0428488876128712,,,0.0789310160059011
9829,True,0.8894196857837782,-0.0245831149861894,0.466211368732735,1.878896333957684,-0.2624708356166842,918116.2454255424,,,,,1.0,22400.0,-1500.0,-1500.0,-9200.0,-9200.0,-6299.999999999999,-6299.999999999999,-1500.0,-1500.0,4518.050391833546,4625.569914057532,1500.0,1500.0,-13098.700184880734,-12583.60046235879,flux_loop,0.3148,1.0428488876128712,,,0.0498721549850888
9830,True,0.947469577907298,-0.0129680655795441,0.5324820091773751,2.7038265761864704,-0.4595116598400296,842829.580801409,,,,,1.0,-22400.0,7497.202794263954,7946.033232687188,-7212.396608856145,-9200.0,-6299.999999999999,-6299.999999999999,-1500.0,-1500.0,4084.912990620868,4343.966429911086,1500.0,1500.0,-12442.8336593958,-12182.790561965672,flux_loop,0.3148,1.0428488876128712,,,0.0208226303159249
9831,True,0.9428264584997068,0.0009985831865468,0.4817940493411159,2.1575847762805256,-0.401759533622664,964689.7907221492,,,,,1.0,-22400.0,-1500.0,-1500.0,-9200.0,-9200.0,-6299.999999999999,-6299.999999999999,9781.794343118288,9797.710936330124,8189.7455788073885,8210.254421192612,1500.0,1500.0,-17296.18350815226,-17317.582523286088,flux_loop,0.3148,1.0428488876128712,,,0.0055186655401864
9832,True,0.8819388304071928,0.0112738539969216,0.5231461987580485,2.8975665788697755,-0.0385556625484599,629832.0863995446,,,,,1.0,22400.0,767.0377438424027,985.4456907959376,-4619.921708697045,-6180.823606877613,7100.0,7100.0,-349.721637986881,72.79763854693645,754.6483969538624,652.0943899517549,1500.0,1500.0,-8327.90307409427,-8427.830348378475,flux_loop,0.3148,1.0428488876128712,,,0.072260167555317
9833,True,0.8703841729952511,-0.0296027569134257,0.5044595205385249,2.7044927690530383,-0.2367942520167752,700948.6737566625,,,,,1.0,22400.0,-1353.859346544309,-433.08345471819456,9200.0,8122.541350558793,-4363.453043229946,-6299.999999999999,-1500.0,-1500.0,2737.5271264019757,3299.9889505256347,1500.0,1500.0,-10649.087122252302,-10309.859434408978,flux_loop,0.3148,1.0428488876128712,,,0.0685967569555408
9834,True,0.8577056668959978,-0.0148579329376929,0.538633848913447,2.109364218717854,-0.0016151586077057,969717.031431654,,,,,1.0,22400.0,-1500.0,-1356.1268662887005,5933.713204094867,4548.484269962815,-6299.999999999999,-6299.999999999999,-1500.0,-1500.0,2228.766508883453,2660.4900026936775,1500.0,1500.0,-13098.212643774756,-13039.778780298831,flux_loop,0.3148,1.0428488876128712,,,0.0669323619057742
9835,True,0.889459592617746,-0.0186504041224517,0.4689129800929661,1.9409897210142903,0.4529803470106069,604533.081859178,,,,,1.0,-22400.0,16800.0,16800.0,9200.0,9200.0,2750.320841853371,7100.0,-1500.0,1223.5670687896402,-7247.33088610346,-8939.630253986383,1024.824718310833,1500.0,-6981.845912935376,-7080.70104656648,flux_loop,0.3148,1.0428488876128712,,,0.0548895868809487
9836,True,0.8721291820346427,-0.0440044463861342,0.5176818013419421,2.3672881180316554,-0.2045507557590386,1188704.046500748,,,,,1.0,22400.0,-1500.0,-479.4384488391082,-282.865222097808,-9200.0,-6299.999999999999,-6299.999999999999,-1500.0,-1500.0,5335.5854879259205,7281.13127490283,1500.0,1500.0,-17475.837909581016,-16934.339329181803,flux_loop,0.3148,1.0428488876128712,,,0.0693940188434506
9837,True,0.8840110665670439,0.0063835339204817,0.4578864081410719,2.959971943051946,0.2018968754332355,735411.090270326,,,,,1.0,22400.0,7572.454370930493,7183.224555244521,-9200.0,-9200.0,-2008.362691372375,-1047.0401353960715,3437.1331814650393,3363.9583131447544,530.6870837673865,416.8413533626742,1500.0,1500.0,-10111.99072673154,-10136.414564153269,flux_loop,0.3148,1.0428488876128712,,,0.0952621468157705
9839,True,0.9346214764050784,-0.0043220490572109,0.5431057854256587,2.779126175332025,-0.2057640840945877,527746.7875443812,,,,,1.0,22400.0,-839.6956714761639,-704.534474289202,9200.0,9200.0,-1853.8525203482347,-2088.686436071496,-1500.0,-1500.0,1510.9036324341323,1542.9689078049448,1500.0,1500.0,-7612.051397797518,-7561.427013584877,flux_loop,0.3148,1.0428488876128712,,,0.0655153690518461
9840,True,0.9036041876919074,0.0383009693809353,0.5396289961512274,2.130810710262913,-0.5725781443600647,688718.1082463248,,,,,1.0,22400.0,-1500.0,-1500.0,-9200.0,-9200.0,-6299.999999999999,-6299.999999999999,-1500.0,-1500.0,7367.630706762353,7606.39670654194,1500.0,1500.0,-11974.452361786703,-11899.79467602022,flux_loop,0.3148,1.0428488876128712,,,0.0466613923200719
9841,True,0.8710908521149482,-0.0384693120123898,0.4609905626580846,2.709349736908915,0.3122065888742205,949309.9469031536,,,,,1.0,22400.0,12465.527665405289,16186.049543376785,-9200.0,-9200.0,-6299.999999999999,-6299.999999999999,3091.6897315061724,-1500.0,982.9507453634732,2769.0996662359667,1500.0,1500.0,-13989.889477276078,-13932.396309306168,flux_loop,0.3148,1.0428488876128712,,,0.1231913078057081
9842,True,0.9211767193428598,0.0153277443444402,0.4777109170564703,2.6600837341796244,0.0429280574755039,736475.9427906681,,,,,1.0,22400.0,-972.4153259951844,-1366.1403048886102,9200.0,9200.0,-19.908058324790883,757.213178407855,-1500.0,-1500.0,239.06389045204696,73.27907726369776,1500.0,1500.0,-8925.493313792098,-9007.0629471815,flux_loop,0.3148,1.0428488876128712,,,0.0771088557100163
9843,True,0.8822337229742965,-0.0297737927218432,0.5385708582693776,2.726140008368656,-0.5577153817703229,972357.7161477624,,,,,1.0,-22400.0,1857.7317132188905,3521.955089098382,601.4852630795602,-6351.63084684234,-6299.999999999999,-6299.999999999999,-1500.0,-1500.0,4362.333734230808,5089.256607005385,1500.0,1500.0,-14545.82450806351,-13947.528643612111,flux_loop,0.3148,1.0428488876128712,,,0.0095579263293294
9844,True,0.8766037011889222,0.0435458715496501,0.4622025195736617,1.577112114533212,-0.4120063044940067,934625.4075330414,,,,,1.0,22400.0,-1500.0,-1500.0,-9200.0,-9200.0,-6299.999999999999,-6299.999999999999,-1500.0,-1500.0,4233.641330772832,4422.65886196952,1500.0,1500.0,-12508.519806783874,-13806.01413488462,flux_loop,0.3148,1.0428488876128712,,,0.0531406441269059
9845,True,0.9211406865344568,-0.0040041987494287,0.5290486081346791,1.6898462204248197,0.0432141783914473,618175.7252945995,,,,,1.0,22400.0,-1407.9951411181737,-872.7864658928889,-1490.9649738304104,-3332.227272278055,-6299.999999999999,-6299.999999999999,-1500.0,-1500.0,1191.9890479048938,1380.5884801581506,1500.0,1500.0,-8180.426805709256,-8208.583544611156,flux_loop,0.3148,1.0428488876128712,,,0.0409181021036603
9846,True,0.8991814947971006,-0.0006284690027301,0.4677901067780438,1.8771145947942744,0.4786381714076718,827032.1874477497,,,,,1.0,-22400.0,16800.0,16800.0,9200.0,9200.0,7100.0,7100.0,11200.0,11200.0,-11858.117452487604,-11855.926898056086,-3952.3543458467,-3963.083004051401,-6515.466230353154,-6520.0152802134435,flux_loop,0.3148,1.0428488876128712,,,0.0705964879876272
9847,True,0.9198814244815392,-0.020389305365822,0.5435671765842373,2.111609287596636,0.3108906073881976,602629.6620411072,,,,,1.0,22400.0,7311.745639877923,8628.074292576477,-9200.0,-9200.0,-6299.999999999999,-6299.999999999999,6091.578983756868,4552.177051015304,-2424.2241629737405,-1960.8705037370216,1500.0,1500.0,-7215.010546740867,-7276.844385029684,flux_loop,0.3148,1.0428488876128712,,,0.0823094497806054
9849,True,0.8832847546839638,-0.0152808327297087,0.5196658813467139,2.7235113776724544,-0.1314665132155846,1199399.512013299,,,,,1.0,22400.0,-446.8097216918843,264.6013497038431,9200.0,9200.0,-3437.2718730042675,-5284.714442852596,-1500.0,-1500.0,3279.6940885869576,3669.203334589062,1500.0,1500.0,-16379.282555775806,-16123.510958508075,flux_loop,0.3148,1.0428488876128712,,,0.0984277493196016
9850,True,0.875367558787617,0.0477205655621241,0.4781469717277017,3.15488223829235,-0.0699574938555042,1052243.7458877028,,,,,1.0,22400.0,2879.0123984773786,2381.46219647116,9200.0,-3049.5155845370564,-4154.818633207047,7100.0,-1500.0,-782.6069545380878,3491.961491552945,2495.534567515474,1500.0,1500.0,-14426.384955364563,-15250.718948922196,flux_loop,0.3148,1.0428488876128712,,,0.1051129239113485
9851,True,0.926962537966022,0.0468694077149506,0.4991747584423931,3.0393043021801285,0.5048807436048107,569680.257879588,,,,,1.0,22400.0,7095.6889962987325,5234.80714010844,-9200.0,-9200.0,-6299.999999999999,2169.9615881652467,7005.04283005729,3632.872984717088,-941.3736462993784,-1056.889566145708,1500.0,1500.0,-7310.135375971829,-7527.523731508926,flux_loop,0.3148,1.0428488876128712,,,0.0827078914004938
9852,True,0.924850789586595,0.0354544044052329,0.5167616237455557,2.4955005515962063,-0.5862943474707801,599459.5085617269,,,,,1.0,22400.0,718.2893740634192,3388.484161450289,-9200.0,-9200.0,-6299.999999999999,-6299.999999999999,-1500.0,-1500.0,5849.797363532311,5018.542394071216,1500.0,1500.0,-9680.131276436752,-10210.8223823406,flux_loop,0.3148,1.0428488876128712,,,0.0634460439937124
9853,True,0.8958922494299758,-0.0059778722368782,0.4694932630635668,2.905453136865928,0.0204853194261809,1013824.4457203489,,,,,1.0,22400.0,-601.8708865741038,-418.45274501695286,9200.0,9200.0,1453.8982001961526,1090.6822183851484,-1500.0,-1500.0,827.2095840967078,914.6164353978183,1500.0,1500.0,-12668.171185279052,-12600.523068123905,flux_loop,0.3148,1.0428488876128712,,,0.0950459919533559
9854,True,0.915172702582647,-0.0054891996104792,0.4980765857684647,2.973687965005557,-0.429568970975368,611231.5084449094,,,,,1.0,-22400.0,2527.6581851755273,2945.719643354665,5614.12081438466,4718.9566116662245,-6299.999999999999,-6299.999999999999,-1500.0,-1500.0,2776.324199660221,2850.1594773119964,1500.0,1500.0,-9462.104468935911,-9387.84851487796,flux_loop,0.3148,1.0428488876128712,,,0.0042452340227214
9855,True,0.8965170951444396,-0.0102827431419736,0.460171063007726,3.0874523470439112,0.0492701570769438,506300.5566218079,,,,,1.0,22400.0,2686.308742780316,2792.086896014876,-9200.0,-9200.0,6605.897946056618,6258.063012646972,1391.1771307409654,1410.4936615624033,70.53398351341318,142.40832251768808,1500.0,1500.0,-6874.316740751414,-6803.490293630963,flux_loop,0.3148,1.0428488876128712,,,0.0709213426300284
9856,True,0.8982319919924888,-0.0438224982648048,0.5059704755286584,1.5130681524387637,0.1992031144969832,775911.7788831876,,,,,1.0,22400.0,2446.978411103616,12620.41146243072,9200.0,-8999.683457596691,2811.2929236197406,-6299.999999999999,-1500.0,-1500.0,-6746.693385075221,-5037.8518339740285,1500.0,1500.0,-8106.492390758968,-8677.162031015627,flux_loop,0.3148,1.0428488876128712,,,0.0754978646268037
9857,True,0.8712233280997281,0.0440861818775001,0.5024755789551605,2.763379183104175,0.432790238493198,707240.6691013586,,,,,1.0,22400.0,7400.536519953476,6064.284120553138,-9200.0,-9200.0,-6299.999999999999,-6299.999999999999,6381.261982775369,8355.670313487,-781.3011265685789,-1983.09170626495,1500.0,1500.0,-9319.94302764814,-9143.33471668414,flux_loop,0.3148,1.0428488876128712,,,0.0876579423150682
9858,True,0.8959345819387731,0.0303289275112136,0.4749901412593571,2.2966111479640654,-0.3491378912394113,979587.0905360164,,,,,1.0,-22400.0,-1500.0,-1500.0,-9200.0,-9200.0,-6299.999999999999,-6299.999999999999,8845.055307595207,7153.843898238265,7942.490048892861,8457.50995110714,1500.0,1500.0,-17329.186028747943,-18148.78199893882,flux_loop,0.3148,1.0428488876128712,,,0.0009458639938469
9859,True,0.9232400252032436,0.0442348354542276,0.5133927631981808,1.7380247000847735,-0.3071947495036237,1004758.3924964688,,,,,1.0,22400.0,-1500.0,-1500.0,-9200.0,-9200.0,-6299.999999999999,-6299.999999999999,-1500.0,-1500.0,3454.8709509897526,3414.844250054011,1500.0,1500.0,-12304.07231750206,-13226.68398558893,flux_loop,0.3148,1.0428488876128712,,,0.0586618866089762
9860,True,0.8929419903157434,0.0006251230493144,0.5265335560164448,2.7363927179655048,-0.1871298563716577,750953.3483458983,,,,,1.0,22400.0,-1078.2910695267417,-1086.016490404504,9200.0,9200.0,-3054.313105761731,-2912.426549445885,-1500.0,-1500.0,2308.1448180038383,2292.5065091592137,1500.0,1500.0,-10553.08236049002,-10551.528575650722,flux_loop,0.3148,1.0428488876128712,,,0.0741600843045076
9861,True,0.9339568981751684,-0.0300023113594372,0.5096510580028728,2.961807046706661,-0.4149729378605906,716499.0361938912,,,,,1.0,-22400.0,3572.0301738784487,5768.352292769816,6436.142309854132,596.3778134999253,-6299.999999999999,-6299.999999999999,-1500.0,-1500.0,2849.956549250159,3291.6057793632003,1500.0,1500.0,-10913.34512994721,-10492.01600332886,flux_loop,0.3148,1.0428488876128712,,,0.0161576353596
9862,True,0.943956428611818,-0.0398287840410942,0.4844833619728406,1.5423571963270957,0.555775765809008,847926.4048822671,,,,,1.0,22400.0,16800.0,16800.0,9200.0,9200.0,7100.0,7100.0,11200.0,6937.511334761541,-17994.291692032228,-12605.708307967774,-9200.0,-9200.0,799.3168814934471,-3555.839665713531,flux_loop,0.3148,1.0428488876128712,,,0.1263711175272904
9863,True,0.9343619195761604,-0.0172456363693348,0.5482265653229764,2.5808007430896716,0.5216088485511957,1039632.4803096328,,,,,1.0,22400.0,8070.000000971855,8796.604996653496,-9200.0,-9200.0,-6299.999999999999,-6299.999999999999,9207.08621104583,8650.5720375999,-3453.7368322287675,-3033.083854952552,1500.0,1500.0,-11800.398435156763,-11880.64582595883,flux_loop,0.3148,1.0428488876128712,,,0.1084769612658318
9864,True,0.894397907478189,-0.0191751801837529,0.5354888950933051,2.9638592600682165,-0.3233387252668845,527658.1213875697,,,,,1.0,-811.5072463198813,-1030.0715650853292,-1407.2316428718414,3965.583704718531,9200.0,2589.7901142877763,-1797.8744551236443,-1500.0,-1500.0,1488.0663316598393,1605.6205180263407,1500.0,1500.0,-7911.757404403506,-7676.545979781606,flux_loop,0.3148,1.0428488876128712,,,0.0246033833382252
9866,True,0.8973131015736353,0.0345323040378482,0.4914851669009563,1.8509480030806,0.3926497561870586,974830.347774244,,,,,1.0,-22400.0,16800.0,16800.0,9200.0,9200.0,7100.0,7100.0,11200.0,595.3069540472648,-13732.096220103307,-10453.506659742668,1500.0,1500.0,-10558.638220833642,-10760.372236560836,flux_loop,0.3148,1.0428488876128712,,,0.0670493913219016
9867,True,0.938250682008076,0.0012175856605725,0.5120719706813026,1.88140464468116,0.3617927091745363,781424.8254646936,,,,,1.0,22400.0,16800.0,16800.0,7680.642673554336,7582.000540810686,-6299.999999999999,-6299.999999999999,-1500.0,-1500.0,-5128.977628697007,-5106.844882877881,1500.0,1500.0,-9049.123321556594,-9049.063324104558,flux_loop,0.3148,1.0428488876128712,,,0.1249382847872234
9868,True,0.8753137268632246,0.0281800909244363,0.5487735019709807,2.285396469526617,0.3459610588920764,795587.9604128551,,,,,1.0,22400.0,7162.716610327566,6000.404655013753,-9200.0,-9200.0,-6299.999999999999,-6299.999999999999,6091.300735882381,7687.524491930209,-2146.5375797162337,-2809.2142207329307,1500.0,1500.0,-9488.953800750096,-9392.528241937456,flux_loop,0.3148,1.0428488876128712,,,0.0867172764326229
9869,True,0.9486130274075992,-0.0292759826682051,0.5036364455789776,1.780986800507515,0.5380016383830025,1080378.9812100646,,,,,1.0,-22400.0,16800.0,16800.0,9200.0,9200.0,7100.0,7100.0,11200.0,11200.0,-13350.469081967449,-10731.439446756687,-9200.0,-9200.0,-4613.613782566096,-7111.035229989817,flux_loop,0.3148,1.0428488876128712,,,0.0767908516741209
9870,True,0.9354305337959316,-0.0018199100826308,0.4561388325951819,2.431726176656746,-0.1279446727864595,622991.8677829752,,,,,1.0,22400.0,5193.122538361781,5475.2381361385615,-7818.822736378451,-8447.075731636467,-6299.999999999999,-6299.999999999999,-1500.0,-1500.0,3679.845705953683,3742.7726412709585,1500.0,1500.0,-9461.08298317006,-9452.892258939846,flux_loop,0.3148,1.0428488876128712,,,0.0728309383266873
9871,True,0.8753490255213102,0.0079830294622246,0.5244804225887877,3.029256446294048,-0.3637209397669191,904945.4033810924,,,,,1.0,22400.0,-648.1542158012509,-890.1192771310201,9200.0,9200.0,-2472.225225743293,-1745.793373679236,-1500.0,-1500.0,3150.461879822778,3052.0027077889376,1500.0,1500.0,-12873.42017003242,-13011.01796687824,flux_loop,0.3148,1.0428488876128712,,,0.0842843795068921
9872,True,0.8749429018426497,0.0267360164182674,0.52931494310878,2.438951863094069,-0.1495077997948342,996236.622683312,,,,,1.0,22400.0,-1500.0,-1500.0,5471.1448183703205,-1708.3669552558108,-6299.999999999999,2879.5013637690477,-1500.0,-1500.0,3471.0929636009014,2654.9643700943966,1500.0,1500.0,-13309.941203481936,-13525.80528263819,flux_loop,0.3148,1.0428488876128712,,,0.0781931793935005
9873,True,0.9474039789265823,0.0437252370594615,0.5104160634965,2.873624384950783,0.3836472340695989,1043585.7480364116,,,,,1.0,22400.0,11476.335253646774,9291.444138160756,-9200.0,-9200.0,-6299.999999999999,-4520.959005915848,5489.799630247034,6643.96668212945,-244.9531254730722,-1335.417060903791,1500.0,1500.0,-12665.905366960724,-12788.0634007809,flux_loop,0.3148,1.0428488876128712,,,0.1224603249484419
9875,True,0.8978588512364823,0.0111018738391722,0.5287050166016719,2.553499524012322,-0.0019416872947084,656644.7428196827,,,,,1.0,22400.0,-1500.0,-1500.0,598.0295335979823,-75.67119095966146,7100.0,7100.0,-1399.8610992738193,-1173.108234068358,155.33334584906953,65.61491043347952,1500.0,1500.0,-8034.127571516495,-8099.854941176371,flux_loop,0.3148,1.0428488876128712,,,0.0676762772044445
9876,True,0.9184244397209128,0.047227494923406,0.5066940324702841,2.925844213473514,-0.2010938316684827,818060.8218901416,,,,,1.0,22400.0,5787.5223058513575,1959.402583804127,2066.4202393468177,9200.0,-6299.999999999999,-4211.098911564467,-1500.0,-1500.0,3820.493437839309,2946.3603897084354,1500.0,1500.0,-11689.472562565392,-12391.441675794676,flux_loop,0.3148,1.0428488876128712,,,0.092152610603498
9877,True,0.8744426299901307,0.0216483697324498,0.511282004471257,1.680797568976169,0.1070195027306879,991306.3482986812,,,,,1.0,22400.0,2862.311018791384,3801.003491063124,-9200.0,-9200.0,-6299.999999999999,-6299.999999999999,-1500.0,-1500.0,1146.6145069011682,499.29466420200635,1500.0,1500.0,-13309.24347580304,-13170.419139064365,flux_loop,0.3148,1.0428488876128712,,,0.0616294893284648
9878,True,0.8881322006924035,-0.0115303170499022,0.4853525969518338,2.2686376387883893,0.174960402818982,1163299.9189714617,,,,,1.0,22400.0,10242.818431131678,12262.196517213257,-4386.741286133487,-9200.0,-6299.999999999999,-6299.999999999999,-1500.0,-1500.0,541.4303956495824,973.8536271265996,1500.0,1500.0,-14707.5823182412,-14713.99043885159,flux_loop,0.3148,1.0428488876128712,,,0.1174962192088031
9879,True,0.888348542575055,-0.0104368326103696,0.5003472333184499,1.4521027592748674,0.1145073441885452,623704.0057450524,,,,,1.0,22400.0,-1500.0,-1500.0,-9200.0,-9200.0,-6299.999999999999,-3334.01910725218,7259.071456837191,4556.240482533324,-3394.5023112612207,-2746.811728755165,1500.0,1500.0,-7667.462534908957,-7803.914123201654,flux_loop,0.3148,1.0428488876128712,,,0.0291448265628054
9880,True,0.86123779347422,0.0297679022495892,0.5376672866234281,1.5370889527446687,-0.2417696363410474,561072.0585193696,,,,,1.0,22400.0,-1500.0,-1500.0,-9200.0,-9200.0,-6299.999999999999,-6299.999999999999,-1500.0,-1500.0,3123.1151492427066,3327.8273706713285,1500.0,1500.0,-8116.642512074589,-8646.23705705753,flux_loop,0.3148,1.0428488876128712,,,0.0330863214795944
9881,True,0.8649712012650655,-0.022126985082859,0.491513867174619,2.853586284137148,0.2766704838802266,1127035.7859176924,,,,,1.0,22400.0,7432.955314042453,9008.590659573758,-9200.0,-9200.0,-1882.4001743118456,-6299.999999999999,4944.6375718117815,5830.774877105755,-311.5898455955795,130.69766989191268,1500.0,1500.0,-14583.511597531411,-14448.76380866264,flux_loop,0.3148,1.0428488876128712,,,0.1151519070122489
9882,True,0.882968250964775,-0.0337727011129869,0.4745309902436867,1.4189306976980338,-0.3921605395041466,593294.3169761422,,,,,1.0,22400.0,-1500.0,-1500.0,-9200.0,-9200.0,-6299.999999999999,-6299.999999999999,-1500.0,-1500.0,3243.4375137264897,2965.8071754073667,1500.0,1500.0,-9077.183613517163,-8320.173880261225,flux_loop,0.3148,1.0428488876128712,,,0.0301067714557825
9883,True,0.9357619271763444,-0.0394958556178321,0.5043892871939033,1.606494663150254,0.0570295946141254,1139220.287587537,,,,,1.0,22400.0,-1500.0,-1500.0,-9200.0,-9200.0,-6299.999999999999,-6299.999999999999,-1500.0,-1500.0,710.9137626750387,925.8512803957224,1500.0,1500.0,-14160.93550625517,-13891.177524414374,flux_loop,0.3148,1.0428488876128712,,,0.0406214052141218
9884,True,0.9168825608949186,-0.0268288672908413,0.5284335279503304,2.1776461417977764,-0.1646458786441377,592290.444870425,,,,,1.0,22400.0,-1500.0,-1500.0,1533.6080714046936,1149.239598628789,-4316.700891421639,-6299.999999999999,-1500.0,-1500.0,2358.5737627740486,2969.4570855973943,1500.0,1500.0,-8506.372256574252,-8370.694540150422,flux_loop,0.3148,1.0428488876128712,,,0.0496536228089094
9885,True,0.9163724638662288,-0.0470146259893503,0.4929759542653716,3.0731786640057104,-0.1017209782398687,1114752.8357105907,,,,,1.0,22400.0,5506.644271070522,8502.28225539987,-5140.801167206231,2429.3871477274606,7100.0,-6299.999999999999,-1500.0,-1500.0,3549.325784001014,4673.092090896332,1500.0,1500.0,-16505.666598931723,-15525.418051359187,flux_loop,0.3148,1.0428488876128712,,,0.120043766813011
9886,True,0.8956518364415037,-0.0044770306361531,0.5373301639674063,2.756563150028075,-0.251333192158795,924106.845112643,,,,,1.0,22400.0,-49.600941696709086,160.22309255621832,9200.0,9200.0,-5365.156894097033,-5740.740327605158,-1500.0,-1500.0,3221.8433330557305,3293.1535375315275,1500.0,1500.0,-13019.092735907085,-12931.74792733569,flux_loop,0.3148,1.0428488876128712,,,0.0849970552160617
9887,True,0.9049787563910258,0.0254677752012765,0.5489869392397942,1.836228823741042,0.0716402677648619,1159905.717798167,,,,,1.0,22400.0,1609.1092579767635,2155.413171928675,-9200.0,-7149.129240655463,-6299.999999999999,-6299.999999999999,-1500.0,-1500.0,2219.4028137913506,1327.9336085907894,1500.0,1500.0,-14566.582147565909,-14501.359043915823,flux_loop,0.3148,1.0428488876128712,,,0.0740234174114809
9888,True,0.8521111220551768,0.0460881863582363,0.4557497592361076,2.313679505617161,0.4278596844696166,687731.7725672929,,,,,1.0,22400.0,16800.0,16800.0,2830.129209713133,-9200.0,-6299.999999999999,-6299.999999999999,-1500.0,-1500.0,-1447.5262169365144,234.4730259719328,1500.0,-603.9419803097383,-10220.663372767363,-9263.867175936402,flux_loop,0.3148,1.0428488876128712,,,0.1108406122541873
9889,True,0.8800481064856482,-0.0185717766968265,0.4922228626137024,1.637248419524299,0.1786654586513787,577972.5201316462,,,,,1.0,22400.0,3391.386837068522,6861.204352409209,9152.873520331605,-131.34126893478623,-6299.999999999999,-6299.999999999999,-1500.0,-1500.0,-2875.6271969820073,-2271.072494895838,1500.0,1500.0,-7088.148858141418,-7241.727986613576,flux_loop,0.3148,1.0428488876128712,,,0.0655784861704359
9891,True,0.8558796474070366,0.0350137181836215,0.5142417648114268,2.497825655720029,-0.0935186741655753,710502.2429789181,,,,,1.0,22400.0,-1500.0,-1500.0,-3689.2211438439704,-4023.7048146094294,7100.0,7100.0,-1321.3301639945712,-682.3082201401908,1263.7984431342336,731.8698509876823,1500.0,1500.0,-9154.44680889324,-9364.155423370938,flux_loop,0.3148,1.0428488876128712,,,0.0672363797001954
9892,True,0.9052049309323758,0.0188673233154334,0.4504090356250864,2.2210795441936133,-0.1738640694013069,675913.6737120221,,,,,1.0,22400.0,-1489.502145246037,-33.511488218598295,-9200.0,-9200.0,-6299.999999999999,-6299.999999999999,-1500.0,-1500.0,8537.050556017488,7736.962994886671,1500.0,1500.0,-12474.767218173827,-12562.002924095,flux_loop,0.3148,1.0428488876128712,,,0.053072761179063
9893,True,0.8575053798876938,0.013972268889498,0.4792378700021173,2.6037060726578707,0.3736774183558855,522860.72643063776,,,,,1.0,22400.0,8046.9413177397555,7344.734807244869,-9200.0,-9200.0,-6299.999999999999,-6299.999999999999,4720.708214726491,5871.203279481213,-390.8299643642451,-827.3331647889349,1500.0,1500.0,-7616.151984918781,-7558.425850210118,flux_loop,0.3148,1.0428488876128712,,,0.0782700028869263
9894,True,0.9339023050696263,-0.0418536660965049,0.5115389677145327,1.9911252085214912,0.1416841304874514,526737.0449968878,,,,,1.0,22400.0,-759.1838389598953,1618.340342124998,9200.0,8030.786395292608,-843.3698097434064,-6299.999999999999,-1500.0,-1500.0,-1172.092369277918,-446.8864672902639,1500.0,1500.0,-6344.703676410077,-6403.131365465999,flux_loop,0.3148,1.0428488876128712,,,0.0624134539268331
9895,True,0.9432559191980232,-0.0284969697969812,0.5076661626973089,1.4991978841863904,0.4217744296984843,1195689.4885814816,,,,,1.0,22400.0,16800.0,16800.0,9200.0,9200.0,7100.0,7100.0,1842.9486775113255,5602.318730844533,-15289.459191230084,-15310.540808769916,-9200.0,-9200.0,-3758.647112598366,-5337.98873858376,flux_loop,0.3148,1.0428488876128712,,,0.1307845607980867
9896,True,0.9097889301626284,0.0363988193166678,0.4891580470250707,1.541980820394652,-0.4713191454474099,1109290.599793831,,,,,1.0,22400.0,-1500.0,-1500.0,-9200.0,-9200.0,-6299.999999999999,-6299.999999999999,-1500.0,-1500.0,3359.844926684814,3474.521486236987,1500.0,1500.0,-13426.481727000772,-14534.684263674288,flux_loop,0.3148,1.0428488876128712,,,0.0627409628530295
9897,True,0.8984013449907197,-0.0347362828791895,0.5052859311579138,2.395172356725214,-0.0845151818035755,1022588.2981109738,,,,,1.0,22400.0,-1500.0,-1215.9594921551832,5053.93512954008,5231.260902305645,-3040.864707537806,-6299.999999999999,-1500.0,-1500.0,2218.4328982306465,3176.093386853146,1500.0,1500.0,-13522.46356287394,-13248.15951495556,flux_loop,0.3148,1.0428488876128712,,,0.0751478487273215
9898,True,0.9071437101357572,-0.0275755526847112,0.5052923837843708,1.690496902788511,0.5998664512701949,1153660.6444862862,,,,,1.0,22400.0,16800.0,16800.0,9200.0,9200.0,7100.0,7100.0,9134.828885898014,1381.486475238755,-18644.51913932522,-11955.48086067478,-9200.0,-9200.0,-2571.7928675682197,-7017.2497308891725,flux_loop,0.3148,1.0428488876128712,,,0.1251620443454467
9899,True,0.9308568402724988,-0.0302497138787066,0.5352371056869654,2.842688366665404,-0.3409809017931525,825696.1843262818,,,,,1.0,-22400.0,2140.4877855613995,4186.705469207393,8395.608164670104,2993.6995449849464,-6299.999999999999,-6299.999999999999,-1500.0,-1500.0,2857.3080548561443,3297.5644129793654,1500.0,1500.0,-12093.476776691894,-11622.082837206352,flux_loop,0.3148,1.0428488876128712,,,0.0166385953023837
9900,True,0.9286710047358796,-0.0131843246302649,0.5125155900288627,1.772709870893072,-0.0195733255838841,1082426.3712624102,,,,,1.0,22400.0,-1500.0,-1500.0,-9200.0,-9200.0,-6299.999999999999,-6299.999999999999,-1500.0,-1500.0,2794.4795693850074,2900.438195356229,1500.0,1500.0,-13886.659211658396,-13730.05644360826,flux_loop,0.3148,1.0428488876128712,,,0.0511901705527095
9901,True,0.9309584538274344,0.0097336028800027,0.4558059980852078,1.630066458139535,0.3293375455546363,647497.8129996036,,,,,1.0,-22400.0,16800.0,16800.0,9200.0,9200.0,7100.0,7100.0,11200.0,10193.59850191737,-14389.833905054556,-14508.54402829298,1500.0,1500.0,-6255.248048608946,-5897.214587490819,flux_loop,0.3148,1.0428488876128712,,,0.0626008269063733
9902,True,0.8999497469796531,-0.03816725429934,0.485734411631904,1.7326095908935184,0.0607073101652043,609778.4000252456,,,,,1.0,22400.0,-1500.0,1836.697380989812,4655.388914136785,-9200.0,-6299.999999999999,-6299.999999999999,-1500.0,-1500.0,587.1982276525939,2217.885427775698,1500.0,1500.0,-8368.788570567574,-8652.864736895164,flux_loop,0.3148,1.0428488876128712,,,0.0433656783003055
9903,True,0.9258862447856386,-0.0390707637146718,0.5113730494205229,3.014727637375125,0.5992439963374613,810094.2527943426,,,,,1.0,22400.0,6162.1398414418045,7765.809628348504,-9200.0,-9200.0,1679.9038822942448,-6299.999999999999,5020.139678247452,8651.59351227766,-1830.501432282798,-1668.2199716724049,1500.0,1500.0,-10090.53793298605,-9950.061272773895,flux_loop,0.3148,1.0428488876128712,,,0.0951850189757641
9904,True,0.938405774101646,0.028920868635645,0.46181139780195,2.643380410951905,0.0269631836757058,756909.3572067035,,,,,1.0,22400.0,1966.022776294472,358.00967428903937,9200.0,9200.0,-5601.500656619585,-1577.4258284700347,-1500.0,-1500.0,1198.9833090105417,640.6894665460864,1500.0,1500.0,-9624.5057738309,-9744.658259838414,flux_loop,0.3148,1.0428488876128712,,,0.0837683708916643
9905,True,0.8761726040675436,-0.0234020377561938,0.4841910171905735,2.1286558429664204,-0.0313608526616799,500217.50124819536,,,,,1.0,22400.0,-1500.0,-1500.0,-2016.2147088079664,2379.205857652637,4190.142556444346,-2020.9825296267404,-1500.0,-1500.0,1125.2091674359117,1702.645308565513,1500.0,1500.0,-7232.6989413598385,-7234.008289732836,flux_loop,0.3148,1.0428488876128712,,,0.048865871431925
9906,True,0.8805333638108753,0.0239412437980765,0.4740961459797073,2.811128333960479,-0.0487803376482164,581391.5501714302,,,,,1.0,22400.0,-1500.0,-1500.0,2915.965718939691,1091.821327167105,5681.83553225718,7100.0,-1500.0,-1475.700976943508,612.786220792384,447.9988201111352,1500.0,1500.0,-7616.813199431937,-7785.057283265353,flux_loop,0.3148,1.0428488876128712,,,0.0659766092380645
9907,True,0.923034626614199,-0.0450750913010936,0.5076281190388144,1.6433788020577416,-0.4456925522735221,881088.239536962,,,,,1.0,22400.0,-1500.0,-1500.0,-9200.0,-9200.0,-6299.999999999999,-6299.999999999999,-1500.0,-1500.0,4780.7512967244575,4972.4869666919285,1500.0,1500.0,-12930.313975006666,-11873.263575659095,flux_loop,0.3148,1.0428488876128712,,,0.0483839386943504
9908,True,0.8544046210755478,-0.0410248205408939,0.450931415195164,2.967898417441121,0.2004836491865687,1092328.9436697634,,,,,1.0,22400.0,9006.712112410354,12944.47679556298,-9200.0,-9200.0,-412.3398123715692,-6299.999999999999,2791.168543037056,1008.0191577920516,1491.503350516673,3197.213106357957,1500.0,1500.0,-15795.171712751468,-15623.033520451914,flux_loop,0.3148,1.0428488876128712,,,0.1236956283482805
9909,True,0.9217031216727708,0.0004516693672597,0.5009548978061937,2.9007891500032335,0.1566071006870312,1064644.740722198,,,,,1.0,22400.0,4640.346372663007,4638.042558226716,-9200.0,-9200.0,6001.781695457114,5539.308505288822,2061.526766026727,2202.124423871179,-408.1199388794003,-412.2250316211957,1500.0,1500.0,-12395.98252806701,-12392.648981658163,flux_loop,0.3148,1.0428488876128712,,,0.1081261720939495
9910,True,0.8511945514473043,0.0266620787675132,0.4672466590510684,2.8526474637570276,0.2685179177843682,706761.9364675669,,,,,1.0,22400.0,8460.695317354719,7263.839788867596,-9200.0,-9200.0,-6299.999999999999,-6299.999999999999,4211.384689017291,6092.958639778862,800.3523306723706,-79.48990126235067,1500.0,1500.0,-10138.728436373223,-10114.90719879998,flux_loop,0.3148,1.0428488876128712,,,0.090827756572917
9911,True,0.870237673020274,0.0064611642462155,0.5410619452532425,2.8421225164246313,0.5791115766216831,1144059.178021053,,,,,1.0,22400.0,5158.751180647208,4958.331711290549,-9200.0,-9200.0,-191.33230714728208,1307.5920848287412,7715.2869626292995,6842.397360601114,-2845.2692351127985,-2820.525194032407,1500.0,1500.0,-13522.919614290577,-13553.239992064704,flux_loop,0.3148,1.0428488876128712,,,0.1028109150186527
9912,True,0.8948869244152583,-0.030836098249424,0.5145933455409548,2.448119492070687,-0.4394945578043977,769813.5320608853,,,,,1.0,22400.0,1578.1882671273063,-527.9472943013119,-9200.0,-9200.0,-6299.999999999999,-6299.999999999999,-1500.0,-1500.0,6633.238435091318,7541.300963322842,1500.0,1500.0,-13193.81087095474,-12638.537769500652,flux_loop,0.3148,1.0428488876128712,,,0.0529320496266335
9913,True,0.907207407991214,0.0138427018286398,0.5133540479220391,2.3868084509506096,-0.3023638184758712,994697.2171688888,,,,,1.0,22400.0,-288.00345842385036,768.7118749306743,-9200.0,-9200.0,-6299.999999999999,-6299.999999999999,-1500.0,-1500.0,8450.437835512317,7949.562164487684,1500.0,1500.0,-15929.19875675122,-16188.855631542265,flux_loop,0.3148,1.0428488876128712,,,0.0711297639292696
9914,True,0.9121732695123552,0.0197919988059972,0.4608249056360828,1.6281972997523473,-0.0435709048988021,635205.7382643744,,,,,1.0,22400.0,-1500.0,-1500.0,-9200.0,-9200.0,-6299.999999999999,-6299.999999999999,-1500.0,-1500.0,2741.9261296613627,2814.918160726499,1500.0,1500.0,-9000.497198972656,-9258.75497343748,flux_loop,0.3148,1.0428488876128712,,,0.0333141270404918
9915,True,0.8985020166311758,-0.0337158333575159,0.4833097417919369,1.813956942616816,0.381907071462068,704021.8454916456,,,,,1.0,-22400.0,16800.0,16800.0,9200.0,9200.0,-130.89385048880135,7100.0,-1500.0,3261.5491087026476,-7904.006355328201,-10535.14365789224,1500.0,1500.0,-7973.019972365458,-7645.4559402166515,flux_loop,0.3148,1.0428488876128712,,,0.0573604799693015
9918,True,0.8846027112940783,-0.0310070972461924,0.5420916326422958,3.0785497630353365,0.2162819748656497,974674.4231983336,,,,,1.0,-22400.0,2213.167637648849,3236.635934344332,-1225.59642424431,-5663.803347714426,358.322492121752,2968.7696037404235,1254.5465428997925,1357.7409586841516,-458.8259921122338,-227.5808665558218,1500.0,1500.0,-11724.12940618896,-11363.577147863383,flux_loop,0.3148,1.0428488876128712,,,0.0225865883401557
9919,True,0.881750593182824,0.039835831411578,0.4769200146834779,2.8113092373057853,0.515970120505515,905915.4834639132,,,,,1.0,22400.0,12504.168840484388,9473.870651452453,-9200.0,-9200.0,-6299.999999999999,-6299.999999999999,2915.086147493594,7799.04128136546,1014.2218200176368,-1459.8922087726282,-41.22203626229808,1166.6513248560468,-11764.47406596462,-12224.417941060592,flux_loop,0.3148,1.0428488876128712,,,0.107600244265746
9920,True,0.8944188108385547,0.0130763507267607,0.5476203190717425,2.162421589211649,0.0698496535227052,1028702.4968240216,,,,,1.0,22400.0,-531.9081559535243,-1078.799839484302,9200.0,9200.0,-6299.999999999999,-4138.760631906877,-1500.0,-1500.0,755.8755551504829,381.8839349485445,1500.0,1500.0,-12465.268598335688,-12476.518968118511,flux_loop,0.3148,1.0428488876128712,,,0.0817183872741125
9921,True,0.9051185356798458,-0.0338416308775746,0.5238445050147587,2.0948014608418823,0.5693755159448343,1111846.6334311431,,,,,1.0,22400.0,16800.0,16800.0,5987.430357353933,9200.0,-6299.999999999999,7076.966759350261,-1500.0,-1500.0,-4660.945448975832,-8141.175835508725,-5094.3609168234525,648.7352305336361,-8815.295470422549,-12723.404522148794,flux_loop,0.3148,1.0428488876128712,,,0.1391396895370631
9922,True,0.8770714665295056,0.0204946879073967,0.5325965516508382,2.756043911575624,0.0423917909345235,1041984.633725896,,,,,1.0,22400.0,-338.75587556861007,307.6664186779261,399.2394075509426,-3545.8749415043258,7100.0,7100.0,-1228.0782915190698,-24.79226307996271,504.205170816452,177.52324064091692,1500.0,1500.0,-12391.88103345425,-12587.593831364688,flux_loop,0.3148,1.0428488876128712,,,0.093972945022073
9923,True,0.8741933767693558,-0.0234480091891416,0.4577594312151079,3.132185023931087,0.5151666850377329,847894.3730869635,,,,,1.0,22400.0,8577.495833793948,9665.624944924772,-9200.0,-9200.0,-6299.999999999999,-6299.999999999999,7819.525361250513,6286.985434492374,-645.8889341624289,396.1636741789098,1500.0,1500.0,-11947.553643293682,-12113.321100672303,flux_loop,0.3148,1.0428488876128712,,,0.1023657986269967
9924,True,0.9030791828222936,0.0364738455123829,0.505933235648529,2.257256790506548,0.3127277317956587,627881.1355171589,,,,,1.0,22400.0,12957.570586592248,9538.573353304004,-9200.0,-9200.0,-6299.999999999999,-6299.999999999999,-116.62089226390428,4719.374392397222,-48.51994944989626,-1475.6374695855386,1500.0,1500.0,-8497.57340918106,-8315.863081201926,flux_loop,0.3148,1.0428488876128712,,,0.0906552718472106
9925,True,0.8803188150644624,-0.0492201028730834,0.5134417794145856,1.848363771959705,0.0974875935306047,1149184.927289066,,,,,1.0,22400.0,3667.197344955054,3618.936072812589,-4877.120023806446,-9200.0,-6299.999999999999,-6299.999999999999,-1500.0,-1500.0,817.7016707413861,2591.3178610811656,1500.0,1500.0,-15071.75911740269,-15261.663613758836,flux_loop,0.3148,1.0428488876128712,,,0.0671531797131185
9926,True,0.9462994734224864,0.0454588262309581,0.5109512895776522,1.451790040046664,0.0018693199317065,603069.3815881719,,,,,1.0,22400.0,-1500.0,-1500.0,-9200.0,-9200.0,-6299.999999999999,-6299.999999999999,-1500.0,-1500.0,492.5545917761792,761.4878100352182,1500.0,1500.0,-7419.535788886804,-7801.054003647811,flux_loop,0.3148,1.0428488876128712,,,0.0293239654800592
9927,True,0.8970328345535921,0.0182481604063767,0.5190512625307235,2.4687006544003376,-0.4278108715971693,562922.4233581868,,,,,1.0,22400.0,3199.8040699368235,4071.335424560753,-9200.0,-9200.0,-6299.999999999999,-6299.999999999999,-1500.0,-1500.0,4889.011485064348,4562.28470576788,1500.0,1500.0,-9187.02447263756,-9463.42919121566,flux_loop,0.3148,1.0428488876128712,,,0.0638455590204667
9928,True,0.9304929279513762,-0.0348947271244035,0.4716254749325375,2.1102408423556698,0.4958745199170614,1070562.0136207775,,,,,1.0,-22400.0,16800.0,16800.0,9200.0,9200.0,7100.0,7100.0,11200.0,11200.0,-11072.944443801953,-6717.790042725245,1500.0,-5082.669997524922,-13283.444764970283,-10552.302329146676,flux_loop,0.3148,1.0428488876128712,,,0.088074369994954
9929,True,0.9110962670463844,-0.0441272219210884,0.477900193515626,2.5532217748315436,-0.3612763129549088,1072175.5079047903,,,,,1.0,22400.0,-347.1688055042816,932.0771643426804,-9200.0,-9200.0,-6299.999999999999,-6299.999999999999,8565.169959701429,5030.797810148392,6484.30122409678,9915.698775903222,1500.0,1500.0,-18400.0,-18400.0,flux_loop,0.3148,1.0428488876128712,,,0.0823521887966365
9930,True,0.8580673302300765,0.0116690351314341,0.4685816929462036,2.6320247479204193,-0.0278269711378331,972917.1852847906,,,,,1.0,22400.0,-1500.0,-1500.0,6081.61370541432,2901.063363536656,86.82719237634537,3582.7922591624324,-1500.0,-1500.0,1462.299590159375,1181.180309166546,1500.0,1500.0,-12424.79509787252,-12475.250091623058,flux_loop,0.3148,1.0428488876128712,,,0.0829534088505574
9931,True,0.8962830165930645,0.0371248559448884,0.5156730648368292,1.5792859802314698,0.0978032732595901,585201.8501083276,,,,,1.0,22400.0,-1500.0,-1500.0,2000.8914523870608,-6606.148743627857,-6299.999999999999,7100.0,-1500.0,-1500.0,128.74983263460078,-1137.2540383505147,1500.0,1500.0,-7824.3405932054575,-7534.719073482272,flux_loop,0.3148,1.0428488876128712,,,0.0422078818164049
9932,True,0.8696878933279035,-0.0153575935393273,0.5235804268196289,2.158817667313651,-0.5038019223506336,1008796.5474466592,,,,,1.0,-22400.0,-1500.0,-1500.0,-9200.0,-9200.0,-6299.999999999999,-6299.999999999999,1392.3732760281025,1595.0945518561116,8245.201254332293,8154.798745667708,1500.0,1500.0,-17116.079605130744,-16705.11937019974,flux_loop,0.3148,1.0428488876128712,,,-0.0079113794609789
9933,True,0.9213530489397804,0.0333275222522175,0.4581584187790282,2.501548425636621,0.0348425295017489,593237.0530204107,,,,,1.0,22400.0,-1500.0,-1500.0,9200.0,3432.1557367979253,-1670.8781495453725,4396.059944211017,-1500.0,-1500.0,160.85673913309316,-234.08729559528425,1500.0,1500.0,-7182.739798429082,-7273.62867059862,flux_loop,0.3148,1.0428488876128712,,,0.0664361675461537
9934,True,0.8606307245619598,-0.0019255756616696,0.475638938212963,1.6003898367001133,-0.472834407197499,929816.3375484454,,,,,1.0,22400.0,-1500.0,-1500.0,-9200.0,-9200.0,-6299.999999999999,-6299.999999999999,-1500.0,-1500.0,4730.271561093031,4762.514652228182,1500.0,1500.0,-13256.498025935383,-13206.617569289518,flux_loop,0.3148,1.0428488876128712,,,0.0508884598217902
9935,True,0.9141311978716892,-0.0056650371786688,0.4612081541703632,2.2783149547872537,0.0619714583196046,955604.8192359686,,,,,1.0,22400.0,3251.1326969535507,4062.926217389363,527.757430870294,-1676.1523949956547,-6299.999999999999,-6299.999999999999,-1500.0,-1500.0,1179.3541126564016,1400.8409008326182,1500.0,1500.0,-11830.781978751356,-11841.445523918836,flux_loop,0.3148,1.0428488876128712,,,0.0868545756333996
9936,True,0.932162306729496,0.005357285365204,0.486471585859131,2.126401245258508,0.4549696176189121,641046.0785557994,,,,,1.0,22400.0,16800.0,16800.0,6098.848166397882,4420.663996606452,-6299.999999999999,-6299.999999999999,-1500.0,-1500.0,-3197.569511302361,-2828.4178062549927,1460.5168328393738,815.8673686369541,-8389.470351999982,-7981.603284241817,flux_loop,0.3148,1.0428488876128712,,,0.1206967840221654
9937,True,0.919937898615748,0.0076156142538451,0.540122610406984,1.723825163090031,0.5457512943337252,700974.4152280341,,,,,1.0,22400.0,16800.0,16800.0,9200.0,9200.0,6486.84728156098,1752.306622456323,-1500.0,-1500.0,-10522.273307017918,-9498.946366972556,-1658.1938466164695,-2625.9582984007097,-4803.346203346854,-4222.925621435432,flux_loop,0.3148,1.0428488876128712,,,0.1189712244965411
9938,True,0.8749769191761197,0.0307301729662216,0.5043295531651854,2.257428390567695,-0.565533303888587,736855.4678384874,,,,,1.0,-22400.0,-1500.0,-1500.0,-9200.0,-9200.0,-6299.999999999999,-6299.999999999999,-1500.0,1042.5919592445491,8701.223203623327,7698.776796376674,1500.0,1500.0,-13441.07919104042,-13663.580967436204,flux_loop,0.3148,1.0428488876128712,,,-0.0196418315444564
9939,True,0.8739902623502162,-0.0028792475108265,0.5062366880073229,2.382619270809818,-0.3114210417071784,564957.7220256445,,,,,1.0,22400.0,2972.519863403028,2948.210641934747,-9200.0,-9200.0,-6299.999999999999,-6299.999999999999,-1500.0,-1500.0,4888.358375971321,4946.008817111395,1500.0,1500.0,-9541.495349670313,-9502.10398639626,flux_loop,0.3148,1.0428488876128712,,,0.0581962255974817
9940,True,0.8526432030858445,0.0316485899284038,0.5187052026214539,2.5566462601975406,0.5145759661150019,699689.3835698355,,,,,1.0,22400.0,6682.638053570062,5519.0132514981,-9200.0,-9200.0,-6299.999999999999,-6299.999999999999,7463.470084989943,9422.905519847236,-1769.260407661028,-2909.8888745752106,470.956099210417,1117.9871560686245,-8454.584891684442,-8664.886696640664,flux_loop,0.3148,1.0428488876128712,,,0.080586881213813
9941,True,0.9475130213157864,0.0003541408883634,0.5048262452048481,2.7513032207064176,-0.3667337314736202,714920.2316555126,,,,,1.0,22400.0,8926.029626294712,9031.661738759964,-9200.0,-9200.0,-6299.999999999999,-6299.999999999999,-1500.0,-1500.0,4335.932071738326,4328.280986601045,1500.0,1500.0,-10924.58660134826,-10929.21261393571,flux_loop,0.3148,1.0428488876128712,,,0.0931016306381664
9942,True,0.9091782054756836,0.0123791811118408,0.4619403206511149,2.7055090354596096,-0.0833117689300683,884159.2871613889,,,,,1.0,22400.0,1775.3568989427722,981.8710626267635,7342.187849226252,9200.0,-6299.999999999999,-5690.177300706886,-1500.0,-1500.0,2920.585798312772,2591.4104554725836,1500.0,1500.0,-12241.399549223648,-12334.612552800334,flux_loop,0.3148,1.0428488876128712,,,0.0880798809161452
9943,True,0.8702532302529429,-0.0055675991262394,0.4898397935625482,2.416906923046639,0.2444582307578927,984694.8982186224,,,,,1.0,22400.0,12006.41634800515,12654.660881230307,-9200.0,-9200.0,-6299.999999999999,-6299.999999999999,1299.3452971220063,467.4195001680231,590.8243839126447,888.3603133201374,1500.0,1500.0,-13338.88237113844,-13360.46833130076,flux_loop,0.3148,1.0428488876128712,,,0.1133654789414169
9944,True,0.9150719612097772,0.0445993181432697,0.5282271701895862,1.9624062010300771,0.0810586997177081,1041886.9714341676,,,,,1.0,22400.0,4283.471342654983,532.8199757275212,-9200.0,4730.257748702119,-6299.999999999999,-6299.999999999999,-1500.0,-1500.0,1971.3013697947251,228.31326303396224,1500.0,1500.0,-12892.622543022007,-12738.343403854982,flux_loop,0.3148,1.0428488876128712,,,0.080682557479837
9945,True,0.8571908031662845,0.026682832434954,0.5407951834106002,3.1475137201585257,-0.571080454876463,1045128.4534987664,,,,,1.0,2640.200471529776,-1500.0,-1500.0,3027.1254841574982,1160.63415619618,4488.949775768351,7100.0,-1500.0,-1500.0,3135.229333879754,3018.5739349305113,1500.0,1500.0,-14381.172653288471,-14905.104463355148,flux_loop,0.3148,1.0428488876128712,,,0.0558348342974838
9946,True,0.8522188632767609,-0.0278773154063539,0.5355321869034145,2.440940061239672,0.4409444588595336,517423.9073515845,,,,,1.0,22400.0,4416.8619473847,5115.162493010527,-9200.0,-9200.0,-6299.999999999999,-6299.999999999999,8654.12278732226,7893.884022829781,-2485.4071202827568,-2016.217674699028,1500.0,1387.6520468086517,-6632.3899842225,-6633.543822407961,flux_loop,0.3148,1.0428488876128712,,,0.0674343963601764
9947,True,0.8993486118355913,0.0159709235057453,0.4885980412788102,1.7689346494415192,-0.2152960117958148,794852.6752013515,,,,,1.0,22400.0,-1500.0,-1500.0,-9200.0,-9200.0,-6299.999999999999,-6299.999999999999,-1500.0,-1500.0,3841.546315082721,3869.5169253035774,1500.0,1500.0,-10939.925338391082,-11241.485186123537,flux_loop,0.3148,1.0428488876128712,,,0.0453434813419572
9948,True,0.8817969881446689,0.0154462770186953,0.4953925754316979,1.751792466748695,-0.2442714553879194,1115506.454387196,,,,,1.0,22400.0,-1500.0,-1500.0,-9200.0,-9200.0,-6299.999999999999,-6299.999999999999,-1500.0,-1500.0,4426.287858003583,4428.733372591204,1500.0,1500.0,-14976.596475542645,-15362.101044076482,flux_loop,0.3148,1.0428488876128712,,,0.0586423837127169
9949,True,0.8591378174173222,-0.0085027553594003,0.4867800506175177,2.367099553017693,-0.5587647937924115,1110386.521431273,,,,,1.0,22400.0,755.2936877745076,-1500.0,9200.0,9200.0,7100.0,7100.0,11200.0,11200.0,8001.437709092417,8398.562290907583,-3325.9960280702203,-4457.095472300031,-18400.0,-18400.0,flux_loop,0.3148,1.0428488876128712,,,0.1173168198535185
9950,True,0.8602252600208485,0.0012499992897201,0.5221319646675663,2.4713811004311252,-0.2358588472073464,534030.8441698309,,,,,1.0,22400.0,-1500.0,-1500.0,-5382.105252473551,-5594.920303325601,7100.0,7100.0,-1500.0,-1500.0,1799.030160317389,1798.370202424146,1500.0,1500.0,-7742.322951664733,-7750.8521450353965,flux_loop,0.3148,1.0428488876128712,,,0.0540539124284676
9951,True,0.9123399500756008,-0.0053443735040008,0.49197829762108,2.1606097223052956,0.3311493544715588,1150042.479958143,,,,,1.0,22400.0,16800.0,16800.0,6369.605434984786,7919.040923473315,-6299.999999999999,-6299.999999999999,-1500.0,-1500.0,-2276.4549222146,-2353.644690108244,1500.0,1500.0,-14864.088725106909,-14812.98292038311,flux_loop,0.3148,1.0428488876128712,,,0.1445274863064973
9952,True,0.882791978198854,0.0395105822224427,0.5499170032318104,1.4473959450872471,-0.0703004932923339,955041.9992087675,,,,,1.0,22400.0,-1500.0,-1500.0,-9200.0,-9200.0,-6299.999999999999,-6299.999999999999,-1500.0,-1500.0,550.542694879054,785.2967726645708,1500.0,1500.0,-11896.641436172436,-12474.730096824327,flux_loop,0.3148,1.0428488876128712,,,0.0393677678500856
9953,True,0.8796143930658064,-0.015216867512878,0.5308092101383465,2.3702681266108083,0.5804948675360607,1120808.3949487708,,,,,1.0,22400.0,10645.539119496643,12197.83467832842,-9200.0,-9200.0,-6299.999999999999,-6299.999999999999,8122.690664206964,6132.717472644148,-4066.39011497083,-3181.8414940318844,-1519.9718468806964,-1747.874584392812,-11631.56049604976,-11782.987109274807,flux_loop,0.3148,1.0428488876128712,,,0.1114041753785261
9954,True,0.948770050067672,0.0200291839043587,0.4786904938619883,1.5998652316365751,0.2735928749642984,1184517.340812758,,,,,1.0,22400.0,16800.0,16800.0,9200.0,9200.0,7100.0,7100.0,4546.3503428095655,-966.9264470531213,-14656.547529773025,-12915.188786791108,1500.0,1500.0,-11087.74498944469,-11087.13484394359,flux_loop,0.3148,1.0428488876128712,,,0.1397141054526618
9955,True,0.8898321805799175,0.0430380399139063,0.4694095325004976,1.6934815034962825,-0.1353598306732932,1182543.4471734148,,,,,1.0,22400.0,-1500.0,-1500.0,-9200.0,-9200.0,-6299.999999999999,-6299.999999999999,-1500.0,-1500.0,4032.637795580552,3897.3938745669616,1500.0,1500.0,-15767.46671580146,-16668.45574105408,flux_loop,0.3148,1.0428488876128712,,,0.0586371222472404
9956,True,0.8907755809399955,0.0217622605852276,0.4906040122783142,2.2833913558546377,-0.4709457151835222,1009287.786085778,,,,,1.0,-22400.0,-1500.0,-1500.0,-9200.0,-9200.0,-6299.999999999999,-6299.999999999999,8379.684461879404,8349.279509603855,8159.142067574923,8240.857932425077,1500.0,1500.0,-17893.20494310929,-18230.51944791816,flux_loop,0.3148,1.0428488876128712,,,0.0033418586148438
9957,True,0.8674298369001467,0.0385789250818695,0.4592139510479114,2.953373210223347,-0.0071722853946838,1098465.619930477,,,,,1.0,22400.0,-428.6754108986586,-1309.9179285544446,9200.0,7244.405425565701,164.9293393849981,3643.352570803732,-1500.0,-1500.0,1542.6397125060073,911.0056225046676,1500.0,1500.0,-13714.29563647134,-14134.721958363412,flux_loop,0.3148,1.0428488876128712,,,0.0991390798100042
9958,True,0.9456791406278082,-0.0215795172594987,0.5303416166164666,1.9967649874095008,0.1905905354756012,594663.4355607139,,,,,1.0,22400.0,533.993079868647,1906.4650833438411,9200.0,9200.0,-1917.874013797952,-5284.103341651566,-1500.0,-1500.0,-1578.888194272769,-1233.312340071824,1500.0,1500.0,-6755.230060434785,-6786.6453605404295,flux_loop,0.3148,1.0428488876128712,,,0.0696097060050934
9959,True,0.9486698708730136,-0.0269062067742601,0.471607553926826,3.078689383399137,0.1529509135731827,989600.6714659794,,,,,1.0,22400.0,7787.650906452599,9266.031543597985,-9200.0,-9200.0,2348.416753116895,927.5106524377628,3001.9411789780197,2497.586021725399,479.1056653033035,969.1010296821856,1500.0,1500.0,-12744.36525968886,-12475.088240186296,flux_loop,0.3148,1.0428488876128712,,,0.118385214959914
9960,True,0.9307385113917042,-0.0118647306124732,0.4706989562702973,2.6768468272911408,-0.409987246645812,657385.725107674,,,,,1.0,22400.0,5717.993542069441,5243.759250754183,-9200.0,-9200.0,-6299.999999999999,-6299.999999999999,-1500.0,-1500.0,6475.277499310237,6761.662386123085,1500.0,1500.0,-11777.258357677349,-11562.105292844362,flux_loop,0.3148,1.0428488876128712,,,0.0745325508358507
9961,True,0.8765460452211148,-0.0305315887428194,0.4945934035723815,1.5776578543970987,-0.3934570390231499,1107902.7295800229,,,,,1.0,22400.0,-1500.0,-1500.0,-9200.0,-9200.0,-6299.999999999999,-6299.999999999999,-1500.0,-1500.0,4173.184284933818,4136.792824156691,1500.0,1500.0,-15377.859157174084,-14452.03340655298,flux_loop,0.3148,1.0428488876128712,,,0.0530063669272537
9962,True,0.9154322576117432,0.0359902634065343,0.544986729040413,3.0398841142415423,-0.5873559127678372,922408.992286566,,,,,1.0,-22400.0,-1185.4306290597333,-908.6838590682956,9200.0,9200.0,-153.37416887670355,1315.137986861928,-1500.0,-1500.0,2570.5227614350283,2386.7173236757912,1500.0,1500.0,-12478.764468840076,-13152.055319887291,flux_loop,0.3148,1.0428488876128712,,,0.0155728624609013
9963,True,0.9369736631268168,0.0031105801402843,0.5235351608361839,2.8911448913598923,-0.3437557485677397,519335.2225286682,,,,,1.0,-22400.0,431.6330305150397,386.5587344429835,9200.0,9200.0,-5133.718066720062,-4810.163183792804,-1500.0,-1500.0,1814.0295032192885,1778.6596149446498,1500.0,1500.0,-7765.20811782963,-7790.661749535563,flux_loop,0.3148,1.0428488876128712,,,-0.0048977035918511
9964,True,0.904646720681865,0.0345267086143414,0.4636606474625216,1.6259300607771985,-0.4705807544134856,686797.7479794283,,,,,1.0,22400.0,-1500.0,-1500.0,-9200.0,-9200.0,-6299.999999999999,-6299.999999999999,-1500.0,-1500.0,3629.531849153166,3715.8256141419383,1500.0,1500.0,-9179.275351904504,-9950.946328879025,flux_loop,0.3148,1.0428488876128712,,,0.0436070232708999
9965,True,0.8658074884625403,-0.0413420753207746,0.5317477432916801,2.335470494596026,0.5434480088032673,767718.7545258235,,,,,1.0,22400.0,7026.509047388697,9897.277636354627,-9200.0,-9200.0,-6299.999999999999,-6299.999999999999,8687.703772799694,4691.087221979591,-3532.9141953700528,-1794.2310051914062,-379.3781766865415,-860.6374216202813,-8250.838333894037,-8475.590505245988,flux_loop,0.3148,1.0428488876128712,,,0.0874466938477127
9966,True,0.8747131804119348,-0.01174645485819,0.529992290337213,2.8586517540752743,0.3107601089603667,683014.81585671,,,,,1.0,22400.0,3248.8895308598426,3483.5041311709087,-9200.0,-9200.0,5345.099626840517,4021.032931933582,2123.3079666193203,2664.2023989697186,-1017.4570008016992,-1001.1797436663652,1500.0,1500.0,-8200.170271561394,-8114.53617683602,flux_loop,0.3148,1.0428488876128712,,,0.0800361842103368
9967,True,0.8877236527437281,0.0218700539805547,0.5358741259450239,1.9225818062832176,0.2678490579368945,1173749.766231724,,,,,1.0,22400.0,14856.484218693387,12379.954200083204,-9200.0,-9200.0,-6299.999999999999,-1216.0724207350318,-1500.0,-1500.0,-2720.452029471706,-3220.3996692782293,1500.0,1500.0,-13643.124499294949,-13549.35188652442,flux_loop,0.3148,1.0428488876128712,,,0.1127230970051522
9968,True,0.904017459916329,-0.0151200324863307,0.5269209657198778,1.6936902616458696,-0.2787096046647005,668596.1654656843,,,,,1.0,22400.0,-1500.0,-1500.0,-9200.0,-9200.0,-6299.999999999999,-6299.999999999999,-1500.0,-1500.0,3286.7380661066863,3294.5751597646577,1500.0,1500.0,-9306.520723098904,-9065.898920680838,flux_loop,0.3148,1.0428488876128712,,,0.0384467804312496
9969,True,0.8807124667931308,-0.0332936819202322,0.4835398779405522,1.6557153982322492,0.4185035578775148,580821.6188206295,,,,,1.0,-22400.0,16800.0,16800.0,9200.0,9200.0,7028.192333047649,7100.0,-1500.0,11200.0,-11313.179888438504,-16475.878935982302,473.6064444572365,1500.0,-4607.330866500435,-4701.29560658992,flux_loop,0.3148,1.0428488876128712,,,0.053383580225654
9970,True,0.8811672698630467,-0.0416809652964373,0.524739719147204,1.4187360149109802,0.2607520868521492,754282.2085097926,,,,,1.0,22400.0,12696.816774976229,16800.0,-9200.0,-2802.7906433069356,-6299.999999999999,-6299.999999999999,3852.3750181486785,-1500.0,-9153.90378787627,-9739.379541910468,-905.7575382343024,791.6400613373656,-5548.763776451522,-6954.905711133963,flux_loop,0.3148,1.0428488876128712,,,0.0881292447485513
9971,True,0.8781092168368466,0.0064188888552704,0.5232735253688469,2.871153700003564,-0.0332817852618526,524167.8058055957,,,,,1.0,22400.0,-227.743565053298,-408.86590343467446,3141.9057800934097,5183.368566830521,-1583.652728462118,-3500.3831916915215,1020.2901366035773,1231.9058936816243,264.6175089311223,215.17445640301196,1500.0,1500.0,-6916.554391774342,-6958.105360937889,flux_loop,0.3148,1.0428488876128712,,,0.0648456855267296
9972,True,0.8723521949572269,0.0230835962363057,0.5234613127362415,2.9513863961690125,-0.3021690158501204,1190378.075983809,,,,,1.0,22400.0,1267.794361370036,252.3930542491208,8832.783020804163,9200.0,-6299.999999999999,-3726.997176458496,-1500.0,-1500.0,4624.154619602091,4166.399452924073,1500.0,1500.0,-16629.537242454382,-17182.787816109616,flux_loop,0.3148,1.0428488876128712,,,0.1024657880183117
9973,True,0.8906946598568685,0.0037762797757322,0.5070007810105721,2.888757784729449,-0.5080719554167504,1139000.4248669208,,,,,1.0,22400.0,9032.898630362592,9278.043846751389,-9200.0,-9200.0,-6299.999999999999,-6299.999999999999,-1500.0,-1500.0,6575.708449952368,6503.746497117895,1500.0,1500.0,-17321.03529115857,-17457.61574736366,flux_loop,0.3148,1.0428488876128712,,,0.1140850762372573
9974,True,0.9170116670572752,-0.0122137784189494,0.4854849199423122,1.442896134799474,0.5873431420564584,833558.8169631306,,,,,1.0,22400.0,16800.0,16800.0,9200.0,9200.0,7100.0,4711.012444606092,-1500.0,-1500.0,-16039.944908817904,-14560.055091182096,-9200.0,-9200.0,341.74624970729775,-1094.8653757602565,flux_loop,0.3148,1.0428488876128712,,,0.1024054260393479
9975,True,0.9415546295286178,-0.0486901812822771,0.4939020140745793,2.884731049372415,-0.1576408077261592,1153497.3541629957,,,,,1.0,22400.0,9083.60672123023,13344.807924838551,330.2005170464212,-9200.0,-6299.999999999999,-6299.999999999999,-1500.0,-1500.0,5032.637355234277,6312.009205508298,1500.0,1500.0,-17795.57999096676,-16308.56345444885,flux_loop,0.3148,1.0428488876128712,,,0.1293952205288433
9977,True,0.8994230820043336,0.0142251829165467,0.5362113832004934,2.949266627979558,0.2156424090941239,1162261.1864003283,,,,,1.0,22400.0,4434.376362863255,4150.587447390063,-9200.0,-9200.0,5511.379882085256,5630.441047449231,2218.300753067023,2144.1192067292163,-549.9395400496902,-663.2784109018564,1500.0,1500.0,-13207.360470806776,-13368.944374802795,flux_loop,0.3148,1.0428488876128712,,,0.1119004413991117
9978,True,0.912227564670918,0.0189670543379864,0.5368007133538963,3.181499377685264,-0.4546945645563183,864389.3138859197,,,,,1.0,-22400.0,-453.36238921485295,930.4489596760492,9200.0,-1314.3973282612114,-204.05859220675305,7100.0,-1500.0,-1369.6673293095523,2326.640728591092,2260.469182603522,1500.0,1500.0,-11952.876803219488,-12284.508528379223,flux_loop,0.3148,1.0428488876128712,,,0.0144774973110147
9979,True,0.9462507077789454,0.0453879375202275,0.4894644648641716,1.7746359384250885,0.3643122236505079,1179809.7710269424,,,,,1.0,-22400.0,16800.0,16800.0,9200.0,9200.0,7100.0,7100.0,11200.0,11200.0,-9993.36838488591,-14792.290549281688,-4377.704505731965,1500.0,-10740.916062549952,-12304.384792717778,flux_loop,0.3148,1.0428488876128712,,,0.0877830633883828
9980,True,0.9472908186953782,-0.0333701179745918,0.5228836660834532,1.800882661596162,0.309908404305825,985221.872007732,,,,,1.0,22400.0,16800.0,16800.0,1034.0294978059744,9200.0,-6299.999999999999,-6299.999999999999,-1500.0,-1500.0,-5446.371247698855,-6110.292200063265,1500.0,1500.0,-10800.914186928145,-10780.040827646162,flux_loop,0.3148,1.0428488876128712,,,0.1295648781584926
9982,True,0.9497086137715224,-0.0224729745212189,0.4508310339013748,1.8206906620068757,0.5099577400716956,781350.3586652575,,,,,1.0,-22400.0,16800.0,16800.0,9200.0,9200.0,7100.0,7100.0,11200.0,11200.0,-9591.764196671957,-7540.18182563014,-9200.0,-9200.0,-3102.81010497429,-4943.902871599464,flux_loop,0.3148,1.0428488876128712,,,0.0758676021017231
9983,True,0.9219689918648556,-0.026651489587425,0.4547609914538025,1.757562192889396,0.2333836565655196,718015.6608633923,,,,,1.0,22400.0,16800.0,16800.0,-6678.560971080585,-954.5481687036996,-6299.999999999999,-6299.999999999999,-1500.0,-1500.0,-3741.922615552404,-4275.007686698571,1500.0,1500.0,-8505.789259947771,-8443.080208107465,flux_loop,0.3148,1.0428488876128712,,,0.1104059471264793
9984,True,0.9180153603220904,-0.021549968652288,0.4971698537184016,2.8090868652961487,0.2903092380356845,631825.7466156577,,,,,1.0,22400.0,6516.892758522216,7471.611009028521,-9200.0,-9200.0,-4302.284516505436,-6299.999999999999,5672.879750945058,5960.336135006179,-813.4616303076473,-578.1743937343318,1500.0,1500.0,-8197.775129306236,-8119.419430589367,flux_loop,0.3148,1.0428488876128712,,,0.0875530582936994
9985,True,0.8980022240941151,-0.0443870964532345,0.4850657619310636,1.7934711048265577,0.4146038893963605,1036673.0467937912,,,,,1.0,-22400.0,16800.0,16800.0,9200.0,9200.0,7100.0,7100.0,11200.0,11200.0,-15955.240652761227,-10327.191604138065,1500.0,-8114.185066650658,-10889.7217143022,-6898.463555148345,flux_loop,0.3148,1.0428488876128712,,,0.0732120358804847
9986,True,0.8533869477100118,0.0420084725459137,0.5238766823647972,3.107420992556842,0.478516836450949,1101761.749793363,,,,,1.0,-22400.0,4495.188590186276,2901.3954616613687,-9200.0,-1654.6906769935908,5490.97082464644,385.76376353115376,2514.9539092620316,2355.807770357769,-1103.2304408344344,-1573.26586618423,1500.0,1500.0,-13007.863919163485,-13278.851871897035,flux_loop,0.3148,1.0428488876128712,,,0.03265766586554
9987,True,0.9335633211556852,0.0261702912306934,0.5467747758669546,1.9889610629051608,0.1394333881046499,806993.7009367265,,,,,1.0,22400.0,2342.2256796928054,233.1004058714717,4917.388903370937,9200.0,-6299.999999999999,-4261.778589193894,-1500.0,-1500.0,-357.2307922696864,-1003.8617944818146,1500.0,1500.0,-9371.498587627157,-9315.608564891292,flux_loop,0.3148,1.0428488876128712,,,0.0754574311236404
9988,True,0.9194096983395392,0.0217540268924531,0.5401602086760096,1.6456617958843631,-0.1084461136452719,767626.5806085195,,,,,1.0,22400.0,-1500.0,-1500.0,-9200.0,-9200.0,-6299.999999999999,-6299.999999999999,-1500.0,-1500.0,2509.29536113461,2562.2924569384613,1500.0,1500.0,-9917.995790925328,-10217.708163267298,flux_loop,0.3148,1.0428488876128712,,,0.041188825577979
9989,True,0.874378964392194,-0.0470043268936387,0.4886186025265241,2.742376606790528,-0.1053368199805182,591189.6561702301,,,,,1.0,22400.0,-1500.0,-1500.0,1442.7563234820338,7045.5547864246455,6383.563461890894,361.8463916343576,-1500.0,-1500.0,941.8031607539568,1480.5334322400329,1500.0,1500.0,-8450.624995388722,-8094.803799599616,flux_loop,0.3148,1.0428488876128712,,,0.0632613246154752
9990,True,0.853720666770003,0.047092237565843,0.50770736810931,2.1712232855882183,0.3217658710580474,721857.528560918,,,,,1.0,22400.0,13558.731530193349,8838.682464026155,-9200.0,-9200.0,-6299.999999999999,-6299.999999999999,-1416.938792828392,5622.865682162241,-303.925815654083,-2441.4898015200706,1500.0,1500.0,-9718.868368928404,-9364.275388753522,flux_loop,0.3148,1.0428488876128712,,,0.0893508419315133
9991,True,0.89193436969298,0.0287262378746654,0.5350905596426114,2.21700417702712,-0.0005559692244919,780487.5093952053,,,,,1.0,22400.0,-1500.0,-1500.0,4600.504064692265,-2251.7944484568593,-1954.4608037312369,6290.372662351562,-1500.0,-1500.0,1152.1299009881398,509.0054921458559,1500.0,1500.0,-9764.61014293669,-9830.414727534286,flux_loop,0.3148,1.0428488876128712,,,0.068188421600816
9992,True,0.8981144427816862,-0.0031318430752347,0.5166591569877659,2.1601304954648333,0.3286853272353326,1005321.009134484,,,,,1.0,22400.0,16292.509820278245,16800.0,-9200.0,-9200.0,-6299.999999999999,-6299.999999999999,-599.9944131030682,-1152.47910592781,-1310.333930678775,-1144.9138335882087,1500.0,1500.0,-12709.452283919249,-12728.957072178591,flux_loop,0.3148,1.0428488876128712,,,0.1230134644728073
9993,True,0.8617564056659428,0.0465752968098673,0.4794697561462518,2.6384135660332797,0.1779581615718923,837336.1933538401,,,,,1.0,22400.0,7454.691480802541,4766.264444479682,-9200.0,-9200.0,4398.155294654244,7100.0,-1500.0,392.79544148048495,1311.7342314662133,94.74041306733602,1500.0,1500.0,-11205.447732000004,-11313.12451575554,flux_loop,0.3148,1.0428488876128712,,,0.09441586531999
9994,True,0.9362796820684596,0.0282258970942804,0.4634621705734567,1.9338755398751704,-0.0179771776393435,931237.0723331769,,,,,1.0,22400.0,-1500.0,-1363.396433952542,-9200.0,-9200.0,-6299.999999999999,-6299.999999999999,-1500.0,-1500.0,3745.109011082606,3558.7913042851915,1500.0,1500.0,-12225.194992757895,-12580.632364455543,flux_loop,0.3148,1.0428488876128712,,,0.0527533466549471
9995,True,0.8716452873865881,0.0236081383801523,0.4770276645757211,1.5353962515496569,-0.3278412474632307,924667.6855258874,,,,,1.0,22400.0,-1500.0,-1500.0,-9200.0,-9200.0,-6299.999999999999,-6299.999999999999,-1500.0,-1500.0,3848.6920052856544,3995.3075633173016,1500.0,1500.0,-12787.480032661171,-13436.99342820113,flux_loop,0.3148,1.0428488876128712,,,0.0473461286218805
9996,True,0.9394567965399876,0.0237472915579236,0.4689668923491393,2.3014179429766006,0.2045799948561382,1079770.9989683116,,,,,1.0,22400.0,16800.0,16800.0,-6876.738305042734,-9200.0,-6299.999999999999,-6299.999999999999,-1500.0,-1500.0,1063.0067635707546,921.1274119617632,1500.0,1500.0,-14078.529923386148,-14285.124688164764,flux_loop,0.3148,1.0428488876128712,,,0.1374862330008504
9997,True,0.9471043831256772,0.0160207032568474,0.5458746776928479,2.850001188063529,0.3530285824984411,929328.4754449516,,,,,1.0,22400.0,6003.057764853951,5439.115575732976,-9200.0,-9200.0,1077.1921877066095,2825.5952742784734,4039.7365449030976,3334.110156626658,-1359.328924038602,-1400.030798191596,1500.0,1500.0,-10308.87749406047,-10430.923956824636,flux_loop,0.3148,1.0428488876128712,,,0.1031437651761204
9998,True,0.8993755393674484,0.0273524085457676,0.4661480649382196,2.3031292592653116,0.2972730919941129,989694.6778297088,,,,,1.0,22400.0,16800.0,16800.0,3638.2600892773585,-1728.892443887512,-6299.999999999999,-6299.999999999999,-1500.0,-1500.0,-35.00343775117071,162.45146314496463,1500.0,1500.0,-13831.264767354864,-14149.367771752824,flux_loop,0.3148,1.0428488876128712,,,0.1352946360499178
9999,True,0.8764752010269917,-0.0036506435241241,0.4548872970613119,2.2564103926333985,0.2695950413255945,576013.7572146783,,,,,1.0,22400.0,15153.032474327229,15423.4569098332,-9200.0,-9200.0,-6299.999999999999,-6299.999999999999,-1500.0,-1500.0,648.6911423778618,640.1165035406286,1500.0,1500.0,-8811.574910209121,-8775.527225715427,flux_loop,0.3148,1.0428488876128712,,,0.102318223615301
