key,family,relL2_spectrum_fno48_floor6_smooth1_qc_peak4,relL2_spectrum_fno48_floor6_smooth1_qc,relL2_spectrum_fno48_floor6_smooth1_qc_mhi100,relL2_spectrum_fno48_floor6_smooth1_qc_peak4_fieldloss,relL2_alpha_spectrum_fno48_floor6_smooth1_qc_peak4,relL2_alpha_spectrum_fno48_floor6_smooth1_qc,relL2_alpha_spectrum_fno48_floor6_smooth1_qc_mhi100,relL2_alpha_spectrum_fno48_floor6_smooth1_qc_peak4_fieldloss,patR2_spectrum_fno48_floor6_smooth1_qc_peak4,patR2_spectrum_fno48_floor6_smooth1_qc,patR2_spectrum_fno48_floor6_smooth1_qc_mhi100,patR2_spectrum_fno48_floor6_smooth1_qc_peak4_fieldloss,crf_spectrum_fno48_floor6_smooth1_qc_peak4,crf_spectrum_fno48_floor6_smooth1_qc,crf_spectrum_fno48_floor6_smooth1_qc_mhi100,crf_spectrum_fno48_floor6_smooth1_qc_peak4_fieldloss,winner
run10_sparc_1300,sparc_1300,0.468011,0.569307,0.528773,0.473958,0.467559,0.530450,0.528771,0.473958,0.980066,0.941582,0.958680,0.969102,0.835203,0.857555,0.768593,0.911237,spectrum_fno48_floor6_smooth1_qc_peak4
run10_sparc_1302,sparc_1302,2.010591,1.682217,2.096867,1.725874,0.958201,0.977617,0.979588,0.891510,0.931316,0.901295,0.924858,0.915161,0.565947,0.532073,0.730591,0.876751,spectrum_fno48_floor6_smooth1_qc
run10_sparc_1305,sparc_1305,1.359383,1.287224,1.709827,1.033249,0.832664,0.841391,0.939250,0.767044,0.913037,0.900974,0.919482,0.908107,0.543004,0.902652,0.928763,0.770080,spectrum_fno48_floor6_smooth1_qc_peak4_fieldloss
run10_sparc_1306,sparc_1306,1.060983,1.067485,1.202978,0.987921,0.787666,0.856106,0.932881,0.789869,0.896296,0.910343,0.933042,0.882125,0.881919,0.794879,0.895634,0.938200,spectrum_fno48_floor6_smooth1_qc_peak4_fieldloss
run10_sparc_1307,sparc_1307,0.694049,0.608420,0.805229,0.623549,0.680527,0.592783,0.750664,0.612457,0.907545,0.901070,0.917571,0.880310,0.950186,0.855059,0.976129,0.975480,spectrum_fno48_floor6_smooth1_qc
run10_sparc_1319,sparc_1319,0.789359,0.746394,0.910420,0.634834,0.754848,0.744922,0.841781,0.623362,0.875940,0.864716,0.904614,0.885322,0.698815,0.488392,0.715664,0.938039,spectrum_fno48_floor6_smooth1_qc_peak4_fieldloss
run10_sparc_1360,sparc_1360,0.804488,0.639312,0.731057,0.518886,0.749382,0.638962,0.723236,0.514780,0.891935,0.896328,0.916169,0.896313,0.891672,0.375374,0.759094,0.924466,spectrum_fno48_floor6_smooth1_qc_peak4_fieldloss
run10_sparc_1361,sparc_1361,0.816923,0.577859,0.720365,0.493879,0.745036,0.576165,0.714585,0.492533,0.881799,0.891579,0.906697,0.890172,0.903984,0.518614,0.694890,0.933963,spectrum_fno48_floor6_smooth1_qc_peak4_fieldloss
run10_sparc_1364,sparc_1364,0.645901,0.675389,0.829270,0.549323,0.644044,0.665772,0.809330,0.549138,0.887226,0.884402,0.901319,0.882216,0.600333,0.672186,0.784791,0.834555,spectrum_fno48_floor6_smooth1_qc_peak4_fieldloss
run10_sparc_1407,sparc_1407,1.323896,1.343063,1.630110,1.154886,0.837334,0.916649,0.946691,0.874880,0.924528,0.911997,0.936744,0.898102,0.875175,0.774514,0.928510,0.889174,spectrum_fno48_floor6_smooth1_qc_peak4_fieldloss
run10_sparc_1412,sparc_1412,0.773905,0.774963,0.977732,0.525755,0.770780,0.773701,0.899346,0.525721,0.889862,0.886866,0.908910,0.892217,0.443581,0.397026,0.671876,0.821221,spectrum_fno48_floor6_smooth1_qc_peak4_fieldloss
run10_sparc_1420,sparc_1420,0.858817,0.911429,0.924877,0.739863,0.852000,0.899587,0.914531,0.739625,0.884180,0.863168,0.891423,0.893103,0.799323,0.873889,0.700959,0.854617,spectrum_fno48_floor6_smooth1_qc_peak4_fieldloss
run10_sparc_1440,sparc_1440,1.525237,1.074454,1.914341,0.977739,0.882251,0.839755,0.959114,0.898255,0.864623,0.892824,0.888154,0.865319,0.860264,0.792889,0.868502,0.675039,spectrum_fno48_floor6_smooth1_qc_peak4_fieldloss
run10_sparc_1441,sparc_1441,1.452417,1.050761,1.819905,0.968591,0.876183,0.839760,0.957555,0.898970,0.871650,0.898625,0.895540,0.870424,0.854401,0.788611,0.838351,0.722492,spectrum_fno48_floor6_smooth1_qc_peak4_fieldloss
run10_sparc_1515,sparc_1515,0.970241,1.052434,1.031088,0.927250,0.945840,0.992451,0.991405,0.916113,0.815760,0.712954,0.810547,0.825221,0.916321,0.734588,0.923126,0.978456,spectrum_fno48_floor6_smooth1_qc_peak4_fieldloss
run11_sparc_1308,sparc_1308,0.912532,0.944638,0.989784,0.857397,0.877834,0.867062,0.923236,0.837433,0.835405,0.859322,0.897641,0.782450,0.888503,0.784897,0.838596,0.956224,spectrum_fno48_floor6_smooth1_qc_peak4_fieldloss
run11_sparc_1309,sparc_1309,1.023566,0.963377,1.233220,0.660678,0.850380,0.788289,0.895051,0.623271,0.882779,0.848804,0.828572,0.877333,0.872677,0.926678,0.963463,0.808812,spectrum_fno48_floor6_smooth1_qc_peak4_fieldloss
run11_sparc_1310,sparc_1310,0.905658,0.737573,1.127955,0.594817,0.827202,0.725586,0.856370,0.593553,0.886648,0.894893,0.919985,0.890412,0.797830,0.723114,0.899082,0.829530,spectrum_fno48_floor6_smooth1_qc_peak4_fieldloss
run11_sparc_1316,sparc_1316,0.834315,0.620557,0.751956,0.545703,0.799520,0.606986,0.715576,0.539862,0.876221,0.869844,0.904718,0.888340,0.752481,0.462998,0.314127,0.962973,spectrum_fno48_floor6_smooth1_qc_peak4_fieldloss
run11_sparc_1349,sparc_1349,0.845251,0.639692,0.887206,0.552024,0.826833,0.639683,0.827218,0.551906,0.888750,0.889692,0.917166,0.883970,0.727920,0.482924,0.875528,0.834328,spectrum_fno48_floor6_smooth1_qc_peak4_fieldloss
run11_sparc_1350,sparc_1350,1.029436,0.675278,1.008917,0.583290,0.867233,0.675087,0.824595,0.572802,0.893539,0.902134,0.911323,0.913589,0.901279,0.291188,0.736803,0.870739,spectrum_fno48_floor6_smooth1_qc_peak4_fieldloss
run11_sparc_1361,sparc_1361,0.583330,0.500324,0.903465,0.474578,0.574852,0.497057,0.796606,0.471525,0.886129,0.882020,0.893046,0.888673,0.747147,0.214380,0.680489,0.843154,spectrum_fno48_floor6_smooth1_qc_peak4_fieldloss
run11_sparc_1401,sparc_1401,0.562898,0.607025,0.666641,0.497916,0.552123,0.606141,0.663963,0.497907,0.909477,0.910033,0.933462,0.892668,0.925076,0.855794,0.780578,0.941488,spectrum_fno48_floor6_smooth1_qc_peak4_fieldloss
run11_sparc_1407,sparc_1407,0.868676,0.972008,1.223807,0.796767,0.742678,0.764432,0.881416,0.707571,0.923399,0.926858,0.943956,0.923240,0.801450,0.705710,0.756726,0.875368,spectrum_fno48_floor6_smooth1_qc_peak4_fieldloss
run11_sparc_1410,sparc_1410,1.054115,0.856180,1.072806,0.559885,0.867885,0.782021,0.916799,0.558264,0.893949,0.866460,0.844500,0.893651,0.846851,0.878817,0.883575,0.818720,spectrum_fno48_floor6_smooth1_qc_peak4_fieldloss
run11_sparc_1413,sparc_1413,0.984902,0.720726,0.901074,0.567479,0.854648,0.711864,0.868960,0.567464,0.886621,0.890794,0.916466,0.893327,0.853805,0.709339,0.689918,0.870144,spectrum_fno48_floor6_smooth1_qc_peak4_fieldloss
run11_sparc_1414,sparc_1414,0.847389,0.677594,1.272150,0.545394,0.807055,0.677593,0.903329,0.543904,0.881977,0.886311,0.888640,0.881157,0.826176,0.638799,0.905524,0.847589,spectrum_fno48_floor6_smooth1_qc_peak4_fieldloss
run11_sparc_1421,sparc_1421,0.755865,0.744979,0.965121,0.600257,0.741396,0.733102,0.835830,0.585491,0.857872,0.863662,0.902311,0.886007,0.888328,0.862818,0.966032,0.768431,spectrum_fno48_floor6_smooth1_qc_peak4_fieldloss
run11_sparc_1425,sparc_1425,1.311207,1.278859,1.311096,0.994843,0.892052,0.936708,0.920640,0.748528,0.735911,0.831859,0.859265,0.890737,0.713322,0.756190,0.788570,0.822659,spectrum_fno48_floor6_smooth1_qc_peak4_fieldloss
run11_sparc_1427,sparc_1427,0.954139,1.236566,1.107822,0.844520,0.814251,0.943877,0.904751,0.718496,0.741548,0.478796,0.465015,0.622592,0.948504,0.965513,0.968256,0.978710,spectrum_fno48_floor6_smooth1_qc_peak4_fieldloss
run11_sparc_1429,sparc_1429,0.785166,0.826622,0.864819,0.776570,0.780048,0.811272,0.845581,0.774681,0.860571,0.857017,0.895702,0.866658,0.856216,0.763545,0.860004,0.973031,spectrum_fno48_floor6_smooth1_qc_peak4_fieldloss
run11_sparc_1503,sparc_1503,0.948372,0.703826,1.211437,0.555272,0.764955,0.681437,0.881274,0.554248,0.907067,0.921900,0.943180,0.919632,0.886046,0.759543,0.528940,0.886285,spectrum_fno48_floor6_smooth1_qc_peak4_fieldloss
run11_sparc_1515,sparc_1515,0.635945,0.585929,1.023098,0.538569,0.635545,0.583655,0.864570,0.538106,0.879998,0.884363,0.897519,0.889351,0.324720,0.144557,0.815510,0.841596,spectrum_fno48_floor6_smooth1_qc_peak4_fieldloss
run11_sparc_1519,sparc_1519,0.779615,1.080184,0.965805,0.537793,0.750890,0.812275,0.833959,0.535151,0.842153,0.829525,0.875304,0.856214,0.884174,0.965970,0.917744,0.856705,spectrum_fno48_floor6_smooth1_qc_peak4_fieldloss
run11_sparc_1520,sparc_1520,0.669329,0.696452,0.946722,0.510811,0.645511,0.676445,0.810922,0.510802,0.885385,0.874914,0.913847,0.869658,0.830988,0.440529,0.890704,0.774560,spectrum_fno48_floor6_smooth1_qc_peak4_fieldloss
run11_sparc_1521,sparc_1521,0.851567,0.796317,1.110902,0.654748,0.791243,0.757240,0.897761,0.637299,0.874224,0.853671,0.881832,0.877297,0.864011,0.512194,0.976872,0.733594,spectrum_fno48_floor6_smooth1_qc_peak4_fieldloss
run12_sparc_1300,sparc_1300,0.414612,0.468290,0.475988,0.391896,0.411106,0.434070,0.475859,0.391765,0.991262,0.990987,0.990582,0.984914,0.923728,0.745519,0.882001,0.969198,spectrum_fno48_floor6_smooth1_qc_peak4_fieldloss
run12_sparc_1301,sparc_1301,0.627342,0.683288,0.700254,0.640432,0.619993,0.663128,0.689426,0.624450,0.951394,0.940834,0.950915,0.951808,0.914491,0.978098,0.977610,0.844912,spectrum_fno48_floor6_smooth1_qc_peak4
run12_sparc_1308,sparc_1308,1.118520,1.201316,1.146241,0.959965,0.790862,0.791918,0.861933,0.739005,0.929904,0.936823,0.952750,0.929784,0.808322,0.770901,0.730763,0.827083,spectrum_fno48_floor6_smooth1_qc_peak4_fieldloss
run12_sparc_1313,sparc_1313,0.656968,0.512824,0.812473,0.593981,0.604727,0.508648,0.724084,0.565444,0.900990,0.907529,0.933680,0.896982,0.691554,0.639842,0.416472,0.950137,spectrum_fno48_floor6_smooth1_qc
run12_sparc_1314,sparc_1314,0.638866,0.493007,0.806270,0.598456,0.594111,0.491657,0.717615,0.563309,0.901795,0.905584,0.932096,0.896367,0.684592,0.701963,0.474644,0.952157,spectrum_fno48_floor6_smooth1_qc
run12_sparc_1316,sparc_1316,0.599565,0.475306,0.744703,0.552794,0.578918,0.475305,0.709531,0.550619,0.900629,0.902959,0.926259,0.896400,0.734590,0.699580,0.649614,0.974485,spectrum_fno48_floor6_smooth1_qc
run12_sparc_1319,sparc_1319,0.626470,0.562160,0.838736,0.529319,0.606104,0.561323,0.756574,0.526318,0.908965,0.911119,0.941626,0.908744,0.833698,0.597296,0.648868,0.896090,spectrum_fno48_floor6_smooth1_qc_peak4_fieldloss
run12_sparc_1350,sparc_1350,0.656990,0.512817,0.812473,0.593982,0.604740,0.508643,0.724084,0.565442,0.900990,0.907529,0.933681,0.896983,0.691434,0.639896,0.416472,0.950155,spectrum_fno48_floor6_smooth1_qc
run12_sparc_1357,sparc_1357,0.736210,0.806426,0.839621,0.554027,0.671582,0.677330,0.783730,0.538355,0.874721,0.895417,0.933009,0.880211,0.778645,0.890979,0.783710,0.891620,spectrum_fno48_floor6_smooth1_qc_peak4_fieldloss
run12_sparc_1360,sparc_1360,0.601817,0.599303,0.729301,0.487979,0.600816,0.598323,0.725413,0.482793,0.906528,0.904881,0.935201,0.903784,0.912464,0.655403,0.650565,0.919298,spectrum_fno48_floor6_smooth1_qc_peak4_fieldloss
run12_sparc_1361,sparc_1361,0.571598,0.530993,0.752961,0.457601,0.559597,0.529572,0.713694,0.457555,0.908108,0.909013,0.931864,0.906609,0.934345,0.493881,0.766362,0.920390,spectrum_fno48_floor6_smooth1_qc_peak4_fieldloss
run12_sparc_1362,sparc_1362,0.566142,0.488812,0.787292,0.448083,0.535859,0.484738,0.702338,0.443673,0.905744,0.906612,0.932008,0.906237,0.942989,0.520420,0.798958,0.954653,spectrum_fno48_floor6_smooth1_qc_peak4_fieldloss
run12_sparc_1407,sparc_1407,0.953902,1.093336,1.393608,0.774609,0.770126,0.813387,0.908861,0.706637,0.937950,0.939889,0.950620,0.928504,0.878982,0.830316,0.849019,0.912369,spectrum_fno48_floor6_smooth1_qc_peak4_fieldloss
run12_sparc_1408,sparc_1408,0.975467,0.997863,1.270448,0.798165,0.767374,0.779822,0.889170,0.707352,0.928454,0.929046,0.950544,0.919593,0.838206,0.750810,0.807036,0.848485,spectrum_fno48_floor6_smooth1_qc_peak4_fieldloss
run12_sparc_1410,sparc_1410,0.797967,0.766199,0.906112,0.645993,0.685303,0.736498,0.851861,0.645547,0.896745,0.895703,0.881680,0.896387,0.941173,0.920292,0.871440,0.958982,spectrum_fno48_floor6_smooth1_qc_peak4_fieldloss
run12_sparc_1414,sparc_1414,0.606344,0.538645,0.787484,0.559504,0.591727,0.529313,0.753885,0.550010,0.926476,0.921302,0.942454,0.927580,0.707753,0.586432,0.388788,0.882474,spectrum_fno48_floor6_smooth1_qc
run12_sparc_1421,sparc_1421,0.656969,0.662877,0.732804,0.550496,0.624883,0.647669,0.716969,0.543253,0.903686,0.901944,0.931613,0.902037,0.658392,0.672142,0.641682,0.876076,spectrum_fno48_floor6_smooth1_qc_peak4_fieldloss
run12_sparc_1428,sparc_1428,1.032507,1.291248,1.660978,0.905671,0.778691,0.866541,0.965639,0.727200,0.772120,0.742404,0.810512,0.838801,0.712521,0.810146,0.799117,0.879522,spectrum_fno48_floor6_smooth1_qc_peak4_fieldloss
run12_sparc_1504,sparc_1504,0.821828,0.998540,1.481276,0.750788,0.734404,0.813934,0.944930,0.708154,0.881758,0.903833,0.933591,0.881908,0.848255,0.765896,0.851504,0.918493,spectrum_fno48_floor6_smooth1_qc_peak4_fieldloss
run12_sparc_1507,sparc_1507,1.096960,1.262111,1.544034,0.843967,0.786806,0.831527,0.928009,0.707245,0.938146,0.940897,0.951315,0.927579,0.885337,0.740905,0.804129,0.845225,spectrum_fno48_floor6_smooth1_qc_peak4_fieldloss
run12_sparc_1509,sparc_1509,0.886651,1.067088,1.233290,1.054292,0.688196,0.755712,0.870081,0.696759,0.921441,0.921829,0.936519,0.916571,0.854860,0.739921,0.799512,0.888925,spectrum_fno48_floor6_smooth1_qc_peak4
run12_sparc_1516,sparc_1516,0.575326,0.499771,0.753692,0.517744,0.565945,0.494332,0.721636,0.517115,0.910010,0.908119,0.935015,0.915221,0.784109,0.463353,0.429194,0.879569,spectrum_fno48_floor6_smooth1_qc
run12_sparc_1521,sparc_1521,0.655781,0.670248,0.772466,0.529944,0.623719,0.657960,0.727587,0.519728,0.894281,0.889178,0.925142,0.894810,0.753958,0.763171,0.731478,0.861746,spectrum_fno48_floor6_smooth1_qc_peak4_fieldloss
run12_sparc_1522,sparc_1522,0.639269,0.769743,0.885527,0.511696,0.608194,0.661815,0.758819,0.504549,0.903547,0.902125,0.931035,0.904728,0.764078,0.875460,0.826667,0.872874,spectrum_fno48_floor6_smooth1_qc_peak4_fieldloss
run12_sparc_1528,sparc_1528,0.838390,0.877990,1.104219,0.658220,0.767693,0.792940,0.917731,0.650218,0.930002,0.924840,0.952375,0.919022,0.678775,0.856927,0.775572,0.881339,spectrum_fno48_floor6_smooth1_qc_peak4_fieldloss
run13_sparc_1304,sparc_1304,1.099672,1.216958,1.427353,0.887040,0.883996,0.917278,0.945033,0.776623,0.890898,0.904897,0.929199,0.891119,0.961918,0.892767,0.953660,0.973385,spectrum_fno48_floor6_smooth1_qc_peak4_fieldloss
run13_sparc_1306,sparc_1306,1.091385,1.102426,1.262097,0.991850,0.926306,0.931345,0.963071,0.885102,0.769378,0.793486,0.827380,0.830017,0.947713,0.936270,0.912116,0.942454,spectrum_fno48_floor6_smooth1_qc_peak4_fieldloss
run13_sparc_1313,sparc_1313,1.140691,0.610068,1.090679,0.646173,0.876075,0.609655,0.829186,0.605011,0.898481,0.896736,0.936193,0.915985,0.879791,0.222270,0.897567,0.755052,spectrum_fno48_floor6_smooth1_qc
run13_sparc_1353,sparc_1353,0.921286,0.608123,0.841645,0.574429,0.839989,0.605665,0.794627,0.569010,0.884662,0.865617,0.923500,0.882626,0.813465,0.731310,0.730542,0.804008,spectrum_fno48_floor6_smooth1_qc_peak4_fieldloss
run13_sparc_1365,sparc_1365,0.815368,0.640612,1.267083,0.498865,0.726499,0.634107,0.887999,0.492377,0.862119,0.836115,0.810396,0.861310,0.929010,0.822046,0.982785,0.870768,spectrum_fno48_floor6_smooth1_qc_peak4_fieldloss
run13_sparc_1400,sparc_1400,1.242271,1.236508,1.024561,1.482577,0.999978,1.000000,0.915924,0.998627,0.969164,0.965352,0.977851,0.963573,0.926281,0.974267,0.851729,0.965568,spectrum_fno48_floor6_smooth1_qc_mhi100
run13_sparc_1407,sparc_1407,1.546895,1.215392,1.617530,1.367603,0.890639,0.861782,0.941894,0.869819,0.911549,0.908151,0.940343,0.909855,0.728334,0.712499,0.864474,0.924108,spectrum_fno48_floor6_smooth1_qc
run13_sparc_1410,sparc_1410,0.959493,0.705606,0.876161,0.544388,0.956470,0.693161,0.876045,0.544130,0.902176,0.916907,0.810797,0.893161,0.252165,0.640754,0.594568,0.614104,spectrum_fno48_floor6_smooth1_qc_peak4_fieldloss
run13_sparc_1413,sparc_1413,0.955240,0.643775,0.956320,0.538520,0.951624,0.623410,0.953940,0.538162,0.931415,0.930779,0.954028,0.922526,0.251430,0.628733,0.279924,0.651648,spectrum_fno48_floor6_smooth1_qc_peak4_fieldloss
run13_sparc_1417,sparc_1417,0.913535,0.619031,0.802382,0.582613,0.892777,0.616322,0.802077,0.581404,0.939628,0.932734,0.942173,0.926644,0.242498,0.643728,0.619046,0.650219,spectrum_fno48_floor6_smooth1_qc_peak4_fieldloss
run13_sparc_1421,sparc_1421,0.723359,0.673486,0.778099,0.606630,0.707224,0.672397,0.774325,0.606160,0.837510,0.922656,0.906284,0.902120,0.472096,0.619936,0.744428,0.790937,spectrum_fno48_floor6_smooth1_qc_peak4_fieldloss
run13_sparc_1422,sparc_1422,0.873685,0.631287,0.825779,0.547192,0.789186,0.597252,0.810641,0.546140,0.913147,0.892347,0.870185,0.869910,0.190663,0.652921,0.420856,0.738183,spectrum_fno48_floor6_smooth1_qc_peak4_fieldloss
run13_sparc_1425,sparc_1425,0.794778,0.911343,0.906456,0.766873,0.782759,0.896812,0.884498,0.766727,0.300505,0.169185,0.251196,-0.183376,0.985160,0.974498,0.984591,0.989257,spectrum_fno48_floor6_smooth1_qc_peak4_fieldloss
run13_sparc_1501,sparc_1501,0.662122,0.691343,0.781601,0.676103,0.660145,0.687502,0.769725,0.675349,0.888079,0.885006,0.937131,0.856025,0.925410,0.839609,0.844659,0.950287,spectrum_fno48_floor6_smooth1_qc_peak4
run13_sparc_1510,sparc_1510,0.960610,0.674260,0.874117,0.545263,0.958342,0.660012,0.870326,0.543507,0.923864,0.923305,0.802234,0.900347,0.251352,0.722909,0.600633,0.841167,spectrum_fno48_floor6_smooth1_qc_peak4_fieldloss
run13_sparc_1514,sparc_1514,0.954035,0.616119,0.898412,0.559033,0.950989,0.607378,0.885573,0.551968,0.940773,0.923358,0.931793,0.905186,0.251309,0.711658,0.330058,0.797652,spectrum_fno48_floor6_smooth1_qc_peak4_fieldloss
run13_sparc_1523,sparc_1523,0.829825,1.027753,1.023439,0.833436,0.798178,0.927658,0.987575,0.832933,0.757151,0.493683,0.106527,0.619954,0.556851,0.784545,0.984679,0.889932,spectrum_fno48_floor6_smooth1_qc_peak4
run13_sparc_1527,sparc_1527,1.063572,0.966959,1.319875,1.082617,0.818216,0.908160,0.907749,0.798774,0.885083,0.872194,0.923604,0.872083,0.844278,0.586959,0.788584,0.916016,spectrum_fno48_floor6_smooth1_qc
run14_sparc_1305,sparc_1305,0.673063,0.654483,0.741211,0.687374,0.665031,0.654386,0.727496,0.675001,0.919688,0.920740,0.950507,0.918315,0.928707,0.792949,0.908301,0.952244,spectrum_fno48_floor6_smooth1_qc
run14_sparc_1306,sparc_1306,0.739499,0.759990,0.852806,0.706512,0.694922,0.659823,0.780086,0.628463,0.888547,0.887009,0.913922,0.901668,0.802624,0.782550,0.962131,0.882683,spectrum_fno48_floor6_smooth1_qc_peak4_fieldloss
run14_sparc_1307,sparc_1307,0.712742,0.778953,0.768154,0.666359,0.684529,0.730163,0.755656,0.654288,0.894272,0.889148,0.915521,0.890711,0.903637,0.948885,0.939302,0.929999,spectrum_fno48_floor6_smooth1_qc_peak4_fieldloss
run14_sparc_1309,sparc_1309,1.540902,1.609052,1.787875,1.476352,0.958745,0.973479,0.988112,0.926335,0.829802,0.842835,0.603357,0.853933,0.929179,0.936019,0.969131,0.930147,spectrum_fno48_floor6_smooth1_qc_peak4_fieldloss
run14_sparc_1315,sparc_1315,0.812811,0.827316,0.840827,0.801747,0.812108,0.809571,0.839348,0.800970,0.911267,0.907015,0.931837,0.909206,0.932064,0.829046,0.916395,0.958484,spectrum_fno48_floor6_smooth1_qc_peak4_fieldloss
run14_sparc_1358,sparc_1358,0.719543,0.796018,0.750151,0.712683,0.630986,0.661203,0.661583,0.622446,0.914092,0.875835,0.934332,0.909362,0.757462,0.809547,0.756677,0.852183,spectrum_fno48_floor6_smooth1_qc_peak4_fieldloss
run14_sparc_1359,sparc_1359,0.771345,0.804443,0.827954,0.774465,0.700112,0.731862,0.702691,0.686595,0.897056,0.904180,0.939794,0.888407,0.859038,0.892946,0.828110,0.907928,spectrum_fno48_floor6_smooth1_qc_peak4
run14_sparc_1364,sparc_1364,0.916679,0.774315,0.829487,0.809103,0.839468,0.711633,0.717901,0.719028,0.902168,0.886150,0.925865,0.902238,0.913148,0.945209,0.957233,0.947450,spectrum_fno48_floor6_smooth1_qc
run14_sparc_1404,sparc_1404,0.696524,0.711134,0.723010,0.728851,0.649781,0.673949,0.720194,0.702949,0.934194,0.925934,0.944162,0.922755,0.924528,0.811031,0.875761,0.924249,spectrum_fno48_floor6_smooth1_qc_peak4
run14_sparc_1411,sparc_1411,0.701943,0.688146,0.724331,0.677826,0.701871,0.683325,0.724165,0.677686,0.910421,0.911197,0.938778,0.910439,0.869888,0.781885,0.818943,0.934575,spectrum_fno48_floor6_smooth1_qc_peak4_fieldloss
run14_sparc_1415,sparc_1415,0.831603,0.825430,0.868954,0.783333,0.829932,0.821283,0.849803,0.783333,0.897672,0.895470,0.922126,0.887185,0.963237,0.862993,0.941092,0.972266,spectrum_fno48_floor6_smooth1_qc_peak4_fieldloss
run14_sparc_1424,sparc_1424,0.760440,0.792305,0.830975,0.736261,0.733511,0.786909,0.771211,0.716010,0.884487,0.876614,0.880288,0.873965,0.872107,0.773740,0.890065,0.915237,spectrum_fno48_floor6_smooth1_qc_peak4_fieldloss
run14_sparc_1428,sparc_1428,0.757075,0.702424,0.746989,0.699832,0.685240,0.671837,0.744796,0.684627,0.903294,0.895516,0.891655,0.894275,0.939550,0.856459,0.960788,0.959155,spectrum_fno48_floor6_smooth1_qc_peak4_fieldloss
run14_sparc_1429,sparc_1429,0.808231,0.759545,0.777809,0.795917,0.769271,0.721086,0.777804,0.773705,0.928463,0.937631,0.941949,0.921637,0.969831,0.938789,0.972267,0.965166,spectrum_fno48_floor6_smooth1_qc
run14_sparc_1504,sparc_1504,0.652820,0.722320,0.727155,0.686932,0.650483,0.712417,0.727152,0.686795,0.933409,0.916657,0.950289,0.920817,0.904790,0.867830,0.839091,0.923602,spectrum_fno48_floor6_smooth1_qc_peak4
run14_sparc_1505,sparc_1505,0.670977,0.699741,0.735810,0.677938,0.665555,0.698054,0.723305,0.672724,0.918206,0.915347,0.942532,0.919130,0.955307,0.920429,0.938553,0.969439,spectrum_fno48_floor6_smooth1_qc_peak4
run14_sparc_1510,sparc_1510,0.789455,0.809764,0.806163,0.716972,0.761593,0.752007,0.793608,0.705803,0.920231,0.914260,0.940239,0.915477,0.837523,0.759669,0.871757,0.894830,spectrum_fno48_floor6_smooth1_qc_peak4_fieldloss
run14_sparc_1514,sparc_1514,0.673521,0.772828,0.777435,0.636552,0.652407,0.695609,0.702262,0.622072,0.923789,0.911687,0.944436,0.918871,0.844886,0.790703,0.817414,0.924481,spectrum_fno48_floor6_smooth1_qc_peak4_fieldloss
run14_sparc_1518,sparc_1518,0.627354,0.636273,0.757274,0.574705,0.615880,0.608922,0.678129,0.566807,0.915857,0.914302,0.940828,0.909507,0.821909,0.739138,0.723741,0.913227,spectrum_fno48_floor6_smooth1_qc_peak4_fieldloss
run14_sparc_1519,sparc_1519,0.794984,1.164479,0.965261,0.839228,0.678828,0.679855,0.662557,0.693482,0.888124,0.858621,0.904135,0.872360,0.966263,0.873630,0.878424,0.949827,spectrum_fno48_floor6_smooth1_qc_peak4
run14_sparc_1520,sparc_1520,0.845113,0.987930,0.775067,0.891578,0.767542,0.826489,0.713657,0.793335,0.884698,0.868864,0.916650,0.856448,0.935093,0.936551,0.903401,0.957969,spectrum_fno48_floor6_smooth1_qc_mhi100
run14_sparc_1522,sparc_1522,1.398347,1.579622,1.052435,1.259000,0.899808,0.900441,0.836761,0.864910,0.861590,0.834177,0.929969,0.847744,0.978001,0.966877,0.964374,0.962385,spectrum_fno48_floor6_smooth1_qc_mhi100
run14_sparc_1593,sparc_1593,0.592924,0.574843,0.668901,0.573788,0.588763,0.572506,0.666518,0.557080,0.956729,0.951189,0.970000,0.948675,0.819645,0.650108,0.716216,0.938752,spectrum_fno48_floor6_smooth1_qc_peak4_fieldloss
run15_sparc_1301,sparc_1301,0.562529,0.739536,0.790701,0.519763,0.561088,0.707000,0.707161,0.518895,0.895480,0.876385,0.927739,0.857243,0.845806,0.919952,0.702918,0.868916,spectrum_fno48_floor6_smooth1_qc_peak4_fieldloss
run15_sparc_1307,sparc_1307,1.163701,1.306158,1.126027,0.946658,0.914321,0.924855,0.955586,0.886129,0.849704,0.809021,0.878680,0.860878,0.924886,0.853422,0.933338,0.956587,spectrum_fno48_floor6_smooth1_qc_peak4_fieldloss
run15_sparc_1314,sparc_1314,0.558714,0.568413,0.690371,0.537914,0.506639,0.538098,0.630255,0.503041,0.919011,0.914736,0.942410,0.918720,0.762461,0.791558,0.627216,0.898359,spectrum_fno48_floor6_smooth1_qc_peak4_fieldloss
run15_sparc_1317,sparc_1317,0.535215,0.541920,0.675854,0.510020,0.512491,0.534828,0.636219,0.489103,0.911877,0.905250,0.896740,0.908439,0.718804,0.734869,0.579700,0.893968,spectrum_fno48_floor6_smooth1_qc_peak4_fieldloss
run15_sparc_1318,sparc_1318,0.494577,0.511160,0.698001,0.480657,0.492080,0.511151,0.646892,0.470312,0.928857,0.928217,0.942059,0.926967,0.603492,0.787470,0.654336,0.873628,spectrum_fno48_floor6_smooth1_qc_peak4_fieldloss
run15_sparc_1349,sparc_1349,0.609153,0.561827,0.681223,0.478670,0.554345,0.523032,0.634271,0.455193,0.905389,0.905074,0.926105,0.905658,0.872733,0.522634,0.741410,0.936071,spectrum_fno48_floor6_smooth1_qc_peak4_fieldloss
run15_sparc_1350,sparc_1350,0.565869,0.555923,0.688634,0.553232,0.510363,0.528543,0.607967,0.503695,0.919531,0.915557,0.949242,0.918056,0.786623,0.780110,0.627106,0.884885,spectrum_fno48_floor6_smooth1_qc_peak4_fieldloss
run15_sparc_1351,sparc_1351,0.556610,0.512682,0.668702,0.525712,0.506175,0.503674,0.604585,0.499739,0.911333,0.908583,0.934833,0.909855,0.817068,0.760868,0.671971,0.871625,spectrum_fno48_floor6_smooth1_qc
run15_sparc_1363,sparc_1363,0.521838,0.536981,0.718071,0.441163,0.504632,0.531692,0.632931,0.439173,0.890511,0.881560,0.911792,0.889080,0.805812,0.625778,0.756782,0.961030,spectrum_fno48_floor6_smooth1_qc_peak4_fieldloss
run15_sparc_1408,sparc_1408,0.903142,1.113929,1.024526,0.841940,0.820025,0.902198,0.873424,0.747693,0.737819,0.402510,0.455896,0.811970,0.982100,0.990181,0.983021,0.986511,spectrum_fno48_floor6_smooth1_qc_peak4_fieldloss
run15_sparc_1414,sparc_1414,0.562536,0.530263,0.663094,0.536934,0.558558,0.530007,0.643733,0.536229,0.912861,0.917214,0.937888,0.916828,0.802152,0.744313,0.679422,0.888325,spectrum_fno48_floor6_smooth1_qc
run15_sparc_1418,sparc_1418,0.521032,0.558276,0.662260,0.471615,0.520143,0.558275,0.639034,0.471533,0.907538,0.908174,0.928004,0.905773,0.619824,0.483212,0.583404,0.941043,spectrum_fno48_floor6_smooth1_qc_peak4_fieldloss
run15_sparc_1440,sparc_1440,0.894766,0.869641,0.724616,0.517266,0.802966,0.809326,0.724238,0.516780,0.866290,0.866111,0.945279,0.889674,0.942139,0.819276,0.795649,0.976511,spectrum_fno48_floor6_smooth1_qc_peak4_fieldloss
run15_sparc_1503,sparc_1503,0.742514,0.871894,0.859553,0.696458,0.742102,0.778030,0.773712,0.586330,0.886294,0.858455,0.901582,0.889474,0.813018,0.933857,0.926000,0.968957,spectrum_fno48_floor6_smooth1_qc_peak4_fieldloss
run15_sparc_1506,sparc_1506,1.083373,1.006493,0.743725,0.548579,0.835134,0.892897,0.730611,0.548098,0.662437,0.595563,0.854947,0.852880,0.973762,0.967930,0.955049,0.979407,spectrum_fno48_floor6_smooth1_qc_peak4_fieldloss
run15_sparc_1513,sparc_1513,0.634225,0.560920,0.730243,0.577184,0.546790,0.530710,0.636821,0.525773,0.925891,0.922712,0.946254,0.925713,0.768329,0.667631,0.623607,0.907144,spectrum_fno48_floor6_smooth1_qc
run15_sparc_1526,sparc_1526,0.599679,0.647501,0.697144,0.555603,0.597177,0.639398,0.693859,0.551617,0.871301,0.867826,0.914105,0.891207,0.862474,0.871899,0.561123,0.935096,spectrum_fno48_floor6_smooth1_qc_peak4_fieldloss
run15_sparc_1530,sparc_1530,0.544635,0.641918,0.859844,0.521833,0.532503,0.562263,0.855164,0.516353,0.899857,0.926324,0.743702,0.887433,0.990654,0.870097,0.988820,0.992439,spectrum_fno48_floor6_smooth1_qc_peak4_fieldloss
run16_sparc_1304,sparc_1304,0.744286,0.885174,0.871707,0.641663,0.705739,0.784461,0.817980,0.637836,0.940732,0.936051,0.942354,0.936271,0.792997,0.709382,0.784849,0.885846,spectrum_fno48_floor6_smooth1_qc_peak4_fieldloss
run16_sparc_1307,sparc_1307,0.995518,0.963285,1.109197,0.965112,0.737240,0.719425,0.801330,0.687737,0.920684,0.910005,0.922704,0.925180,0.830009,0.729499,0.848148,0.922197,spectrum_fno48_floor6_smooth1_qc
run16_sparc_1309,sparc_1309,1.463850,0.792304,1.152774,1.087268,0.702551,0.643230,0.741373,0.683627,0.926468,0.929342,0.934146,0.930322,0.822449,0.589602,0.773819,0.942086,spectrum_fno48_floor6_smooth1_qc
run16_sparc_1310,sparc_1310,0.564742,0.535889,0.793635,0.614770,0.500989,0.535330,0.749278,0.543136,0.929616,0.911777,0.926736,0.925159,0.816240,0.514011,0.646384,0.907399,spectrum_fno48_floor6_smooth1_qc
run16_sparc_1311,sparc_1311,0.485009,0.583635,0.770804,0.526328,0.483474,0.543489,0.746100,0.522977,0.931677,0.911328,0.922994,0.922250,0.659031,0.705191,0.540038,0.752526,spectrum_fno48_floor6_smooth1_qc_peak4
run16_sparc_1313,sparc_1313,1.112942,0.768944,0.916309,0.556769,0.637153,0.583277,0.673524,0.512955,0.914929,0.925498,0.931467,0.871964,0.821496,0.380116,0.318929,0.799755,spectrum_fno48_floor6_smooth1_qc_peak4_fieldloss
run16_sparc_1318,sparc_1318,1.408439,1.518454,1.765960,0.708998,0.715571,0.805141,0.936248,0.694534,0.922178,0.906256,0.876146,0.906838,0.726708,0.553143,0.800564,0.765907,spectrum_fno48_floor6_smooth1_qc_peak4_fieldloss
run16_sparc_1353,sparc_1353,1.139388,1.127715,1.512348,0.575224,0.640640,0.659083,0.850295,0.563819,0.887081,0.891453,0.897009,0.872921,0.866588,0.793947,0.831136,0.826772,spectrum_fno48_floor6_smooth1_qc_peak4_fieldloss
run16_sparc_1359,sparc_1359,1.165254,0.803448,1.356034,0.553381,0.672862,0.686840,0.805432,0.553296,0.916828,0.916340,0.905351,0.901160,0.835524,0.666572,0.832848,0.966308,spectrum_fno48_floor6_smooth1_qc_peak4_fieldloss
run16_sparc_1362,sparc_1362,0.781674,0.823192,1.677124,0.624908,0.663904,0.684155,0.861982,0.623299,0.911624,0.909221,0.891380,0.892102,0.815864,0.592848,0.804881,0.908653,spectrum_fno48_floor6_smooth1_qc_peak4_fieldloss
run16_sparc_1364,sparc_1364,0.968721,1.043392,1.009516,0.755188,0.727087,0.780025,0.870006,0.716805,0.880118,0.869484,0.827145,0.889783,0.808699,0.795783,0.783972,0.948368,spectrum_fno48_floor6_smooth1_qc_peak4_fieldloss
run16_sparc_1365,sparc_1365,1.081922,0.805668,0.941788,0.672641,0.741571,0.717556,0.792073,0.672615,0.885097,0.863169,0.820054,0.839735,0.874866,0.756054,0.939477,0.943882,spectrum_fno48_floor6_smooth1_qc_peak4_fieldloss
run16_sparc_1401,sparc_1401,0.808705,0.877121,1.185994,0.732677,0.745450,0.791496,0.937906,0.690372,0.942849,0.924157,0.943298,0.933441,0.755399,0.685571,0.709094,0.944379,spectrum_fno48_floor6_smooth1_qc_peak4_fieldloss
run16_sparc_1405,sparc_1405,0.727618,0.788345,0.860098,0.616991,0.651824,0.776959,0.834407,0.598667,0.947358,0.935784,0.930822,0.944917,0.813535,0.709387,0.844523,0.894176,spectrum_fno48_floor6_smooth1_qc_peak4_fieldloss
run16_sparc_1406,sparc_1406,0.816134,0.773640,1.071644,0.701160,0.678668,0.750707,0.831913,0.624738,0.935933,0.941690,0.950644,0.946705,0.846004,0.698588,0.698571,0.918181,spectrum_fno48_floor6_smooth1_qc_peak4_fieldloss
run16_sparc_1408,sparc_1408,0.718275,0.651515,0.856445,0.587736,0.592040,0.596791,0.664702,0.566834,0.924415,0.928196,0.944416,0.924260,0.772979,0.675205,0.434331,0.728120,spectrum_fno48_floor6_smooth1_qc_peak4_fieldloss
run16_sparc_1410,sparc_1410,0.520631,0.478886,0.734073,0.626087,0.474283,0.464100,0.670982,0.592472,0.932270,0.925489,0.922932,0.928464,0.577858,0.776762,0.485227,0.888433,spectrum_fno48_floor6_smooth1_qc
run16_sparc_1421,sparc_1421,1.385003,1.421328,1.726659,0.771313,0.658028,0.747253,0.873924,0.596641,0.921745,0.906872,0.895373,0.865798,0.789501,0.586709,0.718593,0.889996,spectrum_fno48_floor6_smooth1_qc_peak4_fieldloss
run16_sparc_1424,sparc_1424,1.036817,0.865940,1.271302,0.853663,0.770884,0.786099,0.907333,0.754474,0.949481,0.945779,0.951059,0.943099,0.846787,0.633018,0.719010,0.903121,spectrum_fno48_floor6_smooth1_qc_peak4_fieldloss
run16_sparc_1426,sparc_1426,1.045830,0.747886,1.028680,1.179567,0.682590,0.725855,0.747353,0.637034,0.944162,0.942101,0.941190,0.946894,0.729866,0.528340,0.657660,0.907147,spectrum_fno48_floor6_smooth1_qc
run16_sparc_1427,sparc_1427,0.824961,0.837891,0.924452,0.815715,0.771733,0.834604,0.796008,0.685370,0.718278,0.807337,0.756117,0.697732,0.825405,0.515096,0.962449,0.966338,spectrum_fno48_floor6_smooth1_qc_peak4_fieldloss
run16_sparc_1428,sparc_1428,1.056841,0.948198,0.990354,1.130180,0.781115,0.776144,0.777822,0.711898,0.844106,0.880819,0.899597,0.882026,0.866638,0.741472,0.839383,0.895265,spectrum_fno48_floor6_smooth1_qc
run16_sparc_1429,sparc_1429,1.259299,0.998798,1.541786,1.033738,0.820227,0.737297,0.906917,0.734100,0.902766,0.839946,0.874154,0.903277,0.927290,0.870183,0.875651,0.929600,spectrum_fno48_floor6_smooth1_qc
run16_sparc_1504,sparc_1504,0.898363,0.941089,0.976111,0.664910,0.683262,0.755840,0.816885,0.618859,0.945502,0.939844,0.945960,0.942545,0.678768,0.690860,0.778897,0.793271,spectrum_fno48_floor6_smooth1_qc_peak4_fieldloss
run16_sparc_1512,sparc_1512,0.567621,0.531985,0.686592,0.614402,0.522927,0.526035,0.686454,0.612794,0.916881,0.900828,0.895857,0.897278,0.639540,0.759682,0.577789,0.872883,spectrum_fno48_floor6_smooth1_qc
run16_sparc_1519,sparc_1519,0.515267,0.654606,0.852750,0.580536,0.502292,0.583093,0.849979,0.500665,0.929694,0.905602,0.916471,0.914578,0.797148,0.716724,0.803934,0.944188,spectrum_fno48_floor6_smooth1_qc_peak4
run16_sparc_1524,sparc_1524,1.129204,1.217473,1.269186,0.756411,0.658774,0.732570,0.870770,0.566064,0.894956,0.881934,0.900412,0.886763,0.727566,0.806604,0.808831,0.791476,spectrum_fno48_floor6_smooth1_qc_peak4_fieldloss
run16_sparc_1525,sparc_1525,0.900534,0.922405,0.809528,0.720652,0.723339,0.768968,0.795135,0.676253,0.952294,0.954001,0.951036,0.951992,0.654297,0.534161,0.507046,0.859545,spectrum_fno48_floor6_smooth1_qc_peak4_fieldloss
run16_sparc_1529,sparc_1529,1.127833,1.117417,0.991369,0.840757,0.773521,0.760755,0.717250,0.739132,0.587025,0.575408,0.750376,0.531295,0.979704,0.980418,0.980649,0.980568,spectrum_fno48_floor6_smooth1_qc_peak4_fieldloss
run17_sparc_1356,sparc_1356,0.655631,0.654386,0.765477,0.503710,0.580127,0.614220,0.681598,0.484052,0.923742,0.917859,0.943741,0.923159,0.745960,0.534933,0.564856,0.924814,spectrum_fno48_floor6_smooth1_qc_peak4_fieldloss
run17_sparc_1361,sparc_1361,0.564295,0.514011,0.676278,0.450132,0.507183,0.486131,0.603865,0.431624,0.899908,0.901578,0.925710,0.896318,0.882664,0.429442,0.774584,0.906207,spectrum_fno48_floor6_smooth1_qc_peak4_fieldloss
run17_sparc_1365,sparc_1365,0.552609,0.499784,0.631961,0.427865,0.521641,0.493489,0.596160,0.426359,0.899821,0.898779,0.919821,0.894490,0.923241,0.704224,0.837003,0.918786,spectrum_fno48_floor6_smooth1_qc_peak4_fieldloss
run17_sparc_1403,sparc_1403,0.793326,0.795859,0.793648,0.590751,0.754125,0.753255,0.785320,0.576143,0.915653,0.896300,0.919922,0.916237,0.750723,0.795887,0.675976,0.953579,spectrum_fno48_floor6_smooth1_qc_peak4_fieldloss
run17_sparc_1412,sparc_1412,0.650375,0.609014,0.701622,0.552981,0.588399,0.560566,0.655119,0.531488,0.930042,0.932730,0.953775,0.932361,0.727198,0.698009,0.838363,0.912155,spectrum_fno48_floor6_smooth1_qc_peak4_fieldloss
run17_sparc_1414,sparc_1414,0.633487,0.594230,0.676051,0.576881,0.583176,0.558679,0.633996,0.528761,0.931710,0.930639,0.949887,0.933263,0.861021,0.655671,0.765969,0.927693,spectrum_fno48_floor6_smooth1_qc_peak4_fieldloss
run17_sparc_1418,sparc_1418,0.565598,0.580528,0.749040,0.499766,0.539125,0.559330,0.651472,0.482102,0.923859,0.922780,0.943515,0.920048,0.834597,0.697138,0.763428,0.916178,spectrum_fno48_floor6_smooth1_qc_peak4_fieldloss
run17_sparc_1420,sparc_1420,0.555069,0.541243,0.747683,0.495228,0.518313,0.519253,0.680631,0.489251,0.919120,0.919689,0.940920,0.916854,0.774755,0.669663,0.738916,0.889777,spectrum_fno48_floor6_smooth1_qc_peak4_fieldloss
run17_sparc_1428,sparc_1428,0.781939,0.824115,0.837409,0.768424,0.739996,0.787701,0.790725,0.729039,0.884318,0.879701,0.924444,0.892552,0.854247,0.928372,0.841228,0.968263,spectrum_fno48_floor6_smooth1_qc_peak4_fieldloss
run17_sparc_1500,sparc_1500,0.482153,0.460136,0.535936,0.562668,0.449787,0.400871,0.521705,0.511361,0.993962,0.994126,0.993698,0.990878,0.672224,0.594118,0.616989,0.951870,spectrum_fno48_floor6_smooth1_qc
run17_sparc_1501,sparc_1501,0.777194,0.714725,0.709983,0.650262,0.756056,0.696631,0.660675,0.649647,0.859425,0.842792,0.941799,0.885807,0.977258,0.961006,0.849730,0.956738,spectrum_fno48_floor6_smooth1_qc_peak4_fieldloss
run17_sparc_1508,sparc_1508,1.634607,1.254624,1.613190,1.365144,0.921767,0.890137,0.942680,0.841450,0.865083,0.844698,0.651594,0.775456,0.856033,0.842415,0.957401,0.931019,spectrum_fno48_floor6_smooth1_qc
run17_sparc_1512,sparc_1512,0.646253,0.672469,0.727655,0.599609,0.575339,0.600890,0.643076,0.529780,0.936496,0.933049,0.958206,0.934083,0.801117,0.574279,0.642227,0.883747,spectrum_fno48_floor6_smooth1_qc_peak4_fieldloss
run18_sparc_1303,sparc_1303,0.636086,0.756464,0.887436,0.588699,0.632194,0.696903,0.797117,0.552897,0.924996,0.921046,0.929201,0.929491,0.652690,0.412291,0.839706,0.940354,spectrum_fno48_floor6_smooth1_qc_peak4_fieldloss
run18_sparc_1305,sparc_1305,0.862386,0.860666,1.199387,0.753169,0.778082,0.745877,0.922049,0.720918,0.928815,0.930741,0.942827,0.929359,0.885983,0.832506,0.826127,0.916143,spectrum_fno48_floor6_smooth1_qc_peak4_fieldloss
run18_sparc_1311,sparc_1311,0.651359,0.707093,0.855258,0.661248,0.640356,0.694530,0.850621,0.649036,0.930133,0.927519,0.940674,0.928969,0.733738,0.715316,0.541922,0.871325,spectrum_fno48_floor6_smooth1_qc_peak4
run18_sparc_1319,sparc_1319,0.676507,0.764960,0.861791,0.621462,0.672612,0.748585,0.835126,0.621347,0.938962,0.936437,0.950639,0.935082,0.873612,0.842346,0.651536,0.798822,spectrum_fno48_floor6_smooth1_qc_peak4_fieldloss
run18_sparc_1354,sparc_1354,0.644069,0.723284,0.900556,0.664586,0.642805,0.723016,0.879585,0.663808,0.922952,0.926285,0.931299,0.921538,0.833995,0.729899,0.829274,0.929423,spectrum_fno48_floor6_smooth1_qc_peak4
run18_sparc_1359,sparc_1359,0.701995,0.737738,0.937851,0.657685,0.698877,0.735386,0.895256,0.657680,0.934542,0.937647,0.946076,0.935950,0.814242,0.755269,0.752644,0.902851,spectrum_fno48_floor6_smooth1_qc_peak4_fieldloss
run18_sparc_1361,sparc_1361,0.685024,0.733845,0.931345,0.649765,0.682055,0.726902,0.879705,0.647653,0.929639,0.933563,0.942706,0.929371,0.794402,0.727079,0.762543,0.879417,spectrum_fno48_floor6_smooth1_qc_peak4_fieldloss
run18_sparc_1401,sparc_1401,0.730257,0.762001,0.774444,0.560910,0.646543,0.681415,0.756008,0.539895,0.957755,0.956325,0.965137,0.951288,0.879231,0.901879,0.627534,0.944548,spectrum_fno48_floor6_smooth1_qc_peak4_fieldloss
run18_sparc_1413,sparc_1413,0.625366,0.690308,0.786370,0.625427,0.601665,0.664906,0.784095,0.605625,0.940614,0.938632,0.945541,0.939246,0.755600,0.650682,0.598712,0.862153,spectrum_fno48_floor6_smooth1_qc_peak4
run18_sparc_1419,sparc_1419,0.662684,0.699764,0.827666,0.638500,0.660766,0.699055,0.827640,0.630142,0.932260,0.935009,0.937301,0.932465,0.746898,0.663786,0.617345,0.930167,spectrum_fno48_floor6_smooth1_qc_peak4_fieldloss
run18_sparc_1421,sparc_1421,0.652909,0.703666,0.806063,0.630169,0.648064,0.701870,0.805556,0.617566,0.940822,0.941269,0.941003,0.935428,0.761094,0.600289,0.687076,0.905607,spectrum_fno48_floor6_smooth1_qc_peak4_fieldloss
run18_sparc_1425,sparc_1425,0.715210,0.714859,0.947576,0.699531,0.692557,0.703004,0.884857,0.694747,0.928747,0.924336,0.934565,0.923209,0.657929,0.589979,0.905591,0.924158,spectrum_fno48_floor6_smooth1_qc_peak4_fieldloss
run18_sparc_1426,sparc_1426,0.720347,0.706708,0.959449,0.680476,0.701495,0.667306,0.871442,0.665843,0.925162,0.923573,0.938161,0.927238,0.806983,0.717098,0.879245,0.892597,spectrum_fno48_floor6_smooth1_qc_peak4_fieldloss
run18_sparc_1428,sparc_1428,0.780984,0.888583,1.094440,0.850878,0.777575,0.845530,0.946325,0.830461,0.880872,0.886773,0.914046,0.904589,0.949407,0.932115,0.946958,0.913265,spectrum_fno48_floor6_smooth1_qc_peak4
run18_sparc_1440,sparc_1440,1.023299,0.978820,1.209259,0.824109,0.822641,0.793794,0.915732,0.746398,0.932088,0.930724,0.941240,0.929424,0.899543,0.810964,0.823345,0.894529,spectrum_fno48_floor6_smooth1_qc_peak4_fieldloss
run18_sparc_1441,sparc_1441,1.029775,0.971920,1.198357,0.808353,0.822384,0.796006,0.917787,0.744136,0.931974,0.930514,0.941161,0.927654,0.899979,0.825775,0.819614,0.891930,spectrum_fno48_floor6_smooth1_qc_peak4_fieldloss
run18_sparc_1522,sparc_1522,0.639817,0.724071,0.809410,0.627534,0.637818,0.724019,0.809048,0.626633,0.927951,0.926826,0.926379,0.922767,0.699777,0.598842,0.668583,0.829285,spectrum_fno48_floor6_smooth1_qc_peak4_fieldloss
run18_sparc_1530,sparc_1530,0.968114,0.851492,1.168000,0.670333,0.737642,0.711857,0.869794,0.612432,0.894953,0.902883,0.812431,0.838138,0.926179,0.910877,0.790779,0.931961,spectrum_fno48_floor6_smooth1_qc_peak4_fieldloss
run19_sparc_1305,sparc_1305,0.956653,1.157878,1.391041,0.705994,0.743362,0.871261,0.891702,0.635206,0.891589,0.897042,0.923958,0.890273,0.659571,0.590773,0.864142,0.885291,spectrum_fno48_floor6_smooth1_qc_peak4_fieldloss
run19_sparc_1306,sparc_1306,1.170554,1.664331,1.551401,1.312301,0.905638,0.891143,0.953998,0.900463,0.872170,0.832590,0.883634,0.863833,0.914307,0.788006,0.923843,0.934269,spectrum_fno48_floor6_smooth1_qc_peak4
run19_sparc_1315,sparc_1315,0.544769,0.680009,0.749398,0.495091,0.512789,0.588283,0.645941,0.474058,0.928409,0.926249,0.952703,0.927429,0.665742,0.622672,0.388741,0.923852,spectrum_fno48_floor6_smooth1_qc_peak4_fieldloss
run19_sparc_1317,sparc_1317,0.547086,0.627382,0.646919,0.486541,0.546917,0.625348,0.643260,0.479653,0.928350,0.926869,0.953674,0.931734,0.636797,0.587432,0.493797,0.900636,spectrum_fno48_floor6_smooth1_qc_peak4_fieldloss
run19_sparc_1319,sparc_1319,0.553245,0.653449,0.684171,0.476884,0.540923,0.622214,0.660568,0.476007,0.924516,0.922329,0.951183,0.926284,0.761883,0.739153,0.673622,0.906831,spectrum_fno48_floor6_smooth1_qc_peak4_fieldloss
run19_sparc_1352,sparc_1352,0.534628,0.707067,0.789294,0.488657,0.516852,0.621546,0.696267,0.479905,0.919911,0.916334,0.943516,0.920261,0.690079,0.846889,0.743625,0.906165,spectrum_fno48_floor6_smooth1_qc_peak4_fieldloss
run19_sparc_1360,sparc_1360,0.535155,0.549248,0.719256,0.433915,0.521605,0.541842,0.642761,0.433902,0.911954,0.913094,0.934450,0.911157,0.887777,0.703119,0.893280,0.892237,spectrum_fno48_floor6_smooth1_qc_peak4_fieldloss
run19_sparc_1364,sparc_1364,0.612515,0.707894,0.843885,0.476126,0.603338,0.677849,0.714067,0.474458,0.889718,0.879895,0.913206,0.888677,0.885920,0.884021,0.900557,0.914551,spectrum_fno48_floor6_smooth1_qc_peak4_fieldloss
run19_sparc_1406,sparc_1406,0.891070,1.218069,1.551248,0.800074,0.762138,0.901766,0.938994,0.683857,0.923567,0.909521,0.930806,0.919901,0.591414,0.585863,0.801137,0.864032,spectrum_fno48_floor6_smooth1_qc_peak4_fieldloss
run19_sparc_1416,sparc_1416,0.629439,0.569159,0.743290,0.500318,0.560562,0.536338,0.667604,0.490153,0.926319,0.924357,0.943527,0.922883,0.626462,0.422787,0.609251,0.960871,spectrum_fno48_floor6_smooth1_qc_peak4_fieldloss
run19_sparc_1417,sparc_1417,0.597696,0.521892,0.728548,0.488673,0.565113,0.511255,0.670841,0.481715,0.922288,0.920944,0.939956,0.918122,0.723439,0.419419,0.652072,0.952148,spectrum_fno48_floor6_smooth1_qc_peak4_fieldloss
run19_sparc_1428,sparc_1428,0.743874,0.819077,0.837473,0.607846,0.706638,0.755515,0.795626,0.595439,0.900915,0.883670,0.908796,0.904583,0.870475,0.951005,0.897988,0.952472,spectrum_fno48_floor6_smooth1_qc_peak4_fieldloss
run19_sparc_1440,sparc_1440,0.892386,1.204565,1.489647,0.764103,0.749523,0.889301,0.930715,0.667268,0.897549,0.915212,0.953886,0.888868,0.694497,0.477162,0.696713,0.831198,spectrum_fno48_floor6_smooth1_qc_peak4_fieldloss
run19_sparc_1503,sparc_1503,1.167190,1.538466,1.612949,0.986046,0.786042,0.768455,0.857530,0.603966,0.921151,0.910586,0.880710,0.904188,0.736353,0.873760,0.846550,0.897458,spectrum_fno48_floor6_smooth1_qc_peak4_fieldloss
run19_sparc_1505,sparc_1505,0.763050,0.855568,1.058476,0.641164,0.726968,0.802539,0.872144,0.641107,0.869009,0.848590,0.908814,0.844825,0.908451,0.867340,0.949690,0.967797,spectrum_fno48_floor6_smooth1_qc_peak4_fieldloss
run19_sparc_1511,sparc_1511,0.534092,0.616814,0.705500,0.510442,0.532487,0.594377,0.682049,0.510409,0.936148,0.934097,0.958902,0.938128,0.636808,0.702743,0.725745,0.889564,spectrum_fno48_floor6_smooth1_qc_peak4_fieldloss
run19_sparc_1514,sparc_1514,0.542292,0.586122,0.767992,0.489862,0.535671,0.551406,0.664501,0.487160,0.931073,0.929185,0.947549,0.923698,0.571976,0.593757,0.574526,0.915359,spectrum_fno48_floor6_smooth1_qc_peak4_fieldloss
run19_sparc_1517,sparc_1517,0.610397,0.525662,0.719448,0.489257,0.558782,0.509320,0.678826,0.474159,0.927178,0.928168,0.949731,0.926280,0.861561,0.490093,0.811400,0.908727,spectrum_fno48_floor6_smooth1_qc_peak4_fieldloss
run19_sparc_1522,sparc_1522,0.662247,0.683747,0.815638,0.595132,0.633275,0.658753,0.737878,0.592112,0.930248,0.926918,0.943379,0.926883,0.833030,0.744563,0.840428,0.761226,spectrum_fno48_floor6_smooth1_qc_peak4_fieldloss
run19_sparc_1530,sparc_1530,0.484114,0.505878,0.722402,0.665030,0.466716,0.461810,0.719004,0.650263,0.896457,0.902336,0.809123,0.765987,0.995142,0.993731,0.996103,0.996578,spectrum_fno48_floor6_smooth1_qc_peak4
run1_sparc_1300,sparc_1300,0.429005,0.331433,0.344469,0.249317,0.345733,0.283684,0.343241,0.249315,0.995935,0.996920,0.997534,0.993104,0.574283,0.685093,0.819434,0.803309,spectrum_fno48_floor6_smooth1_qc_peak4_fieldloss
run1_sparc_1303,sparc_1303,0.561462,0.591236,0.655588,0.567400,0.561177,0.588480,0.655583,0.562926,0.924064,0.929247,0.947436,0.923896,0.801846,0.613514,0.718108,0.881971,spectrum_fno48_floor6_smooth1_qc_peak4
run1_sparc_1308,sparc_1308,0.704324,1.010548,1.144289,0.533716,0.664347,0.811363,0.874569,0.528940,0.817039,0.678638,0.757097,0.858399,0.959942,0.976225,0.964014,0.882597,spectrum_fno48_floor6_smooth1_qc_peak4_fieldloss
run1_sparc_1310,sparc_1310,0.550829,0.653625,0.625957,0.528890,0.546704,0.634474,0.617444,0.527673,0.924383,0.931101,0.957343,0.929795,0.788491,0.593088,0.657222,0.921498,spectrum_fno48_floor6_smooth1_qc_peak4_fieldloss
run1_sparc_1313,sparc_1313,0.532411,0.588630,0.659278,0.543165,0.518153,0.570064,0.614265,0.533172,0.931157,0.933398,0.956448,0.933789,0.816966,0.594954,0.802719,0.915473,spectrum_fno48_floor6_smooth1_qc_peak4
run1_sparc_1315,sparc_1315,0.524923,0.616351,0.648827,0.532864,0.517725,0.593750,0.620460,0.532770,0.931381,0.931642,0.953877,0.931725,0.776252,0.672275,0.653831,0.847304,spectrum_fno48_floor6_smooth1_qc_peak4
run1_sparc_1318,sparc_1318,0.550603,0.611208,0.703016,0.504442,0.520847,0.569659,0.629840,0.488638,0.938634,0.940890,0.966131,0.939468,0.846640,0.716761,0.622441,0.876832,spectrum_fno48_floor6_smooth1_qc_peak4_fieldloss
run1_sparc_1349,sparc_1349,0.594851,0.607629,0.649800,0.531658,0.579318,0.596924,0.622354,0.525599,0.923415,0.920949,0.950653,0.923130,0.912410,0.784961,0.669100,0.869767,spectrum_fno48_floor6_smooth1_qc_peak4_fieldloss
run1_sparc_1350,sparc_1350,0.532411,0.588630,0.659278,0.543165,0.518153,0.570064,0.614265,0.533172,0.931157,0.933398,0.956448,0.933789,0.816966,0.594954,0.802719,0.915473,spectrum_fno48_floor6_smooth1_qc_peak4
run1_sparc_1353,sparc_1353,0.651563,0.645237,0.712793,0.570731,0.597103,0.596906,0.612708,0.531886,0.915832,0.914773,0.948382,0.917168,0.918177,0.789460,0.695736,0.847168,spectrum_fno48_floor6_smooth1_qc_peak4_fieldloss
run1_sparc_1359,sparc_1359,0.599155,0.642420,0.689377,0.556557,0.585628,0.610316,0.643881,0.556054,0.916736,0.914860,0.923437,0.912809,0.840841,0.663699,0.699708,0.929072,spectrum_fno48_floor6_smooth1_qc_peak4_fieldloss
run1_sparc_1361,sparc_1361,0.585629,0.629354,0.712322,0.541128,0.566498,0.586354,0.652557,0.539985,0.924209,0.926798,0.940088,0.926883,0.729369,0.519750,0.734371,0.862198,spectrum_fno48_floor6_smooth1_qc_peak4_fieldloss
run1_sparc_1363,sparc_1363,0.743822,0.751717,0.671292,0.617381,0.706981,0.712798,0.656719,0.597809,0.915926,0.917339,0.934871,0.917093,0.907512,0.872001,0.812826,0.848904,spectrum_fno48_floor6_smooth1_qc_peak4_fieldloss
run1_sparc_1365,sparc_1365,0.619999,0.650966,0.665329,0.609040,0.610751,0.628783,0.641374,0.602738,0.927633,0.924896,0.944401,0.924330,0.830460,0.704082,0.643026,0.908631,spectrum_fno48_floor6_smooth1_qc_peak4_fieldloss
run1_sparc_1400,sparc_1400,0.426875,0.409859,0.457689,0.369225,0.369284,0.332197,0.413562,0.332627,0.994406,0.996073,0.996606,0.992752,0.778763,0.590335,0.756008,0.878752,spectrum_fno48_floor6_smooth1_qc_peak4_fieldloss
run1_sparc_1401,sparc_1401,1.015739,0.949029,0.661771,0.962386,0.895587,0.878904,0.618719,0.863239,0.824943,0.843672,0.920915,0.811129,0.984653,0.975387,0.725453,0.984430,spectrum_fno48_floor6_smooth1_qc_mhi100
run1_sparc_1403,sparc_1403,0.553745,0.589527,0.686211,0.571822,0.551212,0.587890,0.683608,0.563865,0.934070,0.936058,0.962827,0.931831,0.719735,0.566910,0.711237,0.914660,spectrum_fno48_floor6_smooth1_qc_peak4
run1_sparc_1411,sparc_1411,0.576298,0.616225,0.642884,0.581646,0.565799,0.607277,0.636455,0.571506,0.925077,0.924444,0.947500,0.924008,0.895368,0.623514,0.797736,0.909829,spectrum_fno48_floor6_smooth1_qc_peak4
run1_sparc_1414,sparc_1414,0.604112,0.649486,0.693351,0.554127,0.590333,0.617019,0.623725,0.549629,0.933878,0.935812,0.958121,0.932443,0.831560,0.606040,0.821744,0.951983,spectrum_fno48_floor6_smooth1_qc_peak4_fieldloss
run1_sparc_1422,sparc_1422,0.728913,0.831514,0.727097,0.717310,0.707271,0.779907,0.717513,0.692121,0.914488,0.912727,0.938754,0.906134,0.872564,0.912567,0.829215,0.888361,spectrum_fno48_floor6_smooth1_qc_peak4_fieldloss
run1_sparc_1423,sparc_1423,0.712288,0.724546,0.812092,0.643241,0.687188,0.705743,0.791661,0.640139,0.884980,0.894843,0.929266,0.884610,0.792584,0.698890,0.836133,0.927120,spectrum_fno48_floor6_smooth1_qc_peak4_fieldloss
run1_sparc_1507,sparc_1507,0.559860,0.599155,0.713228,0.515017,0.559492,0.596861,0.713085,0.514853,0.921240,0.924539,0.947060,0.919658,0.852602,0.811730,0.934460,0.886169,spectrum_fno48_floor6_smooth1_qc_peak4_fieldloss
run1_sparc_1511,sparc_1511,0.612789,0.670851,0.714272,0.598202,0.590952,0.642654,0.656840,0.581254,0.918086,0.920938,0.941784,0.918784,0.840838,0.610342,0.774097,0.895452,spectrum_fno48_floor6_smooth1_qc_peak4_fieldloss
run1_sparc_1519,sparc_1519,0.539927,0.545208,0.728762,0.523794,0.539919,0.544969,0.660334,0.523707,0.909434,0.906004,0.934152,0.903740,0.748777,0.850189,0.939840,0.902113,spectrum_fno48_floor6_smooth1_qc_peak4_fieldloss
run1_sparc_1523,sparc_1523,0.887050,0.966191,0.975686,0.887118,0.843489,0.840479,0.864572,0.832010,0.767740,0.795290,0.849569,0.791500,0.805686,0.897247,0.911863,0.914322,spectrum_fno48_floor6_smooth1_qc_peak4
run1_sparc_1524,sparc_1524,0.987003,1.012714,1.101818,1.003447,0.816901,0.816944,0.837889,0.822418,0.858860,0.870108,0.895600,0.866186,0.866388,0.912897,0.957284,0.924027,spectrum_fno48_floor6_smooth1_qc_peak4
run1_sparc_1526,sparc_1526,0.699236,0.714339,0.790600,0.680618,0.698518,0.703966,0.776581,0.680522,0.868751,0.883501,0.917549,0.879883,0.941031,0.820887,0.802370,0.973875,spectrum_fno48_floor6_smooth1_qc_peak4_fieldloss
run1_sparc_1527,sparc_1527,0.574234,0.591948,0.690721,0.541420,0.567404,0.579986,0.688962,0.541394,0.925545,0.914872,0.933047,0.923241,0.834637,0.628957,0.854009,0.924411,spectrum_fno48_floor6_smooth1_qc_peak4_fieldloss
run20_sparc_1302,sparc_1302,0.714250,0.734892,0.722135,0.578910,0.630281,0.695492,0.676228,0.572437,0.910286,0.880245,0.931170,0.905276,0.939536,0.941028,0.931720,0.961508,spectrum_fno48_floor6_smooth1_qc_peak4_fieldloss
run20_sparc_1304,sparc_1304,0.713749,0.713449,0.755982,0.662678,0.606011,0.650984,0.677112,0.606800,0.918407,0.913043,0.946635,0.906655,0.906123,0.783717,0.820127,0.951138,spectrum_fno48_floor6_smooth1_qc_peak4_fieldloss
run20_sparc_1311,sparc_1311,0.632968,0.624962,0.716860,0.595729,0.629437,0.622480,0.673914,0.590071,0.926903,0.925044,0.948633,0.921954,0.651940,0.657418,0.672193,0.934808,spectrum_fno48_floor6_smooth1_qc_peak4_fieldloss
run20_sparc_1315,sparc_1315,0.638570,0.666611,0.667833,0.627366,0.591797,0.627829,0.635084,0.585699,0.926983,0.924326,0.948403,0.925454,0.846138,0.721962,0.636484,0.890308,spectrum_fno48_floor6_smooth1_qc_peak4_fieldloss
run20_sparc_1317,sparc_1317,0.586552,0.586930,0.658211,0.528437,0.569600,0.566888,0.624346,0.522665,0.931148,0.929338,0.949350,0.928542,0.853381,0.596984,0.576615,0.907156,spectrum_fno48_floor6_smooth1_qc_peak4_fieldloss
run20_sparc_1319,sparc_1319,0.600687,0.584276,0.661900,0.534364,0.585150,0.577100,0.631784,0.528607,0.927066,0.924919,0.952130,0.919996,0.876693,0.694261,0.678280,0.907124,spectrum_fno48_floor6_smooth1_qc_peak4_fieldloss
run20_sparc_1403,sparc_1403,0.591039,0.610298,0.678468,0.570436,0.582439,0.610049,0.676108,0.557487,0.931690,0.929806,0.955693,0.928205,0.899892,0.781997,0.752171,0.970762,spectrum_fno48_floor6_smooth1_qc_peak4_fieldloss
run20_sparc_1405,sparc_1405,0.614894,0.730011,0.722200,0.508281,0.583493,0.722677,0.696503,0.504766,0.877994,0.857151,0.912878,0.895966,0.884957,0.880860,0.623221,0.931519,spectrum_fno48_floor6_smooth1_qc_peak4_fieldloss
run20_sparc_1408,sparc_1408,0.646234,0.653126,0.743416,0.532885,0.642189,0.652995,0.740524,0.532850,0.910593,0.909818,0.939204,0.903348,0.901981,0.734274,0.887581,0.929664,spectrum_fno48_floor6_smooth1_qc_peak4_fieldloss
run20_sparc_1411,sparc_1411,0.617501,0.608372,0.660301,0.593444,0.613791,0.595774,0.650479,0.590392,0.926892,0.926321,0.951115,0.922408,0.753434,0.529652,0.707492,0.896970,spectrum_fno48_floor6_smooth1_qc_peak4_fieldloss
run20_sparc_1412,sparc_1412,0.616870,0.621467,0.698952,0.576643,0.602166,0.607403,0.653290,0.571637,0.929535,0.933455,0.957243,0.931971,0.817145,0.613204,0.714052,0.870573,spectrum_fno48_floor6_smooth1_qc_peak4_fieldloss
run20_sparc_1419,sparc_1419,0.639876,0.600844,0.708590,0.475653,0.569001,0.573524,0.645733,0.459100,0.901699,0.901848,0.929849,0.893079,0.919455,0.811832,0.897937,0.898902,spectrum_fno48_floor6_smooth1_qc_peak4_fieldloss
run20_sparc_1421,sparc_1421,0.610868,0.612020,0.738840,0.589424,0.597956,0.595555,0.679182,0.571286,0.918197,0.920953,0.946445,0.917277,0.834371,0.871100,0.855602,0.871639,spectrum_fno48_floor6_smooth1_qc_peak4_fieldloss
run20_sparc_1502,sparc_1502,0.587400,0.607765,0.701322,0.602001,0.586090,0.605202,0.686288,0.570962,0.913969,0.913827,0.950237,0.918657,0.851392,0.810006,0.852881,0.880881,spectrum_fno48_floor6_smooth1_qc_peak4
run20_sparc_1510,sparc_1510,0.661260,0.678070,0.706049,0.645967,0.631317,0.639710,0.690310,0.611021,0.926222,0.923626,0.938465,0.919646,0.794291,0.512167,0.824674,0.892127,spectrum_fno48_floor6_smooth1_qc_peak4_fieldloss
run20_sparc_1520,sparc_1520,0.585945,0.616307,0.703776,0.527385,0.581875,0.606066,0.687112,0.527285,0.918388,0.920722,0.944512,0.911065,0.921005,0.899538,0.881471,0.814976,spectrum_fno48_floor6_smooth1_qc_peak4_fieldloss
run20_sparc_1522,sparc_1522,0.717538,0.785966,0.788226,0.642133,0.676847,0.731770,0.728132,0.618181,0.919052,0.915380,0.931296,0.909588,0.853729,0.861009,0.859285,0.873719,spectrum_fno48_floor6_smooth1_qc_peak4_fieldloss
run20_sparc_1523,sparc_1523,0.767641,0.875197,0.899554,0.842756,0.742929,0.808486,0.834984,0.757150,0.895508,0.896930,0.922681,0.887106,0.839220,0.890112,0.934482,0.882776,spectrum_fno48_floor6_smooth1_qc_peak4
run21_sparc_1303,sparc_1303,0.628694,0.651572,0.722033,0.598808,0.624977,0.638356,0.717623,0.598258,0.933080,0.925795,0.952277,0.926152,0.911501,0.931906,0.901829,0.939793,spectrum_fno48_floor6_smooth1_qc_peak4_fieldloss
run21_sparc_1306,sparc_1306,0.699866,0.733715,0.782518,0.676235,0.699853,0.727815,0.780793,0.675357,0.896070,0.891552,0.921786,0.878319,0.958875,0.941704,0.963021,0.948221,spectrum_fno48_floor6_smooth1_qc_peak4_fieldloss
run21_sparc_1307,sparc_1307,1.523670,1.282500,1.198230,1.309791,0.866856,0.819189,0.877111,0.888388,0.678170,0.815992,0.671488,0.655798,0.982361,0.973675,0.988269,0.983665,spectrum_fno48_floor6_smooth1_qc_mhi100
run21_sparc_1308,sparc_1308,1.356049,1.260082,1.268939,1.271153,0.874693,0.859217,0.869110,0.892589,0.661814,0.779798,0.621787,0.641844,0.971036,0.970958,0.985933,0.975965,spectrum_fno48_floor6_smooth1_qc
run21_sparc_1311,sparc_1311,0.751556,0.887320,0.733245,0.656415,0.677700,0.800799,0.692316,0.614340,0.886920,0.881674,0.928144,0.886829,0.660030,0.770788,0.852627,0.918615,spectrum_fno48_floor6_smooth1_qc_peak4_fieldloss
run21_sparc_1351,sparc_1351,0.652461,0.671493,0.657611,0.578296,0.647458,0.646908,0.648973,0.576521,0.896428,0.896968,0.929078,0.902265,0.856142,0.728443,0.889255,0.929879,spectrum_fno48_floor6_smooth1_qc_peak4_fieldloss
run21_sparc_1353,sparc_1353,0.665895,0.703378,0.719072,0.597633,0.643532,0.662952,0.666031,0.588576,0.908434,0.909630,0.936953,0.907068,0.914881,0.919387,0.923754,0.909829,spectrum_fno48_floor6_smooth1_qc_peak4_fieldloss
run21_sparc_1362,sparc_1362,0.710851,0.684374,0.746282,0.597133,0.626400,0.616633,0.629583,0.551368,0.909701,0.911455,0.933177,0.907661,0.881884,0.848795,0.865114,0.938727,spectrum_fno48_floor6_smooth1_qc_peak4_fieldloss
run21_sparc_1403,sparc_1403,0.632715,0.643781,0.706188,0.585918,0.631960,0.643752,0.699248,0.585446,0.932796,0.934941,0.961145,0.927388,0.911055,0.901918,0.834748,0.927980,spectrum_fno48_floor6_smooth1_qc_peak4_fieldloss
run21_sparc_1404,sparc_1404,0.674309,0.631622,0.674325,0.570163,0.622569,0.610171,0.661127,0.567808,0.928974,0.925972,0.953839,0.923616,0.898420,0.678057,0.857563,0.941186,spectrum_fno48_floor6_smooth1_qc_peak4_fieldloss
run21_sparc_1406,sparc_1406,0.590536,0.620888,0.654534,0.536162,0.586056,0.617788,0.651748,0.535257,0.934972,0.921371,0.952288,0.930164,0.877366,0.807139,0.718011,0.925047,spectrum_fno48_floor6_smooth1_qc_peak4_fieldloss
run21_sparc_1412,sparc_1412,0.730104,0.773011,0.718339,0.634614,0.651378,0.691173,0.662288,0.593517,0.918602,0.920118,0.952734,0.919893,0.620719,0.316409,0.571866,0.913414,spectrum_fno48_floor6_smooth1_qc_peak4_fieldloss
run21_sparc_1417,sparc_1417,0.743598,0.678025,0.693038,0.616459,0.714964,0.656027,0.650624,0.581862,0.918397,0.921903,0.952569,0.925433,0.721205,0.507445,0.719874,0.932354,spectrum_fno48_floor6_smooth1_qc_peak4_fieldloss
run21_sparc_1426,sparc_1426,0.661754,0.717077,0.706419,0.617190,0.661456,0.716620,0.705369,0.616369,0.909815,0.903410,0.942689,0.913171,0.955863,0.947423,0.971680,0.957604,spectrum_fno48_floor6_smooth1_qc_peak4_fieldloss
run21_sparc_1429,sparc_1429,0.870785,0.736800,0.745123,0.728604,0.749468,0.701157,0.725164,0.686865,0.878841,0.908493,0.907407,0.898466,0.933987,0.898008,0.906121,0.948411,spectrum_fno48_floor6_smooth1_qc_peak4_fieldloss
run21_sparc_1430,sparc_1430,0.866140,0.841921,1.130483,0.904007,0.837805,0.841453,0.935946,0.884372,0.876956,0.841423,0.528702,0.806841,0.983861,0.988492,0.982816,0.992242,spectrum_fno48_floor6_smooth1_qc
run21_sparc_1507,sparc_1507,0.704181,0.754903,0.822332,0.653367,0.687655,0.725792,0.761785,0.653251,0.911246,0.897611,0.937160,0.900878,0.909143,0.866225,0.835318,0.966167,spectrum_fno48_floor6_smooth1_qc_peak4_fieldloss
run21_sparc_1516,sparc_1516,0.710961,0.649054,0.703667,0.573825,0.674813,0.642283,0.656499,0.566937,0.916831,0.916706,0.944795,0.924529,0.711781,0.526271,0.740606,0.843269,spectrum_fno48_floor6_smooth1_qc_peak4_fieldloss
run21_sparc_1517,sparc_1517,0.675103,0.707938,0.649223,0.550514,0.660897,0.639232,0.626817,0.543610,0.892758,0.905206,0.932203,0.911182,0.756328,0.692955,0.879373,0.902812,spectrum_fno48_floor6_smooth1_qc_peak4_fieldloss
run21_sparc_1524,sparc_1524,1.541736,1.584257,1.945636,2.191402,0.992489,0.988922,0.963086,0.991883,-0.123010,-0.328944,0.549675,-0.644257,0.982654,0.982277,0.980799,0.983633,spectrum_fno48_floor6_smooth1_qc_peak4
run21_sparc_1526,sparc_1526,0.694888,0.786657,0.819238,0.685256,0.670337,0.765382,0.786473,0.675533,0.909023,0.884710,0.915635,0.905069,0.945828,0.947887,0.960039,0.963037,spectrum_fno48_floor6_smooth1_qc_peak4_fieldloss
run22_sparc_1300,sparc_1300,0.552899,0.523910,0.951489,0.377777,0.552584,0.521089,0.929129,0.372485,0.991364,0.992911,0.989609,0.986100,0.756765,0.716144,0.514572,0.729775,spectrum_fno48_floor6_smooth1_qc_peak4_fieldloss
run22_sparc_1305,sparc_1305,0.720105,0.829989,1.139564,0.727288,0.691397,0.792663,0.858547,0.690346,0.919909,0.899618,0.909762,0.890827,0.938257,0.611288,0.910423,0.969796,spectrum_fno48_floor6_smooth1_qc_peak4
run22_sparc_1310,sparc_1310,0.946350,0.783033,0.991089,0.634841,0.945249,0.783031,0.989347,0.633193,0.838512,0.881920,0.810726,0.900078,0.251419,0.539041,0.251328,0.847090,spectrum_fno48_floor6_smooth1_qc_peak4_fieldloss
run22_sparc_1319,sparc_1319,0.893715,0.615078,1.035992,0.600051,0.829023,0.613787,0.839677,0.589821,0.884407,0.905373,0.920426,0.912488,0.736432,0.204117,0.788340,0.785279,spectrum_fno48_floor6_smooth1_qc_peak4_fieldloss
run22_sparc_1351,sparc_1351,0.986869,0.823765,1.000771,0.802965,0.977276,0.821357,0.990639,0.784364,0.468609,0.612093,0.843205,0.778012,0.250863,0.917613,0.359029,0.681178,spectrum_fno48_floor6_smooth1_qc_peak4_fieldloss
run22_sparc_1354,sparc_1354,1.166704,1.163639,1.146998,1.064793,0.998258,0.991795,0.997042,0.981402,0.774175,0.769247,0.856663,0.842781,0.888446,0.920859,0.983873,0.980287,spectrum_fno48_floor6_smooth1_qc_peak4_fieldloss
run22_sparc_1360,sparc_1360,0.824817,0.555261,0.994552,0.499262,0.772814,0.547349,0.838578,0.496460,0.864697,0.895306,0.915462,0.893313,0.940194,0.509314,0.858045,0.901297,spectrum_fno48_floor6_smooth1_qc_peak4_fieldloss
run22_sparc_1363,sparc_1363,1.003230,0.688923,1.099384,0.593348,0.867518,0.677250,0.811007,0.563754,0.870352,0.881145,0.886125,0.884224,0.845648,0.625720,0.832598,0.908289,spectrum_fno48_floor6_smooth1_qc_peak4_fieldloss
run22_sparc_1402,sparc_1402,0.785939,0.917473,0.872373,0.687631,0.730991,0.839252,0.774419,0.682262,0.870675,0.846707,0.890894,0.873997,0.851777,0.622320,0.835770,0.891017,spectrum_fno48_floor6_smooth1_qc_peak4_fieldloss
run22_sparc_1409,sparc_1409,0.964762,0.679253,0.995073,0.589763,0.964751,0.643537,0.992447,0.565663,0.871701,0.888888,0.850410,0.868522,0.252120,0.695763,0.253036,0.835371,spectrum_fno48_floor6_smooth1_qc_peak4_fieldloss
run22_sparc_1414,sparc_1414,0.942209,0.629925,0.990281,0.588649,0.939841,0.608211,0.988931,0.522154,0.859027,0.914791,0.908372,0.896175,0.250829,0.510791,0.250834,0.681532,spectrum_fno48_floor6_smooth1_qc_peak4_fieldloss
run22_sparc_1426,sparc_1426,1.396997,1.691604,1.825536,1.216729,0.881394,0.923884,0.926772,0.838466,0.861194,0.683519,0.900435,0.866162,0.592226,0.803985,0.787638,0.898080,spectrum_fno48_floor6_smooth1_qc_peak4_fieldloss
run22_sparc_1428,sparc_1428,0.990967,1.349422,1.168362,0.816428,0.911326,0.926144,0.942068,0.705082,0.318033,0.439019,0.357259,0.388667,0.908032,0.952634,0.968355,0.982453,spectrum_fno48_floor6_smooth1_qc_peak4_fieldloss
run22_sparc_1502,sparc_1502,0.784637,0.936280,0.832662,0.692996,0.731532,0.858079,0.757853,0.688277,0.878160,0.852913,0.895518,0.880363,0.817641,0.617720,0.823845,0.887619,spectrum_fno48_floor6_smooth1_qc_peak4_fieldloss
run22_sparc_1505,sparc_1505,0.801941,0.886493,1.204753,0.770662,0.747530,0.807774,0.896419,0.739884,0.913731,0.898139,0.925627,0.925435,0.867446,0.622484,0.852272,0.941215,spectrum_fno48_floor6_smooth1_qc_peak4_fieldloss
run22_sparc_1506,sparc_1506,0.922024,0.930898,1.059804,0.963466,0.721990,0.718297,0.840528,0.727220,0.926885,0.919172,0.938312,0.885579,0.881618,0.672814,0.818208,0.947567,spectrum_fno48_floor6_smooth1_qc_peak4
run22_sparc_1511,sparc_1511,0.959793,0.689576,0.993567,0.600714,0.959554,0.624033,0.991797,0.564739,0.904864,0.939685,0.938260,0.914829,0.250866,0.648184,0.250963,0.635653,spectrum_fno48_floor6_smooth1_qc_peak4_fieldloss
run22_sparc_1519,sparc_1519,1.353127,1.511513,0.711134,1.288109,0.899318,0.887290,0.707839,0.870332,0.789491,0.723768,0.821923,0.730520,0.982443,0.978505,0.820561,0.987561,spectrum_fno48_floor6_smooth1_qc_mhi100
run22_sparc_1521,sparc_1521,0.804003,0.887212,1.691596,0.652423,0.770930,0.814373,0.922232,0.651243,0.821728,0.638545,0.746119,0.780342,0.960306,0.973652,0.985774,0.978404,spectrum_fno48_floor6_smooth1_qc_peak4_fieldloss
run22_sparc_1524,sparc_1524,1.694401,1.709697,2.155637,1.895123,0.990872,0.921149,0.969493,0.991330,-0.006432,0.431114,0.558322,0.098680,0.982777,0.972409,0.984966,0.982238,spectrum_fno48_floor6_smooth1_qc_peak4
run23_sparc_1300,sparc_1300,0.538443,0.564264,0.567420,0.481579,0.521043,0.547779,0.563507,0.481427,0.982185,0.981292,0.981855,0.971223,0.782034,0.700722,0.786863,0.843285,spectrum_fno48_floor6_smooth1_qc_peak4_fieldloss
run23_sparc_1303,sparc_1303,0.633340,0.826767,0.852229,0.563413,0.633109,0.767540,0.786090,0.561810,0.932694,0.926315,0.932193,0.921969,0.738247,0.369943,0.839384,0.949168,spectrum_fno48_floor6_smooth1_qc_peak4_fieldloss
run23_sparc_1304,sparc_1304,1.752862,1.283451,1.678467,1.626828,0.925439,0.881958,0.967911,0.966700,0.901657,0.911426,0.923547,0.893198,0.939635,0.885130,0.951496,0.955640,spectrum_fno48_floor6_smooth1_qc
run23_sparc_1307,sparc_1307,0.772135,0.824125,0.940661,0.747356,0.673748,0.707404,0.794636,0.676875,0.920150,0.921973,0.940316,0.927701,0.772964,0.713118,0.776562,0.907704,spectrum_fno48_floor6_smooth1_qc_peak4_fieldloss
run23_sparc_1319,sparc_1319,0.691364,0.802152,0.911799,0.643707,0.674343,0.757184,0.859408,0.640396,0.931886,0.936455,0.946409,0.933124,0.777471,0.845672,0.726359,0.833460,spectrum_fno48_floor6_smooth1_qc_peak4_fieldloss
run23_sparc_1351,sparc_1351,0.641434,0.692914,0.874508,0.646524,0.639617,0.692710,0.863059,0.645310,0.931857,0.930504,0.932039,0.927665,0.805514,0.702911,0.748841,0.912192,spectrum_fno48_floor6_smooth1_qc_peak4
run23_sparc_1357,sparc_1357,0.649384,0.732014,0.815193,0.638148,0.649364,0.730380,0.814640,0.637562,0.926472,0.927525,0.942831,0.928624,0.659446,0.682090,0.578141,0.827557,spectrum_fno48_floor6_smooth1_qc_peak4_fieldloss
run23_sparc_1364,sparc_1364,0.789229,0.847734,0.962569,0.720278,0.750538,0.800433,0.911231,0.711134,0.918196,0.913447,0.917204,0.919370,0.774563,0.766054,0.847427,0.908371,spectrum_fno48_floor6_smooth1_qc_peak4_fieldloss
run23_sparc_1365,sparc_1365,0.674475,0.725153,0.879454,0.630663,0.651126,0.687147,0.827957,0.620719,0.923049,0.922993,0.927207,0.924198,0.817996,0.818932,0.821641,0.932808,spectrum_fno48_floor6_smooth1_qc_peak4_fieldloss
run23_sparc_1405,sparc_1405,0.885315,0.907273,1.173745,0.843970,0.818854,0.791459,0.945836,0.772587,0.924880,0.931157,0.944906,0.929104,0.848572,0.825293,0.824500,0.895761,spectrum_fno48_floor6_smooth1_qc_peak4_fieldloss
run23_sparc_1413,sparc_1413,0.633927,0.685345,0.860223,0.652169,0.626011,0.683514,0.852507,0.639260,0.945402,0.941840,0.950614,0.943127,0.725727,0.639993,0.576659,0.906408,spectrum_fno48_floor6_smooth1_qc_peak4
run23_sparc_1416,sparc_1416,0.612941,0.669246,0.832874,0.621870,0.612211,0.668452,0.821363,0.620646,0.934413,0.932869,0.943970,0.932901,0.731886,0.682103,0.641821,0.895940,spectrum_fno48_floor6_smooth1_qc_peak4
run23_sparc_1417,sparc_1417,0.658823,0.704857,0.909477,0.666185,0.653501,0.696523,0.894441,0.650741,0.926884,0.925772,0.933670,0.927300,0.779051,0.742733,0.670067,0.892203,spectrum_fno48_floor6_smooth1_qc_peak4
run23_sparc_1423,sparc_1423,0.787505,0.845312,1.037240,0.669864,0.736091,0.790491,0.906656,0.663753,0.928839,0.920394,0.928287,0.929738,0.692565,0.796086,0.906515,0.900041,spectrum_fno48_floor6_smooth1_qc_peak4_fieldloss
run23_sparc_1424,sparc_1424,0.747934,0.838836,1.005471,0.655578,0.733780,0.797206,0.914587,0.655570,0.918621,0.923612,0.934932,0.920937,0.562145,0.781610,0.750164,0.762324,spectrum_fno48_floor6_smooth1_qc_peak4_fieldloss
run23_sparc_1430,sparc_1430,1.034958,1.272248,1.208772,1.028270,0.788872,0.872021,0.925681,0.771906,0.655796,0.558585,0.522339,0.567778,0.899184,0.830577,0.866184,0.958657,spectrum_fno48_floor6_smooth1_qc_peak4_fieldloss
run23_sparc_1440,sparc_1440,1.039880,1.101102,1.201280,0.791549,0.817678,0.800936,0.913057,0.715379,0.937346,0.942958,0.958377,0.936189,0.854063,0.854201,0.787488,0.863953,spectrum_fno48_floor6_smooth1_qc_peak4_fieldloss
run23_sparc_1500,sparc_1500,0.506334,0.530789,0.601403,0.434400,0.479734,0.518353,0.577567,0.433373,0.986053,0.984893,0.982987,0.978192,0.756901,0.772784,0.873566,0.759983,spectrum_fno48_floor6_smooth1_qc_peak4_fieldloss
run23_sparc_1515,sparc_1515,0.632605,0.688957,0.857307,0.647177,0.631712,0.688447,0.844763,0.644171,0.931557,0.932884,0.936586,0.930746,0.808504,0.750799,0.667935,0.937075,spectrum_fno48_floor6_smooth1_qc_peak4
run23_sparc_1517,sparc_1517,0.623221,0.666495,0.832833,0.619948,0.623193,0.666485,0.824217,0.618959,0.928465,0.929199,0.932536,0.927023,0.778354,0.746338,0.672909,0.868620,spectrum_fno48_floor6_smooth1_qc_peak4_fieldloss
run23_sparc_1519,sparc_1519,0.655399,0.679716,0.849527,0.639919,0.654515,0.679544,0.842125,0.639894,0.931871,0.933607,0.941975,0.930423,0.687327,0.711444,0.546808,0.879375,spectrum_fno48_floor6_smooth1_qc_peak4_fieldloss
run23_sparc_1521,sparc_1521,0.682243,0.730260,0.907657,0.653955,0.679683,0.730240,0.878876,0.647884,0.934562,0.936340,0.938497,0.934831,0.754592,0.683420,0.765949,0.892203,spectrum_fno48_floor6_smooth1_qc_peak4_fieldloss
run23_sparc_1528,sparc_1528,0.888812,1.090192,1.075616,0.884696,0.751667,0.861517,0.925582,0.783379,0.925257,0.904551,0.940532,0.909280,0.819811,0.754058,0.822862,0.924747,spectrum_fno48_floor6_smooth1_qc_peak4_fieldloss
run23_sparc_1530,sparc_1530,0.911320,0.984411,1.125604,0.695877,0.787215,0.767966,0.881919,0.654526,0.882948,0.878067,0.788735,0.804405,0.924157,0.935443,0.848970,0.966859,spectrum_fno48_floor6_smooth1_qc_peak4_fieldloss
run24_sparc_1306,sparc_1306,1.733457,1.409649,1.398799,1.304074,0.928559,0.851460,0.955044,0.879988,0.865690,0.855326,0.856059,0.843310,0.909676,0.901465,0.932781,0.951892,spectrum_fno48_floor6_smooth1_qc_peak4_fieldloss
run24_sparc_1307,sparc_1307,1.045107,0.978215,1.135304,0.944846,0.837543,0.806710,0.887607,0.818907,0.883671,0.841698,0.878806,0.882398,0.943137,0.964160,0.986113,0.935187,spectrum_fno48_floor6_smooth1_qc_peak4_fieldloss
run24_sparc_1308,sparc_1308,1.006025,1.007777,1.121522,1.042545,0.849725,0.797602,0.894870,0.832429,0.853205,0.830786,0.911989,0.866960,0.950191,0.898585,0.986926,0.948159,spectrum_fno48_floor6_smooth1_qc_peak4
run24_sparc_1314,sparc_1314,0.674550,0.616668,0.853066,0.502819,0.627604,0.613160,0.724750,0.498746,0.910676,0.898118,0.942330,0.910512,0.703592,0.261072,0.515440,0.874851,spectrum_fno48_floor6_smooth1_qc_peak4_fieldloss
run24_sparc_1317,sparc_1317,0.737453,0.933489,0.727194,0.462809,0.649990,0.776612,0.700070,0.461752,0.915471,0.899559,0.936321,0.913941,0.745517,0.878235,0.678607,0.818340,spectrum_fno48_floor6_smooth1_qc_peak4_fieldloss
run24_sparc_1351,sparc_1351,0.724417,0.585016,0.765578,0.513495,0.630985,0.578405,0.700322,0.503512,0.908329,0.898364,0.934074,0.907864,0.774382,0.360425,0.559247,0.855115,spectrum_fno48_floor6_smooth1_qc_peak4_fieldloss
run24_sparc_1362,sparc_1362,0.615546,0.715353,0.698956,0.440341,0.596732,0.618913,0.648072,0.439543,0.889594,0.885303,0.918097,0.885594,0.832017,0.816411,0.772074,0.900318,spectrum_fno48_floor6_smooth1_qc_peak4_fieldloss
run24_sparc_1404,sparc_1404,1.526345,1.954305,1.682709,0.995001,0.884711,0.927710,0.965166,0.792346,0.900577,0.878618,0.941236,0.912556,0.687136,0.863803,0.885724,0.885160,spectrum_fno48_floor6_smooth1_qc_peak4_fieldloss
run24_sparc_1409,sparc_1409,0.797510,0.801857,1.027276,0.703086,0.775066,0.766795,0.885322,0.695568,0.881726,0.869531,0.898527,0.886914,0.826437,0.852863,0.962364,0.921951,spectrum_fno48_floor6_smooth1_qc_peak4_fieldloss
run24_sparc_1412,sparc_1412,0.763393,0.606555,0.806928,0.482865,0.636057,0.591441,0.723787,0.476691,0.907933,0.906170,0.931925,0.890373,0.733202,0.460119,0.552586,0.884119,spectrum_fno48_floor6_smooth1_qc_peak4_fieldloss
run24_sparc_1414,sparc_1414,0.692948,0.667275,0.751078,0.480460,0.613975,0.640292,0.719546,0.478120,0.913391,0.905742,0.945549,0.898571,0.748077,0.587569,0.551354,0.919558,spectrum_fno48_floor6_smooth1_qc_peak4_fieldloss
run24_sparc_1416,sparc_1416,0.663993,0.714798,0.731817,0.462996,0.631949,0.686632,0.706002,0.462328,0.925643,0.920086,0.946142,0.908831,0.817212,0.600171,0.810276,0.908919,spectrum_fno48_floor6_smooth1_qc_peak4_fieldloss
run24_sparc_1424,sparc_1424,1.211239,1.074920,1.327947,1.025817,0.882710,0.899785,0.931441,0.828055,0.859133,0.719783,0.865026,0.830008,0.708618,0.741054,0.964109,0.835513,spectrum_fno48_floor6_smooth1_qc_peak4_fieldloss
run24_sparc_1425,sparc_1425,2.154954,2.082180,2.015370,1.719884,0.951678,0.951170,0.952132,0.920716,0.703869,0.645343,0.688776,0.742185,0.824445,0.856927,0.945229,0.962349,spectrum_fno48_floor6_smooth1_qc_peak4_fieldloss
run24_sparc_1426,sparc_1426,1.092858,1.148899,1.033716,0.710013,0.833415,0.916208,0.913961,0.694623,0.734600,0.728702,0.153832,0.759452,0.977765,0.971833,0.981609,0.984073,spectrum_fno48_floor6_smooth1_qc_peak4_fieldloss
run24_sparc_1504,sparc_1504,1.185172,1.848200,1.563068,0.958895,0.876429,0.919607,0.954689,0.761781,0.898474,0.870454,0.915715,0.864141,0.790614,0.902427,0.904250,0.949118,spectrum_fno48_floor6_smooth1_qc_peak4_fieldloss
run24_sparc_1505,sparc_1505,1.427668,1.755480,1.727991,1.043312,0.898941,0.930779,0.971266,0.793552,0.917420,0.901377,0.944686,0.926768,0.741421,0.903280,0.867923,0.886934,spectrum_fno48_floor6_smooth1_qc_peak4_fieldloss
run24_sparc_1509,sparc_1509,0.718846,0.757536,0.918413,0.560848,0.684120,0.681059,0.837492,0.542411,0.902761,0.892633,0.916865,0.903817,0.841080,0.874329,0.952866,0.944493,spectrum_fno48_floor6_smooth1_qc_peak4_fieldloss
run24_sparc_1512,sparc_1512,0.709818,0.730304,0.841530,0.508267,0.639800,0.643513,0.752889,0.493821,0.919348,0.914005,0.947190,0.904316,0.777836,0.822422,0.802061,0.955279,spectrum_fno48_floor6_smooth1_qc_peak4_fieldloss
run24_sparc_1513,sparc_1513,0.654721,0.702085,0.724153,0.494174,0.611386,0.659465,0.692354,0.493683,0.922071,0.915640,0.941669,0.915181,0.597122,0.752198,0.451755,0.913790,spectrum_fno48_floor6_smooth1_qc_peak4_fieldloss
run24_sparc_1523,sparc_1523,0.810686,0.822562,1.055471,0.723857,0.721371,0.741087,0.859108,0.667495,0.901540,0.895722,0.931186,0.907532,0.790157,0.688319,0.930226,0.842238,spectrum_fno48_floor6_smooth1_qc_peak4_fieldloss
run25_sparc_1302,sparc_1302,0.801645,0.993840,1.000990,0.688475,0.692728,0.801878,0.886820,0.642316,0.900961,0.906828,0.942919,0.901796,0.807732,0.864390,0.528878,0.930608,spectrum_fno48_floor6_smooth1_qc_peak4_fieldloss
run25_sparc_1307,sparc_1307,1.126500,1.140550,1.090386,0.947809,0.727494,0.747537,0.819241,0.687721,0.938616,0.940573,0.949663,0.923981,0.922469,0.849606,0.877724,0.947625,spectrum_fno48_floor6_smooth1_qc_peak4_fieldloss
run25_sparc_1316,sparc_1316,0.616167,0.530977,0.775320,0.545622,0.605519,0.529353,0.704618,0.542071,0.869660,0.866831,0.904299,0.850539,0.717934,0.876902,0.753876,0.969482,spectrum_fno48_floor6_smooth1_qc
run25_sparc_1349,sparc_1349,0.595289,0.482602,0.780586,0.467817,0.574019,0.481937,0.709200,0.467611,0.899458,0.900774,0.923775,0.897041,0.923691,0.496078,0.797174,0.873670,spectrum_fno48_floor6_smooth1_qc_peak4_fieldloss
run25_sparc_1350,sparc_1350,0.584993,0.486816,0.726497,0.563644,0.559797,0.486728,0.679481,0.548585,0.910580,0.921207,0.946411,0.916411,0.609140,0.824486,0.483297,0.903038,spectrum_fno48_floor6_smooth1_qc
run25_sparc_1351,sparc_1351,0.598255,0.528991,0.710099,0.561204,0.583903,0.528539,0.688263,0.553226,0.909322,0.908296,0.930678,0.909649,0.768930,0.857962,0.599392,0.932514,spectrum_fno48_floor6_smooth1_qc
run25_sparc_1356,sparc_1356,0.678466,0.670037,0.796622,0.571480,0.662542,0.653852,0.743071,0.565418,0.894800,0.898723,0.923431,0.887594,0.823494,0.809500,0.605880,0.903038,spectrum_fno48_floor6_smooth1_qc_peak4_fieldloss
run25_sparc_1358,sparc_1358,0.580822,0.547303,0.691940,0.486069,0.568339,0.538790,0.672019,0.482304,0.898395,0.891246,0.917393,0.881281,0.908934,0.637532,0.645563,0.915662,spectrum_fno48_floor6_smooth1_qc_peak4_fieldloss
run25_sparc_1359,sparc_1359,0.601712,0.569877,0.771523,0.475219,0.588329,0.560124,0.714007,0.475053,0.909392,0.911299,0.933426,0.906998,0.921153,0.517152,0.782657,0.913071,spectrum_fno48_floor6_smooth1_qc_peak4_fieldloss
run25_sparc_1360,sparc_1360,0.605342,0.603765,0.766808,0.469834,0.590807,0.575269,0.714983,0.468860,0.899443,0.902740,0.925975,0.894412,0.932974,0.684040,0.813013,0.886741,spectrum_fno48_floor6_smooth1_qc_peak4_fieldloss
run25_sparc_1365,sparc_1365,0.579449,0.523080,0.686855,0.478109,0.571300,0.518950,0.681655,0.478109,0.906290,0.904583,0.929337,0.906645,0.905469,0.321946,0.696090,0.892609,spectrum_fno48_floor6_smooth1_qc_peak4_fieldloss
run25_sparc_1400,sparc_1400,0.518761,0.572009,0.604121,0.530933,0.514390,0.564203,0.580152,0.523663,0.992453,0.991582,0.992614,0.984286,0.759165,0.845671,0.749184,0.910428,spectrum_fno48_floor6_smooth1_qc_peak4
run25_sparc_1411,sparc_1411,0.702048,0.627051,0.815927,0.611103,0.632737,0.598893,0.777392,0.579650,0.909285,0.906590,0.934212,0.914788,0.740889,0.515986,0.471810,0.910187,spectrum_fno48_floor6_smooth1_qc_peak4_fieldloss
run25_sparc_1413,sparc_1413,0.598862,0.524938,0.763105,0.569145,0.574294,0.518925,0.727809,0.552507,0.922224,0.921645,0.943624,0.919117,0.727371,0.755512,0.293177,0.867322,spectrum_fno48_floor6_smooth1_qc
run25_sparc_1418,sparc_1418,0.596669,0.554404,0.719408,0.538151,0.590313,0.549575,0.706415,0.534575,0.905714,0.902018,0.927328,0.904199,0.930491,0.608664,0.756573,0.945941,spectrum_fno48_floor6_smooth1_qc_peak4_fieldloss
run25_sparc_1421,sparc_1421,0.685987,0.693871,0.752609,0.543125,0.654664,0.672640,0.731613,0.535737,0.881798,0.879307,0.903494,0.878909,0.769935,0.639184,0.691612,0.928678,spectrum_fno48_floor6_smooth1_qc_peak4_fieldloss
run25_sparc_1423,sparc_1423,1.226585,1.349495,1.255893,0.926090,0.803280,0.838798,0.943922,0.746938,0.945806,0.950204,0.954684,0.940055,0.789214,0.764637,0.613921,0.947757,spectrum_fno48_floor6_smooth1_qc_peak4_fieldloss
run25_sparc_1428,sparc_1428,1.278370,1.539836,1.930693,1.234727,0.819138,0.856367,0.955462,0.776971,0.925633,0.891257,0.915515,0.927729,0.818659,0.827497,0.821105,0.902338,spectrum_fno48_floor6_smooth1_qc_peak4_fieldloss
run25_sparc_1500,sparc_1500,0.500719,0.563907,0.558533,0.501075,0.496187,0.554436,0.556586,0.497206,0.992212,0.991662,0.993329,0.984200,0.753060,0.772683,0.734368,0.890394,spectrum_fno48_floor6_smooth1_qc_peak4
run25_sparc_1503,sparc_1503,1.641279,1.956845,1.841259,1.488440,0.870796,0.890685,0.953222,0.837264,0.942962,0.931438,0.940104,0.939801,0.824139,0.839878,0.793023,0.858871,spectrum_fno48_floor6_smooth1_qc_peak4_fieldloss
run25_sparc_1505,sparc_1505,1.135667,1.384218,1.219175,0.917203,0.782345,0.848977,0.949324,0.705199,0.934153,0.937775,0.952713,0.936575,0.806056,0.822371,0.871657,0.921703,spectrum_fno48_floor6_smooth1_qc_peak4_fieldloss
run25_sparc_1511,sparc_1511,0.634680,0.614503,0.802706,0.561055,0.621328,0.587294,0.759722,0.551312,0.925030,0.927247,0.949870,0.924628,0.732370,0.498340,0.381030,0.935412,spectrum_fno48_floor6_smooth1_qc_peak4_fieldloss
run25_sparc_1513,sparc_1513,0.579188,0.520079,0.765248,0.547215,0.575568,0.520057,0.734189,0.544242,0.919444,0.919341,0.937150,0.917610,0.678820,0.660347,0.212920,0.914025,spectrum_fno48_floor6_smooth1_qc
run25_sparc_1514,sparc_1514,0.592141,0.536596,0.786292,0.548993,0.589376,0.535828,0.738991,0.545397,0.916858,0.916724,0.938455,0.914854,0.751169,0.592865,0.451206,0.908985,spectrum_fno48_floor6_smooth1_qc
run25_sparc_1515,sparc_1515,0.580709,0.493292,0.753133,0.539262,0.569799,0.492889,0.710584,0.537720,0.915502,0.913702,0.937970,0.913596,0.732843,0.642712,0.408158,0.932819,spectrum_fno48_floor6_smooth1_qc
run25_sparc_1523,sparc_1523,0.729903,0.745329,0.909323,0.468263,0.660783,0.663707,0.753636,0.467572,0.897771,0.898249,0.927877,0.894151,0.867992,0.645931,0.709462,0.917076,spectrum_fno48_floor6_smooth1_qc_peak4_fieldloss
run25_sparc_1525,sparc_1525,1.148445,1.178665,1.860580,0.910809,0.816046,0.826451,0.958908,0.721947,0.946657,0.945593,0.956818,0.946533,0.787529,0.616203,0.578964,0.742164,spectrum_fno48_floor6_smooth1_qc_peak4_fieldloss
run25_sparc_1527,sparc_1527,1.303077,1.227142,2.029711,0.998834,0.860772,0.836594,0.976019,0.781995,0.886980,0.904772,0.896602,0.917751,0.918340,0.869170,0.901726,0.948872,spectrum_fno48_floor6_smooth1_qc_peak4_fieldloss
run26_sparc_1305,sparc_1305,1.394205,1.593007,1.857564,1.083283,0.856661,0.897239,0.965653,0.805549,0.884117,0.871411,0.926232,0.923219,0.847865,0.895577,0.937037,0.921930,spectrum_fno48_floor6_smooth1_qc_peak4_fieldloss
run26_sparc_1314,sparc_1314,0.607363,0.655383,0.778390,0.550498,0.573509,0.636187,0.731824,0.538085,0.907798,0.909956,0.937237,0.907557,0.565982,0.427226,0.626466,0.929192,spectrum_fno48_floor6_smooth1_qc_peak4_fieldloss
run26_sparc_1351,sparc_1351,0.579764,0.635932,0.741108,0.528420,0.576349,0.628852,0.713308,0.524412,0.903941,0.905633,0.929094,0.906545,0.766566,0.565210,0.731253,0.919227,spectrum_fno48_floor6_smooth1_qc_peak4_fieldloss
run26_sparc_1353,sparc_1353,0.588059,0.638563,0.775228,0.492425,0.581635,0.606865,0.738823,0.491494,0.898435,0.892893,0.922657,0.898100,0.890240,0.701924,0.825605,0.906787,spectrum_fno48_floor6_smooth1_qc_peak4_fieldloss
run26_sparc_1403,sparc_1403,0.816279,0.725786,1.219615,0.705414,0.706153,0.660269,0.887436,0.685507,0.951405,0.946470,0.959433,0.943702,0.777554,0.543613,0.779022,0.861115,spectrum_fno48_floor6_smooth1_qc_peak4_fieldloss
run26_sparc_1414,sparc_1414,0.605580,0.664174,0.786551,0.541917,0.592191,0.644052,0.736139,0.541574,0.920984,0.917062,0.937137,0.919134,0.647805,0.683519,0.687508,0.903890,spectrum_fno48_floor6_smooth1_qc_peak4_fieldloss
run26_sparc_1416,sparc_1416,0.603325,0.664481,0.873783,0.552608,0.596416,0.649566,0.769815,0.551795,0.910286,0.907962,0.936980,0.911093,0.669097,0.530441,0.710069,0.930621,spectrum_fno48_floor6_smooth1_qc_peak4_fieldloss
run26_sparc_1429,sparc_1429,0.990388,1.282127,1.355841,1.109739,0.793270,0.837634,0.944487,0.797532,0.865210,0.876740,0.894145,0.880161,0.780664,0.856098,0.876798,0.893935,spectrum_fno48_floor6_smooth1_qc_peak4
run26_sparc_1441,sparc_1441,1.271880,1.266867,1.248790,0.911706,0.843988,0.853448,0.959124,0.730781,0.913646,0.931200,0.955378,0.906972,0.883476,0.892532,0.867504,0.859586,spectrum_fno48_floor6_smooth1_qc_peak4_fieldloss
run26_sparc_1505,sparc_1505,1.096201,1.559822,1.626247,0.951078,0.852600,0.911851,0.967879,0.815450,0.919107,0.906117,0.930478,0.920452,0.788268,0.820663,0.939816,0.897090,spectrum_fno48_floor6_smooth1_qc_peak4_fieldloss
run26_sparc_1507,sparc_1507,1.347519,1.432377,1.600505,0.953955,0.874630,0.889714,0.964258,0.790020,0.923724,0.928299,0.949415,0.929493,0.800019,0.913758,0.830056,0.888585,spectrum_fno48_floor6_smooth1_qc_peak4_fieldloss
run26_sparc_1510,sparc_1510,0.947189,0.833142,0.834942,0.608979,0.774340,0.786291,0.794515,0.602552,0.868703,0.908423,0.931503,0.897872,0.938996,0.917704,0.858398,0.911938,spectrum_fno48_floor6_smooth1_qc_peak4_fieldloss
run26_sparc_1516,sparc_1516,0.615242,0.682101,0.815753,0.544822,0.588683,0.653248,0.746436,0.532054,0.913814,0.909830,0.933953,0.914677,0.597305,0.510886,0.465086,0.962441,spectrum_fno48_floor6_smooth1_qc_peak4_fieldloss
run26_sparc_1520,sparc_1520,0.662237,0.705260,0.801821,0.579225,0.622858,0.665315,0.728391,0.561952,0.899469,0.893761,0.922738,0.897021,0.720124,0.773569,0.833428,0.912282,spectrum_fno48_floor6_smooth1_qc_peak4_fieldloss
run27_sparc_1302,sparc_1302,0.744997,0.742509,0.805042,0.788174,0.744877,0.741796,0.802327,0.787893,0.859623,0.863051,0.906005,0.854047,0.972326,0.975638,0.971299,0.978716,spectrum_fno48_floor6_smooth1_qc
run27_sparc_1306,sparc_1306,0.743842,1.110193,1.357033,0.772071,0.683652,0.763970,0.950654,0.732722,0.662336,0.793279,0.596163,0.711009,0.933189,0.942861,0.907758,0.940904,spectrum_fno48_floor6_smooth1_qc_peak4
run27_sparc_1308,sparc_1308,0.976590,1.046938,1.003717,0.817266,0.854126,0.909595,0.886845,0.693799,0.620888,0.314687,0.418769,0.697844,0.976813,0.979583,0.984720,0.987812,spectrum_fno48_floor6_smooth1_qc_peak4_fieldloss
run27_sparc_1310,sparc_1310,0.674996,0.725284,0.863305,0.544972,0.622602,0.662156,0.696630,0.515219,0.913471,0.921612,0.948686,0.911586,0.789276,0.909294,0.910765,0.958222,spectrum_fno48_floor6_smooth1_qc_peak4_fieldloss
run27_sparc_1354,sparc_1354,0.611044,0.556226,0.638417,0.549364,0.596173,0.549815,0.629756,0.543334,0.845930,0.843437,0.852632,0.850343,0.937884,0.890799,0.915934,0.942416,spectrum_fno48_floor6_smooth1_qc_peak4_fieldloss
run27_sparc_1358,sparc_1358,0.578671,0.544355,0.743120,0.450129,0.554887,0.534827,0.647255,0.449856,0.907667,0.908587,0.933045,0.907465,0.911166,0.664602,0.918708,0.916587,spectrum_fno48_floor6_smooth1_qc_peak4_fieldloss
run27_sparc_1405,sparc_1405,0.982301,1.157029,0.853684,0.622385,0.896351,0.858511,0.762862,0.579478,0.369732,0.805008,0.670589,0.823707,0.979022,0.978456,0.975818,0.982875,spectrum_fno48_floor6_smooth1_qc_peak4_fieldloss
run27_sparc_1408,sparc_1408,1.046462,1.218600,1.366972,1.030623,0.846260,0.889248,0.951458,0.788443,0.896983,0.907328,0.948110,0.901993,0.853324,0.816496,0.841779,0.927761,spectrum_fno48_floor6_smooth1_qc_peak4_fieldloss
run27_sparc_1414,sparc_1414,0.615922,0.603046,0.644264,0.501962,0.585228,0.577399,0.613345,0.501750,0.926345,0.925513,0.949437,0.922755,0.849771,0.830323,0.782204,0.896962,spectrum_fno48_floor6_smooth1_qc_peak4_fieldloss
run27_sparc_1416,sparc_1416,0.633132,0.573919,0.702237,0.484472,0.582336,0.541066,0.636311,0.471750,0.925652,0.924606,0.950196,0.922861,0.842065,0.671032,0.823048,0.935842,spectrum_fno48_floor6_smooth1_qc_peak4_fieldloss
run27_sparc_1441,sparc_1441,0.925394,0.952205,0.882246,0.715458,0.852175,0.848670,0.823660,0.683607,0.869135,0.872908,0.928999,0.896161,0.868561,0.879788,0.860212,0.859395,spectrum_fno48_floor6_smooth1_qc_peak4_fieldloss
run27_sparc_1520,sparc_1520,0.613003,0.568728,0.920156,0.494278,0.557653,0.539619,0.704865,0.483387,0.921503,0.920792,0.942692,0.915398,0.876274,0.550408,0.946352,0.744457,spectrum_fno48_floor6_smooth1_qc_peak4_fieldloss
run27_sparc_1530,sparc_1530,0.774592,0.900168,0.880975,0.786379,0.729927,0.837330,0.860067,0.776033,0.938749,0.920754,0.720358,0.800705,0.972183,0.824988,0.994712,0.995392,spectrum_fno48_floor6_smooth1_qc_peak4
run27_sparc_1593,sparc_1593,0.663749,0.714439,0.755569,0.585657,0.660164,0.712383,0.752358,0.581998,0.931610,0.922765,0.954828,0.931906,0.810453,0.713863,0.810741,0.903906,spectrum_fno48_floor6_smooth1_qc_peak4_fieldloss
run28_sparc_1304,sparc_1304,0.626931,0.639691,0.700615,0.629417,0.624584,0.634336,0.698106,0.616664,0.934335,0.932054,0.958741,0.924838,0.922200,0.924973,0.886158,0.955286,spectrum_fno48_floor6_smooth1_qc_peak4
run28_sparc_1306,sparc_1306,0.599255,0.690284,0.727304,0.564123,0.599229,0.672278,0.723710,0.564049,0.925586,0.916346,0.941203,0.923441,0.911190,0.864374,0.895779,0.945058,spectrum_fno48_floor6_smooth1_qc_peak4_fieldloss
run28_sparc_1311,sparc_1311,0.591854,0.656595,0.658076,0.609249,0.579569,0.618972,0.635405,0.593229,0.905970,0.906747,0.937915,0.893241,0.760968,0.602242,0.796886,0.895199,spectrum_fno48_floor6_smooth1_qc_peak4
run28_sparc_1316,sparc_1316,0.628808,0.585156,0.616726,0.662561,0.602368,0.578843,0.594899,0.628820,0.916337,0.918320,0.944369,0.918889,0.867399,0.658066,0.793783,0.840525,spectrum_fno48_floor6_smooth1_qc
run28_sparc_1317,sparc_1317,0.610668,0.595371,0.607568,0.598387,0.610477,0.589827,0.605422,0.596493,0.929427,0.924995,0.947941,0.924378,0.811175,0.709870,0.695617,0.883134,spectrum_fno48_floor6_smooth1_qc
run28_sparc_1352,sparc_1352,0.677393,0.678736,0.679776,0.698760,0.663392,0.624512,0.650808,0.685325,0.913468,0.909705,0.944282,0.912750,0.875468,0.613185,0.837724,0.891411,spectrum_fno48_floor6_smooth1_qc_peak4
run28_sparc_1355,sparc_1355,0.724142,0.790718,0.790506,0.697052,0.656838,0.716177,0.698768,0.652678,0.916755,0.916445,0.924771,0.918088,0.822985,0.879822,0.830614,0.868083,spectrum_fno48_floor6_smooth1_qc_peak4_fieldloss
run28_sparc_1361,sparc_1361,0.794941,0.734956,0.773406,0.737330,0.693369,0.625979,0.649997,0.639954,0.903980,0.905831,0.922472,0.908176,0.905282,0.740019,0.850663,0.957045,spectrum_fno48_floor6_smooth1_qc
run28_sparc_1406,sparc_1406,0.653691,0.665180,0.687521,0.580148,0.648258,0.662710,0.686863,0.565103,0.933691,0.929264,0.958287,0.932028,0.951048,0.840676,0.793453,0.950439,spectrum_fno48_floor6_smooth1_qc_peak4_fieldloss
run28_sparc_1418,sparc_1418,0.710357,0.774770,0.752504,0.668608,0.663179,0.637011,0.664504,0.608305,0.913974,0.920211,0.937747,0.907419,0.852936,0.691545,0.825942,0.929180,spectrum_fno48_floor6_smooth1_qc_peak4_fieldloss
run28_sparc_1420,sparc_1420,0.773122,0.746600,0.652620,0.844008,0.735716,0.692256,0.646238,0.782802,0.885489,0.884352,0.914065,0.863558,0.949585,0.902623,0.813778,0.955787,spectrum_fno48_floor6_smooth1_qc_mhi100
run28_sparc_1423,sparc_1423,0.712949,0.634982,0.731538,0.689417,0.679614,0.634559,0.714261,0.665069,0.886437,0.900844,0.907172,0.884214,0.886250,0.688641,0.836400,0.932475,spectrum_fno48_floor6_smooth1_qc
run28_sparc_1506,sparc_1506,0.619176,0.588682,0.702938,0.549188,0.617821,0.583883,0.702870,0.542479,0.939008,0.935778,0.951902,0.935049,0.923018,0.783802,0.846810,0.933467,spectrum_fno48_floor6_smooth1_qc_peak4_fieldloss
run28_sparc_1516,sparc_1516,0.599445,0.562945,0.608952,0.560791,0.594514,0.560878,0.606354,0.555509,0.909235,0.911971,0.924723,0.896446,0.794313,0.785610,0.781858,0.892100,spectrum_fno48_floor6_smooth1_qc_peak4_fieldloss
run28_sparc_1525,sparc_1525,0.634817,0.605501,0.674686,0.625426,0.626781,0.601697,0.673061,0.609965,0.936924,0.930253,0.954062,0.933848,0.946218,0.805968,0.881688,0.939018,spectrum_fno48_floor6_smooth1_qc
run28_sparc_1527,sparc_1527,0.755693,0.696442,0.741119,0.689964,0.685195,0.662630,0.718779,0.662080,0.923047,0.928031,0.939940,0.929403,0.930484,0.792371,0.928886,0.937832,spectrum_fno48_floor6_smooth1_qc_peak4_fieldloss
run28_sparc_1528,sparc_1528,0.697373,0.697704,0.727163,0.662928,0.661229,0.646798,0.708218,0.604892,0.936510,0.932376,0.951480,0.927954,0.913775,0.776256,0.829626,0.911489,spectrum_fno48_floor6_smooth1_qc_peak4_fieldloss
run29_sparc_1300,sparc_1300,0.547259,0.566195,0.612296,0.512053,0.538359,0.566192,0.611971,0.511476,0.983467,0.983277,0.981541,0.968718,0.923750,0.955296,0.899155,0.973752,spectrum_fno48_floor6_smooth1_qc_peak4_fieldloss
run29_sparc_1305,sparc_1305,1.091087,0.777885,1.372469,0.948935,0.819762,0.702154,0.959298,0.766067,0.931140,0.922519,0.953067,0.935620,0.823426,0.593242,0.757717,0.870993,spectrum_fno48_floor6_smooth1_qc
run29_sparc_1308,sparc_1308,1.476625,1.355745,1.328104,1.140572,0.786223,0.768438,0.855482,0.720370,0.905812,0.920039,0.923023,0.908394,0.821188,0.806896,0.931759,0.892886,spectrum_fno48_floor6_smooth1_qc_peak4_fieldloss
run29_sparc_1310,sparc_1310,0.750240,0.576864,0.898053,0.537004,0.648286,0.563291,0.737563,0.513691,0.907825,0.906030,0.937992,0.914353,0.720209,0.312050,0.797236,0.967918,spectrum_fno48_floor6_smooth1_qc_peak4_fieldloss
run29_sparc_1314,sparc_1314,0.705946,0.492444,0.723268,0.537666,0.628917,0.490562,0.674266,0.521203,0.897004,0.899970,0.936071,0.902927,0.775912,0.648448,0.729114,0.932820,spectrum_fno48_floor6_smooth1_qc
run29_sparc_1315,sparc_1315,0.729404,0.490968,0.757568,0.555351,0.636241,0.480199,0.680783,0.530058,0.892479,0.890925,0.926989,0.900450,0.782492,0.674942,0.660773,0.919414,spectrum_fno48_floor6_smooth1_qc
run29_sparc_1316,sparc_1316,0.734746,0.487723,0.768583,0.535895,0.635534,0.486774,0.695988,0.515537,0.892002,0.889668,0.916909,0.897154,0.795021,0.625966,0.746476,0.917727,spectrum_fno48_floor6_smooth1_qc
run29_sparc_1349,sparc_1349,0.656640,0.568618,0.916866,0.486185,0.612506,0.554202,0.754691,0.477425,0.881277,0.872815,0.906858,0.883117,0.895169,0.504080,0.904430,0.890776,spectrum_fno48_floor6_smooth1_qc_peak4_fieldloss
run29_sparc_1354,sparc_1354,0.630363,0.479027,0.791219,0.505964,0.575864,0.477792,0.704118,0.492377,0.866814,0.864187,0.899489,0.871388,0.878094,0.377730,0.827147,0.893797,spectrum_fno48_floor6_smooth1_qc
run29_sparc_1361,sparc_1361,0.774039,0.569987,0.866936,0.528189,0.634857,0.545340,0.712121,0.503604,0.880915,0.882805,0.921247,0.883521,0.907088,0.350149,0.841123,0.902736,spectrum_fno48_floor6_smooth1_qc_peak4_fieldloss
run29_sparc_1363,sparc_1363,0.783404,0.644882,0.929393,0.528496,0.641778,0.596714,0.737359,0.503702,0.883904,0.880939,0.915643,0.886547,0.897974,0.498745,0.849408,0.886059,spectrum_fno48_floor6_smooth1_qc_peak4_fieldloss
run29_sparc_1365,sparc_1365,0.741664,0.570844,0.834359,0.520284,0.673252,0.564934,0.715125,0.507807,0.867983,0.874213,0.896683,0.876169,0.895729,0.386356,0.808692,0.908210,spectrum_fno48_floor6_smooth1_qc_peak4_fieldloss
run29_sparc_1401,sparc_1401,0.668315,0.700883,0.726632,0.598681,0.610748,0.700438,0.721747,0.596778,0.930798,0.920673,0.949656,0.928819,0.970260,0.924230,0.957843,0.967551,spectrum_fno48_floor6_smooth1_qc_peak4_fieldloss
run29_sparc_1403,sparc_1403,0.603110,0.680816,0.738116,0.411513,0.517926,0.570319,0.713201,0.407804,0.937372,0.938137,0.959435,0.935863,0.898209,0.740295,0.743080,0.978318,spectrum_fno48_floor6_smooth1_qc_peak4_fieldloss
run29_sparc_1408,sparc_1408,1.176776,1.272914,1.409623,0.840101,0.824471,0.853697,0.940657,0.757882,0.923111,0.926095,0.932761,0.919340,0.728293,0.769580,0.876512,0.806298,spectrum_fno48_floor6_smooth1_qc_peak4_fieldloss
run29_sparc_1416,sparc_1416,0.715644,0.505217,0.819945,0.520372,0.646423,0.504057,0.709298,0.518497,0.906497,0.909657,0.934322,0.911398,0.885357,0.465164,0.750276,0.912269,spectrum_fno48_floor6_smooth1_qc
run29_sparc_1418,sparc_1418,0.760704,0.519937,0.941697,0.546549,0.662530,0.519920,0.747528,0.529576,0.887883,0.890746,0.920197,0.891991,0.905829,0.368206,0.833722,0.904197,spectrum_fno48_floor6_smooth1_qc
run29_sparc_1419,sparc_1419,0.808729,0.634731,0.919339,0.516655,0.714376,0.618497,0.759515,0.516459,0.874434,0.864972,0.891988,0.871036,0.954256,0.577370,0.917516,0.956444,spectrum_fno48_floor6_smooth1_qc_peak4_fieldloss
run29_sparc_1429,sparc_1429,1.006286,1.336940,1.674918,0.732131,0.839485,0.881953,0.927538,0.631362,0.706830,0.683300,0.644135,0.752104,0.881508,0.856762,0.910785,0.956971,spectrum_fno48_floor6_smooth1_qc_peak4_fieldloss
run29_sparc_1501,sparc_1501,0.769718,0.865558,0.845665,0.726925,0.749680,0.849415,0.832012,0.722694,0.905653,0.854047,0.886657,0.857620,0.932429,0.835749,0.921167,0.939527,spectrum_fno48_floor6_smooth1_qc_peak4_fieldloss
run29_sparc_1507,sparc_1507,1.070886,0.858113,1.747699,0.925241,0.807424,0.731680,0.947444,0.736654,0.873177,0.870431,0.906435,0.862807,0.958300,0.851417,0.930596,0.976241,spectrum_fno48_floor6_smooth1_qc
run29_sparc_1509,sparc_1509,0.719490,0.665652,0.909541,0.533251,0.654004,0.599384,0.784727,0.523943,0.901112,0.899708,0.918354,0.901565,0.817570,0.526314,0.928980,0.946783,spectrum_fno48_floor6_smooth1_qc_peak4_fieldloss
run29_sparc_1517,sparc_1517,0.722495,0.542004,0.887861,0.523075,0.650790,0.540858,0.728243,0.518313,0.901609,0.899609,0.928401,0.903157,0.839449,0.483874,0.598659,0.965408,spectrum_fno48_floor6_smooth1_qc_peak4_fieldloss
run29_sparc_1528,sparc_1528,0.948529,1.098065,1.496844,0.905273,0.830610,0.833009,0.971038,0.771331,0.863313,0.822200,0.861967,0.864808,0.686672,0.753447,0.909341,0.896055,spectrum_fno48_floor6_smooth1_qc_peak4_fieldloss
run29_sparc_1593,sparc_1593,0.634659,0.701608,0.765163,0.408617,0.541515,0.579349,0.727590,0.401906,0.920945,0.924200,0.951498,0.927398,0.805119,0.622074,0.636744,0.922600,spectrum_fno48_floor6_smooth1_qc_peak4_fieldloss
run2_sparc_1302,sparc_1302,0.785799,0.914978,0.818085,0.734647,0.683143,0.792462,0.704549,0.681983,0.875886,0.779392,0.900146,0.844325,0.947835,0.959936,0.920801,0.967626,spectrum_fno48_floor6_smooth1_qc_peak4_fieldloss
run2_sparc_1304,sparc_1304,0.640281,0.644339,0.708322,0.589118,0.607582,0.623458,0.677092,0.584369,0.889777,0.887161,0.935179,0.881851,0.945531,0.945958,0.935017,0.953890,spectrum_fno48_floor6_smooth1_qc_peak4_fieldloss
run2_sparc_1306,sparc_1306,0.899133,1.000679,0.943583,0.779462,0.822443,0.875947,0.896024,0.764882,0.878859,0.852942,0.890369,0.888181,0.904953,0.932989,0.939651,0.926121,spectrum_fno48_floor6_smooth1_qc_peak4_fieldloss
run2_sparc_1307,sparc_1307,0.746577,0.784648,0.793202,0.627192,0.732491,0.770935,0.792916,0.619023,0.856720,0.866046,0.880075,0.881397,0.939449,0.947654,0.966804,0.937015,spectrum_fno48_floor6_smooth1_qc_peak4_fieldloss
run2_sparc_1308,sparc_1308,0.893202,0.920741,0.916004,0.860416,0.877321,0.892775,0.900882,0.857828,0.864142,0.820121,0.889378,0.875025,0.912930,0.905160,0.910991,0.950666,spectrum_fno48_floor6_smooth1_qc_peak4_fieldloss
run2_sparc_1317,sparc_1317,0.674705,0.620407,0.667215,0.550203,0.616044,0.584408,0.656296,0.535013,0.926591,0.924301,0.948472,0.926260,0.775692,0.651230,0.645882,0.909101,spectrum_fno48_floor6_smooth1_qc_peak4_fieldloss
run2_sparc_1319,sparc_1319,0.686416,0.604787,0.695020,0.544944,0.616363,0.583511,0.668989,0.534180,0.929327,0.931896,0.955072,0.926806,0.771445,0.730534,0.739997,0.849448,spectrum_fno48_floor6_smooth1_qc_peak4_fieldloss
run2_sparc_1352,sparc_1352,0.564684,0.608522,0.658864,0.577797,0.562976,0.608499,0.657503,0.577595,0.922847,0.917978,0.943061,0.924696,0.777170,0.536356,0.699188,0.870608,spectrum_fno48_floor6_smooth1_qc_peak4
run2_sparc_1401,sparc_1401,0.929029,0.916646,0.657286,0.802063,0.892830,0.863477,0.640870,0.794893,0.792931,0.819325,0.923145,0.794081,0.981426,0.972818,0.780961,0.978952,spectrum_fno48_floor6_smooth1_qc_mhi100
run2_sparc_1403,sparc_1403,0.776846,0.692656,0.830073,0.700544,0.696335,0.684450,0.789346,0.657549,0.925114,0.920783,0.951921,0.914938,0.731415,0.782963,0.632658,0.942896,spectrum_fno48_floor6_smooth1_qc
run2_sparc_1404,sparc_1404,0.704206,0.726567,0.735966,0.577615,0.607637,0.653305,0.663535,0.565087,0.879145,0.878991,0.936886,0.887056,0.937993,0.918301,0.853616,0.964269,spectrum_fno48_floor6_smooth1_qc_peak4_fieldloss
run2_sparc_1406,sparc_1406,0.539413,0.639898,0.712220,0.494315,0.539245,0.631031,0.710881,0.483869,0.920362,0.917848,0.941528,0.916719,0.717052,0.834786,0.756017,0.956437,spectrum_fno48_floor6_smooth1_qc_peak4_fieldloss
run2_sparc_1408,sparc_1408,0.967990,0.980584,0.976022,0.950611,0.867823,0.883573,0.910832,0.853995,0.777657,0.785814,0.835259,0.729707,0.962167,0.873628,0.932286,0.992893,spectrum_fno48_floor6_smooth1_qc_peak4_fieldloss
run2_sparc_1412,sparc_1412,0.637286,0.669914,0.648399,0.577142,0.618856,0.645797,0.647728,0.566718,0.932221,0.932459,0.959082,0.931623,0.736823,0.556261,0.717484,0.930509,spectrum_fno48_floor6_smooth1_qc_peak4_fieldloss
run2_sparc_1414,sparc_1414,0.668218,0.677694,0.721119,0.575969,0.634595,0.655896,0.675934,0.562996,0.919140,0.921222,0.948465,0.919643,0.756212,0.543394,0.734485,0.957404,spectrum_fno48_floor6_smooth1_qc_peak4_fieldloss
run2_sparc_1415,sparc_1415,0.689335,0.679798,0.688316,0.570525,0.647357,0.647499,0.663120,0.548356,0.924274,0.920101,0.945540,0.925793,0.797591,0.584078,0.692513,0.936463,spectrum_fno48_floor6_smooth1_qc_peak4_fieldloss
run2_sparc_1421,sparc_1421,0.665966,0.563660,0.625127,0.531064,0.625040,0.557449,0.609918,0.531062,0.920721,0.925811,0.944433,0.914261,0.791733,0.769616,0.689817,0.869903,spectrum_fno48_floor6_smooth1_qc_peak4_fieldloss
run2_sparc_1501,sparc_1501,0.950176,0.882228,0.732311,0.834444,0.919138,0.854848,0.732290,0.828210,0.818054,0.865718,0.937738,0.822841,0.979399,0.963243,0.753330,0.973068,spectrum_fno48_floor6_smooth1_qc_mhi100
run2_sparc_1506,sparc_1506,0.565073,0.657090,0.718138,0.543231,0.564043,0.652983,0.715502,0.534550,0.908212,0.903167,0.932440,0.902332,0.819893,0.901417,0.828115,0.962685,spectrum_fno48_floor6_smooth1_qc_peak4_fieldloss
run2_sparc_1509,sparc_1509,0.661306,0.711516,0.734728,0.630905,0.660437,0.699763,0.725155,0.629641,0.914018,0.917268,0.940068,0.902555,0.764549,0.758239,0.853836,0.933657,spectrum_fno48_floor6_smooth1_qc_peak4_fieldloss
run2_sparc_1514,sparc_1514,0.626511,0.652819,0.683310,0.569695,0.623859,0.651844,0.682679,0.566521,0.924832,0.928757,0.940659,0.920403,0.777288,0.669252,0.811899,0.873018,spectrum_fno48_floor6_smooth1_qc_peak4_fieldloss
run2_sparc_1516,sparc_1516,0.646580,0.644198,0.694097,0.548820,0.605369,0.595157,0.638275,0.520434,0.924093,0.926417,0.943842,0.920851,0.753345,0.551336,0.588100,0.907501,spectrum_fno48_floor6_smooth1_qc_peak4_fieldloss
run2_sparc_1520,sparc_1520,0.673351,0.597738,0.717009,0.518263,0.620664,0.571590,0.650049,0.516295,0.922916,0.925117,0.948430,0.922668,0.824611,0.848435,0.871258,0.775921,spectrum_fno48_floor6_smooth1_qc_peak4_fieldloss
run2_sparc_1521,sparc_1521,0.752654,0.658094,0.755064,0.667565,0.667461,0.641170,0.717969,0.657675,0.909708,0.909244,0.930800,0.899652,0.868736,0.793255,0.888779,0.856522,spectrum_fno48_floor6_smooth1_qc
run2_sparc_1523,sparc_1523,0.780470,0.822219,0.800270,0.712213,0.720527,0.764042,0.772300,0.679266,0.907041,0.905114,0.924321,0.899998,0.781329,0.881763,0.933806,0.862187,spectrum_fno48_floor6_smooth1_qc_peak4_fieldloss
run2_sparc_1525,sparc_1525,0.710990,0.703537,0.747418,0.672646,0.653207,0.652023,0.707242,0.655292,0.872592,0.884029,0.924122,0.895827,0.959143,0.874591,0.910894,0.973622,spectrum_fno48_floor6_smooth1_qc_peak4_fieldloss
run30_sparc_1301,sparc_1301,0.574657,0.572882,0.635093,0.622614,0.554929,0.558971,0.619066,0.566294,0.955335,0.956465,0.955474,0.950844,0.952660,0.933239,0.900325,0.965110,spectrum_fno48_floor6_smooth1_qc
run30_sparc_1304,sparc_1304,1.219751,1.323277,1.489944,0.905078,0.863769,0.879713,0.969155,0.786304,0.904312,0.894799,0.916486,0.892405,0.906645,0.922395,0.779917,0.888345,spectrum_fno48_floor6_smooth1_qc_peak4_fieldloss
run30_sparc_1314,sparc_1314,0.592696,0.591467,0.746967,0.570392,0.581442,0.580554,0.715875,0.559454,0.896854,0.894547,0.926530,0.897910,0.800121,0.369158,0.454987,0.904903,spectrum_fno48_floor6_smooth1_qc_peak4_fieldloss
run30_sparc_1350,sparc_1350,0.592146,0.587301,0.725194,0.579265,0.579383,0.575995,0.700021,0.560951,0.901772,0.898540,0.932779,0.903537,0.780765,0.399372,0.479976,0.918923,spectrum_fno48_floor6_smooth1_qc_peak4_fieldloss
run30_sparc_1352,sparc_1352,0.611239,0.572874,0.804442,0.590522,0.595494,0.568786,0.727360,0.568106,0.884616,0.883863,0.910163,0.881214,0.760892,0.484105,0.680705,0.940632,spectrum_fno48_floor6_smooth1_qc
run30_sparc_1355,sparc_1355,0.595090,0.697845,0.788554,0.500061,0.574201,0.682408,0.719686,0.490733,0.874758,0.859592,0.892440,0.875574,0.905587,0.316728,0.785062,0.899015,spectrum_fno48_floor6_smooth1_qc_peak4_fieldloss
run30_sparc_1359,sparc_1359,0.600780,0.690627,0.810895,0.497294,0.580508,0.658647,0.739161,0.490490,0.894024,0.892023,0.914860,0.889555,0.855622,0.293631,0.789950,0.947088,spectrum_fno48_floor6_smooth1_qc_peak4_fieldloss
run30_sparc_1363,sparc_1363,0.677235,0.633201,0.855338,0.521633,0.630735,0.594235,0.753914,0.510504,0.861660,0.835390,0.867345,0.861215,0.881051,0.504951,0.676300,0.928989,spectrum_fno48_floor6_smooth1_qc_peak4_fieldloss
run30_sparc_1407,sparc_1407,1.421874,1.626497,1.996354,1.029493,0.881381,0.895376,0.972009,0.799234,0.925089,0.911296,0.938926,0.934183,0.835936,0.850354,0.796865,0.863604,spectrum_fno48_floor6_smooth1_qc_peak4_fieldloss
run30_sparc_1409,sparc_1409,0.832558,0.936413,1.256894,0.953086,0.719078,0.742198,0.879694,0.730157,0.881045,0.878704,0.842603,0.888233,0.898632,0.616749,0.859605,0.933228,spectrum_fno48_floor6_smooth1_qc_peak4
run30_sparc_1411,sparc_1411,0.674998,0.685268,0.915814,0.590592,0.625935,0.636253,0.757600,0.563706,0.904244,0.900676,0.932039,0.907751,0.733500,0.556053,0.648781,0.960520,spectrum_fno48_floor6_smooth1_qc_peak4_fieldloss
run30_sparc_1424,sparc_1424,1.554375,1.763987,1.935315,1.263631,0.891403,0.896498,0.974232,0.822030,0.921593,0.923957,0.896670,0.934397,0.899891,0.859669,0.946586,0.884770,spectrum_fno48_floor6_smooth1_qc_peak4_fieldloss
run30_sparc_1426,sparc_1426,0.958103,1.061924,1.396594,0.971072,0.740883,0.780378,0.946485,0.766377,0.935966,0.941856,0.955333,0.936029,0.717658,0.667399,0.810097,0.860695,spectrum_fno48_floor6_smooth1_qc_peak4
run30_sparc_1504,sparc_1504,0.965797,1.086097,1.377183,0.907315,0.841815,0.844202,0.950919,0.802939,0.894920,0.918836,0.929281,0.891657,0.928717,0.912879,0.945474,0.965395,spectrum_fno48_floor6_smooth1_qc_peak4_fieldloss
run30_sparc_1505,sparc_1505,1.276919,1.435112,1.589684,1.145963,0.855594,0.879491,0.971049,0.820262,0.908445,0.913970,0.945553,0.915681,0.826434,0.828793,0.818282,0.933438,spectrum_fno48_floor6_smooth1_qc_peak4_fieldloss
run30_sparc_1508,sparc_1508,1.067748,1.258506,1.291191,0.866654,0.791056,0.821818,0.919044,0.734166,0.919336,0.916577,0.938042,0.918407,0.884599,0.824938,0.875689,0.904525,spectrum_fno48_floor6_smooth1_qc_peak4_fieldloss
run30_sparc_1522,sparc_1522,0.972617,1.015204,1.340159,0.511482,0.765566,0.828968,0.858935,0.510989,0.872608,0.846022,0.877736,0.874064,0.849994,0.958282,0.920214,0.865473,spectrum_fno48_floor6_smooth1_qc_peak4_fieldloss
run30_sparc_1528,sparc_1528,1.159475,1.452521,1.469700,0.814369,0.902711,0.876190,0.951100,0.726264,0.869590,0.824255,0.809034,0.895750,0.740870,0.682874,0.785509,0.868585,spectrum_fno48_floor6_smooth1_qc_peak4_fieldloss
run31_sparc_1301,sparc_1301,1.098169,1.105090,0.925885,1.153770,0.869644,0.897576,0.690517,0.878344,0.891357,0.872764,0.946802,0.871698,0.990994,0.988793,0.940736,0.993207,spectrum_fno48_floor6_smooth1_qc_mhi100
run31_sparc_1304,sparc_1304,0.615023,0.642450,0.725879,0.594622,0.613867,0.642418,0.724166,0.594234,0.901008,0.909921,0.918823,0.909218,0.879829,0.876005,0.913733,0.914516,spectrum_fno48_floor6_smooth1_qc_peak4_fieldloss
run31_sparc_1309,sparc_1309,0.949432,0.954682,0.960678,0.936272,0.918704,0.922695,0.928570,0.908735,0.221903,0.334163,0.209957,0.334617,0.970436,0.953984,0.968438,0.975657,spectrum_fno48_floor6_smooth1_qc_peak4_fieldloss
run31_sparc_1361,sparc_1361,0.724527,0.695320,0.752418,0.703909,0.676471,0.664202,0.693633,0.661376,0.926215,0.922007,0.939268,0.922623,0.717736,0.672899,0.734901,0.820188,spectrum_fno48_floor6_smooth1_qc
run31_sparc_1401,sparc_1401,1.096710,1.015680,0.853735,1.081879,0.854608,0.855559,0.719020,0.868984,0.900469,0.916346,0.964318,0.887962,0.986981,0.988672,0.889133,0.990799,spectrum_fno48_floor6_smooth1_qc_mhi100
run31_sparc_1403,sparc_1403,0.625675,0.673749,0.789501,0.615256,0.611914,0.621063,0.740619,0.589998,0.940756,0.941984,0.935771,0.936806,0.795345,0.736122,0.859068,0.889322,spectrum_fno48_floor6_smooth1_qc_peak4_fieldloss
run31_sparc_1406,sparc_1406,0.659431,0.719341,0.730182,0.648371,0.648708,0.688751,0.718717,0.607918,0.922665,0.905802,0.940382,0.919780,0.928851,0.918109,0.892350,0.944248,spectrum_fno48_floor6_smooth1_qc_peak4_fieldloss
run31_sparc_1412,sparc_1412,0.606454,0.678330,0.716454,0.631843,0.598991,0.637915,0.653439,0.609769,0.925864,0.928619,0.943740,0.924626,0.835147,0.715173,0.765043,0.934242,spectrum_fno48_floor6_smooth1_qc_peak4
run31_sparc_1413,sparc_1413,0.614912,0.699999,0.703473,0.691158,0.600024,0.639217,0.648878,0.613252,0.927134,0.928550,0.944117,0.925420,0.839533,0.700742,0.738706,0.922514,spectrum_fno48_floor6_smooth1_qc_peak4
run31_sparc_1418,sparc_1418,0.768414,0.707454,0.756865,0.631587,0.699376,0.657170,0.686860,0.599528,0.928306,0.921511,0.945920,0.929012,0.833376,0.631304,0.709896,0.930532,spectrum_fno48_floor6_smooth1_qc_peak4_fieldloss
run31_sparc_1421,sparc_1421,0.732169,0.795408,0.718277,0.754885,0.718456,0.749918,0.706146,0.747006,0.895817,0.891558,0.921324,0.888659,0.935021,0.895525,0.914373,0.924123,spectrum_fno48_floor6_smooth1_qc_mhi100
run31_sparc_1426,sparc_1426,0.699714,0.722745,0.679195,0.726751,0.678231,0.713591,0.670249,0.680404,0.899133,0.903911,0.925895,0.903805,0.891457,0.776327,0.861480,0.901478,spectrum_fno48_floor6_smooth1_qc_mhi100
run31_sparc_1440,sparc_1440,0.609312,0.632357,0.722790,0.635131,0.609185,0.627891,0.722473,0.625174,0.928827,0.923457,0.943780,0.918462,0.889586,0.860227,0.771682,0.927547,spectrum_fno48_floor6_smooth1_qc_peak4
run31_sparc_1441,sparc_1441,0.618108,0.641725,0.715010,0.653757,0.617637,0.637326,0.714972,0.642232,0.925661,0.918988,0.935520,0.913066,0.896320,0.860985,0.796079,0.938168,spectrum_fno48_floor6_smooth1_qc_peak4
run31_sparc_1500,sparc_1500,0.451563,0.453373,0.503834,0.362615,0.392972,0.353539,0.439142,0.358107,0.991631,0.993537,0.993534,0.990081,0.891796,0.769634,0.804092,0.979154,spectrum_fno48_floor6_smooth1_qc_peak4_fieldloss
run31_sparc_1501,sparc_1501,0.825639,0.859334,0.652156,0.843560,0.782554,0.815863,0.640231,0.799067,0.898741,0.893342,0.934732,0.862649,0.986726,0.989082,0.850978,0.992393,spectrum_fno48_floor6_smooth1_qc_mhi100
run31_sparc_1502,sparc_1502,0.745881,0.753709,0.717967,0.574025,0.718957,0.742238,0.698408,0.573556,0.920373,0.924422,0.966796,0.918747,0.947829,0.924318,0.728234,0.907203,spectrum_fno48_floor6_smooth1_qc_peak4_fieldloss
run31_sparc_1507,sparc_1507,0.597263,0.587140,0.724085,0.515687,0.590833,0.569105,0.695118,0.515678,0.922321,0.920904,0.944588,0.909984,0.903578,0.849884,0.796025,0.918901,spectrum_fno48_floor6_smooth1_qc_peak4_fieldloss
run31_sparc_1513,sparc_1513,0.659640,0.677784,0.689759,0.666014,0.654350,0.676300,0.689734,0.666012,0.928648,0.929079,0.946353,0.926755,0.822810,0.822421,0.727764,0.940449,spectrum_fno48_floor6_smooth1_qc_peak4
run31_sparc_1525,sparc_1525,0.668082,0.739458,0.750061,0.598748,0.643459,0.700111,0.712201,0.590182,0.904421,0.902064,0.935342,0.917936,0.906627,0.845592,0.868863,0.920652,spectrum_fno48_floor6_smooth1_qc_peak4_fieldloss
run31_sparc_1528,sparc_1528,0.734196,0.761888,0.765167,0.736432,0.702960,0.732029,0.756911,0.702076,0.915697,0.913967,0.922014,0.914219,0.935865,0.868390,0.929124,0.954532,spectrum_fno48_floor6_smooth1_qc_peak4
run31_sparc_1530,sparc_1530,0.631002,0.495336,1.132110,1.037485,0.548876,0.469227,0.998445,0.987884,0.960259,0.917293,0.102921,0.117388,0.642087,0.985392,0.994990,0.996337,spectrum_fno48_floor6_smooth1_qc
run31_sparc_1593,sparc_1593,0.591042,0.580860,0.690807,0.541462,0.588108,0.579764,0.686441,0.541295,0.944270,0.947515,0.960452,0.941987,0.860030,0.881016,0.862502,0.924793,spectrum_fno48_floor6_smooth1_qc_peak4_fieldloss
run32_sparc_1300,sparc_1300,0.681408,0.435449,0.627629,0.272062,0.635288,0.421807,0.623603,0.242328,0.992572,0.995378,0.995292,0.993886,0.442031,0.617497,0.853557,0.750053,spectrum_fno48_floor6_smooth1_qc_peak4_fieldloss
run32_sparc_1302,sparc_1302,0.885424,0.804677,0.870763,0.861734,0.793470,0.756143,0.801387,0.795861,0.860031,0.882245,0.914330,0.879897,0.938781,0.816976,0.914297,0.973324,spectrum_fno48_floor6_smooth1_qc
run32_sparc_1305,sparc_1305,0.659925,0.653785,0.751123,0.618226,0.655538,0.642489,0.743364,0.614260,0.903018,0.908850,0.937243,0.913411,0.909134,0.490340,0.803558,0.921811,spectrum_fno48_floor6_smooth1_qc_peak4_fieldloss
run32_sparc_1315,sparc_1315,0.608739,0.575471,0.617848,0.540435,0.593094,0.570663,0.610765,0.536497,0.917753,0.917076,0.946891,0.914457,0.869656,0.773489,0.700255,0.908430,spectrum_fno48_floor6_smooth1_qc_peak4_fieldloss
run32_sparc_1353,sparc_1353,0.647169,0.582524,0.668672,0.491798,0.633524,0.560354,0.623795,0.491527,0.925870,0.922752,0.946058,0.920836,0.918841,0.865085,0.768528,0.926867,spectrum_fno48_floor6_smooth1_qc_peak4_fieldloss
run32_sparc_1355,sparc_1355,0.582283,0.556316,0.730721,0.542031,0.558929,0.552648,0.653655,0.537567,0.897056,0.883033,0.916149,0.891677,0.870226,0.609974,0.799822,0.837720,spectrum_fno48_floor6_smooth1_qc_peak4_fieldloss
run32_sparc_1358,sparc_1358,0.530845,0.600302,0.695940,0.543690,0.521177,0.579875,0.649490,0.526535,0.921430,0.918216,0.941421,0.915395,0.799498,0.860168,0.765841,0.868918,spectrum_fno48_floor6_smooth1_qc_peak4
run32_sparc_1402,sparc_1402,0.655506,0.710979,0.716803,0.538701,0.649274,0.688259,0.711418,0.538479,0.936704,0.934065,0.961494,0.933433,0.869284,0.932202,0.765138,0.910365,spectrum_fno48_floor6_smooth1_qc_peak4_fieldloss
run32_sparc_1422,sparc_1422,0.884167,0.849810,0.918912,0.822813,0.783816,0.774199,0.775885,0.772765,0.878174,0.866657,0.892806,0.857704,0.908401,0.914688,0.918906,0.948652,spectrum_fno48_floor6_smooth1_qc_peak4_fieldloss
run32_sparc_1501,sparc_1501,0.746494,0.797300,0.713902,0.737794,0.745779,0.759652,0.713878,0.735270,0.919953,0.911961,0.948412,0.869723,0.976916,0.969605,0.873731,0.974612,spectrum_fno48_floor6_smooth1_qc_mhi100
run32_sparc_1507,sparc_1507,0.676759,0.645668,0.752321,0.580227,0.631225,0.600533,0.738137,0.569196,0.919375,0.911369,0.943242,0.919743,0.789377,0.447010,0.731656,0.937912,spectrum_fno48_floor6_smooth1_qc_peak4_fieldloss
run32_sparc_1517,sparc_1517,0.550122,0.545966,0.668281,0.508411,0.549723,0.543815,0.643491,0.508257,0.926898,0.919738,0.940649,0.919335,0.883584,0.759014,0.770471,0.839477,spectrum_fno48_floor6_smooth1_qc_peak4_fieldloss
run32_sparc_1524,sparc_1524,0.875747,1.157541,1.154838,0.919763,0.829346,0.882577,0.931938,0.831598,0.817563,0.793794,0.865861,0.819043,0.911574,0.940908,0.971578,0.930342,spectrum_fno48_floor6_smooth1_qc_peak4
run32_sparc_1526,sparc_1526,0.749943,0.696510,0.794775,0.640920,0.706340,0.679044,0.746471,0.640385,0.871428,0.878238,0.911231,0.882734,0.944420,0.779271,0.888727,0.951352,spectrum_fno48_floor6_smooth1_qc_peak4_fieldloss
run32_sparc_1529,sparc_1529,0.624931,0.659230,0.757822,0.649687,0.624860,0.657624,0.732734,0.647411,0.913762,0.898260,0.942021,0.880898,0.971521,0.921442,0.924999,0.972565,spectrum_fno48_floor6_smooth1_qc_peak4
run33_sparc_1303,sparc_1303,0.992703,1.113896,1.375161,0.667902,0.836943,0.821812,0.931633,0.622349,0.935543,0.938883,0.955207,0.925821,0.764960,0.838029,0.881291,0.917895,spectrum_fno48_floor6_smooth1_qc_peak4_fieldloss
run33_sparc_1308,sparc_1308,0.776493,0.801283,0.901207,0.687353,0.756543,0.775387,0.837712,0.687244,0.923223,0.921538,0.921781,0.924756,0.879694,0.856268,0.846361,0.949616,spectrum_fno48_floor6_smooth1_qc_peak4_fieldloss
run33_sparc_1310,sparc_1310,0.918248,0.950149,0.889472,0.727372,0.804957,0.790438,0.834198,0.626637,0.885702,0.888774,0.923859,0.890454,0.804213,0.635830,0.678111,0.872134,spectrum_fno48_floor6_smooth1_qc_peak4_fieldloss
run33_sparc_1351,sparc_1351,0.738445,0.726945,0.896425,0.595928,0.725920,0.683596,0.771715,0.578317,0.882915,0.882586,0.904952,0.880758,0.618464,0.405141,0.647367,0.941270,spectrum_fno48_floor6_smooth1_qc_peak4_fieldloss
run33_sparc_1361,sparc_1361,0.782397,0.641342,0.778255,0.474115,0.712478,0.613903,0.697434,0.468100,0.886989,0.894534,0.920473,0.896301,0.865221,0.650358,0.710765,0.892520,spectrum_fno48_floor6_smooth1_qc_peak4_fieldloss
run33_sparc_1363,sparc_1363,0.733881,0.765665,0.754822,0.515775,0.697419,0.765187,0.749958,0.515659,0.888195,0.877995,0.899845,0.890842,0.892197,0.523516,0.805777,0.858826,spectrum_fno48_floor6_smooth1_qc_peak4_fieldloss
run33_sparc_1411,sparc_1411,0.793846,0.770470,0.938626,0.643628,0.731845,0.672620,0.817327,0.592514,0.892178,0.895281,0.920566,0.894976,0.815478,0.345794,0.699632,0.874158,spectrum_fno48_floor6_smooth1_qc_peak4_fieldloss
run33_sparc_1420,sparc_1420,0.697838,0.741515,0.801952,0.556366,0.664045,0.693617,0.712158,0.554992,0.884302,0.873879,0.897257,0.894917,0.918772,0.390799,0.940151,0.944967,spectrum_fno48_floor6_smooth1_qc_peak4_fieldloss
run33_sparc_1425,sparc_1425,1.444921,1.234871,2.006456,1.535639,0.823282,0.748638,0.918264,0.795749,0.927465,0.937171,0.944378,0.947616,0.894431,0.825762,0.914360,0.934826,spectrum_fno48_floor6_smooth1_qc
run33_sparc_1440,sparc_1440,1.298698,1.264281,1.322842,0.967024,0.810980,0.805850,0.895439,0.726580,0.945516,0.945606,0.954063,0.937245,0.843290,0.816358,0.686651,0.915118,spectrum_fno48_floor6_smooth1_qc_peak4_fieldloss
run33_sparc_1441,sparc_1441,1.260213,1.252281,1.342371,0.929264,0.807191,0.805098,0.894110,0.720049,0.946196,0.946283,0.953855,0.937954,0.842593,0.817315,0.688978,0.916822,spectrum_fno48_floor6_smooth1_qc_peak4_fieldloss
run33_sparc_1502,sparc_1502,0.863679,0.626707,1.155336,0.765583,0.756292,0.615321,0.888555,0.696924,0.940516,0.943342,0.961568,0.940221,0.755816,0.673934,0.675836,0.817562,spectrum_fno48_floor6_smooth1_qc
run33_sparc_1503,sparc_1503,1.246761,1.136275,1.524748,0.701204,0.857407,0.834744,0.942934,0.661361,0.937609,0.939320,0.956074,0.938690,0.802955,0.840125,0.853431,0.847668,spectrum_fno48_floor6_smooth1_qc_peak4_fieldloss
run33_sparc_1506,sparc_1506,1.119035,0.994011,1.186797,0.908755,0.770844,0.786331,0.881523,0.728065,0.940703,0.933989,0.949942,0.936529,0.846113,0.862904,0.771286,0.928233,spectrum_fno48_floor6_smooth1_qc_peak4_fieldloss
run33_sparc_1511,sparc_1511,0.780199,0.790439,0.887069,0.609097,0.722738,0.728395,0.798518,0.570005,0.902856,0.905525,0.928955,0.903715,0.784295,0.712797,0.708897,0.873759,spectrum_fno48_floor6_smooth1_qc_peak4_fieldloss
run33_sparc_1512,sparc_1512,0.757004,0.795868,0.879455,0.615774,0.719480,0.719602,0.802795,0.568574,0.894265,0.896070,0.920092,0.896902,0.763289,0.670947,0.725108,0.893378,spectrum_fno48_floor6_smooth1_qc_peak4_fieldloss
run33_sparc_1521,sparc_1521,0.749635,0.673591,0.894550,0.619031,0.694022,0.648243,0.762449,0.591398,0.871914,0.870226,0.901788,0.866953,0.807140,0.474335,0.682730,0.949065,spectrum_fno48_floor6_smooth1_qc_peak4_fieldloss
run33_sparc_1529,sparc_1529,1.254270,1.234131,1.507642,0.983980,0.923130,0.835921,0.948325,0.777506,0.818346,0.839891,0.892553,0.855851,0.826921,0.834297,0.835691,0.895476,spectrum_fno48_floor6_smooth1_qc_peak4_fieldloss
run34_sparc_1315,sparc_1315,0.709338,0.694075,0.843447,0.662822,0.643172,0.693613,0.793661,0.614387,0.932494,0.927410,0.926415,0.923420,0.812142,0.847991,0.856510,0.962692,spectrum_fno48_floor6_smooth1_qc_peak4_fieldloss
run34_sparc_1349,sparc_1349,0.720294,0.719817,1.454083,0.629959,0.609004,0.692802,0.845605,0.618902,0.859527,0.884862,0.887691,0.812328,0.894575,0.844563,0.895060,0.979319,spectrum_fno48_floor6_smooth1_qc_peak4_fieldloss
run34_sparc_1360,sparc_1360,0.602185,0.646691,0.790968,0.489730,0.598594,0.617728,0.768406,0.464355,0.934601,0.928026,0.926954,0.924850,0.905583,0.869842,0.815535,0.979351,spectrum_fno48_floor6_smooth1_qc_peak4_fieldloss
run34_sparc_1363,sparc_1363,0.917404,0.824458,1.053223,0.734075,0.787188,0.760398,0.907127,0.713650,0.911898,0.909838,0.904946,0.916266,0.874592,0.909416,0.795591,0.900156,spectrum_fno48_floor6_smooth1_qc_peak4_fieldloss
run34_sparc_1400,sparc_1400,0.496857,0.667772,0.610511,0.475169,0.496695,0.633515,0.602563,0.474825,0.987635,0.986323,0.983340,0.978863,0.725674,0.647179,0.835393,0.792216,spectrum_fno48_floor6_smooth1_qc_peak4_fieldloss
run34_sparc_1401,sparc_1401,0.964609,1.252194,1.429121,0.800362,0.831055,0.873326,0.932233,0.709963,0.940335,0.933080,0.942917,0.943076,0.739686,0.809377,0.588809,0.817330,spectrum_fno48_floor6_smooth1_qc_peak4_fieldloss
run34_sparc_1406,sparc_1406,0.681504,0.811170,0.875007,0.697071,0.662447,0.737408,0.799899,0.673677,0.942659,0.944391,0.943788,0.945243,0.762232,0.727382,0.801241,0.868167,spectrum_fno48_floor6_smooth1_qc_peak4
run34_sparc_1415,sparc_1415,0.559107,0.619128,0.750037,0.584353,0.557708,0.610690,0.744174,0.561053,0.936657,0.907725,0.915924,0.921416,0.914721,0.883867,0.866974,0.966392,spectrum_fno48_floor6_smooth1_qc_peak4
run34_sparc_1417,sparc_1417,1.071197,1.035446,1.419286,0.527496,0.645355,0.730013,0.820166,0.516210,0.898072,0.897603,0.869544,0.920685,0.851489,0.519963,0.816351,0.910373,spectrum_fno48_floor6_smooth1_qc_peak4_fieldloss
run34_sparc_1423,sparc_1423,1.080232,1.203535,1.025261,0.868521,0.711511,0.769093,0.857975,0.707838,0.950960,0.947618,0.942222,0.950413,0.844991,0.697472,0.723576,0.887441,spectrum_fno48_floor6_smooth1_qc_peak4_fieldloss
run34_sparc_1515,sparc_1515,0.620493,0.746954,0.810773,0.542020,0.581296,0.661640,0.793943,0.538176,0.940140,0.932032,0.926395,0.929735,0.869559,0.719375,0.693697,0.966197,spectrum_fno48_floor6_smooth1_qc_peak4_fieldloss
run35_sparc_1307,sparc_1307,1.057285,1.232100,1.286994,0.725394,0.823684,0.813791,0.930777,0.653586,0.817386,0.793956,0.589699,0.764148,0.964644,0.983096,0.948479,0.969000,spectrum_fno48_floor6_smooth1_qc_peak4_fieldloss
run35_sparc_1315,sparc_1315,0.660521,0.651969,0.634019,0.541399,0.639647,0.624973,0.613725,0.536194,0.928690,0.931211,0.954487,0.930862,0.874211,0.727519,0.662629,0.895303,spectrum_fno48_floor6_smooth1_qc_peak4_fieldloss
run35_sparc_1317,sparc_1317,0.627492,0.632849,0.744431,0.636074,0.598310,0.599121,0.640967,0.594626,0.933464,0.936098,0.956506,0.931487,0.812864,0.572146,0.681449,0.901204,spectrum_fno48_floor6_smooth1_qc_peak4
run35_sparc_1351,sparc_1351,0.624720,0.680886,0.614590,0.582899,0.583721,0.607831,0.598561,0.549472,0.932295,0.930991,0.949960,0.931077,0.859869,0.759385,0.685326,0.860299,spectrum_fno48_floor6_smooth1_qc_peak4_fieldloss
run35_sparc_1357,sparc_1357,0.624610,0.715020,0.701574,0.673194,0.617904,0.690905,0.681493,0.660627,0.907513,0.908391,0.926709,0.909632,0.809758,0.878792,0.899943,0.900313,spectrum_fno48_floor6_smooth1_qc_peak4
run35_sparc_1400,sparc_1400,0.412993,0.541016,0.494354,0.344420,0.367311,0.502625,0.464625,0.314329,0.993906,0.994300,0.992955,0.992580,0.935274,0.724162,0.958882,0.926801,spectrum_fno48_floor6_smooth1_qc_peak4_fieldloss
run35_sparc_1404,sparc_1404,0.558621,0.527807,0.609829,0.499221,0.551811,0.523621,0.608204,0.497959,0.938716,0.933300,0.949346,0.934501,0.925037,0.636702,0.673540,0.914858,spectrum_fno48_floor6_smooth1_qc_peak4_fieldloss
run35_sparc_1407,sparc_1407,0.660554,0.666423,0.707585,0.574063,0.619405,0.647330,0.699759,0.566151,0.914638,0.913061,0.941025,0.912212,0.848777,0.740402,0.809777,0.901954,spectrum_fno48_floor6_smooth1_qc_peak4_fieldloss
run35_sparc_1409,sparc_1409,0.777823,0.807522,0.851226,0.739354,0.762241,0.794455,0.797970,0.721286,0.890826,0.886492,0.907904,0.883766,0.802091,0.869676,0.937626,0.898333,spectrum_fno48_floor6_smooth1_qc_peak4_fieldloss
run35_sparc_1412,sparc_1412,0.628797,0.688360,0.670968,0.597505,0.605269,0.642728,0.648407,0.584180,0.927831,0.930847,0.947680,0.933411,0.880893,0.732124,0.716694,0.951256,spectrum_fno48_floor6_smooth1_qc_peak4_fieldloss
run35_sparc_1413,sparc_1413,0.622945,0.656869,0.695221,0.600732,0.593381,0.635951,0.652085,0.577868,0.929790,0.932645,0.951501,0.935642,0.884937,0.743377,0.768915,0.950400,spectrum_fno48_floor6_smooth1_qc_peak4_fieldloss
run35_sparc_1415,sparc_1415,0.659890,0.643952,0.663112,0.589964,0.623037,0.623707,0.631069,0.559078,0.928406,0.928276,0.951683,0.928215,0.721698,0.653167,0.627138,0.928086,spectrum_fno48_floor6_smooth1_qc_peak4_fieldloss
run35_sparc_1419,sparc_1419,0.712214,0.707481,0.745312,0.758754,0.694851,0.678359,0.662092,0.729301,0.892558,0.873498,0.925572,0.885132,0.910022,0.896946,0.897737,0.922159,spectrum_fno48_floor6_smooth1_qc
run35_sparc_1421,sparc_1421,0.681155,0.744425,0.728537,0.634553,0.673653,0.715376,0.704430,0.629260,0.888501,0.880591,0.919096,0.890965,0.908961,0.922791,0.882604,0.909479,spectrum_fno48_floor6_smooth1_qc_peak4_fieldloss
run35_sparc_1427,sparc_1427,0.696896,0.723692,0.783119,0.654590,0.685878,0.723478,0.766476,0.644546,0.899445,0.896640,0.864248,0.880941,0.894027,0.648021,0.915839,0.937009,spectrum_fno48_floor6_smooth1_qc_peak4_fieldloss
run35_sparc_1430,sparc_1430,0.826520,0.793683,1.076912,0.835033,0.826455,0.792277,0.932865,0.833785,0.898279,0.896823,0.412456,0.787374,0.988123,0.979542,0.960486,0.991681,spectrum_fno48_floor6_smooth1_qc
run35_sparc_1440,sparc_1440,0.640207,0.625502,0.680162,0.566286,0.636502,0.613297,0.679187,0.565360,0.936664,0.933538,0.957681,0.932230,0.797792,0.595265,0.623063,0.805446,spectrum_fno48_floor6_smooth1_qc_peak4_fieldloss
run35_sparc_1501,sparc_1501,0.826831,0.807997,0.768124,0.854058,0.783224,0.794157,0.734116,0.820506,0.900618,0.895154,0.926415,0.881054,0.982238,0.972093,0.869265,0.985430,spectrum_fno48_floor6_smooth1_qc_mhi100
run35_sparc_1515,sparc_1515,0.590729,0.631218,0.638313,0.537674,0.590459,0.631074,0.636783,0.534781,0.929651,0.930086,0.947573,0.930831,0.785072,0.742760,0.705379,0.867325,spectrum_fno48_floor6_smooth1_qc_peak4_fieldloss
run35_sparc_1518,sparc_1518,0.615222,0.650751,0.666561,0.547803,0.575894,0.605719,0.616083,0.532255,0.914750,0.909575,0.937407,0.915812,0.838507,0.832021,0.813020,0.829314,spectrum_fno48_floor6_smooth1_qc_peak4_fieldloss
run35_sparc_1519,sparc_1519,0.718620,0.712838,0.742598,0.767123,0.686666,0.670970,0.685840,0.721127,0.916723,0.907656,0.946288,0.919565,0.912346,0.895652,0.926376,0.894146,spectrum_fno48_floor6_smooth1_qc
run35_sparc_1520,sparc_1520,0.691811,0.698440,0.720658,0.610872,0.671389,0.673251,0.670921,0.586555,0.918465,0.908139,0.929439,0.917656,0.889644,0.880134,0.816029,0.786805,spectrum_fno48_floor6_smooth1_qc_peak4_fieldloss
run35_sparc_1522,sparc_1522,0.828078,0.939052,0.919862,0.825743,0.787724,0.806730,0.805568,0.766434,0.869021,0.863848,0.888608,0.867105,0.821391,0.812759,0.909861,0.893611,spectrum_fno48_floor6_smooth1_qc_peak4_fieldloss
run35_sparc_1525,sparc_1525,0.630207,0.640681,0.718574,0.621649,0.629645,0.637800,0.709156,0.617043,0.905065,0.907180,0.919752,0.889879,0.882714,0.623892,0.702898,0.934951,spectrum_fno48_floor6_smooth1_qc_peak4_fieldloss
run36_sparc_1302,sparc_1302,1.101275,1.302797,1.392854,0.679038,0.810130,0.850368,0.935815,0.634290,0.906843,0.903107,0.947101,0.908885,0.795512,0.895801,0.644972,0.947460,spectrum_fno48_floor6_smooth1_qc_peak4_fieldloss
run36_sparc_1306,sparc_1306,1.483417,1.488529,1.465344,1.405048,0.915124,0.910922,0.962233,0.904289,0.910575,0.915720,0.909588,0.915001,0.921585,0.899991,0.900548,0.906400,spectrum_fno48_floor6_smooth1_qc_peak4_fieldloss
run36_sparc_1307,sparc_1307,1.014798,0.958896,0.990773,0.847689,0.776534,0.796398,0.835993,0.739905,0.906355,0.905053,0.929132,0.901679,0.943069,0.865042,0.964041,0.967810,spectrum_fno48_floor6_smooth1_qc_peak4_fieldloss
run36_sparc_1353,sparc_1353,0.690947,0.687618,0.873618,0.495306,0.641787,0.634353,0.759036,0.493001,0.884001,0.880368,0.903021,0.875421,0.923102,0.909181,0.881619,0.907699,spectrum_fno48_floor6_smooth1_qc_peak4_fieldloss
run36_sparc_1355,sparc_1355,0.595535,0.679033,0.817847,0.518137,0.565719,0.604034,0.728151,0.507317,0.900503,0.897804,0.920644,0.899503,0.827597,0.743303,0.869584,0.926920,spectrum_fno48_floor6_smooth1_qc_peak4_fieldloss
run36_sparc_1358,sparc_1358,0.615993,0.678418,0.730669,0.530293,0.578632,0.607921,0.672328,0.512161,0.889270,0.888918,0.900911,0.889017,0.860046,0.768110,0.593688,0.914509,spectrum_fno48_floor6_smooth1_qc_peak4_fieldloss
run36_sparc_1364,sparc_1364,0.757208,0.843926,0.896437,0.509839,0.715543,0.769683,0.794021,0.504258,0.878671,0.868175,0.894753,0.878780,0.910608,0.898738,0.911496,0.889527,spectrum_fno48_floor6_smooth1_qc_peak4_fieldloss
run36_sparc_1400,sparc_1400,0.472854,0.507081,0.507966,0.412093,0.463703,0.480509,0.498412,0.411421,0.990272,0.989328,0.990339,0.985320,0.901453,0.627372,0.533544,0.900684,spectrum_fno48_floor6_smooth1_qc_peak4_fieldloss
run36_sparc_1414,sparc_1414,0.670441,0.683862,0.843446,0.583823,0.640064,0.635865,0.743152,0.557730,0.905509,0.901149,0.929511,0.905601,0.653509,0.563389,0.777453,0.899456,spectrum_fno48_floor6_smooth1_qc_peak4_fieldloss
run36_sparc_1417,sparc_1417,0.635985,0.672921,0.780249,0.559125,0.621264,0.640123,0.742309,0.552178,0.907391,0.905106,0.931938,0.906019,0.720995,0.564343,0.691242,0.911653,spectrum_fno48_floor6_smooth1_qc_peak4_fieldloss
run36_sparc_1426,sparc_1426,1.245307,1.195086,1.443491,0.948506,0.802523,0.829332,0.960282,0.747630,0.915492,0.930755,0.945242,0.923015,0.817381,0.733960,0.815103,0.866086,spectrum_fno48_floor6_smooth1_qc_peak4_fieldloss
run36_sparc_1502,sparc_1502,1.075844,1.143085,1.195248,0.670629,0.790461,0.828812,0.933928,0.618718,0.881038,0.902816,0.951015,0.870152,0.778121,0.857502,0.604786,0.956949,spectrum_fno48_floor6_smooth1_qc_peak4_fieldloss
run36_sparc_1507,sparc_1507,1.474549,1.639554,1.637976,1.122314,0.901176,0.924502,0.966799,0.824415,0.917231,0.917692,0.937825,0.912996,0.821742,0.899754,0.812688,0.884593,spectrum_fno48_floor6_smooth1_qc_peak4_fieldloss
run36_sparc_1513,sparc_1513,0.619722,0.664982,0.769681,0.557858,0.609179,0.635621,0.728295,0.553597,0.911836,0.909324,0.932909,0.912343,0.631748,0.607658,0.647817,0.945646,spectrum_fno48_floor6_smooth1_qc_peak4_fieldloss
run36_sparc_1522,sparc_1522,0.821376,0.874748,1.285246,0.539608,0.674904,0.697043,0.827648,0.509490,0.895821,0.887043,0.855798,0.889860,0.881497,0.889092,0.951106,0.843826,spectrum_fno48_floor6_smooth1_qc_peak4_fieldloss
run36_sparc_1523,sparc_1523,0.871476,1.152447,1.234291,0.524076,0.711399,0.800538,0.820908,0.517043,0.890313,0.881526,0.902058,0.891533,0.866184,0.930875,0.891452,0.880715,spectrum_fno48_floor6_smooth1_qc_peak4_fieldloss
run36_sparc_1525,sparc_1525,1.159941,1.282990,1.296569,1.065665,0.803907,0.832243,0.954299,0.790331,0.930399,0.936077,0.959961,0.940009,0.678972,0.638106,0.728351,0.836322,spectrum_fno48_floor6_smooth1_qc_peak4_fieldloss
run36_sparc_1527,sparc_1527,1.177958,1.160390,1.593386,0.931832,0.859974,0.849899,0.957765,0.808607,0.842538,0.907161,0.946669,0.910935,0.847360,0.739494,0.761690,0.899219,spectrum_fno48_floor6_smooth1_qc_peak4_fieldloss
run36_sparc_1529,sparc_1529,1.253567,1.476560,1.466016,1.219469,0.885507,0.908953,0.937517,0.889417,0.808041,0.828999,0.800432,0.787918,0.920283,0.856813,0.830587,0.924836,spectrum_fno48_floor6_smooth1_qc_peak4_fieldloss
run36_sparc_1530,sparc_1530,0.703492,0.800860,0.755886,0.755930,0.696769,0.793310,0.743198,0.753454,0.917453,0.928831,0.825297,0.893056,0.976769,0.806201,0.935952,0.983590,spectrum_fno48_floor6_smooth1_qc_peak4
run37_sparc_1300,sparc_1300,0.706768,0.684313,0.758215,0.688700,0.657237,0.652721,0.655672,0.638300,0.959689,0.955463,0.953621,0.921823,0.864337,0.813460,0.870371,0.913013,spectrum_fno48_floor6_smooth1_qc
run37_sparc_1305,sparc_1305,0.895405,0.943840,1.071991,0.888149,0.722127,0.745885,0.886235,0.713042,0.927750,0.928153,0.940949,0.924855,0.784653,0.728734,0.811537,0.908803,spectrum_fno48_floor6_smooth1_qc_peak4_fieldloss
run37_sparc_1306,sparc_1306,0.903207,0.821942,0.968629,0.831703,0.765397,0.818689,0.877849,0.754000,0.870940,0.885111,0.901622,0.860323,0.934509,0.624964,0.752291,0.956455,spectrum_fno48_floor6_smooth1_qc
run37_sparc_1313,sparc_1313,0.688775,0.739335,0.842062,0.671850,0.673674,0.723583,0.841276,0.647077,0.944075,0.942890,0.950589,0.941498,0.810940,0.766917,0.757505,0.940848,spectrum_fno48_floor6_smooth1_qc_peak4_fieldloss
run37_sparc_1314,sparc_1314,0.677447,0.734068,0.827194,0.661634,0.665227,0.718298,0.824377,0.641702,0.945189,0.943890,0.947313,0.941893,0.811365,0.768063,0.770511,0.948771,spectrum_fno48_floor6_smooth1_qc_peak4_fieldloss
run37_sparc_1317,sparc_1317,0.680822,0.757950,0.862781,0.682301,0.674076,0.757128,0.850849,0.680290,0.926463,0.926574,0.926766,0.915206,0.814914,0.565336,0.741822,0.926852,spectrum_fno48_floor6_smooth1_qc_peak4
run37_sparc_1318,sparc_1318,0.678371,0.769226,0.860370,0.675942,0.670145,0.768356,0.847476,0.675023,0.935522,0.945098,0.946184,0.929551,0.724953,0.604893,0.607813,0.890511,spectrum_fno48_floor6_smooth1_qc_peak4_fieldloss
run37_sparc_1359,sparc_1359,0.691356,0.742476,0.866706,0.661597,0.690457,0.739080,0.857943,0.654501,0.935367,0.939012,0.945221,0.934468,0.764721,0.656717,0.618099,0.891030,spectrum_fno48_floor6_smooth1_qc_peak4_fieldloss
run37_sparc_1364,sparc_1364,0.741375,0.762306,0.931109,0.706601,0.740276,0.759513,0.911441,0.698906,0.933092,0.928789,0.933008,0.929678,0.786640,0.607776,0.669036,0.905930,spectrum_fno48_floor6_smooth1_qc_peak4_fieldloss
run37_sparc_1400,sparc_1400,0.617010,0.650093,0.641822,0.650750,0.616879,0.647430,0.641732,0.650348,0.969381,0.952388,0.975285,0.947114,0.852748,0.869892,0.906872,0.941448,spectrum_fno48_floor6_smooth1_qc_peak4
run37_sparc_1402,sparc_1402,0.685954,0.778673,0.824918,0.767145,0.630067,0.595164,0.674302,0.545325,0.938595,0.944717,0.956896,0.928127,0.877977,0.925226,0.832153,0.955368,spectrum_fno48_floor6_smooth1_qc_peak4
run37_sparc_1403,sparc_1403,0.997923,0.880317,1.142905,0.828880,0.777570,0.721146,0.915815,0.739810,0.916415,0.927856,0.941252,0.902214,0.847516,0.664564,0.814497,0.943380,spectrum_fno48_floor6_smooth1_qc_peak4_fieldloss
run37_sparc_1406,sparc_1406,0.953271,0.950072,1.037117,0.875535,0.792531,0.768183,0.886500,0.742636,0.938975,0.937528,0.953764,0.934459,0.900363,0.848904,0.747967,0.907098,spectrum_fno48_floor6_smooth1_qc_peak4_fieldloss
run37_sparc_1407,sparc_1407,0.886375,0.832058,1.076606,0.742594,0.766183,0.750208,0.898260,0.713404,0.932022,0.932395,0.943329,0.929854,0.828371,0.773929,0.860035,0.869421,spectrum_fno48_floor6_smooth1_qc_peak4_fieldloss
run37_sparc_1408,sparc_1408,0.726219,0.802055,0.882794,0.700214,0.715406,0.798357,0.857752,0.698633,0.928829,0.927230,0.940895,0.920457,0.920133,0.611027,0.627672,0.923624,spectrum_fno48_floor6_smooth1_qc_peak4_fieldloss
run37_sparc_1413,sparc_1413,0.723843,0.786661,0.898184,0.682676,0.712492,0.776897,0.894831,0.668526,0.942277,0.939593,0.944523,0.939739,0.824697,0.648378,0.633463,0.930134,spectrum_fno48_floor6_smooth1_qc_peak4_fieldloss
run37_sparc_1414,sparc_1414,0.694709,0.762961,0.828647,0.665635,0.677852,0.745116,0.828639,0.637564,0.943947,0.940474,0.946284,0.940191,0.798465,0.609821,0.629492,0.914833,spectrum_fno48_floor6_smooth1_qc_peak4_fieldloss
run37_sparc_1423,sparc_1423,0.725462,0.830930,0.877665,0.672603,0.704323,0.797007,0.840215,0.672586,0.910277,0.907321,0.920765,0.907934,0.805305,0.776434,0.790906,0.860007,spectrum_fno48_floor6_smooth1_qc_peak4_fieldloss
run37_sparc_1425,sparc_1425,0.683139,0.732953,0.898270,0.661208,0.681397,0.722672,0.846491,0.661208,0.933438,0.932313,0.939569,0.930398,0.666722,0.724583,0.664505,0.860206,spectrum_fno48_floor6_smooth1_qc_peak4_fieldloss
run37_sparc_1500,sparc_1500,0.548628,0.587198,0.600351,0.575263,0.547478,0.581316,0.582617,0.573510,0.976979,0.958190,0.974806,0.959694,0.862967,0.918767,0.914912,0.921399,spectrum_fno48_floor6_smooth1_qc_peak4
run37_sparc_1501,sparc_1501,1.086836,1.119834,1.061687,1.040001,0.846936,0.875306,0.909431,0.767688,0.930974,0.931161,0.926208,0.925425,0.910177,0.858991,0.881400,0.923043,spectrum_fno48_floor6_smooth1_qc_peak4_fieldloss
run37_sparc_1505,sparc_1505,0.803351,0.861570,0.966381,0.788259,0.719317,0.739240,0.886785,0.705759,0.918304,0.926921,0.936316,0.922535,0.837837,0.728957,0.794299,0.899562,spectrum_fno48_floor6_smooth1_qc_peak4_fieldloss
run37_sparc_1511,sparc_1511,0.731701,0.783837,0.875241,0.689171,0.711404,0.777368,0.875222,0.661033,0.940451,0.942170,0.944413,0.939339,0.866986,0.698800,0.675402,0.923624,spectrum_fno48_floor6_smooth1_qc_peak4_fieldloss
run37_sparc_1517,sparc_1517,0.693219,0.761806,0.842527,0.672483,0.685283,0.755943,0.836747,0.660044,0.933275,0.933441,0.933384,0.931833,0.808671,0.634930,0.723630,0.875918,spectrum_fno48_floor6_smooth1_qc_peak4_fieldloss
run37_sparc_1520,sparc_1520,0.697758,0.761137,0.844543,0.680219,0.693369,0.758212,0.844539,0.666895,0.933124,0.932789,0.935915,0.935447,0.843770,0.678155,0.691022,0.914491,spectrum_fno48_floor6_smooth1_qc_peak4_fieldloss
run37_sparc_1528,sparc_1528,0.645625,0.715501,0.907213,0.689953,0.639604,0.692464,0.860094,0.679579,0.897757,0.915948,0.925599,0.896072,0.767262,0.795485,0.844305,0.928918,spectrum_fno48_floor6_smooth1_qc_peak4
run38_sparc_1300,sparc_1300,0.418647,0.529675,0.484396,0.402097,0.403255,0.476091,0.470220,0.397722,0.975845,0.989022,0.981517,0.984033,0.604993,0.543959,0.696153,0.882050,spectrum_fno48_floor6_smooth1_qc_peak4_fieldloss
run38_sparc_1308,sparc_1308,0.883307,0.836053,0.906461,0.632040,0.770710,0.761779,0.808709,0.604731,0.902518,0.901230,0.933542,0.907302,0.929810,0.788266,0.916631,0.908699,spectrum_fno48_floor6_smooth1_qc_peak4_fieldloss
run38_sparc_1309,sparc_1309,0.628075,0.968761,0.859785,0.529624,0.614544,0.830506,0.753636,0.526886,0.907534,0.878618,0.903461,0.910926,0.882514,0.950561,0.930973,0.903866,spectrum_fno48_floor6_smooth1_qc_peak4_fieldloss
run38_sparc_1310,sparc_1310,0.580982,0.791982,0.769961,0.532697,0.559094,0.704685,0.668662,0.514772,0.913761,0.915362,0.940668,0.897997,0.647185,0.907083,0.646367,0.869761,spectrum_fno48_floor6_smooth1_qc_peak4_fieldloss
run38_sparc_1311,sparc_1311,0.550916,0.731935,0.700055,0.534171,0.540639,0.678007,0.628373,0.521037,0.914596,0.913906,0.939034,0.897464,0.580656,0.908292,0.511926,0.889022,spectrum_fno48_floor6_smooth1_qc_peak4_fieldloss
run38_sparc_1350,sparc_1350,0.518665,0.571609,0.679791,0.492587,0.497466,0.541062,0.617781,0.483592,0.924601,0.929110,0.950570,0.919395,0.687241,0.646982,0.397829,0.838237,spectrum_fno48_floor6_smooth1_qc_peak4_fieldloss
run38_sparc_1351,sparc_1351,0.519388,0.599639,0.644849,0.503997,0.491445,0.534636,0.588360,0.478849,0.923438,0.918793,0.945480,0.926123,0.779795,0.704162,0.610102,0.909424,spectrum_fno48_floor6_smooth1_qc_peak4_fieldloss
run38_sparc_1353,sparc_1353,0.552040,0.577116,0.671887,0.436098,0.552040,0.573577,0.658743,0.432569,0.901463,0.897782,0.921334,0.900295,0.827327,0.619210,0.723752,0.891985,spectrum_fno48_floor6_smooth1_qc_peak4_fieldloss
run38_sparc_1354,sparc_1354,0.545533,0.589315,0.664410,0.490734,0.545530,0.587456,0.659813,0.489879,0.878375,0.873570,0.911198,0.857466,0.815556,0.700050,0.667874,0.937282,spectrum_fno48_floor6_smooth1_qc_peak4_fieldloss
run38_sparc_1357,sparc_1357,0.578343,1.019740,0.875278,0.505332,0.567926,0.787653,0.729174,0.502859,0.907056,0.899037,0.934048,0.906767,0.750230,0.949343,0.850892,0.908707,spectrum_fno48_floor6_smooth1_qc_peak4_fieldloss
run38_sparc_1359,sparc_1359,0.518727,0.517553,0.643546,0.418092,0.505805,0.511531,0.616322,0.417935,0.914892,0.911639,0.933509,0.907456,0.860425,0.375793,0.728690,0.904420,spectrum_fno48_floor6_smooth1_qc_peak4_fieldloss
run38_sparc_1362,sparc_1362,0.511772,0.502008,0.640302,0.418363,0.505384,0.501972,0.615507,0.416981,0.889330,0.885877,0.918126,0.884663,0.877258,0.405415,0.804084,0.898399,spectrum_fno48_floor6_smooth1_qc_peak4_fieldloss
run38_sparc_1402,sparc_1402,0.836551,1.088601,1.064663,0.670463,0.623499,0.765989,0.784945,0.598648,0.927577,0.931792,0.946426,0.892890,0.887299,0.943006,0.756083,0.950840,spectrum_fno48_floor6_smooth1_qc_peak4_fieldloss
run38_sparc_1414,sparc_1414,0.576426,0.591642,0.650202,0.563370,0.534671,0.563999,0.636114,0.524036,0.931505,0.933160,0.955662,0.930408,0.575792,0.536866,0.610656,0.778604,spectrum_fno48_floor6_smooth1_qc_peak4_fieldloss
run38_sparc_1423,sparc_1423,1.798826,1.783827,1.731854,1.458270,0.906056,0.922199,0.944981,0.872873,0.801371,0.585439,0.799765,0.793186,0.859056,0.881482,0.945461,0.949659,spectrum_fno48_floor6_smooth1_qc_peak4_fieldloss
run38_sparc_1426,sparc_1426,1.022807,1.098346,0.951010,0.805271,0.826207,0.893928,0.848538,0.689992,0.407982,0.548180,0.551347,0.656045,0.968470,0.968932,0.956621,0.978587,spectrum_fno48_floor6_smooth1_qc_peak4_fieldloss
run38_sparc_1503,sparc_1503,1.129050,1.104976,0.980870,0.709825,0.800103,0.876952,0.840309,0.520691,0.887617,0.844936,0.923861,0.903660,0.933708,0.909433,0.894365,0.960722,spectrum_fno48_floor6_smooth1_qc_peak4_fieldloss
run38_sparc_1513,sparc_1513,0.606049,0.641456,0.738975,0.584600,0.552388,0.567126,0.633961,0.508764,0.937172,0.938774,0.955992,0.936254,0.619788,0.631719,0.532335,0.892528,spectrum_fno48_floor6_smooth1_qc_peak4_fieldloss
run38_sparc_1514,sparc_1514,0.585245,0.639545,0.726095,0.564558,0.542298,0.565364,0.633611,0.503283,0.930016,0.928964,0.950125,0.930916,0.676679,0.620179,0.761630,0.861736,spectrum_fno48_floor6_smooth1_qc_peak4_fieldloss
run38_sparc_1515,sparc_1515,0.560789,0.624891,0.752371,0.541619,0.524621,0.562552,0.637455,0.496627,0.928509,0.927014,0.949743,0.928909,0.682273,0.580984,0.473344,0.883653,spectrum_fno48_floor6_smooth1_qc_peak4_fieldloss
run38_sparc_1516,sparc_1516,0.549567,0.562908,0.677191,0.490501,0.515908,0.550269,0.646688,0.484715,0.925278,0.922526,0.943449,0.924430,0.723622,0.482190,0.606341,0.888655,spectrum_fno48_floor6_smooth1_qc_peak4_fieldloss
run38_sparc_1519,sparc_1519,0.610025,0.591344,0.830619,0.496914,0.575536,0.583606,0.739004,0.491562,0.902931,0.903555,0.936070,0.903452,0.796634,0.708350,0.867100,0.922818,spectrum_fno48_floor6_smooth1_qc_peak4_fieldloss
run39_sparc_1313,sparc_1313,0.625182,0.568063,0.694354,0.555996,0.611888,0.568021,0.673066,0.546387,0.913249,0.916729,0.944166,0.914489,0.721915,0.774318,0.709152,0.901942,spectrum_fno48_floor6_smooth1_qc_peak4_fieldloss
run39_sparc_1316,sparc_1316,0.643464,0.577185,0.708058,0.550047,0.626273,0.576075,0.692910,0.539470,0.879041,0.875809,0.906459,0.868175,0.840461,0.710988,0.752741,0.946374,spectrum_fno48_floor6_smooth1_qc_peak4_fieldloss
run39_sparc_1351,sparc_1351,0.651829,0.598182,0.704897,0.557356,0.628411,0.594909,0.690292,0.546858,0.903745,0.901420,0.928133,0.902409,0.704314,0.684977,0.721735,0.915893,spectrum_fno48_floor6_smooth1_qc_peak4_fieldloss
run39_sparc_1352,sparc_1352,0.741221,0.673708,0.726335,0.567545,0.664138,0.648465,0.702322,0.559749,0.899014,0.897061,0.914154,0.895312,0.782494,0.498643,0.485024,0.854512,spectrum_fno48_floor6_smooth1_qc_peak4_fieldloss
run39_sparc_1358,sparc_1358,0.590785,0.552736,0.652917,0.483371,0.569896,0.544139,0.638364,0.476293,0.896287,0.888370,0.915018,0.886672,0.906481,0.837936,0.487011,0.940736,spectrum_fno48_floor6_smooth1_qc_peak4_fieldloss
run39_sparc_1364,sparc_1364,0.706656,0.691730,0.816474,0.537595,0.664157,0.688274,0.751476,0.533081,0.880024,0.878201,0.900273,0.874103,0.890538,0.636543,0.745616,0.824219,spectrum_fno48_floor6_smooth1_qc_peak4_fieldloss
run39_sparc_1404,sparc_1404,0.887346,1.082692,1.244791,0.724905,0.707258,0.758936,0.882052,0.668352,0.918738,0.922318,0.929574,0.900906,0.942543,0.943562,0.936063,0.957927,spectrum_fno48_floor6_smooth1_qc_peak4_fieldloss
run39_sparc_1406,sparc_1406,1.260657,1.347723,1.556647,1.169478,0.810825,0.839275,0.929270,0.777401,0.942980,0.941384,0.952266,0.937580,0.873551,0.720548,0.765263,0.886487,spectrum_fno48_floor6_smooth1_qc_peak4_fieldloss
run39_sparc_1413,sparc_1413,0.661513,0.629230,0.792334,0.585854,0.629937,0.597314,0.729519,0.559283,0.905540,0.906897,0.932808,0.907522,0.763341,0.539783,0.470235,0.896848,spectrum_fno48_floor6_smooth1_qc_peak4_fieldloss
run39_sparc_1415,sparc_1415,0.620893,0.559895,0.767672,0.558603,0.586327,0.549873,0.704524,0.547457,0.903992,0.901028,0.925038,0.904643,0.740782,0.757643,0.577684,0.935679,spectrum_fno48_floor6_smooth1_qc_peak4_fieldloss
run39_sparc_1420,sparc_1420,0.646845,0.604037,0.737849,0.524958,0.616912,0.588311,0.693912,0.515733,0.896707,0.900869,0.926042,0.898903,0.896039,0.728433,0.569637,0.858792,spectrum_fno48_floor6_smooth1_qc_peak4_fieldloss
run39_sparc_1423,sparc_1423,1.594831,1.736739,1.814360,1.110586,0.830625,0.865034,0.926906,0.769429,0.951169,0.942250,0.940863,0.940393,0.782930,0.847749,0.690705,0.947996,spectrum_fno48_floor6_smooth1_qc_peak4_fieldloss
run39_sparc_1425,sparc_1425,1.243234,1.236618,1.689097,0.941224,0.813176,0.844276,0.962450,0.753209,0.924603,0.924440,0.942573,0.942436,0.885690,0.854864,0.820238,0.869246,spectrum_fno48_floor6_smooth1_qc_peak4_fieldloss
run39_sparc_1507,sparc_1507,1.253697,1.249142,1.457092,0.971979,0.826879,0.842535,0.936930,0.756957,0.937292,0.934823,0.950668,0.931874,0.869054,0.782759,0.710994,0.885355,spectrum_fno48_floor6_smooth1_qc_peak4_fieldloss
run39_sparc_1513,sparc_1513,0.643712,0.588937,0.744738,0.582691,0.605505,0.551309,0.733142,0.553521,0.913113,0.910344,0.934480,0.910737,0.666947,0.551328,0.315174,0.904082,spectrum_fno48_floor6_smooth1_qc_peak4_fieldloss
run39_sparc_1520,sparc_1520,0.638011,0.630143,0.741353,0.523766,0.617885,0.614259,0.699536,0.523349,0.888804,0.881138,0.909442,0.883059,0.929080,0.840346,0.861498,0.942269,spectrum_fno48_floor6_smooth1_qc_peak4_fieldloss
run39_sparc_1522,sparc_1522,0.670389,0.696422,0.772491,0.502980,0.652251,0.671629,0.738225,0.502767,0.892840,0.896954,0.925067,0.899250,0.739069,0.751556,0.806809,0.942943,spectrum_fno48_floor6_smooth1_qc_peak4_fieldloss
run39_sparc_1524,sparc_1524,0.935398,1.198023,0.891548,0.607039,0.780442,0.866470,0.783205,0.598067,0.876777,0.867811,0.899957,0.878867,0.872843,0.902153,0.771299,0.915066,spectrum_fno48_floor6_smooth1_qc_peak4_fieldloss
run39_sparc_1525,sparc_1525,1.082412,1.221931,1.651932,0.929665,0.816146,0.856574,0.953237,0.727022,0.939004,0.945111,0.958860,0.943458,0.817197,0.744629,0.643466,0.887135,spectrum_fno48_floor6_smooth1_qc_peak4_fieldloss
run3_sparc_1301,sparc_1301,0.784877,0.711775,0.723954,0.691776,0.772532,0.698632,0.657682,0.679632,0.917168,0.943147,0.942013,0.909842,0.988763,0.977693,0.860400,0.977614,spectrum_fno48_floor6_smooth1_qc_peak4_fieldloss
run3_sparc_1307,sparc_1307,0.932292,0.982206,1.080858,0.559272,0.753764,0.759859,0.844507,0.550531,0.919407,0.918481,0.873586,0.917405,0.946421,0.965483,0.988222,0.877800,spectrum_fno48_floor6_smooth1_qc_peak4_fieldloss
run3_sparc_1311,sparc_1311,0.924308,0.881945,0.830269,0.652647,0.833340,0.765163,0.699024,0.601651,0.892213,0.874990,0.939295,0.906780,0.878172,0.872762,0.834181,0.908321,spectrum_fno48_floor6_smooth1_qc_peak4_fieldloss
run3_sparc_1314,sparc_1314,0.730823,0.661190,0.609437,0.604098,0.685930,0.639122,0.592207,0.581161,0.921877,0.925554,0.959192,0.920824,0.690898,0.525494,0.543428,0.874032,spectrum_fno48_floor6_smooth1_qc_peak4_fieldloss
run3_sparc_1319,sparc_1319,0.699001,0.691004,0.668789,0.584870,0.657630,0.648096,0.635738,0.557945,0.929922,0.922940,0.953026,0.925636,0.716433,0.662022,0.441192,0.925507,spectrum_fno48_floor6_smooth1_qc_peak4_fieldloss
run3_sparc_1349,sparc_1349,0.745930,0.855372,0.832322,0.550282,0.686433,0.743917,0.706291,0.535963,0.906513,0.871738,0.936233,0.904316,0.890147,0.901707,0.909158,0.900779,spectrum_fno48_floor6_smooth1_qc_peak4_fieldloss
run3_sparc_1352,sparc_1352,0.725846,0.688082,0.706048,0.636772,0.683634,0.687897,0.702399,0.625997,0.920352,0.919194,0.945408,0.921899,0.550315,0.490739,0.612536,0.919746,spectrum_fno48_floor6_smooth1_qc_peak4_fieldloss
run3_sparc_1355,sparc_1355,0.724805,0.766192,0.761053,0.663016,0.675220,0.700554,0.694096,0.646932,0.914102,0.896790,0.930009,0.917774,0.816418,0.756811,0.797506,0.912016,spectrum_fno48_floor6_smooth1_qc_peak4_fieldloss
run3_sparc_1365,sparc_1365,0.789468,0.828202,0.827015,0.757439,0.688114,0.706854,0.696168,0.691848,0.914089,0.899642,0.941313,0.909205,0.855628,0.731500,0.846157,0.949974,spectrum_fno48_floor6_smooth1_qc_peak4_fieldloss
run3_sparc_1401,sparc_1401,0.877317,0.766097,0.783378,0.737754,0.774512,0.686836,0.704979,0.714762,0.919858,0.950882,0.954168,0.914553,0.986918,0.979787,0.908931,0.986236,spectrum_fno48_floor6_smooth1_qc_peak4_fieldloss
run3_sparc_1402,sparc_1402,0.667867,0.638610,0.705880,0.595851,0.644080,0.620359,0.705593,0.584682,0.944955,0.943135,0.965276,0.934540,0.869237,0.661812,0.778512,0.910880,spectrum_fno48_floor6_smooth1_qc_peak4_fieldloss
run3_sparc_1404,sparc_1404,0.568092,0.609256,0.774931,0.531083,0.567868,0.603608,0.723677,0.528901,0.935510,0.930389,0.947415,0.929167,0.920772,0.787252,0.954889,0.931070,spectrum_fno48_floor6_smooth1_qc_peak4_fieldloss
run3_sparc_1410,sparc_1410,1.009415,1.118926,0.766202,0.679420,0.864296,0.872760,0.745655,0.636594,0.890035,0.862983,0.944119,0.913760,0.844247,0.889675,0.725936,0.615836,spectrum_fno48_floor6_smooth1_qc_peak4_fieldloss
run3_sparc_1420,sparc_1420,0.779698,0.746573,0.717199,0.636567,0.770531,0.733453,0.692723,0.610551,0.893999,0.893925,0.945310,0.892534,0.921234,0.803186,0.896389,0.948724,spectrum_fno48_floor6_smooth1_qc_peak4_fieldloss
run3_sparc_1423,sparc_1423,0.702987,0.663630,0.734895,0.623059,0.641634,0.652971,0.715381,0.616214,0.908250,0.887511,0.921805,0.913270,0.924976,0.893688,0.926192,0.947534,spectrum_fno48_floor6_smooth1_qc_peak4_fieldloss
run3_sparc_1425,sparc_1425,0.779627,0.832433,0.856374,0.808086,0.759042,0.817922,0.802855,0.788525,0.866608,0.847819,0.865579,0.848031,0.959131,0.911296,0.966118,0.977042,spectrum_fno48_floor6_smooth1_qc_peak4
run3_sparc_1503,sparc_1503,0.604289,0.635836,0.763006,0.559952,0.604208,0.635463,0.729116,0.559946,0.940019,0.935463,0.943870,0.941802,0.886359,0.829848,0.959573,0.910308,spectrum_fno48_floor6_smooth1_qc_peak4_fieldloss
run3_sparc_1504,sparc_1504,0.634389,0.661950,0.774522,0.629994,0.621485,0.654646,0.748099,0.613063,0.917532,0.914502,0.945618,0.915215,0.897816,0.739356,0.846751,0.933543,spectrum_fno48_floor6_smooth1_qc_peak4_fieldloss
run3_sparc_1505,sparc_1505,0.657041,0.680899,0.710554,0.662928,0.650741,0.678922,0.710473,0.657062,0.923045,0.919162,0.948996,0.923188,0.933303,0.691705,0.840213,0.961530,spectrum_fno48_floor6_smooth1_qc_peak4
run3_sparc_1508,sparc_1508,1.127557,1.070389,1.085260,0.812574,0.988141,0.951241,0.999897,0.723589,0.848827,0.864534,0.888476,0.814296,0.388044,0.758426,0.256882,0.853936,spectrum_fno48_floor6_smooth1_qc_peak4_fieldloss
run3_sparc_1518,sparc_1518,0.897487,0.809246,0.680601,0.571755,0.803795,0.680140,0.633864,0.555051,0.897805,0.904832,0.932179,0.901062,0.900090,0.762798,0.694747,0.940419,spectrum_fno48_floor6_smooth1_qc_peak4_fieldloss
run3_sparc_1520,sparc_1520,0.853154,0.865921,0.806891,0.717818,0.743402,0.723933,0.722753,0.642953,0.897268,0.885719,0.920240,0.891320,0.920384,0.847489,0.954004,0.941433,spectrum_fno48_floor6_smooth1_qc_peak4_fieldloss
run3_sparc_1521,sparc_1521,0.841033,0.886648,0.939413,0.811056,0.751239,0.778358,0.757370,0.742547,0.892494,0.890651,0.931643,0.896242,0.935801,0.743519,0.810930,0.950131,spectrum_fno48_floor6_smooth1_qc_peak4_fieldloss
run3_sparc_1527,sparc_1527,0.636836,0.670679,0.800296,0.625832,0.635402,0.669983,0.749450,0.625437,0.913604,0.920231,0.916913,0.914059,0.955320,0.838821,0.964069,0.979775,spectrum_fno48_floor6_smooth1_qc_peak4_fieldloss
run40_sparc_1303,sparc_1303,0.632583,0.756962,0.772727,0.473567,0.569787,0.663779,0.679891,0.469749,0.912752,0.902852,0.927608,0.912990,0.925986,0.825901,0.854858,0.944619,spectrum_fno48_floor6_smooth1_qc_peak4_fieldloss
run40_sparc_1304,sparc_1304,0.699739,0.745912,0.781043,0.561522,0.678569,0.745759,0.780909,0.551340,0.891132,0.866812,0.913027,0.901229,0.908015,0.912871,0.855099,0.951530,spectrum_fno48_floor6_smooth1_qc_peak4_fieldloss
run40_sparc_1308,sparc_1308,1.225451,1.105130,1.350634,1.123851,0.827577,0.842932,0.862918,0.798156,0.902659,0.908716,0.889950,0.897576,0.880799,0.790675,0.908163,0.940293,spectrum_fno48_floor6_smooth1_qc
run40_sparc_1309,sparc_1309,0.711116,0.769074,0.882273,0.585855,0.650149,0.706180,0.813274,0.560038,0.900181,0.893062,0.809423,0.906783,0.904207,0.936399,0.943314,0.912730,spectrum_fno48_floor6_smooth1_qc_peak4_fieldloss
run40_sparc_1314,sparc_1314,0.512331,0.542177,0.693960,0.495954,0.495088,0.534535,0.637549,0.479478,0.929530,0.930481,0.957818,0.929422,0.655814,0.710638,0.627231,0.874988,spectrum_fno48_floor6_smooth1_qc_peak4_fieldloss
run40_sparc_1319,sparc_1319,0.589623,0.502517,0.797168,0.497571,0.544868,0.494141,0.660342,0.476974,0.931715,0.929687,0.952256,0.927205,0.833647,0.582412,0.712070,0.849696,spectrum_fno48_floor6_smooth1_qc_peak4_fieldloss
run40_sparc_1350,sparc_1350,0.515904,0.545944,0.704126,0.495051,0.496229,0.535336,0.646926,0.479824,0.929958,0.930853,0.958326,0.929753,0.684009,0.692665,0.608574,0.867524,spectrum_fno48_floor6_smooth1_qc_peak4_fieldloss
run40_sparc_1353,sparc_1353,0.622915,0.585200,0.638410,0.459293,0.593411,0.572991,0.606209,0.458093,0.909900,0.908944,0.939626,0.916013,0.882334,0.682383,0.683009,0.892956,spectrum_fno48_floor6_smooth1_qc_peak4_fieldloss
run40_sparc_1362,sparc_1362,0.541450,0.500898,0.567262,0.451430,0.530432,0.500697,0.560469,0.450572,0.913432,0.912666,0.930333,0.911272,0.882397,0.467589,0.578196,0.923203,spectrum_fno48_floor6_smooth1_qc_peak4_fieldloss
run40_sparc_1363,sparc_1363,0.573873,0.562436,0.640732,0.461567,0.563968,0.557217,0.622957,0.461558,0.910126,0.907772,0.924121,0.913473,0.908228,0.807591,0.746002,0.883650,spectrum_fno48_floor6_smooth1_qc_peak4_fieldloss
run40_sparc_1402,sparc_1402,0.661030,0.736976,0.765949,0.678787,0.660938,0.699549,0.761378,0.663855,0.903761,0.917070,0.958408,0.883767,0.920725,0.611224,0.898264,0.936161,spectrum_fno48_floor6_smooth1_qc_peak4
run40_sparc_1403,sparc_1403,0.543546,0.633108,0.676508,0.521847,0.542076,0.633003,0.675163,0.501570,0.914340,0.907999,0.948152,0.918431,0.916738,0.805266,0.728753,0.957624,spectrum_fno48_floor6_smooth1_qc_peak4_fieldloss
run40_sparc_1408,sparc_1408,1.630318,1.719486,1.527265,1.490555,0.980602,0.988496,0.992513,0.964856,0.517318,0.596640,0.416498,0.507818,0.939813,0.868844,0.947294,0.949565,spectrum_fno48_floor6_smooth1_qc_peak4_fieldloss
run40_sparc_1409,sparc_1409,0.603704,0.653115,0.760757,0.510886,0.592138,0.635189,0.725066,0.508757,0.924401,0.919282,0.918212,0.926388,0.891598,0.875235,0.938365,0.946273,spectrum_fno48_floor6_smooth1_qc_peak4_fieldloss
run40_sparc_1421,sparc_1421,0.550598,0.585167,0.720981,0.542527,0.548586,0.585038,0.689200,0.541068,0.907076,0.905886,0.926971,0.905058,0.672667,0.662749,0.670482,0.906805,spectrum_fno48_floor6_smooth1_qc_peak4_fieldloss
run40_sparc_1426,sparc_1426,0.708494,0.753203,0.790562,0.651925,0.700076,0.751094,0.778604,0.651909,0.890344,0.886447,0.918657,0.898610,0.853876,0.893092,0.778397,0.981466,spectrum_fno48_floor6_smooth1_qc_peak4_fieldloss
run40_sparc_1501,sparc_1501,0.619757,0.616599,0.716849,0.614143,0.574315,0.607400,0.676226,0.581799,0.933187,0.914855,0.943002,0.916008,0.893373,0.708117,0.650235,0.857054,spectrum_fno48_floor6_smooth1_qc_peak4_fieldloss
run40_sparc_1503,sparc_1503,0.560505,0.633240,0.704013,0.556492,0.557304,0.633223,0.702930,0.538054,0.918914,0.894289,0.938568,0.918544,0.879935,0.722147,0.741215,0.948869,spectrum_fno48_floor6_smooth1_qc_peak4_fieldloss
run40_sparc_1508,sparc_1508,1.542818,1.626604,1.549724,1.334817,0.982576,0.989464,0.992951,0.970253,0.509481,0.594320,0.454191,0.496680,0.942117,0.876279,0.952906,0.950530,spectrum_fno48_floor6_smooth1_qc_peak4_fieldloss
run40_sparc_1514,sparc_1514,0.536135,0.563564,0.702003,0.512942,0.504831,0.546108,0.630377,0.493086,0.934056,0.933045,0.953834,0.931461,0.848568,0.676915,0.491775,0.837618,spectrum_fno48_floor6_smooth1_qc_peak4_fieldloss
run40_sparc_1524,sparc_1524,0.740611,0.856452,0.892556,0.706664,0.697485,0.758835,0.810137,0.678707,0.887174,0.888008,0.898719,0.893627,0.685612,0.825825,0.920276,0.837300,spectrum_fno48_floor6_smooth1_qc_peak4_fieldloss
run40_sparc_1525,sparc_1525,0.693398,0.820062,0.801008,0.630750,0.672131,0.792548,0.760715,0.625660,0.884906,0.864338,0.917146,0.887077,0.852489,0.905404,0.793532,0.970524,spectrum_fno48_floor6_smooth1_qc_peak4_fieldloss
run40_sparc_1530,sparc_1530,0.682754,0.484165,1.110120,0.976807,0.564462,0.482468,0.929398,0.895819,0.852172,0.919058,0.582071,0.599279,0.996485,0.990593,0.996781,0.996879,spectrum_fno48_floor6_smooth1_qc
run41_sparc_1301,sparc_1301,0.597678,0.631231,0.738027,0.461348,0.536533,0.599853,0.716365,0.452793,0.939253,0.937739,0.944258,0.925979,0.951636,0.746486,0.912586,0.935117,spectrum_fno48_floor6_smooth1_qc_peak4_fieldloss
run41_sparc_1302,sparc_1302,0.928450,0.935467,1.119285,0.678829,0.755012,0.785169,0.887484,0.621734,0.931509,0.934319,0.945224,0.920636,0.897239,0.797710,0.838834,0.953770,spectrum_fno48_floor6_smooth1_qc_peak4_fieldloss
run41_sparc_1303,sparc_1303,0.948291,1.145335,1.281820,0.809655,0.786931,0.819293,0.940276,0.679671,0.920622,0.926726,0.947745,0.918993,0.749102,0.735563,0.729002,0.857784,spectrum_fno48_floor6_smooth1_qc_peak4_fieldloss
run41_sparc_1306,sparc_1306,1.252617,1.367026,1.404027,1.167677,0.894038,0.890348,0.921803,0.809696,0.868594,0.815028,0.873976,0.889761,0.909483,0.906074,0.912713,0.900960,spectrum_fno48_floor6_smooth1_qc_peak4_fieldloss
run41_sparc_1315,sparc_1315,1.563499,1.774276,1.647377,1.551569,0.909897,0.903677,0.916965,0.835659,0.586193,0.516705,0.568175,0.580234,0.950418,0.950663,0.942954,0.962081,spectrum_fno48_floor6_smooth1_qc_peak4_fieldloss
run41_sparc_1318,sparc_1318,0.832012,0.862785,1.004995,0.684501,0.773613,0.820389,0.870336,0.682314,0.874583,0.870028,0.899126,0.862274,0.724280,0.503022,0.836283,0.875404,spectrum_fno48_floor6_smooth1_qc_peak4_fieldloss
run41_sparc_1319,sparc_1319,0.758482,0.783359,0.905680,0.572884,0.704441,0.729435,0.812963,0.569274,0.883970,0.885332,0.907233,0.881947,0.821967,0.741047,0.922668,0.945510,spectrum_fno48_floor6_smooth1_qc_peak4_fieldloss
run41_sparc_1354,sparc_1354,1.046451,1.189935,1.138441,0.857514,0.734341,0.782468,0.856829,0.670557,0.815215,0.806037,0.738096,0.800454,0.937521,0.898139,0.937573,0.954715,spectrum_fno48_floor6_smooth1_qc_peak4_fieldloss
run41_sparc_1404,sparc_1404,1.113588,1.107377,1.189283,0.841963,0.765406,0.757159,0.896441,0.670247,0.926516,0.920314,0.944464,0.922576,0.785674,0.758597,0.828190,0.928241,spectrum_fno48_floor6_smooth1_qc_peak4_fieldloss
run41_sparc_1416,sparc_1416,0.601798,0.694272,0.802094,0.632660,0.597991,0.673038,0.780462,0.605518,0.893206,0.887157,0.868278,0.877712,0.767680,0.638014,0.687538,0.917881,spectrum_fno48_floor6_smooth1_qc_peak4
run41_sparc_1420,sparc_1420,0.774112,0.806196,0.922659,0.685653,0.680993,0.727165,0.836795,0.632691,0.819621,0.765159,0.626362,0.858361,0.842632,0.609116,0.760743,0.815669,spectrum_fno48_floor6_smooth1_qc_peak4_fieldloss
run41_sparc_1502,sparc_1502,1.036215,0.944048,1.202001,0.678509,0.756524,0.727613,0.880013,0.624514,0.949587,0.955044,0.965902,0.932510,0.878247,0.702305,0.748671,0.936624,spectrum_fno48_floor6_smooth1_qc_peak4_fieldloss
run41_sparc_1506,sparc_1506,1.176559,1.265024,1.362722,1.127157,0.832439,0.816856,0.925221,0.772614,0.933985,0.932087,0.946473,0.928380,0.889565,0.858377,0.874582,0.923046,spectrum_fno48_floor6_smooth1_qc_peak4_fieldloss
run41_sparc_1507,sparc_1507,1.259671,1.023483,1.277045,0.916256,0.818805,0.759040,0.888065,0.726338,0.932841,0.932992,0.946386,0.930570,0.788555,0.612669,0.779152,0.920340,spectrum_fno48_floor6_smooth1_qc_peak4_fieldloss
run41_sparc_1510,sparc_1510,0.627653,0.659491,0.821604,0.630492,0.613452,0.646689,0.787579,0.595758,0.920531,0.922660,0.936717,0.923230,0.686028,0.509505,0.678470,0.874102,spectrum_fno48_floor6_smooth1_qc_peak4
run41_sparc_1520,sparc_1520,0.625694,0.683663,0.886406,0.660359,0.619643,0.667891,0.809668,0.620858,0.897245,0.867201,0.900000,0.911912,0.696367,0.206174,0.500868,0.860986,spectrum_fno48_floor6_smooth1_qc_peak4
run41_sparc_1521,sparc_1521,0.686629,0.896947,0.957531,0.690527,0.658151,0.744167,0.824387,0.617834,0.906227,0.903485,0.926214,0.912478,0.584564,0.670374,0.612957,0.849725,spectrum_fno48_floor6_smooth1_qc_peak4
run41_sparc_1525,sparc_1525,0.878295,0.877575,1.102286,0.750059,0.692510,0.705555,0.851189,0.631155,0.934310,0.936921,0.949497,0.933660,0.645638,0.681994,0.763436,0.829144,spectrum_fno48_floor6_smooth1_qc_peak4_fieldloss
run41_sparc_1526,sparc_1526,0.893024,0.839595,1.086735,0.765729,0.692969,0.708036,0.864853,0.636793,0.929481,0.934096,0.953715,0.925017,0.827094,0.749487,0.724406,0.861146,spectrum_fno48_floor6_smooth1_qc_peak4_fieldloss
run42_sparc_1317,sparc_1317,0.766526,0.630866,1.059718,0.655283,0.717838,0.629941,0.834529,0.625610,0.902511,0.886150,0.918364,0.903458,0.610215,0.519511,0.603087,0.960479,spectrum_fno48_floor6_smooth1_qc
run42_sparc_1354,sparc_1354,0.735315,0.830579,0.928610,0.723280,0.735266,0.830567,0.891108,0.714726,0.882372,0.876374,0.891909,0.884470,0.892587,0.579102,0.856073,0.916721,spectrum_fno48_floor6_smooth1_qc_peak4_fieldloss
run42_sparc_1356,sparc_1356,0.802101,0.912375,1.113252,0.799065,0.798625,0.868937,0.893890,0.799059,0.900079,0.889833,0.912518,0.898766,0.750867,0.656042,0.791336,0.963405,spectrum_fno48_floor6_smooth1_qc_peak4_fieldloss
run42_sparc_1359,sparc_1359,0.761500,0.627986,0.752511,0.504626,0.711813,0.602451,0.727657,0.486889,0.906745,0.908021,0.928301,0.910650,0.836928,0.313174,0.498992,0.942939,spectrum_fno48_floor6_smooth1_qc_peak4_fieldloss
run42_sparc_1363,sparc_1363,0.687919,0.721682,0.801734,0.545195,0.651957,0.676530,0.780894,0.545177,0.897772,0.897085,0.930359,0.898945,0.798363,0.695460,0.687454,0.887068,spectrum_fno48_floor6_smooth1_qc_peak4_fieldloss
run42_sparc_1364,sparc_1364,0.631528,0.585399,0.878989,0.540804,0.626032,0.585031,0.828213,0.540799,0.880989,0.881780,0.905794,0.874483,0.634811,0.465010,0.845491,0.922708,spectrum_fno48_floor6_smooth1_qc_peak4_fieldloss
run42_sparc_1365,sparc_1365,0.792607,0.632787,0.816636,0.481666,0.707502,0.631495,0.750663,0.475742,0.889232,0.891558,0.919026,0.897059,0.800832,0.580201,0.731667,0.876719,spectrum_fno48_floor6_smooth1_qc_peak4_fieldloss
run42_sparc_1404,sparc_1404,0.976644,1.056651,1.232115,0.772627,0.798831,0.808004,0.912317,0.701171,0.922777,0.920523,0.943570,0.921615,0.849081,0.799799,0.837324,0.870223,spectrum_fno48_floor6_smooth1_qc_peak4_fieldloss
run42_sparc_1411,sparc_1411,0.625435,0.673539,0.812513,0.576613,0.624624,0.651623,0.809790,0.574673,0.909325,0.919033,0.932598,0.901957,0.487898,0.264229,0.505061,0.883010,spectrum_fno48_floor6_smooth1_qc_peak4_fieldloss
run42_sparc_1418,sparc_1418,0.803861,0.950635,1.042614,0.748510,0.734539,0.941080,0.875118,0.647622,0.895266,0.868482,0.906994,0.899659,0.773851,0.290080,0.820721,0.919134,spectrum_fno48_floor6_smooth1_qc_peak4_fieldloss
run42_sparc_1423,sparc_1423,0.773785,1.084541,1.239020,0.730127,0.700770,0.854697,0.925514,0.675808,0.937654,0.913046,0.927421,0.928050,0.760857,0.801338,0.875398,0.761708,spectrum_fno48_floor6_smooth1_qc_peak4_fieldloss
run42_sparc_1424,sparc_1424,0.847295,0.976688,1.105022,0.689901,0.750545,0.800172,0.895620,0.658402,0.946076,0.935594,0.955443,0.940817,0.801189,0.789975,0.847356,0.835628,spectrum_fno48_floor6_smooth1_qc_peak4_fieldloss
run42_sparc_1503,sparc_1503,0.957420,0.892205,1.176837,0.931358,0.741549,0.715495,0.879537,0.707918,0.945411,0.935158,0.954953,0.947353,0.780490,0.771410,0.784794,0.912252,spectrum_fno48_floor6_smooth1_qc
run42_sparc_1508,sparc_1508,0.660172,0.749307,0.971890,0.613224,0.640300,0.679003,0.844092,0.611031,0.930419,0.930085,0.949556,0.928658,0.734558,0.697334,0.681294,0.886177,spectrum_fno48_floor6_smooth1_qc_peak4_fieldloss
run42_sparc_1511,sparc_1511,0.656735,0.688009,0.934176,0.623247,0.652004,0.687723,0.867959,0.616883,0.894218,0.906299,0.858678,0.912411,0.449457,0.248856,0.682476,0.896759,spectrum_fno48_floor6_smooth1_qc_peak4_fieldloss
run42_sparc_1512,sparc_1512,0.642435,0.682512,0.925559,0.600612,0.640272,0.681368,0.856236,0.591002,0.889362,0.885559,0.914964,0.893097,0.670531,0.348197,0.753818,0.894432,spectrum_fno48_floor6_smooth1_qc_peak4_fieldloss
run42_sparc_1513,sparc_1513,0.766094,0.876743,0.937542,0.642578,0.728912,0.810496,0.899900,0.626796,0.873465,0.838394,0.839911,0.904559,0.672302,0.689811,0.780903,0.878440,spectrum_fno48_floor6_smooth1_qc_peak4_fieldloss
run42_sparc_1528,sparc_1528,0.826321,0.896250,0.982672,0.784542,0.724973,0.741906,0.885007,0.695612,0.829215,0.871185,0.906945,0.813573,0.847244,0.700152,0.864689,0.891061,spectrum_fno48_floor6_smooth1_qc_peak4_fieldloss
run43_sparc_1349,sparc_1349,0.808071,0.847211,0.709132,0.798779,0.766237,0.768771,0.701089,0.754473,0.921288,0.917527,0.940769,0.910282,0.831453,0.827547,0.600788,0.893511,spectrum_fno48_floor6_smooth1_qc_mhi100
run43_sparc_1356,sparc_1356,0.780172,0.742576,0.705912,0.820413,0.779967,0.742569,0.705036,0.818063,0.894479,0.895388,0.900509,0.895751,0.948047,0.801348,0.660784,0.929399,spectrum_fno48_floor6_smooth1_qc_mhi100
run43_sparc_1358,sparc_1358,0.791367,0.902121,0.782457,0.837189,0.725622,0.792919,0.723266,0.709283,0.895873,0.879605,0.938743,0.900284,0.812863,0.881525,0.622836,0.844423,spectrum_fno48_floor6_smooth1_qc_mhi100
run43_sparc_1404,sparc_1404,0.694146,0.794419,0.787139,0.740521,0.651541,0.720352,0.747931,0.677045,0.922958,0.893624,0.930324,0.924049,0.945801,0.897682,0.904856,0.945070,spectrum_fno48_floor6_smooth1_qc_peak4
run43_sparc_1405,sparc_1405,0.779293,0.755107,0.824891,0.799636,0.716230,0.698462,0.774634,0.702965,0.909322,0.911308,0.929865,0.917050,0.920164,0.815913,0.941366,0.938828,spectrum_fno48_floor6_smooth1_qc
run43_sparc_1411,sparc_1411,0.667853,0.738657,0.675372,0.713446,0.662630,0.717917,0.673802,0.707788,0.913095,0.912328,0.930087,0.905749,0.896355,0.813050,0.608696,0.890657,spectrum_fno48_floor6_smooth1_qc_peak4
run43_sparc_1413,sparc_1413,0.757864,0.818926,0.733228,0.743115,0.752908,0.760560,0.710361,0.735832,0.910945,0.912633,0.945803,0.905816,0.834888,0.662591,0.592228,0.922364,spectrum_fno48_floor6_smooth1_qc_mhi100
run43_sparc_1414,sparc_1414,0.850457,0.893041,0.778237,0.801980,0.799281,0.799839,0.754524,0.773789,0.891023,0.888111,0.904985,0.883960,0.891167,0.758288,0.785463,0.924732,spectrum_fno48_floor6_smooth1_qc_mhi100
run43_sparc_1422,sparc_1422,1.396517,1.348672,1.122643,1.410720,0.959217,0.965258,0.923790,0.948757,0.844344,0.799125,0.900800,0.858179,0.973296,0.974414,0.893031,0.972468,spectrum_fno48_floor6_smooth1_qc_mhi100
run43_sparc_1424,sparc_1424,0.823773,0.787794,0.757852,0.816286,0.736173,0.725744,0.719450,0.748382,0.878005,0.886733,0.926035,0.867001,0.889889,0.805365,0.913966,0.923273,spectrum_fno48_floor6_smooth1_qc_mhi100
run43_sparc_1427,sparc_1427,0.654991,0.637706,0.682945,0.598244,0.631010,0.627797,0.682118,0.590458,0.895617,0.899970,0.911604,0.900489,0.896475,0.857314,0.947886,0.966004,spectrum_fno48_floor6_smooth1_qc_peak4_fieldloss
run43_sparc_1440,sparc_1440,0.696281,0.705785,0.732351,0.540400,0.651846,0.664414,0.698920,0.523370,0.935637,0.939135,0.964515,0.936530,0.843031,0.842319,0.829134,0.896709,spectrum_fno48_floor6_smooth1_qc_peak4_fieldloss
run43_sparc_1530,sparc_1530,0.816470,1.108751,1.293536,1.298781,0.805583,0.965200,0.999976,0.999998,0.432810,0.793877,-0.134056,-0.180970,0.995745,0.989543,0.992440,0.996223,spectrum_fno48_floor6_smooth1_qc_peak4
run44_sparc_1310,sparc_1310,0.722763,0.797337,0.858371,0.537376,0.678806,0.792025,0.857163,0.525451,0.900588,0.866109,0.901495,0.915718,0.530141,0.353957,0.446971,0.788195,spectrum_fno48_floor6_smooth1_qc_peak4_fieldloss
run44_sparc_1315,sparc_1315,0.776012,0.832772,0.874578,0.583343,0.732592,0.787927,0.809188,0.575882,0.916305,0.902060,0.940389,0.920422,0.669114,0.669858,0.548200,0.917807,spectrum_fno48_floor6_smooth1_qc_peak4_fieldloss
run44_sparc_1319,sparc_1319,0.905738,0.886917,0.937114,0.598608,0.789946,0.813746,0.846106,0.579210,0.890493,0.884518,0.909252,0.902610,0.869751,0.790622,0.856013,0.946811,spectrum_fno48_floor6_smooth1_qc_peak4_fieldloss
run44_sparc_1350,sparc_1350,0.836092,0.846684,0.892467,0.624067,0.781929,0.815500,0.836524,0.616897,0.912744,0.905426,0.944339,0.917213,0.662871,0.741492,0.639043,0.905214,spectrum_fno48_floor6_smooth1_qc_peak4_fieldloss
run44_sparc_1357,sparc_1357,0.895450,0.880510,0.962698,0.771165,0.895035,0.874465,0.922675,0.766289,0.863200,0.860908,0.906010,0.885800,0.783497,0.894033,0.761089,0.689669,spectrum_fno48_floor6_smooth1_qc_peak4_fieldloss
run44_sparc_1362,sparc_1362,0.792962,0.899781,0.760982,0.473173,0.713399,0.801693,0.725701,0.472350,0.894425,0.876064,0.919377,0.898976,0.833368,0.919148,0.703925,0.882031,spectrum_fno48_floor6_smooth1_qc_peak4_fieldloss
run44_sparc_1416,sparc_1416,0.848652,0.878574,1.060884,0.749568,0.824559,0.859656,0.933480,0.746600,0.872387,0.770530,0.865038,0.897286,0.670708,0.498946,0.808644,0.906042,spectrum_fno48_floor6_smooth1_qc_peak4_fieldloss
run44_sparc_1422,sparc_1422,0.815700,0.847061,0.900404,0.717273,0.805777,0.827630,0.886102,0.715291,0.901001,0.889153,0.919995,0.901038,0.809419,0.871499,0.686067,0.893556,spectrum_fno48_floor6_smooth1_qc_peak4_fieldloss
run44_sparc_1423,sparc_1423,0.895051,0.860437,1.028449,0.803286,0.763204,0.785012,0.915344,0.737744,0.925538,0.927381,0.936484,0.926743,0.796886,0.808433,0.911301,0.835296,spectrum_fno48_floor6_smooth1_qc_peak4_fieldloss
run44_sparc_1425,sparc_1425,0.955795,0.916807,1.236962,0.715288,0.739915,0.783670,0.894113,0.644387,0.929600,0.932462,0.952266,0.927064,0.763778,0.638157,0.759852,0.782860,spectrum_fno48_floor6_smooth1_qc_peak4_fieldloss
run44_sparc_1427,sparc_1427,0.889105,1.024542,1.127133,0.795983,0.752982,0.843440,0.918847,0.695723,0.894265,0.879006,0.901108,0.895884,0.846878,0.716814,0.847281,0.884028,spectrum_fno48_floor6_smooth1_qc_peak4_fieldloss
run44_sparc_1430,sparc_1430,0.748508,0.782139,1.060652,0.699127,0.704535,0.728883,0.901228,0.681656,0.904344,0.894772,0.919934,0.868332,0.859375,0.586451,0.449032,0.852821,spectrum_fno48_floor6_smooth1_qc_peak4_fieldloss
run44_sparc_1505,sparc_1505,1.119227,1.350770,1.626656,0.861523,0.839365,0.873704,0.942728,0.761111,0.915034,0.920399,0.928539,0.906245,0.859600,0.846064,0.948797,0.898079,spectrum_fno48_floor6_smooth1_qc_peak4_fieldloss
run44_sparc_1506,sparc_1506,1.440447,1.469990,1.810684,0.975610,0.875437,0.908027,0.941733,0.756846,0.930995,0.924005,0.940152,0.920048,0.716448,0.695182,0.892569,0.900834,spectrum_fno48_floor6_smooth1_qc_peak4_fieldloss
run44_sparc_1508,sparc_1508,0.860738,0.845702,1.137612,0.735842,0.687234,0.701342,0.875537,0.666217,0.931583,0.931420,0.949172,0.928646,0.789511,0.403567,0.797689,0.804675,spectrum_fno48_floor6_smooth1_qc_peak4_fieldloss
run44_sparc_1513,sparc_1513,0.784494,0.841131,1.090564,0.583262,0.736462,0.830288,0.886790,0.556595,0.854699,0.788728,0.903189,0.852600,0.718690,0.509951,0.759449,0.935590,spectrum_fno48_floor6_smooth1_qc_peak4_fieldloss
run44_sparc_1515,sparc_1515,0.869975,1.008820,1.089762,0.579915,0.769379,0.880491,0.899809,0.576688,0.882656,0.853778,0.896155,0.887000,0.922774,0.889504,0.945236,0.965684,spectrum_fno48_floor6_smooth1_qc_peak4_fieldloss
run44_sparc_1517,sparc_1517,0.793777,1.242212,1.046807,0.590226,0.779134,0.883490,0.902665,0.589397,0.906061,0.848128,0.908090,0.912012,0.870516,0.908828,0.926717,0.967536,spectrum_fno48_floor6_smooth1_qc_peak4_fieldloss
run44_sparc_1524,sparc_1524,0.945008,1.432440,1.325740,1.133130,0.801825,0.822937,0.901147,0.726509,0.715116,0.703298,0.778311,0.698350,0.966471,0.961589,0.966225,0.977889,spectrum_fno48_floor6_smooth1_qc_peak4
run45_sparc_1308,sparc_1308,1.291268,1.184233,1.248510,0.870367,0.805315,0.795796,0.853572,0.714520,0.909700,0.915909,0.925032,0.899491,0.864476,0.809118,0.902335,0.885015,spectrum_fno48_floor6_smooth1_qc_peak4_fieldloss
run45_sparc_1313,sparc_1313,0.609852,0.656808,0.763520,0.557742,0.570571,0.620628,0.722451,0.540089,0.897565,0.898089,0.927742,0.898220,0.641209,0.394020,0.664004,0.925852,spectrum_fno48_floor6_smooth1_qc_peak4_fieldloss
run45_sparc_1314,sparc_1314,0.603070,0.643434,0.765013,0.565500,0.570254,0.617989,0.718284,0.542773,0.898073,0.895310,0.927176,0.898399,0.636915,0.404664,0.585829,0.927205,spectrum_fno48_floor6_smooth1_qc_peak4_fieldloss
run45_sparc_1353,sparc_1353,0.619943,0.717265,0.741015,0.504564,0.602292,0.657160,0.730939,0.504236,0.901650,0.901351,0.930378,0.902289,0.912021,0.846015,0.767992,0.921955,spectrum_fno48_floor6_smooth1_qc_peak4_fieldloss
run45_sparc_1356,sparc_1356,0.664313,0.772128,0.817278,0.575423,0.618582,0.705981,0.736797,0.562755,0.895696,0.895246,0.921247,0.883482,0.653356,0.624029,0.747858,0.964861,spectrum_fno48_floor6_smooth1_qc_peak4_fieldloss
run45_sparc_1364,sparc_1364,0.640229,0.681936,0.913932,0.514666,0.623600,0.642252,0.784432,0.513265,0.866923,0.867236,0.889409,0.866891,0.913982,0.808044,0.804216,0.869561,spectrum_fno48_floor6_smooth1_qc_peak4_fieldloss
run45_sparc_1365,sparc_1365,0.623448,0.737157,0.720875,0.537927,0.607353,0.694293,0.695633,0.531780,0.900030,0.895732,0.922595,0.895359,0.741551,0.746947,0.733802,0.926542,spectrum_fno48_floor6_smooth1_qc_peak4_fieldloss
run45_sparc_1408,sparc_1408,1.224453,1.327018,1.345468,0.899685,0.882964,0.920162,0.957684,0.729564,0.922652,0.923403,0.935877,0.912863,0.776801,0.832426,0.911586,0.742555,spectrum_fno48_floor6_smooth1_qc_peak4_fieldloss
run45_sparc_1414,sparc_1414,0.591434,0.687295,0.823810,0.569667,0.577735,0.654934,0.747453,0.549888,0.924700,0.917950,0.943673,0.925320,0.598955,0.486286,0.822516,0.928199,spectrum_fno48_floor6_smooth1_qc_peak4_fieldloss
run45_sparc_1427,sparc_1427,1.069113,1.147915,1.195998,0.862191,0.842597,0.876386,0.956593,0.798724,0.907814,0.904950,0.931157,0.891671,0.620150,0.720768,0.850728,0.681002,spectrum_fno48_floor6_smooth1_qc_peak4_fieldloss
run45_sparc_1430,sparc_1430,0.834305,1.147694,1.004782,0.873059,0.682111,0.790893,0.810522,0.705735,0.862697,0.816037,0.907355,0.696786,0.925979,0.939578,0.910890,0.957996,spectrum_fno48_floor6_smooth1_qc_peak4
run45_sparc_1441,sparc_1441,1.123269,1.305176,1.727139,1.050778,0.905209,0.867420,0.972506,0.790812,0.922920,0.936283,0.954400,0.912145,0.553813,0.476342,0.868249,0.672758,spectrum_fno48_floor6_smooth1_qc_peak4_fieldloss
run45_sparc_1501,sparc_1501,0.572580,0.604642,0.627043,0.559114,0.562874,0.596343,0.621956,0.546230,0.956366,0.967854,0.953824,0.940916,0.932985,0.642417,0.845474,0.943164,spectrum_fno48_floor6_smooth1_qc_peak4_fieldloss
run45_sparc_1505,sparc_1505,1.201987,1.080843,1.670160,1.021979,0.866346,0.816801,0.962331,0.799004,0.899697,0.880031,0.920885,0.895505,0.793258,0.704960,0.908173,0.801332,spectrum_fno48_floor6_smooth1_qc_peak4_fieldloss
run45_sparc_1506,sparc_1506,1.343614,1.404545,1.990425,1.383365,0.915891,0.898253,0.984334,0.860355,0.904263,0.903143,0.917595,0.892333,0.799417,0.668575,0.866711,0.850877,spectrum_fno48_floor6_smooth1_qc_peak4
run45_sparc_1512,sparc_1512,0.598154,0.633008,0.752668,0.556352,0.586170,0.625743,0.726427,0.546510,0.908267,0.904023,0.936379,0.905030,0.575562,0.656212,0.586964,0.914795,spectrum_fno48_floor6_smooth1_qc_peak4_fieldloss
run45_sparc_1513,sparc_1513,0.584487,0.678645,0.772269,0.564117,0.571881,0.637645,0.725297,0.544058,0.912596,0.911676,0.933255,0.912512,0.544019,0.719317,0.685427,0.908605,spectrum_fno48_floor6_smooth1_qc_peak4_fieldloss
run45_sparc_1514,sparc_1514,0.590116,0.671042,0.755784,0.552232,0.573445,0.652450,0.738651,0.547516,0.916595,0.914475,0.936986,0.916045,0.535628,0.716155,0.688372,0.913103,spectrum_fno48_floor6_smooth1_qc_peak4_fieldloss
run45_sparc_1518,sparc_1518,0.646595,0.641131,0.848301,0.591053,0.609664,0.622303,0.776574,0.570085,0.904221,0.900122,0.921593,0.902666,0.621375,0.461275,0.818130,0.856673,spectrum_fno48_floor6_smooth1_qc_peak4_fieldloss
run45_sparc_1524,sparc_1524,0.870287,1.016030,1.159347,0.652721,0.768509,0.841495,0.893800,0.642621,0.880084,0.872015,0.910669,0.885455,0.878127,0.907189,0.962387,0.840119,spectrum_fno48_floor6_smooth1_qc_peak4_fieldloss
run45_sparc_1593,sparc_1593,0.718138,0.933102,0.902067,0.595375,0.673329,0.740275,0.793497,0.594952,0.953133,0.948789,0.959840,0.925888,0.947004,0.927419,0.866376,0.980074,spectrum_fno48_floor6_smooth1_qc_peak4_fieldloss
run46_sparc_1300,sparc_1300,0.445229,0.450107,0.513005,0.386389,0.427775,0.442495,0.484760,0.385592,0.987301,0.985611,0.986983,0.982741,0.911510,0.963477,0.936434,0.928843,spectrum_fno48_floor6_smooth1_qc_peak4_fieldloss
run46_sparc_1301,sparc_1301,0.573313,0.807724,0.798567,0.620517,0.553439,0.700973,0.666101,0.620466,0.939223,0.941379,0.936893,0.925049,0.921560,0.715566,0.910238,0.885036,spectrum_fno48_floor6_smooth1_qc_peak4
run46_sparc_1302,sparc_1302,0.844194,0.864984,1.282306,0.650035,0.761326,0.722620,0.924643,0.633121,0.933274,0.921143,0.937755,0.923684,0.940988,0.656811,0.916583,0.938259,spectrum_fno48_floor6_smooth1_qc_peak4_fieldloss
run46_sparc_1305,sparc_1305,1.208284,1.339033,1.424238,0.937319,0.832075,0.825059,0.945711,0.764583,0.929869,0.929180,0.945770,0.927958,0.802363,0.745239,0.787388,0.892695,spectrum_fno48_floor6_smooth1_qc_peak4_fieldloss
run46_sparc_1308,sparc_1308,1.279574,1.305087,1.395977,1.013097,0.807854,0.811168,0.837515,0.766429,0.875032,0.892800,0.915572,0.865878,0.924836,0.863471,0.956903,0.973331,spectrum_fno48_floor6_smooth1_qc_peak4_fieldloss
run46_sparc_1317,sparc_1317,0.727146,0.790260,0.871194,0.576746,0.705014,0.747636,0.801698,0.568463,0.887819,0.888963,0.906781,0.889633,0.874496,0.873199,0.927542,0.928428,spectrum_fno48_floor6_smooth1_qc_peak4_fieldloss
run46_sparc_1318,sparc_1318,0.744894,0.811646,0.920380,0.588903,0.699722,0.754253,0.803870,0.571660,0.872613,0.875059,0.884356,0.885980,0.906901,0.909223,0.948352,0.942737,spectrum_fno48_floor6_smooth1_qc_peak4_fieldloss
run46_sparc_1319,sparc_1319,0.751733,0.829339,1.000407,0.605083,0.703041,0.755101,0.808049,0.574797,0.866084,0.868827,0.876476,0.884492,0.906195,0.903645,0.951186,0.940793,spectrum_fno48_floor6_smooth1_qc_peak4_fieldloss
run46_sparc_1349,sparc_1349,0.745996,0.723283,0.831257,0.504498,0.705148,0.676203,0.765384,0.501708,0.882416,0.878133,0.915060,0.895915,0.933349,0.911477,0.837395,0.884106,spectrum_fno48_floor6_smooth1_qc_peak4_fieldloss
run46_sparc_1360,sparc_1360,0.633863,0.738958,0.678469,0.513321,0.600802,0.688216,0.676601,0.509142,0.881962,0.878423,0.910332,0.879060,0.831798,0.807111,0.624907,0.931328,spectrum_fno48_floor6_smooth1_qc_peak4_fieldloss
run46_sparc_1364,sparc_1364,0.834405,1.271091,1.223705,0.584419,0.744603,0.874893,0.862203,0.571884,0.844704,0.816652,0.872136,0.848475,0.855395,0.934494,0.932730,0.882619,spectrum_fno48_floor6_smooth1_qc_peak4_fieldloss
run46_sparc_1365,sparc_1365,0.647623,0.694609,0.771988,0.535662,0.599050,0.634156,0.696311,0.509202,0.881568,0.872431,0.892906,0.875008,0.731488,0.711826,0.746977,0.935155,spectrum_fno48_floor6_smooth1_qc_peak4_fieldloss
run46_sparc_1409,sparc_1409,0.846491,0.877975,0.952324,0.774285,0.761063,0.846492,0.854774,0.735105,0.865742,0.851987,0.833077,0.827126,0.973598,0.933138,0.973258,0.982881,spectrum_fno48_floor6_smooth1_qc_peak4_fieldloss
run46_sparc_1410,sparc_1410,0.777964,0.822270,1.037959,0.601151,0.719106,0.760239,0.824526,0.585426,0.878095,0.871042,0.888975,0.876384,0.841870,0.569161,0.868812,0.894446,spectrum_fno48_floor6_smooth1_qc_peak4_fieldloss
run46_sparc_1411,sparc_1411,0.750440,0.783237,0.866483,0.593333,0.712719,0.756946,0.793736,0.584602,0.876433,0.870526,0.904794,0.879376,0.825857,0.615836,0.814267,0.895983,spectrum_fno48_floor6_smooth1_qc_peak4_fieldloss
run46_sparc_1414,sparc_1414,0.754421,0.806009,0.824357,0.611923,0.685073,0.741159,0.767994,0.586184,0.898877,0.895213,0.925133,0.899737,0.725704,0.614745,0.600877,0.883970,spectrum_fno48_floor6_smooth1_qc_peak4_fieldloss
run46_sparc_1415,sparc_1415,0.759067,0.825607,0.799395,0.617451,0.677776,0.746650,0.760238,0.590299,0.903630,0.899043,0.920360,0.903437,0.727510,0.621030,0.616859,0.887577,spectrum_fno48_floor6_smooth1_qc_peak4_fieldloss
run46_sparc_1423,sparc_1423,1.368820,1.448933,1.643652,1.070366,0.825468,0.830190,0.937456,0.750101,0.932065,0.916913,0.923406,0.937480,0.811098,0.797473,0.823490,0.918134,spectrum_fno48_floor6_smooth1_qc_peak4_fieldloss
run46_sparc_1425,sparc_1425,1.179429,0.960015,1.409626,0.903059,0.781239,0.732566,0.936573,0.733408,0.924135,0.935472,0.944569,0.923247,0.785733,0.654490,0.873708,0.864392,spectrum_fno48_floor6_smooth1_qc_peak4_fieldloss
run46_sparc_1428,sparc_1428,1.298006,1.265396,1.621808,1.057914,0.899489,0.890750,0.954560,0.790270,0.928054,0.919020,0.944574,0.928304,0.657654,0.828772,0.835856,0.870120,spectrum_fno48_floor6_smooth1_qc_peak4_fieldloss
run46_sparc_1440,sparc_1440,1.318093,1.369261,1.500808,0.972193,0.877215,0.861996,0.957247,0.781772,0.937837,0.933677,0.945765,0.933379,0.895890,0.846472,0.784895,0.842979,spectrum_fno48_floor6_smooth1_qc_peak4_fieldloss
run46_sparc_1441,sparc_1441,1.300757,1.344088,1.462072,0.968844,0.874996,0.860150,0.956659,0.780403,0.938514,0.934680,0.944958,0.934165,0.896152,0.851159,0.783304,0.849768,spectrum_fno48_floor6_smooth1_qc_peak4_fieldloss
run46_sparc_1501,sparc_1501,0.628356,0.829568,0.798167,0.585695,0.571456,0.647061,0.659925,0.584119,0.928973,0.934865,0.939779,0.918007,0.828659,0.831687,0.684683,0.778765,spectrum_fno48_floor6_smooth1_qc_peak4_fieldloss
run46_sparc_1511,sparc_1511,0.733802,0.779403,0.808951,0.585277,0.684551,0.728994,0.752342,0.563201,0.887491,0.890515,0.916171,0.887547,0.651401,0.422666,0.754429,0.931176,spectrum_fno48_floor6_smooth1_qc_peak4_fieldloss
run46_sparc_1516,sparc_1516,0.763631,0.815226,0.850119,0.647147,0.692993,0.749946,0.741074,0.576353,0.888371,0.877619,0.917672,0.888314,0.664111,0.514848,0.738688,0.950206,spectrum_fno48_floor6_smooth1_qc_peak4_fieldloss
run46_sparc_1520,sparc_1520,0.737363,0.767665,0.834607,0.632290,0.661373,0.664289,0.738803,0.571534,0.889672,0.890953,0.916928,0.879500,0.753209,0.651146,0.633886,0.905881,spectrum_fno48_floor6_smooth1_qc_peak4_fieldloss
run46_sparc_1524,sparc_1524,1.045199,1.169453,1.385740,0.570301,0.772692,0.810204,0.855638,0.559950,0.872416,0.855293,0.857225,0.858950,0.945104,0.959246,0.972674,0.927652,spectrum_fno48_floor6_smooth1_qc_peak4_fieldloss
run47_sparc_1308,sparc_1308,0.739967,0.876189,0.869501,0.597528,0.734296,0.777180,0.844259,0.596968,0.820052,0.672298,0.824249,0.867788,0.969754,0.973702,0.970173,0.954703,spectrum_fno48_floor6_smooth1_qc_peak4_fieldloss
run47_sparc_1319,sparc_1319,0.548706,0.615308,0.691741,0.516294,0.543671,0.611614,0.641133,0.509360,0.928219,0.924818,0.952393,0.924702,0.861921,0.708090,0.628441,0.890865,spectrum_fno48_floor6_smooth1_qc_peak4_fieldloss
run47_sparc_1355,sparc_1355,0.703107,0.831362,0.786271,0.672616,0.649776,0.683531,0.694416,0.635459,0.918487,0.907986,0.925886,0.917569,0.914483,0.838681,0.845115,0.947218,spectrum_fno48_floor6_smooth1_qc_peak4_fieldloss
run47_sparc_1360,sparc_1360,0.657232,0.701741,0.766585,0.569457,0.604776,0.616603,0.667552,0.553294,0.920623,0.917204,0.938617,0.925237,0.861054,0.843188,0.882502,0.841128,spectrum_fno48_floor6_smooth1_qc_peak4_fieldloss
run47_sparc_1364,sparc_1364,0.772556,0.721582,0.852724,0.630576,0.713465,0.693714,0.751494,0.597279,0.910247,0.914842,0.921922,0.913964,0.911408,0.866537,0.934688,0.858228,spectrum_fno48_floor6_smooth1_qc_peak4_fieldloss
run47_sparc_1413,sparc_1413,0.654656,0.666340,0.663951,0.548641,0.614255,0.652268,0.633522,0.530387,0.932820,0.933595,0.954252,0.933674,0.831887,0.503545,0.502648,0.922967,spectrum_fno48_floor6_smooth1_qc_peak4_fieldloss
run47_sparc_1418,sparc_1418,0.541431,0.615591,0.658860,0.496355,0.527390,0.575582,0.634096,0.493512,0.924215,0.923081,0.940063,0.924750,0.692737,0.570137,0.759048,0.924806,spectrum_fno48_floor6_smooth1_qc_peak4_fieldloss
run47_sparc_1424,sparc_1424,0.660607,0.673631,0.797666,0.619850,0.654580,0.673274,0.788492,0.619204,0.903273,0.890945,0.912262,0.902437,0.756083,0.878584,0.963429,0.814082,spectrum_fno48_floor6_smooth1_qc_peak4_fieldloss
run47_sparc_1425,sparc_1425,0.723169,0.723427,0.858485,0.674437,0.649155,0.675172,0.765276,0.623322,0.897420,0.894694,0.916830,0.891339,0.872918,0.805122,0.952927,0.958583,spectrum_fno48_floor6_smooth1_qc_peak4_fieldloss
run47_sparc_1429,sparc_1429,0.748608,0.753353,0.856756,0.701275,0.717790,0.740461,0.802493,0.680596,0.907283,0.872723,0.923731,0.907846,0.974459,0.967341,0.968330,0.969179,spectrum_fno48_floor6_smooth1_qc_peak4_fieldloss
run47_sparc_1505,sparc_1505,0.621242,0.612872,0.717754,0.580392,0.596595,0.606511,0.699782,0.575745,0.920985,0.922101,0.938901,0.921793,0.897663,0.762277,0.834882,0.961103,spectrum_fno48_floor6_smooth1_qc_peak4_fieldloss
run47_sparc_1509,sparc_1509,0.816928,0.905246,0.832675,0.657892,0.773597,0.829059,0.785917,0.648711,0.911349,0.898503,0.924707,0.910048,0.954600,0.935963,0.964753,0.955090,spectrum_fno48_floor6_smooth1_qc_peak4_fieldloss
run47_sparc_1516,sparc_1516,0.572655,0.584855,0.691583,0.531252,0.556856,0.565150,0.654694,0.528977,0.924946,0.921870,0.948067,0.920059,0.817710,0.560355,0.836226,0.885616,spectrum_fno48_floor6_smooth1_qc_peak4_fieldloss
run47_sparc_1517,sparc_1517,0.560486,0.596688,0.678047,0.534242,0.539805,0.566042,0.670940,0.523656,0.930127,0.929856,0.948418,0.924485,0.830097,0.555381,0.786068,0.944658,spectrum_fno48_floor6_smooth1_qc_peak4_fieldloss
run47_sparc_1522,sparc_1522,0.849783,0.994844,0.961074,0.737654,0.777075,0.844856,0.812636,0.668953,0.900682,0.902666,0.892615,0.894296,0.845821,0.907730,0.956589,0.871956,spectrum_fno48_floor6_smooth1_qc_peak4_fieldloss
run47_sparc_1524,sparc_1524,1.075574,1.207677,1.448069,1.083164,0.884230,0.900301,0.924126,0.871154,0.849095,0.843553,0.869309,0.859459,0.878262,0.939793,0.971608,0.918020,spectrum_fno48_floor6_smooth1_qc_peak4
run47_sparc_1529,sparc_1529,0.781387,0.691997,0.822273,0.785971,0.756335,0.680013,0.810037,0.772642,0.533441,0.757269,0.890006,0.520679,0.919860,0.893890,0.872431,0.959831,spectrum_fno48_floor6_smooth1_qc
run48_sparc_1301,sparc_1301,0.919786,1.037680,0.709258,0.779743,0.800140,0.850131,0.656417,0.723735,0.905283,0.876918,0.947158,0.895800,0.981812,0.981009,0.848629,0.977474,spectrum_fno48_floor6_smooth1_qc_mhi100
run48_sparc_1306,sparc_1306,0.941667,0.797191,0.754877,0.644878,0.800452,0.776837,0.751127,0.636649,0.866582,0.850675,0.877044,0.887297,0.955388,0.956602,0.791378,0.934344,spectrum_fno48_floor6_smooth1_qc_peak4_fieldloss
run48_sparc_1309,sparc_1309,0.648286,0.685198,0.792308,0.594472,0.642109,0.667734,0.748251,0.590325,0.918733,0.915122,0.920922,0.918956,0.908406,0.875472,0.958032,0.915981,spectrum_fno48_floor6_smooth1_qc_peak4_fieldloss
run48_sparc_1315,sparc_1315,0.636737,0.651766,0.628368,0.557697,0.609104,0.635264,0.599551,0.542398,0.929065,0.927356,0.951940,0.931094,0.868670,0.876991,0.750093,0.939330,spectrum_fno48_floor6_smooth1_qc_peak4_fieldloss
run48_sparc_1317,sparc_1317,0.533915,0.522993,0.616541,0.518313,0.529255,0.522975,0.587885,0.508751,0.927729,0.930567,0.950854,0.933433,0.797099,0.751058,0.524943,0.911394,spectrum_fno48_floor6_smooth1_qc_peak4_fieldloss
run48_sparc_1360,sparc_1360,0.599904,0.604872,0.805022,0.563799,0.576442,0.595060,0.676753,0.542823,0.912939,0.913795,0.939342,0.918518,0.711204,0.561885,0.707566,0.897455,spectrum_fno48_floor6_smooth1_qc_peak4_fieldloss
run48_sparc_1401,sparc_1401,0.917910,0.955855,0.865195,0.876075,0.891476,0.922293,0.837801,0.867563,0.853646,0.805236,0.879778,0.835037,0.978411,0.979451,0.919490,0.976519,spectrum_fno48_floor6_smooth1_qc_mhi100
run48_sparc_1409,sparc_1409,0.724247,0.695220,0.743753,0.654609,0.714482,0.687846,0.720771,0.649028,0.925467,0.917099,0.938620,0.922882,0.803319,0.602780,0.845579,0.848776,spectrum_fno48_floor6_smooth1_qc_peak4_fieldloss
run48_sparc_1413,sparc_1413,0.590117,0.529355,0.646039,0.576179,0.556834,0.528297,0.605567,0.557199,0.928972,0.931138,0.952454,0.927522,0.886368,0.918588,0.733988,0.921879,spectrum_fno48_floor6_smooth1_qc
run48_sparc_1420,sparc_1420,0.577889,0.529322,0.647556,0.505737,0.555553,0.510640,0.619405,0.503683,0.914137,0.909730,0.939057,0.906572,0.910069,0.643214,0.883378,0.894487,spectrum_fno48_floor6_smooth1_qc_peak4_fieldloss
run48_sparc_1423,sparc_1423,0.679565,0.624979,0.708141,0.580822,0.654852,0.624977,0.705895,0.578932,0.911606,0.905821,0.938999,0.912398,0.915872,0.594144,0.809601,0.947376,spectrum_fno48_floor6_smooth1_qc_peak4_fieldloss
run48_sparc_1427,sparc_1427,0.683923,0.617856,0.714082,0.623985,0.640322,0.615708,0.685457,0.609699,0.906283,0.916247,0.945997,0.920961,0.915292,0.751253,0.802423,0.945594,spectrum_fno48_floor6_smooth1_qc
run48_sparc_1500,sparc_1500,0.399993,0.404887,0.522614,0.393007,0.398324,0.372561,0.521188,0.392990,0.992267,0.993755,0.993882,0.991359,0.711864,0.682381,0.784437,0.878375,spectrum_fno48_floor6_smooth1_qc_peak4_fieldloss
run48_sparc_1501,sparc_1501,0.815399,0.913351,0.760454,0.818830,0.811565,0.868734,0.729317,0.786754,0.904304,0.857229,0.949736,0.869157,0.973808,0.978132,0.715181,0.969108,spectrum_fno48_floor6_smooth1_qc_mhi100
run48_sparc_1503,sparc_1503,0.621072,0.641226,0.692524,0.597339,0.616825,0.634148,0.686952,0.590176,0.933851,0.932940,0.955312,0.932789,0.861476,0.788620,0.716616,0.934420,spectrum_fno48_floor6_smooth1_qc_peak4_fieldloss
run48_sparc_1508,sparc_1508,0.616087,0.661446,0.757749,0.538648,0.614793,0.645646,0.738600,0.537373,0.922500,0.912630,0.942343,0.919851,0.829434,0.866685,0.902555,0.892037,spectrum_fno48_floor6_smooth1_qc_peak4_fieldloss
run48_sparc_1516,sparc_1516,0.553595,0.548188,0.623452,0.532556,0.531150,0.529366,0.605567,0.519828,0.935109,0.932580,0.953651,0.936087,0.718718,0.756309,0.719861,0.840550,spectrum_fno48_floor6_smooth1_qc_peak4_fieldloss
run48_sparc_1520,sparc_1520,0.614699,0.572039,0.723316,0.562149,0.596291,0.562095,0.679771,0.538482,0.912797,0.905973,0.931075,0.904729,0.926208,0.647068,0.905885,0.855098,spectrum_fno48_floor6_smooth1_qc_peak4_fieldloss
run48_sparc_1528,sparc_1528,0.699595,0.693258,0.778022,0.675751,0.677632,0.689137,0.767678,0.672018,0.927179,0.918581,0.941159,0.921858,0.826054,0.768106,0.852138,0.904405,spectrum_fno48_floor6_smooth1_qc_peak4_fieldloss
run49_sparc_1302,sparc_1302,0.999760,1.081111,0.831666,1.075047,0.922447,0.961515,0.823593,0.933706,0.877804,0.833824,0.927397,0.883519,0.985180,0.980741,0.947340,0.983562,spectrum_fno48_floor6_smooth1_qc_mhi100
run49_sparc_1303,sparc_1303,0.813111,0.745591,0.732610,0.731695,0.794781,0.728263,0.725843,0.726919,0.939868,0.947013,0.958235,0.934747,0.977870,0.948572,0.902036,0.979071,spectrum_fno48_floor6_smooth1_qc_peak4_fieldloss
run49_sparc_1304,sparc_1304,0.794728,0.829262,0.790201,0.821295,0.782976,0.805897,0.774990,0.804177,0.935654,0.928303,0.942278,0.931841,0.962847,0.945351,0.889228,0.964605,spectrum_fno48_floor6_smooth1_qc_mhi100
run49_sparc_1309,sparc_1309,1.343225,1.245625,1.005262,0.959529,0.939012,0.909233,0.889568,0.853604,0.709609,0.721497,0.836574,0.798789,0.929658,0.921574,0.871901,0.931787,spectrum_fno48_floor6_smooth1_qc_peak4_fieldloss
run49_sparc_1311,sparc_1311,0.974128,0.995604,1.111144,0.923676,0.858260,0.903744,0.878508,0.831919,0.885815,0.880136,0.898815,0.892328,0.951037,0.925367,0.957868,0.971679,spectrum_fno48_floor6_smooth1_qc_peak4_fieldloss
run49_sparc_1349,sparc_1349,1.030024,1.045118,1.092371,1.071128,0.892458,0.896919,0.882760,0.895482,0.888397,0.883849,0.915735,0.880458,0.949412,0.943668,0.955355,0.978391,spectrum_fno48_floor6_smooth1_qc_peak4
run49_sparc_1352,sparc_1352,0.755058,0.807357,0.804640,0.798258,0.724305,0.769924,0.759820,0.728834,0.850771,0.858053,0.870628,0.844730,0.899202,0.780085,0.811650,0.925838,spectrum_fno48_floor6_smooth1_qc_peak4
run49_sparc_1356,sparc_1356,1.033495,1.072892,0.942435,1.047839,0.877608,0.875353,0.847926,0.886742,0.864942,0.844627,0.907031,0.833007,0.944132,0.938961,0.871056,0.947366,spectrum_fno48_floor6_smooth1_qc_mhi100
run49_sparc_1359,sparc_1359,1.362113,1.260174,1.148786,1.501139,0.972941,0.976924,0.950019,0.974094,0.905101,0.899980,0.940558,0.881944,0.958884,0.967487,0.831891,0.930125,spectrum_fno48_floor6_smooth1_qc_mhi100
run49_sparc_1363,sparc_1363,1.068750,0.987783,0.917475,1.078829,0.895926,0.880740,0.857324,0.910146,0.878573,0.865246,0.899092,0.842392,0.910751,0.833560,0.809383,0.951692,spectrum_fno48_floor6_smooth1_qc_mhi100
run49_sparc_1365,sparc_1365,1.096938,1.115555,1.179166,1.239271,0.954731,0.966730,0.942715,0.949359,0.885291,0.880022,0.921220,0.881393,0.955817,0.881556,0.911998,0.982198,spectrum_fno48_floor6_smooth1_qc_peak4
run49_sparc_1403,sparc_1403,0.813949,0.725763,0.727858,0.701930,0.794397,0.719178,0.727737,0.701620,0.943403,0.950701,0.954753,0.933150,0.971882,0.917087,0.662710,0.971181,spectrum_fno48_floor6_smooth1_qc_peak4_fieldloss
run49_sparc_1404,sparc_1404,0.785900,0.745473,0.730816,0.785446,0.773195,0.740167,0.718354,0.773813,0.928761,0.924161,0.952565,0.926259,0.963719,0.905709,0.891653,0.961334,spectrum_fno48_floor6_smooth1_qc_mhi100
run49_sparc_1412,sparc_1412,1.129351,1.157730,1.029918,1.186970,0.877292,0.887428,0.884222,0.880344,0.905164,0.896348,0.944008,0.894491,0.910078,0.883968,0.784952,0.940943,spectrum_fno48_floor6_smooth1_qc_mhi100
run49_sparc_1416,sparc_1416,1.231902,1.314272,1.009290,1.473156,0.902597,0.906202,0.879955,0.913235,0.880272,0.883114,0.885972,0.854385,0.870423,0.835053,0.846349,0.960032,spectrum_fno48_floor6_smooth1_qc_mhi100
run49_sparc_1418,sparc_1418,1.269490,1.269987,1.003408,1.219065,0.930115,0.930650,0.906156,0.937249,0.853838,0.859069,0.906298,0.815581,0.950447,0.948859,0.917590,0.968314,spectrum_fno48_floor6_smooth1_qc_mhi100
run49_sparc_1424,sparc_1424,0.906976,0.863110,0.836201,0.859577,0.825204,0.827959,0.783799,0.809859,0.918904,0.907536,0.941029,0.910879,0.963073,0.937218,0.928855,0.930841,spectrum_fno48_floor6_smooth1_qc_mhi100
run49_sparc_1425,sparc_1425,1.085516,0.914521,0.887018,0.934224,0.820720,0.779345,0.756263,0.834394,0.873314,0.894955,0.857279,0.857828,0.970943,0.959770,0.937520,0.968740,spectrum_fno48_floor6_smooth1_qc_mhi100
run49_sparc_1428,sparc_1428,0.801939,0.794550,0.759960,0.748761,0.755284,0.792761,0.732556,0.748680,0.921731,0.872755,0.912630,0.902840,0.957300,0.960904,0.879400,0.957381,spectrum_fno48_floor6_smooth1_qc_peak4_fieldloss
run49_sparc_1429,sparc_1429,1.074773,1.007187,0.861074,0.989766,0.893325,0.925462,0.706610,0.903122,0.872209,0.851096,0.915771,0.864054,0.981373,0.971647,0.911565,0.981950,spectrum_fno48_floor6_smooth1_qc_mhi100
run49_sparc_1505,sparc_1505,0.818979,0.772706,0.764128,0.741306,0.805038,0.767576,0.763707,0.741239,0.920909,0.932977,0.951770,0.936381,0.971126,0.927697,0.895965,0.964596,spectrum_fno48_floor6_smooth1_qc_peak4_fieldloss
run49_sparc_1510,sparc_1510,1.494737,1.225306,1.307813,1.411538,0.901501,0.901500,0.897189,0.894936,0.867157,0.874770,0.933114,0.881181,0.905902,0.823831,0.824339,0.939928,spectrum_fno48_floor6_smooth1_qc
run49_sparc_1512,sparc_1512,1.876718,1.251692,1.121652,2.019535,0.871029,0.864469,0.877287,0.884519,0.887918,0.889607,0.919398,0.871630,0.952252,0.833006,0.933083,0.968663,spectrum_fno48_floor6_smooth1_qc_mhi100
run49_sparc_1515,sparc_1515,1.417485,1.394793,1.142598,1.406504,0.936787,0.939589,0.919825,0.942430,0.896784,0.898046,0.919489,0.869996,0.882683,0.822656,0.802054,0.948704,spectrum_fno48_floor6_smooth1_qc_mhi100
run49_sparc_1516,sparc_1516,1.272121,1.228596,1.071997,1.521616,0.908909,0.911046,0.886792,0.914992,0.889845,0.889610,0.919747,0.854151,0.975370,0.962328,0.946992,0.959162,spectrum_fno48_floor6_smooth1_qc_mhi100
run49_sparc_1517,sparc_1517,1.164321,1.204737,0.973196,1.203402,0.936400,0.939089,0.918557,0.946254,0.868109,0.874430,0.928493,0.818927,0.965747,0.933088,0.942468,0.987805,spectrum_fno48_floor6_smooth1_qc_mhi100
run49_sparc_1519,sparc_1519,1.437868,1.465072,1.242743,1.431884,0.976076,0.976471,0.962059,0.977618,0.890812,0.885848,0.933905,0.866409,0.954496,0.965644,0.905246,0.962733,spectrum_fno48_floor6_smooth1_qc_mhi100
run4_sparc_1301,sparc_1301,0.662551,0.729943,0.755315,0.605101,0.631234,0.713231,0.707355,0.592938,0.887256,0.805221,0.913290,0.837581,0.933291,0.884971,0.887815,0.938635,spectrum_fno48_floor6_smooth1_qc_peak4_fieldloss
run4_sparc_1305,sparc_1305,0.667375,0.807722,1.095127,0.594545,0.659201,0.740999,0.856125,0.586713,0.889091,0.866232,0.790172,0.906344,0.911024,0.841308,0.861170,0.913988,spectrum_fno48_floor6_smooth1_qc_peak4_fieldloss
run4_sparc_1309,sparc_1309,0.665813,0.916050,0.806851,0.535504,0.622505,0.801451,0.744809,0.532784,0.913278,0.897422,0.924181,0.915228,0.890518,0.947750,0.935293,0.890076,spectrum_fno48_floor6_smooth1_qc_peak4_fieldloss
run4_sparc_1314,sparc_1314,0.491720,0.535022,0.655964,0.469851,0.490973,0.534166,0.632578,0.469764,0.926519,0.929697,0.952324,0.927442,0.712131,0.560137,0.652674,0.846697,spectrum_fno48_floor6_smooth1_qc_peak4_fieldloss
run4_sparc_1315,sparc_1315,0.490857,0.538877,0.627436,0.472369,0.489763,0.538376,0.623130,0.469186,0.919985,0.923483,0.948655,0.926349,0.688042,0.545711,0.541222,0.841264,spectrum_fno48_floor6_smooth1_qc_peak4_fieldloss
run4_sparc_1356,sparc_1356,0.605515,0.729303,0.708317,0.443602,0.573341,0.650661,0.683954,0.443456,0.909895,0.907622,0.930818,0.903122,0.881971,0.782820,0.751302,0.838647,spectrum_fno48_floor6_smooth1_qc_peak4_fieldloss
run4_sparc_1357,sparc_1357,0.638363,1.023500,0.914638,0.519239,0.581780,0.773241,0.717812,0.500736,0.908902,0.897873,0.931486,0.909924,0.776889,0.940388,0.843192,0.911741,spectrum_fno48_floor6_smooth1_qc_peak4_fieldloss
run4_sparc_1358,sparc_1358,0.502548,0.576460,0.617896,0.423669,0.495686,0.556492,0.596878,0.423666,0.894657,0.891949,0.924983,0.887199,0.896608,0.672977,0.507129,0.892339,spectrum_fno48_floor6_smooth1_qc_peak4_fieldloss
run4_sparc_1361,sparc_1361,0.516336,0.491715,0.618017,0.414012,0.498780,0.488234,0.589000,0.412266,0.902369,0.899569,0.931680,0.898832,0.884455,0.444998,0.775472,0.895318,spectrum_fno48_floor6_smooth1_qc_peak4_fieldloss
run4_sparc_1415,sparc_1415,0.556097,0.599054,0.762099,0.583833,0.510781,0.529860,0.660708,0.513100,0.933472,0.933500,0.951019,0.930657,0.587022,0.605571,0.508777,0.906325,spectrum_fno48_floor6_smooth1_qc_peak4
run4_sparc_1422,sparc_1422,0.642355,0.679608,0.770637,0.514926,0.592447,0.645722,0.713952,0.505699,0.907459,0.910344,0.939619,0.905513,0.841100,0.708661,0.752658,0.862914,spectrum_fno48_floor6_smooth1_qc_peak4_fieldloss
run4_sparc_1427,sparc_1427,0.757899,0.790113,0.790206,0.653135,0.736340,0.783581,0.786969,0.652738,0.905324,0.876872,0.929613,0.893083,0.801696,0.729674,0.766188,0.951095,spectrum_fno48_floor6_smooth1_qc_peak4_fieldloss
run4_sparc_1441,sparc_1441,0.714277,0.809732,0.893475,0.532192,0.642394,0.728945,0.771562,0.531711,0.925549,0.910363,0.925953,0.923354,0.939850,0.897733,0.909680,0.970239,spectrum_fno48_floor6_smooth1_qc_peak4_fieldloss
run4_sparc_1500,sparc_1500,0.465910,0.657069,0.618029,0.456050,0.438453,0.554332,0.603133,0.447968,0.987301,0.989194,0.987882,0.979357,0.693031,0.615681,0.759414,0.962990,spectrum_fno48_floor6_smooth1_qc_peak4_fieldloss
run4_sparc_1507,sparc_1507,1.525240,1.841751,1.984213,1.192685,0.914024,0.906080,0.966141,0.863433,0.911951,0.911122,0.917843,0.903454,0.734147,0.804500,0.933351,0.896693,spectrum_fno48_floor6_smooth1_qc_peak4_fieldloss
run4_sparc_1511,sparc_1511,0.586783,0.568977,0.665294,0.519626,0.556916,0.551407,0.618436,0.507428,0.932661,0.935796,0.956571,0.936538,0.696045,0.691623,0.501484,0.935213,spectrum_fno48_floor6_smooth1_qc_peak4_fieldloss
run4_sparc_1512,sparc_1512,0.602006,0.576240,0.691569,0.527723,0.571385,0.551715,0.624900,0.511775,0.934176,0.935824,0.957044,0.934241,0.692948,0.725256,0.584711,0.941805,spectrum_fno48_floor6_smooth1_qc_peak4_fieldloss
run4_sparc_1518,sparc_1518,0.565962,0.597957,0.691122,0.503774,0.532767,0.555390,0.658021,0.480656,0.921611,0.921594,0.947032,0.917876,0.744964,0.539438,0.601217,0.877684,spectrum_fno48_floor6_smooth1_qc_peak4_fieldloss
run4_sparc_1519,sparc_1519,0.607094,0.594908,0.758192,0.519566,0.590256,0.578031,0.716857,0.497875,0.898760,0.894005,0.930920,0.891983,0.923291,0.818332,0.893548,0.880921,spectrum_fno48_floor6_smooth1_qc_peak4_fieldloss
run4_sparc_1529,sparc_1529,0.957204,1.543136,1.989479,0.733774,0.671332,0.825764,0.913881,0.594530,0.878556,0.867007,0.860975,0.871195,0.907254,0.947869,0.874414,0.854561,spectrum_fno48_floor6_smooth1_qc_peak4_fieldloss
run4_sparc_1593,sparc_1593,0.922667,1.294902,0.935334,0.439739,0.666355,0.786905,0.732280,0.437544,0.920183,0.906675,0.921756,0.904526,0.905214,0.944889,0.811223,0.909771,spectrum_fno48_floor6_smooth1_qc_peak4_fieldloss
run50_sparc_1300,sparc_1300,0.664427,0.626069,0.769612,0.490151,0.628253,0.612723,0.724314,0.487959,0.972698,0.967327,0.973305,0.961767,0.950923,0.978899,0.936968,0.975126,spectrum_fno48_floor6_smooth1_qc_peak4_fieldloss
run50_sparc_1301,sparc_1301,0.730041,0.763611,0.858584,0.592832,0.620489,0.757133,0.782294,0.552987,0.941648,0.926485,0.945913,0.934866,0.930843,0.770797,0.896974,0.928911,spectrum_fno48_floor6_smooth1_qc_peak4_fieldloss
run50_sparc_1305,sparc_1305,1.031450,1.004720,1.279752,0.975739,0.842463,0.834196,0.965539,0.788167,0.912011,0.900691,0.934214,0.908291,0.894408,0.861994,0.897041,0.938409,spectrum_fno48_floor6_smooth1_qc_peak4_fieldloss
run50_sparc_1306,sparc_1306,1.201220,1.446458,1.255466,1.222373,0.917869,0.930530,0.957099,0.865032,0.853887,0.863002,0.906357,0.882307,0.927618,0.786663,0.916954,0.950260,spectrum_fno48_floor6_smooth1_qc_peak4
run50_sparc_1307,sparc_1307,1.249903,1.221025,1.311300,1.087137,0.849469,0.813804,0.895535,0.815285,0.894785,0.906517,0.896767,0.901928,0.884049,0.777405,0.904926,0.922781,spectrum_fno48_floor6_smooth1_qc_peak4_fieldloss
run50_sparc_1316,sparc_1316,0.726951,0.472449,0.870904,0.569568,0.635059,0.466715,0.717828,0.533965,0.881642,0.877102,0.917134,0.881955,0.786314,0.640949,0.621237,0.909821,spectrum_fno48_floor6_smooth1_qc
run50_sparc_1350,sparc_1350,0.731222,0.509492,0.785192,0.580907,0.637157,0.488480,0.688180,0.544359,0.907243,0.909667,0.939466,0.916001,0.735612,0.359111,0.647426,0.900977,spectrum_fno48_floor6_smooth1_qc
run50_sparc_1356,sparc_1356,0.777374,0.640390,0.965043,0.578739,0.665297,0.606183,0.768645,0.551765,0.885400,0.883164,0.916714,0.890945,0.845026,0.225782,0.878151,0.892019,spectrum_fno48_floor6_smooth1_qc_peak4_fieldloss
run50_sparc_1357,sparc_1357,0.711644,0.517838,0.869239,0.555048,0.656066,0.505564,0.753697,0.550659,0.879052,0.878336,0.903644,0.882571,0.801701,0.366601,0.864294,0.868924,spectrum_fno48_floor6_smooth1_qc
run50_sparc_1358,sparc_1358,0.789159,0.553461,0.815012,0.571907,0.663343,0.553456,0.707795,0.542694,0.873464,0.869698,0.913663,0.868560,0.885402,0.291394,0.734651,0.890134,spectrum_fno48_floor6_smooth1_qc
run50_sparc_1361,sparc_1361,0.777923,0.585998,0.827240,0.569453,0.661756,0.549789,0.722725,0.530881,0.881166,0.881611,0.922892,0.874519,0.877095,0.215083,0.693490,0.900558,spectrum_fno48_floor6_smooth1_qc_peak4_fieldloss
run50_sparc_1413,sparc_1413,0.799246,0.715669,0.933631,0.579893,0.654470,0.579757,0.724367,0.536470,0.908478,0.909405,0.936788,0.911568,0.807515,0.401030,0.833804,0.906317,spectrum_fno48_floor6_smooth1_qc_peak4_fieldloss
run50_sparc_1415,sparc_1415,0.764110,0.508754,0.834468,0.556685,0.674170,0.502341,0.721464,0.538380,0.906701,0.906729,0.919797,0.908663,0.864257,0.286969,0.782790,0.920493,spectrum_fno48_floor6_smooth1_qc
run50_sparc_1418,sparc_1418,0.786427,0.552722,0.860558,0.553518,0.697222,0.552055,0.750290,0.539578,0.890129,0.889070,0.913385,0.894256,0.893141,0.510327,0.824247,0.911482,spectrum_fno48_floor6_smooth1_qc
run50_sparc_1424,sparc_1424,1.023041,1.526044,1.430349,1.271872,0.788792,0.842913,0.942223,0.800528,0.913083,0.895220,0.934273,0.910301,0.812084,0.714510,0.902307,0.918347,spectrum_fno48_floor6_smooth1_qc_peak4
run50_sparc_1428,sparc_1428,2.087118,1.411384,1.996860,1.319481,0.971037,0.976437,0.987831,0.897432,0.880014,0.849985,0.892770,0.897831,0.896143,0.775047,0.951816,0.886712,spectrum_fno48_floor6_smooth1_qc_peak4_fieldloss
run50_sparc_1441,sparc_1441,1.374153,1.502096,1.269314,1.121675,0.873805,0.901850,0.965857,0.821091,0.939861,0.941843,0.959383,0.941241,0.727398,0.795894,0.412666,0.842376,spectrum_fno48_floor6_smooth1_qc_peak4_fieldloss
run50_sparc_1500,sparc_1500,0.704777,1.231666,0.920356,1.228607,0.701616,0.952906,0.843384,0.881984,0.973737,0.951381,0.971952,0.965342,0.974685,0.988438,0.961240,0.976828,spectrum_fno48_floor6_smooth1_qc_peak4
run50_sparc_1504,sparc_1504,0.876780,0.993830,1.279965,0.754776,0.824080,0.839039,0.943319,0.742523,0.835820,0.864617,0.884363,0.834929,0.974990,0.963761,0.967354,0.980072,spectrum_fno48_floor6_smooth1_qc_peak4_fieldloss
run50_sparc_1506,sparc_1506,1.372762,1.406395,1.339200,1.176029,0.888629,0.882662,0.972880,0.825309,0.937566,0.927309,0.944950,0.937071,0.844365,0.703463,0.943341,0.913015,spectrum_fno48_floor6_smooth1_qc_peak4_fieldloss
run50_sparc_1508,sparc_1508,1.329600,1.366795,1.555117,0.981176,0.839040,0.851135,0.935256,0.765374,0.909702,0.906850,0.893730,0.903648,0.783508,0.734849,0.877783,0.860495,spectrum_fno48_floor6_smooth1_qc_peak4_fieldloss
run50_sparc_1512,sparc_1512,0.749802,0.894190,0.888909,0.540981,0.662623,0.714291,0.735011,0.523447,0.910090,0.894791,0.932639,0.915508,0.894460,0.832221,0.784336,0.919020,spectrum_fno48_floor6_smooth1_qc_peak4_fieldloss
run50_sparc_1517,sparc_1517,0.800850,0.572186,0.863855,0.533688,0.692298,0.563481,0.745927,0.530173,0.886280,0.884558,0.917428,0.891691,0.886480,0.502443,0.769783,0.914708,spectrum_fno48_floor6_smooth1_qc_peak4_fieldloss
run50_sparc_1521,sparc_1521,1.216381,1.270489,1.663052,0.981022,0.867641,0.892322,0.927454,0.742193,0.802880,0.790821,0.839531,0.469902,0.982889,0.975590,0.977109,0.989142,spectrum_fno48_floor6_smooth1_qc_peak4_fieldloss
run50_sparc_1523,sparc_1523,1.122214,1.194700,1.110816,0.766264,0.806511,0.874143,0.873929,0.693255,0.854462,0.808472,0.897671,0.710759,0.970495,0.963065,0.962272,0.952526,spectrum_fno48_floor6_smooth1_qc_peak4_fieldloss
run50_sparc_1524,sparc_1524,1.108419,1.183889,1.005487,0.860478,0.839641,0.884731,0.891445,0.707696,0.863647,0.802003,0.885232,0.793626,0.972543,0.979579,0.977602,0.973875,spectrum_fno48_floor6_smooth1_qc_peak4_fieldloss
run50_sparc_1527,sparc_1527,1.098680,1.232084,1.570219,0.977028,0.834068,0.851688,0.963543,0.799664,0.911578,0.906980,0.946992,0.890877,0.669595,0.660248,0.832930,0.883249,spectrum_fno48_floor6_smooth1_qc_peak4_fieldloss
run50_sparc_1528,sparc_1528,1.265836,1.152614,1.733844,1.043458,0.865333,0.882612,0.978828,0.806362,0.787088,0.808903,0.755232,0.814244,0.787179,0.858325,0.922460,0.946510,spectrum_fno48_floor6_smooth1_qc_peak4_fieldloss
run51_sparc_1300,sparc_1300,0.745174,0.869732,0.692303,0.510887,0.733975,0.869679,0.691900,0.510886,0.991956,0.995146,0.995598,0.987867,0.599934,0.497863,0.942822,0.958939,spectrum_fno48_floor6_smooth1_qc_peak4_fieldloss
run51_sparc_1361,sparc_1361,1.638517,1.672459,0.895214,1.627811,0.983260,0.983912,0.877385,0.982958,0.909415,0.899912,0.912144,0.896985,0.927876,0.922532,0.921498,0.956366,spectrum_fno48_floor6_smooth1_qc_mhi100
run51_sparc_1412,sparc_1412,1.513148,1.505084,1.066090,1.352546,0.961331,0.963612,0.935994,0.960445,0.888514,0.876487,0.947290,0.878475,0.912589,0.897386,0.726864,0.960259,spectrum_fno48_floor6_smooth1_qc_mhi100
run51_sparc_1416,sparc_1416,1.631205,1.585276,0.830346,1.589558,0.948946,0.951956,0.796447,0.948963,0.908027,0.877501,0.938087,0.909933,0.980144,0.966114,0.908259,0.980560,spectrum_fno48_floor6_smooth1_qc_mhi100
run51_sparc_1417,sparc_1417,1.926295,1.789339,0.948038,1.905523,0.971581,0.972361,0.882167,0.971541,0.903697,0.892413,0.938595,0.903480,0.972376,0.960017,0.772881,0.974477,spectrum_fno48_floor6_smooth1_qc_mhi100
run51_sparc_1419,sparc_1419,1.394564,1.408818,0.867594,1.311185,0.971720,0.973134,0.845817,0.971623,0.906496,0.881901,0.937965,0.901034,0.970447,0.979033,0.775977,0.980679,spectrum_fno48_floor6_smooth1_qc_mhi100
run51_sparc_1423,sparc_1423,0.888674,0.889795,0.870541,0.869020,0.871358,0.877114,0.824929,0.849417,0.763459,0.824682,0.828081,0.690934,0.968638,0.931095,0.935981,0.943076,spectrum_fno48_floor6_smooth1_qc_peak4_fieldloss
run51_sparc_1425,sparc_1425,0.925638,0.917109,0.787562,0.934572,0.754845,0.801964,0.734612,0.795802,0.905459,0.895598,0.940110,0.838655,0.940918,0.945720,0.882315,0.962780,spectrum_fno48_floor6_smooth1_qc_mhi100
run51_sparc_1441,sparc_1441,0.845973,0.817288,0.748061,0.653559,0.816237,0.801056,0.726174,0.652968,0.928663,0.935601,0.970895,0.937603,0.963302,0.935858,0.731322,0.823889,spectrum_fno48_floor6_smooth1_qc_peak4_fieldloss
run51_sparc_1501,sparc_1501,1.105332,1.166199,0.873453,1.128889,0.976790,0.975116,0.792883,0.976751,0.965428,0.968464,0.965052,0.939425,0.948338,0.946414,0.945116,0.985180,spectrum_fno48_floor6_smooth1_qc_mhi100
run51_sparc_1503,sparc_1503,0.885681,0.802789,0.781492,0.715552,0.833871,0.790842,0.752400,0.704177,0.914842,0.930206,0.949235,0.919063,0.975092,0.952655,0.938782,0.966753,spectrum_fno48_floor6_smooth1_qc_peak4_fieldloss
run51_sparc_1507,sparc_1507,0.826090,0.792163,0.743304,0.790614,0.815196,0.782405,0.742398,0.787237,0.923563,0.934560,0.940378,0.908623,0.973090,0.959646,0.935265,0.938224,spectrum_fno48_floor6_smooth1_qc_mhi100
run51_sparc_1509,sparc_1509,1.160804,1.159965,1.308668,1.294016,0.974932,0.976383,0.948861,0.971909,0.895292,0.877235,0.903465,0.865209,0.929701,0.945853,0.837174,0.971703,spectrum_fno48_floor6_smooth1_qc
run51_sparc_1515,sparc_1515,1.648674,1.815878,0.865752,1.770335,0.949317,0.951756,0.860181,0.948883,0.883670,0.884189,0.932253,0.879672,0.940484,0.902086,0.845023,0.958805,spectrum_fno48_floor6_smooth1_qc_mhi100
run51_sparc_1518,sparc_1518,1.437655,1.459323,0.834916,1.416142,0.970912,0.971479,0.834386,0.970397,0.892809,0.891390,0.924451,0.897282,0.944488,0.936564,0.913164,0.956926,spectrum_fno48_floor6_smooth1_qc_mhi100
run51_sparc_1519,sparc_1519,1.519874,1.679637,0.828615,1.471509,0.981840,0.982938,0.810187,0.981903,0.899927,0.866317,0.936731,0.898323,0.944935,0.957065,0.836769,0.959908,spectrum_fno48_floor6_smooth1_qc_mhi100
run51_sparc_1523,sparc_1523,1.296170,1.388309,0.876203,1.100382,0.976307,0.977317,0.828811,0.977489,0.864334,0.845115,0.911611,0.859796,0.892104,0.865494,0.915621,0.906003,spectrum_fno48_floor6_smooth1_qc_mhi100
run51_sparc_1527,sparc_1527,0.857583,0.821403,0.777420,0.890616,0.833908,0.821374,0.777139,0.857824,0.887648,0.901059,0.927243,0.867127,0.971521,0.945849,0.857563,0.981802,spectrum_fno48_floor6_smooth1_qc_mhi100
run51_sparc_1528,sparc_1528,0.907812,0.928755,0.768461,0.963448,0.895267,0.915016,0.767944,0.927993,0.879013,0.876872,0.892728,0.827541,0.975558,0.955177,0.876213,0.979559,spectrum_fno48_floor6_smooth1_qc_mhi100
run51_sparc_1593,sparc_1593,0.858824,0.821351,0.733513,0.748339,0.833307,0.807675,0.727587,0.739791,0.885120,0.909755,0.941786,0.886843,0.970610,0.952547,0.899551,0.964615,spectrum_fno48_floor6_smooth1_qc_mhi100
run52_sparc_1303,sparc_1303,0.972173,1.094343,1.114036,0.891227,0.823827,0.830191,0.913830,0.766726,0.933359,0.929225,0.922093,0.909575,0.969360,0.972416,0.965850,0.978495,spectrum_fno48_floor6_smooth1_qc_peak4_fieldloss
run52_sparc_1307,sparc_1307,1.128704,1.163929,1.081890,0.893382,0.784598,0.776752,0.850971,0.719528,0.911660,0.916875,0.930037,0.917156,0.936589,0.913518,0.959913,0.962724,spectrum_fno48_floor6_smooth1_qc_peak4_fieldloss
run52_sparc_1310,sparc_1310,0.755387,0.676455,0.959693,0.576447,0.673702,0.617507,0.822154,0.552614,0.870492,0.904901,0.920539,0.887956,0.902473,0.698991,0.788174,0.941046,spectrum_fno48_floor6_smooth1_qc_peak4_fieldloss
run52_sparc_1316,sparc_1316,0.637706,0.515334,0.770595,0.565778,0.597152,0.515229,0.714385,0.545336,0.893268,0.889166,0.917072,0.878531,0.804079,0.693243,0.575807,0.964655,spectrum_fno48_floor6_smooth1_qc
run52_sparc_1317,sparc_1317,0.638866,0.493176,0.824835,0.559475,0.596762,0.492916,0.751018,0.538181,0.907951,0.910092,0.935270,0.912819,0.712825,0.467185,0.693093,0.958349,spectrum_fno48_floor6_smooth1_qc
run52_sparc_1350,sparc_1350,0.584732,0.473640,0.746367,0.585496,0.554203,0.472879,0.686796,0.549203,0.915990,0.919840,0.941883,0.917783,0.677940,0.793240,0.442123,0.916922,spectrum_fno48_floor6_smooth1_qc
run52_sparc_1354,sparc_1354,0.576225,0.471859,0.728117,0.469743,0.562335,0.459280,0.659650,0.469736,0.892166,0.892521,0.917890,0.890888,0.942504,0.826464,0.838126,0.933606,spectrum_fno48_floor6_smooth1_qc_peak4_fieldloss
run52_sparc_1357,sparc_1357,0.661831,0.664945,0.964329,0.526641,0.627741,0.636231,0.786150,0.525751,0.893661,0.898441,0.923377,0.897963,0.698277,0.706930,0.783535,0.913949,spectrum_fno48_floor6_smooth1_qc_peak4_fieldloss
run52_sparc_1361,sparc_1361,0.571694,0.549187,0.783777,0.450644,0.569533,0.544122,0.701387,0.448354,0.908047,0.906209,0.933625,0.908609,0.940470,0.459873,0.849786,0.938149,spectrum_fno48_floor6_smooth1_qc_peak4_fieldloss
run52_sparc_1362,sparc_1362,0.558416,0.537284,0.755386,0.445699,0.552943,0.535970,0.706200,0.445488,0.897799,0.891495,0.919810,0.894647,0.945885,0.454901,0.876885,0.961686,spectrum_fno48_floor6_smooth1_qc_peak4_fieldloss
run52_sparc_1363,sparc_1363,0.639203,0.581201,0.790470,0.504034,0.623124,0.571859,0.754860,0.497391,0.901604,0.889128,0.921722,0.898478,0.899893,0.710905,0.861986,0.965581,spectrum_fno48_floor6_smooth1_qc_peak4_fieldloss
run52_sparc_1400,sparc_1400,0.497926,0.520604,0.654960,0.501591,0.494699,0.520604,0.568495,0.492446,0.990853,0.987886,0.986005,0.977104,0.795982,0.816919,0.761588,0.927070,spectrum_fno48_floor6_smooth1_qc_peak4
run52_sparc_1402,sparc_1402,0.786160,0.852699,1.017803,0.783937,0.684386,0.710129,0.937160,0.684565,0.930806,0.937455,0.952269,0.919509,0.743619,0.664253,0.455093,0.894194,spectrum_fno48_floor6_smooth1_qc_peak4_fieldloss
run52_sparc_1411,sparc_1411,0.673807,0.578411,0.812753,0.596080,0.616385,0.570385,0.778025,0.563463,0.916498,0.911335,0.933314,0.917400,0.800893,0.505589,0.501071,0.883014,spectrum_fno48_floor6_smooth1_qc
run52_sparc_1420,sparc_1420,0.646743,0.630390,0.753914,0.525807,0.629454,0.624513,0.716628,0.525129,0.893342,0.885272,0.913157,0.886300,0.919382,0.683814,0.839742,0.923136,spectrum_fno48_floor6_smooth1_qc_peak4_fieldloss
run52_sparc_1429,sparc_1429,1.328774,1.399252,1.281540,1.222837,0.834141,0.870684,0.959123,0.813871,0.905299,0.889535,0.904647,0.895416,0.804378,0.852270,0.712966,0.900066,spectrum_fno48_floor6_smooth1_qc_peak4_fieldloss
run52_sparc_1440,sparc_1440,0.877364,1.106554,1.524138,0.711152,0.720074,0.770056,0.890281,0.628115,0.943139,0.937825,0.953608,0.931735,0.924403,0.951352,0.935682,0.962815,spectrum_fno48_floor6_smooth1_qc_peak4_fieldloss
run52_sparc_1441,sparc_1441,0.888598,1.086567,1.558222,0.746019,0.729003,0.781116,0.892726,0.638011,0.945724,0.939338,0.955234,0.934819,0.913858,0.946685,0.928782,0.959077,spectrum_fno48_floor6_smooth1_qc_peak4_fieldloss
run52_sparc_1503,sparc_1503,0.932811,0.959298,1.353761,0.729080,0.760447,0.745700,0.908710,0.685669,0.936939,0.935569,0.952547,0.928116,0.799975,0.733473,0.740641,0.971225,spectrum_fno48_floor6_smooth1_qc_peak4_fieldloss
run52_sparc_1513,sparc_1513,0.579664,0.530572,0.771658,0.527550,0.573817,0.527856,0.729528,0.526736,0.914172,0.913071,0.935544,0.912716,0.851717,0.438689,0.497226,0.909027,spectrum_fno48_floor6_smooth1_qc_peak4_fieldloss
run52_sparc_1514,sparc_1514,0.618070,0.541779,0.815506,0.558948,0.601897,0.540531,0.746946,0.548976,0.906006,0.904379,0.929817,0.902503,0.825436,0.435698,0.522840,0.904391,spectrum_fno48_floor6_smooth1_qc
run52_sparc_1520,sparc_1520,0.729377,0.699835,0.886216,0.562325,0.657436,0.649977,0.754442,0.540285,0.893134,0.898328,0.925399,0.886917,0.769494,0.618283,0.762443,0.958263,spectrum_fno48_floor6_smooth1_qc_peak4_fieldloss
run52_sparc_1521,sparc_1521,0.690954,0.650758,0.816697,0.543476,0.644773,0.623965,0.748438,0.521882,0.893919,0.892615,0.922321,0.898632,0.872293,0.715713,0.830863,0.837003,spectrum_fno48_floor6_smooth1_qc_peak4_fieldloss
run52_sparc_1526,sparc_1526,1.227290,1.240294,1.638313,1.063800,0.859500,0.870523,0.959329,0.788592,0.922137,0.922852,0.930914,0.934238,0.757392,0.767873,0.823587,0.892040,spectrum_fno48_floor6_smooth1_qc_peak4_fieldloss
run52_sparc_1530,sparc_1530,0.682434,0.530996,0.681539,0.525056,0.611850,0.530988,0.651855,0.507110,0.919971,0.959100,0.807921,0.947368,0.976718,0.605306,0.971353,0.969942,spectrum_fno48_floor6_smooth1_qc_peak4_fieldloss
run53_sparc_1300,sparc_1300,0.417563,0.295661,0.364083,0.297357,0.371171,0.293745,0.360961,0.296181,0.996703,0.997176,0.997959,0.994430,0.389798,0.650517,0.666401,0.789241,spectrum_fno48_floor6_smooth1_qc
run53_sparc_1306,sparc_1306,0.744231,0.676402,0.774662,0.687985,0.715795,0.667039,0.772533,0.661594,0.880929,0.875874,0.922623,0.874822,0.942115,0.843110,0.935483,0.941752,spectrum_fno48_floor6_smooth1_qc
run53_sparc_1307,sparc_1307,0.755645,0.678986,0.997824,0.599318,0.709932,0.669076,0.875139,0.591176,0.850763,0.856367,0.705950,0.853945,0.947970,0.978706,0.975613,0.894482,spectrum_fno48_floor6_smooth1_qc_peak4_fieldloss
run53_sparc_1313,sparc_1313,0.659080,0.674762,0.642519,0.608838,0.649656,0.627199,0.631242,0.563430,0.927205,0.931169,0.959566,0.925096,0.686947,0.579036,0.531188,0.839960,spectrum_fno48_floor6_smooth1_qc_peak4_fieldloss
run53_sparc_1356,sparc_1356,0.729658,0.784202,0.720096,0.813625,0.716443,0.750869,0.706047,0.763029,0.917233,0.912393,0.923052,0.909000,0.909975,0.860533,0.701410,0.850448,spectrum_fno48_floor6_smooth1_qc_mhi100
run53_sparc_1358,sparc_1358,0.732333,0.680815,0.717822,0.694421,0.647778,0.626003,0.649940,0.622217,0.915298,0.916864,0.936425,0.915236,0.812952,0.741104,0.647279,0.928519,spectrum_fno48_floor6_smooth1_qc
run53_sparc_1361,sparc_1361,0.724311,0.723966,0.754296,0.733718,0.690558,0.706263,0.714716,0.698116,0.914204,0.902710,0.924611,0.911098,0.871231,0.837802,0.819813,0.959542,spectrum_fno48_floor6_smooth1_qc
run53_sparc_1362,sparc_1362,0.724737,0.742294,0.770754,0.730527,0.678693,0.684885,0.684833,0.675026,0.921847,0.912007,0.933397,0.917707,0.870095,0.804747,0.835696,0.917155,spectrum_fno48_floor6_smooth1_qc_peak4
run53_sparc_1400,sparc_1400,0.582371,0.619657,0.561639,0.520830,0.548531,0.436152,0.541162,0.520823,0.995621,0.996318,0.996381,0.994122,0.739225,0.611951,0.611855,0.947433,spectrum_fno48_floor6_smooth1_qc_peak4_fieldloss
run53_sparc_1407,sparc_1407,0.684662,0.686045,0.717755,0.657898,0.677299,0.681238,0.716998,0.653293,0.893420,0.880038,0.915203,0.887799,0.864676,0.691873,0.789691,0.965459,spectrum_fno48_floor6_smooth1_qc_peak4_fieldloss
run53_sparc_1409,sparc_1409,0.789727,0.799684,0.807531,0.643747,0.786009,0.767947,0.795631,0.618795,0.913741,0.886180,0.870281,0.916848,0.831482,0.903421,0.951094,0.806169,spectrum_fno48_floor6_smooth1_qc_peak4_fieldloss
run53_sparc_1411,sparc_1411,0.644042,0.740047,0.696712,0.612968,0.635092,0.697752,0.690937,0.611214,0.922651,0.920628,0.949339,0.919027,0.585476,0.698731,0.590809,0.888111,spectrum_fno48_floor6_smooth1_qc_peak4_fieldloss
run53_sparc_1412,sparc_1412,0.776925,0.835869,0.703444,0.626244,0.664167,0.732128,0.633421,0.589388,0.916858,0.911671,0.941185,0.918208,0.635105,0.837784,0.575800,0.892810,spectrum_fno48_floor6_smooth1_qc_peak4_fieldloss
run53_sparc_1413,sparc_1413,0.767741,0.867215,0.702000,0.625160,0.665197,0.722345,0.623908,0.587569,0.916747,0.911122,0.943094,0.918364,0.585037,0.803518,0.604033,0.908648,spectrum_fno48_floor6_smooth1_qc_peak4_fieldloss
run53_sparc_1424,sparc_1424,0.699637,0.688465,0.760927,0.624273,0.673072,0.671479,0.727929,0.619826,0.850997,0.868761,0.921075,0.837783,0.936873,0.901663,0.943895,0.929711,spectrum_fno48_floor6_smooth1_qc_peak4_fieldloss
run53_sparc_1427,sparc_1427,0.685016,0.709442,0.737637,0.705775,0.629131,0.658760,0.724943,0.654754,0.908685,0.883831,0.851326,0.893211,0.921423,0.829941,0.908757,0.954016,spectrum_fno48_floor6_smooth1_qc_peak4
run53_sparc_1428,sparc_1428,0.762207,0.736688,0.743829,0.719320,0.704370,0.697264,0.722203,0.691362,0.917807,0.922213,0.946300,0.921631,0.937622,0.911337,0.808737,0.936389,spectrum_fno48_floor6_smooth1_qc_peak4_fieldloss
run53_sparc_1440,sparc_1440,0.595881,0.604427,0.654071,0.526134,0.570706,0.591267,0.650504,0.519651,0.941880,0.939127,0.961537,0.940602,0.824925,0.588569,0.565073,0.743689,spectrum_fno48_floor6_smooth1_qc_peak4_fieldloss
run53_sparc_1500,sparc_1500,0.411811,0.446623,0.470106,0.366783,0.377048,0.342608,0.432276,0.351206,0.994287,0.994888,0.995492,0.992902,0.836481,0.739129,0.634585,0.956725,spectrum_fno48_floor6_smooth1_qc_peak4_fieldloss
run53_sparc_1503,sparc_1503,0.641604,0.673783,0.697675,0.622737,0.640524,0.671651,0.696525,0.622294,0.921662,0.917763,0.954908,0.931039,0.929593,0.741272,0.879106,0.950704,spectrum_fno48_floor6_smooth1_qc_peak4_fieldloss
run53_sparc_1513,sparc_1513,0.679885,0.718531,0.701405,0.610188,0.647954,0.713595,0.655228,0.595081,0.926040,0.921540,0.943362,0.922364,0.489921,0.718939,0.546615,0.911961,spectrum_fno48_floor6_smooth1_qc_peak4_fieldloss
run53_sparc_1514,sparc_1514,0.732965,0.796098,0.701781,0.572462,0.655548,0.702496,0.654394,0.567944,0.916558,0.913018,0.929570,0.912306,0.709863,0.785559,0.677044,0.832122,spectrum_fno48_floor6_smooth1_qc_peak4_fieldloss
run53_sparc_1518,sparc_1518,0.695247,0.633006,0.606561,0.544944,0.671982,0.603952,0.593789,0.526754,0.909776,0.901461,0.926857,0.908076,0.848212,0.666499,0.692912,0.841894,spectrum_fno48_floor6_smooth1_qc_peak4_fieldloss
run53_sparc_1524,sparc_1524,1.038036,1.158523,1.101234,0.975323,0.906687,0.932938,0.893988,0.880134,0.839196,0.834257,0.900924,0.839484,0.857790,0.895143,0.870617,0.810902,spectrum_fno48_floor6_smooth1_qc_peak4_fieldloss
run53_sparc_1527,sparc_1527,0.911477,0.875429,0.898148,0.929578,0.794669,0.803025,0.823722,0.824757,0.861691,0.863603,0.910818,0.870920,0.961732,0.894981,0.925372,0.974926,spectrum_fno48_floor6_smooth1_qc
run53_sparc_1529,sparc_1529,0.784692,0.826926,0.764837,0.653452,0.764727,0.802962,0.753152,0.653366,0.879181,0.879108,0.935769,0.874186,0.952961,0.916363,0.756031,0.931704,spectrum_fno48_floor6_smooth1_qc_peak4_fieldloss
run53_sparc_1593,sparc_1593,0.677824,0.739576,0.733324,0.677205,0.672943,0.738068,0.710136,0.676301,0.897944,0.892535,0.942820,0.914121,0.943234,0.823941,0.904187,0.967799,spectrum_fno48_floor6_smooth1_qc_peak4_fieldloss
run54_sparc_1301,sparc_1301,0.673198,0.963945,0.725992,0.549406,0.654920,0.866538,0.698282,0.548480,0.884119,0.838735,0.942183,0.869492,0.961310,0.979262,0.897614,0.934467,spectrum_fno48_floor6_smooth1_qc_peak4_fieldloss
run54_sparc_1305,sparc_1305,0.769076,0.893043,0.889522,0.619349,0.688388,0.852024,0.828353,0.606916,0.890247,0.816519,0.916393,0.903930,0.919825,0.937848,0.871330,0.964148,spectrum_fno48_floor6_smooth1_qc_peak4_fieldloss
run54_sparc_1319,sparc_1319,0.561246,0.550446,0.733357,0.490112,0.535688,0.544844,0.660230,0.480347,0.909941,0.902761,0.942163,0.900203,0.801553,0.802125,0.668983,0.846083,spectrum_fno48_floor6_smooth1_qc_peak4_fieldloss
run54_sparc_1350,sparc_1350,0.567061,0.525081,0.698178,0.538487,0.510960,0.502555,0.609495,0.509607,0.919079,0.917769,0.942892,0.915233,0.770091,0.795253,0.434091,0.908584,spectrum_fno48_floor6_smooth1_qc
run54_sparc_1354,sparc_1354,0.710435,0.598731,0.726979,0.681298,0.664167,0.598000,0.671719,0.646853,0.859749,0.857275,0.900911,0.847762,0.919665,0.834220,0.860684,0.923655,spectrum_fno48_floor6_smooth1_qc
run54_sparc_1356,sparc_1356,0.594773,0.537792,0.782430,0.498804,0.560758,0.537792,0.659611,0.494378,0.909128,0.898492,0.935531,0.906018,0.811882,0.723306,0.705363,0.846201,spectrum_fno48_floor6_smooth1_qc_peak4_fieldloss
run54_sparc_1365,sparc_1365,0.609935,0.571876,0.678006,0.517343,0.542726,0.534412,0.585815,0.466237,0.913162,0.913037,0.931792,0.912670,0.792105,0.512726,0.632192,0.858317,spectrum_fno48_floor6_smooth1_qc_peak4_fieldloss
run54_sparc_1406,sparc_1406,0.713868,1.073915,0.923844,0.583770,0.706494,0.906043,0.838058,0.556706,0.850311,0.715718,0.887050,0.893957,0.942348,0.981811,0.963229,0.981455,spectrum_fno48_floor6_smooth1_qc_peak4_fieldloss
run54_sparc_1410,sparc_1410,0.632735,0.636389,0.701911,0.554075,0.574088,0.589390,0.626003,0.529922,0.919367,0.915887,0.928023,0.920580,0.664700,0.436907,0.656067,0.891440,spectrum_fno48_floor6_smooth1_qc_peak4_fieldloss
run54_sparc_1427,sparc_1427,0.823233,0.812293,1.014389,0.704167,0.692485,0.793240,0.786725,0.671019,0.887293,0.866326,0.896522,0.881995,0.947606,0.913635,0.912832,0.966164,spectrum_fno48_floor6_smooth1_qc_peak4_fieldloss
run54_sparc_1440,sparc_1440,0.725610,0.934481,0.874230,0.521528,0.689684,0.841999,0.801213,0.519095,0.915399,0.864581,0.936617,0.921500,0.890306,0.943438,0.918087,0.821329,spectrum_fno48_floor6_smooth1_qc_peak4_fieldloss
run54_sparc_1507,sparc_1507,0.677565,0.806474,0.792532,0.542133,0.661053,0.739621,0.770773,0.535015,0.884658,0.846921,0.909052,0.893698,0.924258,0.957409,0.917530,0.928706,spectrum_fno48_floor6_smooth1_qc_peak4_fieldloss
run54_sparc_1508,sparc_1508,0.908603,1.166237,1.058747,0.902407,0.882323,0.948884,0.921187,0.836410,0.070908,-0.058549,0.437328,0.547442,0.984162,0.979758,0.982437,0.986580,spectrum_fno48_floor6_smooth1_qc_peak4_fieldloss
run54_sparc_1510,sparc_1510,0.611960,0.631179,0.727381,0.547211,0.578051,0.615871,0.654688,0.525747,0.926313,0.924845,0.947401,0.923584,0.571258,0.406426,0.547391,0.921315,spectrum_fno48_floor6_smooth1_qc_peak4_fieldloss
run54_sparc_1513,sparc_1513,0.551769,0.541141,0.620897,0.524694,0.527960,0.526788,0.604575,0.519113,0.927223,0.927820,0.946288,0.928131,0.737199,0.444569,0.579667,0.927401,spectrum_fno48_floor6_smooth1_qc_peak4_fieldloss
run54_sparc_1515,sparc_1515,0.530657,0.500262,0.606212,0.493459,0.527116,0.497047,0.604331,0.492494,0.925687,0.922189,0.941719,0.917413,0.781795,0.725959,0.547207,0.858982,spectrum_fno48_floor6_smooth1_qc_peak4_fieldloss
run54_sparc_1518,sparc_1518,0.557579,0.504556,0.706724,0.462682,0.502281,0.492419,0.638687,0.447334,0.914791,0.915312,0.937213,0.912421,0.905483,0.342034,0.819299,0.917157,spectrum_fno48_floor6_smooth1_qc_peak4_fieldloss
run54_sparc_1521,sparc_1521,0.616741,0.712152,0.767633,0.575569,0.593504,0.666615,0.686083,0.573918,0.900701,0.897696,0.928619,0.895982,0.937998,0.877440,0.882489,0.864381,spectrum_fno48_floor6_smooth1_qc_peak4_fieldloss
run54_sparc_1528,sparc_1528,0.628919,0.707275,0.810224,0.567096,0.621945,0.691437,0.770656,0.565983,0.885695,0.883345,0.910256,0.891511,0.925028,0.917955,0.943571,0.940536,spectrum_fno48_floor6_smooth1_qc_peak4_fieldloss
run54_sparc_1530,sparc_1530,0.795775,0.620009,0.948038,0.868067,0.795667,0.611985,0.920547,0.863040,0.706650,0.803317,0.594674,0.639933,0.993741,0.984911,0.994173,0.995174,spectrum_fno48_floor6_smooth1_qc
run55_sparc_1307,sparc_1307,1.031010,1.041366,1.023623,0.797914,0.822837,0.819020,0.866885,0.721108,0.850720,0.831199,0.878800,0.869692,0.880391,0.974993,0.987166,0.901467,spectrum_fno48_floor6_smooth1_qc_peak4_fieldloss
run55_sparc_1313,sparc_1313,0.841411,0.624680,0.707973,0.513361,0.777931,0.621793,0.693283,0.512135,0.900643,0.912986,0.941055,0.906425,0.859895,0.440363,0.653685,0.909886,spectrum_fno48_floor6_smooth1_qc_peak4_fieldloss
run55_sparc_1314,sparc_1314,0.837640,0.625492,0.719733,0.520173,0.783637,0.624779,0.703396,0.517205,0.901187,0.914267,0.940014,0.907600,0.859347,0.420328,0.676289,0.917143,spectrum_fno48_floor6_smooth1_qc_peak4_fieldloss
run55_sparc_1353,sparc_1353,0.949812,0.749386,0.826483,0.494823,0.788523,0.682565,0.735221,0.492194,0.883143,0.886254,0.915910,0.884197,0.907760,0.706900,0.802561,0.895200,spectrum_fno48_floor6_smooth1_qc_peak4_fieldloss
run55_sparc_1357,sparc_1357,0.841308,0.923597,1.023215,0.521696,0.749316,0.754018,0.788562,0.517829,0.875453,0.876237,0.912119,0.880477,0.836275,0.910922,0.870420,0.913290,spectrum_fno48_floor6_smooth1_qc_peak4_fieldloss
run55_sparc_1360,sparc_1360,0.934181,0.753738,0.827302,0.524172,0.828571,0.719393,0.783793,0.523001,0.888681,0.890253,0.930045,0.894217,0.931972,0.859452,0.876883,0.870639,spectrum_fno48_floor6_smooth1_qc_peak4_fieldloss
run55_sparc_1364,sparc_1364,0.759281,0.713946,0.896735,0.502871,0.688347,0.661578,0.721602,0.493511,0.859800,0.846750,0.898413,0.846722,0.969952,0.882978,0.880144,0.921297,spectrum_fno48_floor6_smooth1_qc_peak4_fieldloss
run55_sparc_1417,sparc_1417,0.981120,0.720323,0.922022,0.550461,0.840360,0.681008,0.746975,0.542693,0.904052,0.910728,0.938079,0.909681,0.833202,0.566056,0.795569,0.907601,spectrum_fno48_floor6_smooth1_qc_peak4_fieldloss
run55_sparc_1422,sparc_1422,0.713685,0.696601,0.801673,0.476093,0.653926,0.659001,0.706923,0.474424,0.894572,0.887992,0.924471,0.898848,0.806750,0.805250,0.734941,0.910067,spectrum_fno48_floor6_smooth1_qc_peak4_fieldloss
run55_sparc_1427,sparc_1427,1.168210,0.955205,1.413888,0.908127,0.798375,0.804705,0.919813,0.714380,0.774666,0.711208,0.777869,0.673064,0.939156,0.926845,0.948852,0.976238,spectrum_fno48_floor6_smooth1_qc_peak4_fieldloss
run55_sparc_1505,sparc_1505,1.401991,1.347746,1.273669,0.975729,0.854828,0.835519,0.928650,0.747553,0.909519,0.901611,0.921974,0.898103,0.715216,0.671424,0.665372,0.865216,spectrum_fno48_floor6_smooth1_qc_peak4_fieldloss
run55_sparc_1522,sparc_1522,0.819817,0.684117,0.834119,0.527629,0.713810,0.643785,0.727214,0.499721,0.908546,0.907144,0.922604,0.914150,0.841382,0.891633,0.906457,0.747513,spectrum_fno48_floor6_smooth1_qc_peak4_fieldloss
run55_sparc_1527,sparc_1527,0.869984,0.644924,0.993383,0.729638,0.799019,0.642334,0.902727,0.722100,0.862464,0.848485,0.885059,0.839294,0.962350,0.969719,0.966731,0.977723,spectrum_fno48_floor6_smooth1_qc
run55_sparc_1529,sparc_1529,1.472983,0.979497,1.590896,0.622887,0.858158,0.793567,0.933514,0.598104,0.841866,0.882986,0.818341,0.865714,0.909411,0.742863,0.838807,0.909373,spectrum_fno48_floor6_smooth1_qc_peak4_fieldloss
run55_sparc_1593,sparc_1593,1.155590,1.422495,1.494924,0.780304,0.809861,0.850265,0.881961,0.646976,0.926971,0.926632,0.945146,0.924738,0.763486,0.784091,0.791012,0.877548,spectrum_fno48_floor6_smooth1_qc_peak4_fieldloss
run56_sparc_1300,sparc_1300,0.547026,0.490827,0.567075,0.426008,0.529758,0.489558,0.554731,0.425709,0.989015,0.989042,0.985135,0.986299,0.647837,0.714674,0.800009,0.879617,spectrum_fno48_floor6_smooth1_qc_peak4_fieldloss
run56_sparc_1302,sparc_1302,0.663295,0.735620,0.772223,0.583987,0.587257,0.666756,0.658064,0.579697,0.949777,0.940660,0.946906,0.940923,0.812495,0.736550,0.770746,0.905402,spectrum_fno48_floor6_smooth1_qc_peak4_fieldloss
run56_sparc_1310,sparc_1310,0.735728,0.590188,0.737238,0.508897,0.643032,0.556128,0.688318,0.500632,0.902079,0.910318,0.941319,0.904448,0.696811,0.358155,0.686632,0.932460,spectrum_fno48_floor6_smooth1_qc_peak4_fieldloss
run56_sparc_1318,sparc_1318,0.759424,0.597580,0.873023,0.543786,0.661540,0.565999,0.717973,0.501759,0.902172,0.907126,0.937518,0.905189,0.876054,0.408081,0.598448,0.911654,spectrum_fno48_floor6_smooth1_qc_peak4_fieldloss
run56_sparc_1360,sparc_1360,0.860663,0.671439,0.845043,0.500696,0.720695,0.607741,0.690261,0.485478,0.873118,0.878853,0.915969,0.868389,0.889224,0.603888,0.800884,0.891398,spectrum_fno48_floor6_smooth1_qc_peak4_fieldloss
run56_sparc_1362,sparc_1362,0.749321,0.557935,0.737928,0.491517,0.670715,0.546805,0.690366,0.491426,0.904776,0.907135,0.933093,0.910623,0.853994,0.438922,0.779778,0.905147,spectrum_fno48_floor6_smooth1_qc_peak4_fieldloss
run56_sparc_1363,sparc_1363,0.753265,0.677969,0.881838,0.509502,0.654848,0.645872,0.725754,0.500371,0.887588,0.880931,0.913261,0.882855,0.894480,0.507054,0.849035,0.934672,spectrum_fno48_floor6_smooth1_qc_peak4_fieldloss
run56_sparc_1365,sparc_1365,0.817307,0.576642,0.735163,0.492354,0.713795,0.564279,0.650056,0.481353,0.892308,0.893192,0.927612,0.895931,0.879851,0.390474,0.787511,0.898768,spectrum_fno48_floor6_smooth1_qc_peak4_fieldloss
run56_sparc_1425,sparc_1425,1.345607,1.366546,1.720574,1.314604,0.856266,0.841997,0.963453,0.838195,0.905131,0.893988,0.931461,0.927602,0.781259,0.675547,0.837891,0.864542,spectrum_fno48_floor6_smooth1_qc_peak4_fieldloss
run56_sparc_1504,sparc_1504,1.067984,1.022963,1.305577,0.855766,0.830627,0.809795,0.951535,0.772927,0.921595,0.917776,0.943316,0.926816,0.813175,0.671052,0.690117,0.902709,spectrum_fno48_floor6_smooth1_qc_peak4_fieldloss
run56_sparc_1507,sparc_1507,1.201536,1.114978,1.467849,0.904306,0.834870,0.804124,0.957969,0.758973,0.927695,0.927834,0.945116,0.931628,0.860351,0.749851,0.830061,0.921216,spectrum_fno48_floor6_smooth1_qc_peak4_fieldloss
run56_sparc_1508,sparc_1508,1.229053,1.252028,1.499481,0.929345,0.849124,0.877022,0.936873,0.762770,0.922933,0.922861,0.938386,0.918516,0.804514,0.783233,0.827010,0.858993,spectrum_fno48_floor6_smooth1_qc_peak4_fieldloss
run56_sparc_1510,sparc_1510,0.776266,0.741312,0.813011,0.501000,0.645017,0.640560,0.684347,0.492860,0.923692,0.923583,0.949006,0.930384,0.730903,0.477102,0.701416,0.934317,spectrum_fno48_floor6_smooth1_qc_peak4_fieldloss
run56_sparc_1520,sparc_1520,0.827124,0.720966,0.754317,0.532434,0.801867,0.720636,0.752030,0.527328,0.889627,0.889036,0.911650,0.897966,0.842495,0.441624,0.791412,0.937622,spectrum_fno48_floor6_smooth1_qc_peak4_fieldloss
run56_sparc_1527,sparc_1527,0.865372,0.799199,1.349509,0.838625,0.810867,0.769422,0.946192,0.780533,0.861815,0.863565,0.913730,0.873789,0.785963,0.606267,0.912604,0.961952,spectrum_fno48_floor6_smooth1_qc
run57_sparc_1300,sparc_1300,0.382027,0.294383,0.379510,0.262274,0.340947,0.288674,0.378580,0.262273,0.996154,0.996701,0.997668,0.993030,0.447617,0.524753,0.897172,0.867611,spectrum_fno48_floor6_smooth1_qc_peak4_fieldloss
run57_sparc_1305,sparc_1305,0.616763,0.602654,0.687476,0.561985,0.596149,0.598484,0.668541,0.557117,0.929193,0.920502,0.948394,0.921875,0.958941,0.796461,0.837786,0.953928,spectrum_fno48_floor6_smooth1_qc_peak4_fieldloss
run57_sparc_1307,sparc_1307,1.100506,1.131414,1.324315,0.787470,0.788705,0.794400,0.816378,0.703593,0.833837,0.842550,0.812736,0.809947,0.941526,0.947820,0.918125,0.946321,spectrum_fno48_floor6_smooth1_qc_peak4_fieldloss
run57_sparc_1308,sparc_1308,1.026009,0.979293,1.291090,0.873566,0.895879,0.910030,0.940195,0.852181,0.799238,0.818571,0.511201,0.817586,0.953315,0.940974,0.928605,0.957518,spectrum_fno48_floor6_smooth1_qc_peak4_fieldloss
run57_sparc_1316,sparc_1316,0.570167,0.597791,0.630683,0.586724,0.560170,0.553296,0.594546,0.551351,0.913701,0.914541,0.927125,0.914360,0.892442,0.756632,0.872213,0.945897,spectrum_fno48_floor6_smooth1_qc_peak4
run57_sparc_1356,sparc_1356,0.702754,0.604281,0.628526,0.624732,0.698930,0.604259,0.627987,0.624126,0.922026,0.923872,0.946651,0.923744,0.885489,0.725416,0.607448,0.873039,spectrum_fno48_floor6_smooth1_qc
run57_sparc_1357,sparc_1357,0.647105,0.693729,0.803495,0.637509,0.617488,0.659118,0.693843,0.624426,0.912838,0.912525,0.927362,0.912458,0.783026,0.850412,0.798012,0.918861,spectrum_fno48_floor6_smooth1_qc_peak4_fieldloss
run57_sparc_1358,sparc_1358,0.707446,0.701550,0.788475,0.631902,0.620172,0.615598,0.659455,0.585092,0.892588,0.886960,0.902091,0.879715,0.854597,0.795511,0.811420,0.894396,spectrum_fno48_floor6_smooth1_qc_peak4_fieldloss
run57_sparc_1361,sparc_1361,0.611477,0.639208,0.733141,0.549826,0.582857,0.604018,0.658935,0.540330,0.920307,0.920351,0.939964,0.921474,0.836828,0.770969,0.749604,0.913462,spectrum_fno48_floor6_smooth1_qc_peak4_fieldloss
run57_sparc_1365,sparc_1365,0.698390,0.715220,0.709199,0.651488,0.653776,0.675379,0.686867,0.621775,0.918348,0.914009,0.934148,0.913476,0.920198,0.865458,0.863056,0.909454,spectrum_fno48_floor6_smooth1_qc_peak4_fieldloss
run57_sparc_1402,sparc_1402,0.601122,0.614157,0.676381,0.545282,0.600676,0.609393,0.670526,0.544317,0.944141,0.938119,0.966637,0.933333,0.862344,0.831193,0.709955,0.941441,spectrum_fno48_floor6_smooth1_qc_peak4_fieldloss
run57_sparc_1415,sparc_1415,0.613378,0.585498,0.626674,0.565277,0.611150,0.580912,0.626610,0.565275,0.932723,0.933134,0.953247,0.932764,0.766713,0.589105,0.729755,0.943337,spectrum_fno48_floor6_smooth1_qc_peak4_fieldloss
run57_sparc_1417,sparc_1417,0.598822,0.592940,0.684222,0.554516,0.576241,0.562151,0.624234,0.528863,0.927136,0.929462,0.951185,0.927734,0.843627,0.615907,0.568899,0.939943,spectrum_fno48_floor6_smooth1_qc_peak4_fieldloss
run57_sparc_1421,sparc_1421,0.697454,0.751205,0.726415,0.612946,0.667085,0.692778,0.688954,0.594247,0.898605,0.898587,0.913817,0.894664,0.899627,0.834181,0.877794,0.785300,spectrum_fno48_floor6_smooth1_qc_peak4_fieldloss
run57_sparc_1423,sparc_1423,0.706325,0.664447,0.832981,0.667573,0.701899,0.656087,0.772461,0.667568,0.878751,0.891545,0.900017,0.877823,0.895819,0.684891,0.937819,0.963585,spectrum_fno48_floor6_smooth1_qc
run57_sparc_1425,sparc_1425,0.687386,0.734419,0.761503,0.677805,0.685232,0.733997,0.760887,0.673588,0.883138,0.869535,0.901231,0.892055,0.885918,0.842634,0.840393,0.962610,spectrum_fno48_floor6_smooth1_qc_peak4_fieldloss
run57_sparc_1429,sparc_1429,0.688036,0.672472,0.740075,0.638379,0.666292,0.653712,0.739986,0.623657,0.930759,0.919733,0.941110,0.916284,0.878021,0.828792,0.916476,0.935559,spectrum_fno48_floor6_smooth1_qc_peak4_fieldloss
run57_sparc_1500,sparc_1500,0.404288,0.433992,0.468994,0.356530,0.343002,0.329953,0.405039,0.319907,0.993428,0.995242,0.996000,0.992390,0.760380,0.668741,0.674174,0.909730,spectrum_fno48_floor6_smooth1_qc_peak4_fieldloss
run57_sparc_1504,sparc_1504,0.615722,0.612045,0.703507,0.634444,0.614443,0.606361,0.702866,0.630948,0.913280,0.915744,0.940345,0.916140,0.886137,0.653815,0.770523,0.940278,spectrum_fno48_floor6_smooth1_qc
run57_sparc_1508,sparc_1508,0.798557,0.869891,0.823728,0.715326,0.748919,0.786216,0.778387,0.701574,0.875126,0.844634,0.910041,0.887336,0.969130,0.967864,0.930762,0.968298,spectrum_fno48_floor6_smooth1_qc_peak4_fieldloss
run57_sparc_1520,sparc_1520,0.719763,0.697412,0.749688,0.643034,0.674923,0.675051,0.701707,0.629818,0.915168,0.903484,0.934166,0.911521,0.911863,0.866566,0.910508,0.878304,spectrum_fno48_floor6_smooth1_qc_peak4_fieldloss
run57_sparc_1523,sparc_1523,0.802470,0.858476,0.933443,0.807271,0.774753,0.773137,0.820359,0.770767,0.885206,0.872466,0.920814,0.885334,0.801180,0.808254,0.898064,0.858401,spectrum_fno48_floor6_smooth1_qc_peak4
run57_sparc_1528,sparc_1528,0.763602,0.735992,0.868211,0.725680,0.730489,0.732518,0.799634,0.725607,0.898557,0.904611,0.938547,0.900457,0.949606,0.790732,0.902522,0.962140,spectrum_fno48_floor6_smooth1_qc_peak4_fieldloss
run57_sparc_1593,sparc_1593,0.625029,0.605507,0.715558,0.587833,0.617262,0.604611,0.715551,0.579001,0.938438,0.935263,0.950163,0.936287,0.888516,0.708278,0.873141,0.925397,spectrum_fno48_floor6_smooth1_qc_peak4_fieldloss
run58_sparc_1300,sparc_1300,0.487124,0.584132,0.589521,0.425345,0.470492,0.528488,0.567396,0.422062,0.990255,0.990089,0.990844,0.981339,0.812104,0.763277,0.714309,0.913659,spectrum_fno48_floor6_smooth1_qc_peak4_fieldloss
run58_sparc_1349,sparc_1349,0.657554,0.726390,0.784534,0.505819,0.603564,0.669464,0.733595,0.493803,0.884762,0.879447,0.916008,0.891953,0.909492,0.733281,0.680536,0.931759,spectrum_fno48_floor6_smooth1_qc_peak4_fieldloss
run58_sparc_1351,sparc_1351,0.590594,0.668038,0.757728,0.554311,0.579868,0.644986,0.711934,0.538341,0.904408,0.904711,0.924568,0.908519,0.799266,0.463880,0.757861,0.906615,spectrum_fno48_floor6_smooth1_qc_peak4_fieldloss
run58_sparc_1353,sparc_1353,0.646690,0.723563,0.822291,0.502103,0.611536,0.666618,0.741830,0.496576,0.878596,0.893787,0.920367,0.882035,0.931606,0.566210,0.681016,0.897653,spectrum_fno48_floor6_smooth1_qc_peak4_fieldloss
run58_sparc_1355,sparc_1355,0.648332,0.737758,0.710924,0.540323,0.612991,0.717154,0.705301,0.525063,0.889042,0.883455,0.923551,0.892529,0.854886,0.574777,0.481267,0.903883,spectrum_fno48_floor6_smooth1_qc_peak4_fieldloss
run58_sparc_1358,sparc_1358,0.647743,0.802925,0.743615,0.525808,0.604189,0.717077,0.696943,0.521099,0.897404,0.894457,0.919124,0.897093,0.848941,0.598903,0.648680,0.884936,spectrum_fno48_floor6_smooth1_qc_peak4_fieldloss
run58_sparc_1359,sparc_1359,0.673867,0.750055,0.704695,0.507880,0.598319,0.686805,0.666338,0.502909,0.912290,0.909378,0.933359,0.906297,0.867847,0.579152,0.582450,0.928408,spectrum_fno48_floor6_smooth1_qc_peak4_fieldloss
run58_sparc_1365,sparc_1365,0.689502,0.788344,0.732384,0.543031,0.613595,0.697518,0.677944,0.530584,0.895808,0.889007,0.922150,0.900081,0.761698,0.598654,0.681562,0.944734,spectrum_fno48_floor6_smooth1_qc_peak4_fieldloss
run58_sparc_1402,sparc_1402,0.584206,0.707373,0.754639,0.411979,0.518602,0.581614,0.676606,0.406868,0.953367,0.947094,0.966920,0.945132,0.878805,0.671791,0.714327,0.966310,spectrum_fno48_floor6_smooth1_qc_peak4_fieldloss
run58_sparc_1403,sparc_1403,0.925960,0.910926,1.404006,0.794638,0.780894,0.771114,0.938918,0.717460,0.860190,0.867537,0.918575,0.879925,0.883604,0.662399,0.920540,0.946575,spectrum_fno48_floor6_smooth1_qc_peak4_fieldloss
run58_sparc_1413,sparc_1413,0.630930,0.677615,0.853644,0.561434,0.609962,0.655421,0.750100,0.551464,0.906045,0.905526,0.928063,0.907474,0.789930,0.689102,0.831264,0.933917,spectrum_fno48_floor6_smooth1_qc_peak4_fieldloss
run58_sparc_1421,sparc_1421,0.761973,0.728399,0.903322,0.536747,0.724808,0.698824,0.796644,0.535829,0.889788,0.894750,0.923136,0.896849,0.824438,0.558755,0.709443,0.944925,spectrum_fno48_floor6_smooth1_qc_peak4_fieldloss
run58_sparc_1422,sparc_1422,0.882922,0.725798,1.038393,0.547709,0.758462,0.668526,0.838931,0.542702,0.888514,0.888222,0.921373,0.891443,0.826379,0.787120,0.918244,0.894864,spectrum_fno48_floor6_smooth1_qc_peak4_fieldloss
run58_sparc_1429,sparc_1429,1.220263,1.436844,1.746254,1.087092,0.887141,0.963430,0.962809,0.799364,0.649741,0.645011,0.589765,0.776353,0.915919,0.766302,0.907568,0.907706,spectrum_fno48_floor6_smooth1_qc_peak4_fieldloss
run58_sparc_1440,sparc_1440,1.070648,1.431208,1.634353,1.239034,0.805095,0.851348,0.964589,0.828502,0.942897,0.943176,0.958694,0.936401,0.689126,0.664979,0.768804,0.894727,spectrum_fno48_floor6_smooth1_qc_peak4
run58_sparc_1503,sparc_1503,0.932776,1.146087,1.525842,0.881542,0.771385,0.820735,0.932978,0.742725,0.815017,0.809256,0.879980,0.860136,0.843122,0.795078,0.936916,0.916069,spectrum_fno48_floor6_smooth1_qc_peak4_fieldloss
run58_sparc_1512,sparc_1512,0.665613,0.741774,0.823508,0.552168,0.605275,0.641294,0.751160,0.535928,0.914713,0.910399,0.937390,0.915545,0.762541,0.762144,0.722623,0.909801,spectrum_fno48_floor6_smooth1_qc_peak4_fieldloss
run58_sparc_1516,sparc_1516,0.687018,0.793498,0.832276,0.634744,0.597768,0.684373,0.746083,0.561645,0.909398,0.907478,0.932105,0.912070,0.695879,0.426898,0.792974,0.926187,spectrum_fno48_floor6_smooth1_qc_peak4_fieldloss
run58_sparc_1522,sparc_1522,0.806258,0.700387,1.012818,0.575800,0.752720,0.689097,0.858092,0.575773,0.895259,0.893248,0.905372,0.896190,0.890765,0.711522,0.959399,0.937104,spectrum_fno48_floor6_smooth1_qc_peak4_fieldloss
run58_sparc_1527,sparc_1527,1.141937,1.075380,1.386468,0.939093,0.845065,0.800049,0.963579,0.763953,0.923485,0.908604,0.923814,0.917191,0.660764,0.636607,0.804492,0.798534,spectrum_fno48_floor6_smooth1_qc_peak4_fieldloss
run58_sparc_1593,sparc_1593,0.949142,0.943309,1.478973,0.803768,0.781906,0.766965,0.937963,0.713898,0.838248,0.844859,0.906464,0.862720,0.873582,0.671380,0.903168,0.932319,spectrum_fno48_floor6_smooth1_qc_peak4_fieldloss
run59_sparc_1300,sparc_1300,0.660341,0.631030,0.670893,0.631017,0.608510,0.614982,0.646033,0.594048,0.972165,0.972582,0.972148,0.954624,0.830175,0.827800,0.865192,0.872482,spectrum_fno48_floor6_smooth1_qc_peak4_fieldloss
run59_sparc_1314,sparc_1314,0.696313,0.744506,0.921058,0.685594,0.694343,0.733432,0.901151,0.676959,0.940077,0.942029,0.948473,0.936740,0.810173,0.692274,0.527313,0.861324,spectrum_fno48_floor6_smooth1_qc_peak4_fieldloss
run59_sparc_1315,sparc_1315,0.676892,0.723307,0.859574,0.669327,0.670045,0.716542,0.853733,0.662344,0.941271,0.939302,0.939038,0.935518,0.854414,0.685553,0.634799,0.880024,spectrum_fno48_floor6_smooth1_qc_peak4_fieldloss
run59_sparc_1316,sparc_1316,0.659943,0.724827,0.777338,0.640488,0.659656,0.724318,0.774771,0.640392,0.937178,0.936916,0.933029,0.926911,0.910828,0.674929,0.845227,0.909079,spectrum_fno48_floor6_smooth1_qc_peak4_fieldloss
run59_sparc_1317,sparc_1317,0.679959,0.740827,0.790971,0.667786,0.679911,0.740252,0.788445,0.667753,0.938023,0.935172,0.931739,0.937380,0.872758,0.712336,0.786543,0.938201,spectrum_fno48_floor6_smooth1_qc_peak4_fieldloss
run59_sparc_1319,sparc_1319,0.683084,0.767567,0.789370,0.659670,0.680802,0.763399,0.784516,0.659320,0.935909,0.938530,0.939535,0.939434,0.786043,0.739724,0.690259,0.909111,spectrum_fno48_floor6_smooth1_qc_peak4_fieldloss
run59_sparc_1353,sparc_1353,0.674048,0.739966,0.865219,0.667590,0.673445,0.738303,0.859506,0.665762,0.926947,0.928724,0.934078,0.928533,0.860211,0.676047,0.819750,0.962062,spectrum_fno48_floor6_smooth1_qc_peak4_fieldloss
run59_sparc_1359,sparc_1359,0.672993,0.705300,0.800402,0.638944,0.670609,0.702269,0.800401,0.636621,0.942769,0.942285,0.950225,0.938640,0.830974,0.664176,0.670694,0.900847,spectrum_fno48_floor6_smooth1_qc_peak4_fieldloss
run59_sparc_1363,sparc_1363,0.712086,0.748832,0.867304,0.665481,0.707315,0.748590,0.855721,0.663123,0.931444,0.927007,0.925597,0.930429,0.890004,0.629715,0.869307,0.953448,spectrum_fno48_floor6_smooth1_qc_peak4_fieldloss
run59_sparc_1402,sparc_1402,0.831984,0.690036,0.896097,0.606955,0.606983,0.651423,0.756858,0.546517,0.942183,0.946372,0.961677,0.945013,0.749385,0.694168,0.645112,0.898746,spectrum_fno48_floor6_smooth1_qc_peak4_fieldloss
run59_sparc_1407,sparc_1407,0.954398,0.958064,1.139516,0.876433,0.796497,0.793943,0.922075,0.769823,0.926260,0.930322,0.933401,0.930380,0.754168,0.756286,0.871886,0.893196,spectrum_fno48_floor6_smooth1_qc_peak4_fieldloss
run59_sparc_1412,sparc_1412,0.711951,0.776469,0.884972,0.691377,0.691602,0.754666,0.883501,0.670031,0.941474,0.938956,0.948694,0.937878,0.807568,0.692576,0.570969,0.842288,spectrum_fno48_floor6_smooth1_qc_peak4_fieldloss
run59_sparc_1416,sparc_1416,0.666194,0.731616,0.813416,0.656137,0.656754,0.724063,0.813132,0.642321,0.939600,0.939165,0.943289,0.935049,0.838010,0.746109,0.678597,0.872441,spectrum_fno48_floor6_smooth1_qc_peak4_fieldloss
run59_sparc_1423,sparc_1423,0.711914,0.908347,0.904609,0.679418,0.702166,0.812041,0.846390,0.672321,0.931412,0.926718,0.940794,0.928791,0.741692,0.805344,0.793866,0.830835,spectrum_fno48_floor6_smooth1_qc_peak4_fieldloss
run59_sparc_1424,sparc_1424,0.693554,0.841001,0.904649,0.628074,0.688964,0.788824,0.862279,0.627968,0.930068,0.936035,0.945951,0.932904,0.777882,0.749055,0.738580,0.921432,spectrum_fno48_floor6_smooth1_qc_peak4_fieldloss
run59_sparc_1426,sparc_1426,0.762487,0.718266,1.066717,0.663447,0.719408,0.689276,0.922175,0.663210,0.925086,0.931190,0.944088,0.927066,0.799446,0.682823,0.857696,0.856659,spectrum_fno48_floor6_smooth1_qc_peak4_fieldloss
run59_sparc_1430,sparc_1430,0.765942,0.897862,0.942673,0.638041,0.709781,0.711446,0.822627,0.635303,0.701956,0.754515,0.694692,0.762915,0.956421,0.957679,0.926905,0.969252,spectrum_fno48_floor6_smooth1_qc_peak4_fieldloss
run59_sparc_1512,sparc_1512,0.710869,0.765334,0.847509,0.684436,0.672006,0.745062,0.845026,0.645430,0.941747,0.940950,0.946946,0.940861,0.826892,0.752870,0.646478,0.877287,spectrum_fno48_floor6_smooth1_qc_peak4_fieldloss
run5_sparc_1302,sparc_1302,0.609886,0.639744,0.958861,0.581734,0.568335,0.580330,0.794390,0.562215,0.858598,0.875492,0.871799,0.804457,0.975905,0.977156,0.951471,0.981088,spectrum_fno48_floor6_smooth1_qc_peak4_fieldloss
run5_sparc_1307,sparc_1307,0.948843,0.972238,1.003629,0.797929,0.736606,0.771861,0.854990,0.694886,0.917819,0.935245,0.939908,0.927331,0.808466,0.768028,0.805077,0.901275,spectrum_fno48_floor6_smooth1_qc_peak4_fieldloss
run5_sparc_1314,sparc_1314,0.752547,0.693676,0.801505,0.617908,0.716102,0.668999,0.723110,0.579344,0.898248,0.900510,0.928971,0.904183,0.520284,0.617301,0.788548,0.974929,spectrum_fno48_floor6_smooth1_qc_peak4_fieldloss
run5_sparc_1317,sparc_1317,0.686567,0.744982,0.792766,0.602807,0.667209,0.708412,0.733280,0.572327,0.894227,0.892121,0.922393,0.897899,0.633226,0.578973,0.761954,0.965891,spectrum_fno48_floor6_smooth1_qc_peak4_fieldloss
run5_sparc_1350,sparc_1350,0.772631,0.672983,0.779155,0.618444,0.718317,0.665035,0.726252,0.576630,0.900727,0.902829,0.933783,0.906947,0.548807,0.602118,0.761084,0.976259,spectrum_fno48_floor6_smooth1_qc_peak4_fieldloss
run5_sparc_1363,sparc_1363,0.716220,0.781629,0.770099,0.522786,0.674392,0.731546,0.726624,0.510668,0.875796,0.867995,0.890301,0.877010,0.834209,0.856007,0.678205,0.938959,spectrum_fno48_floor6_smooth1_qc_peak4_fieldloss
run5_sparc_1365,sparc_1365,0.654020,0.610854,0.681297,0.495811,0.635025,0.607593,0.674405,0.495039,0.890806,0.887810,0.909774,0.891614,0.892836,0.328133,0.583306,0.900765,spectrum_fno48_floor6_smooth1_qc_peak4_fieldloss
run5_sparc_1408,sparc_1408,1.103463,1.178101,1.238746,1.087390,0.792609,0.837072,0.871112,0.726248,0.923178,0.933281,0.946712,0.933385,0.795275,0.636784,0.814651,0.930897,spectrum_fno48_floor6_smooth1_qc_peak4_fieldloss
run5_sparc_1411,sparc_1411,0.851470,0.783932,0.873734,0.607598,0.735992,0.717984,0.767417,0.564386,0.895912,0.895490,0.930861,0.894188,0.761957,0.620147,0.622545,0.942117,spectrum_fno48_floor6_smooth1_qc_peak4_fieldloss
run5_sparc_1420,sparc_1420,0.701113,0.754039,0.778133,0.578744,0.664338,0.723548,0.721842,0.575975,0.887807,0.882421,0.908120,0.892066,0.772273,0.360395,0.761266,0.939039,spectrum_fno48_floor6_smooth1_qc_peak4_fieldloss
run5_sparc_1500,sparc_1500,0.520307,0.570568,0.577692,0.489741,0.504435,0.553355,0.569199,0.477856,0.988858,0.987277,0.988794,0.980096,0.905933,0.924675,0.871691,0.947046,spectrum_fno48_floor6_smooth1_qc_peak4_fieldloss
run5_sparc_1501,sparc_1501,1.093908,1.012341,1.004129,1.097813,0.792499,0.762071,0.828770,0.776861,0.953351,0.949628,0.956370,0.946144,0.846715,0.867239,0.588679,0.904958,spectrum_fno48_floor6_smooth1_qc_mhi100
run5_sparc_1509,sparc_1509,1.294387,0.995905,1.035882,0.926173,0.830735,0.801858,0.839567,0.724049,0.855178,0.846442,0.902556,0.874939,0.885890,0.796252,0.901211,0.922576,spectrum_fno48_floor6_smooth1_qc_peak4_fieldloss
run5_sparc_1511,sparc_1511,0.808977,0.722616,0.861955,0.588953,0.706274,0.689902,0.746249,0.555082,0.883021,0.883094,0.915648,0.882954,0.663389,0.593166,0.705722,0.921305,spectrum_fno48_floor6_smooth1_qc_peak4_fieldloss
run5_sparc_1514,sparc_1514,0.729744,0.738694,0.823104,0.565673,0.712939,0.702819,0.746039,0.564322,0.895242,0.894692,0.925395,0.893958,0.695933,0.669931,0.692538,0.922191,spectrum_fno48_floor6_smooth1_qc_peak4_fieldloss
run5_sparc_1517,sparc_1517,0.702111,0.687368,0.774270,0.589574,0.667606,0.671193,0.715195,0.568635,0.893895,0.889910,0.918159,0.892301,0.736272,0.583545,0.783262,0.927039,spectrum_fno48_floor6_smooth1_qc_peak4_fieldloss
run5_sparc_1523,sparc_1523,0.814015,0.940830,1.018045,0.571761,0.704937,0.744783,0.811516,0.544472,0.887326,0.889307,0.911357,0.894682,0.886657,0.848306,0.730837,0.893069,spectrum_fno48_floor6_smooth1_qc_peak4_fieldloss
run5_sparc_1526,sparc_1526,1.335761,1.419914,1.592118,1.251567,0.806908,0.796681,0.932490,0.759279,0.934981,0.936564,0.946042,0.932069,0.641595,0.715018,0.696716,0.896576,spectrum_fno48_floor6_smooth1_qc_peak4_fieldloss
run5_sparc_1530,sparc_1530,0.798648,0.849116,0.739435,0.560996,0.722984,0.782812,0.739314,0.560243,0.894951,0.846617,0.871559,0.869831,0.781928,0.869508,0.581470,0.917302,spectrum_fno48_floor6_smooth1_qc_peak4_fieldloss
run5_sparc_1593,sparc_1593,1.012223,1.197897,1.507018,0.731130,0.781686,0.799429,0.945110,0.657515,0.935303,0.938543,0.959646,0.944158,0.738639,0.757937,0.747296,0.868757,spectrum_fno48_floor6_smooth1_qc_peak4_fieldloss
run60_sparc_1303,sparc_1303,1.352037,1.152069,1.074824,0.837997,0.733028,0.816078,0.788890,0.570733,0.889293,0.884890,0.904965,0.901158,0.879772,0.898520,0.845713,0.863326,spectrum_fno48_floor6_smooth1_qc_peak4_fieldloss
run60_sparc_1350,sparc_1350,0.555109,0.596853,0.717353,0.506373,0.511517,0.543671,0.622848,0.488001,0.938929,0.939992,0.960429,0.936994,0.733115,0.398952,0.709401,0.935389,spectrum_fno48_floor6_smooth1_qc_peak4_fieldloss
run60_sparc_1351,sparc_1351,0.532443,0.559086,0.697825,0.487935,0.510648,0.535683,0.637921,0.482316,0.929307,0.926273,0.948350,0.933882,0.809737,0.509095,0.721622,0.941217,spectrum_fno48_floor6_smooth1_qc_peak4_fieldloss
run60_sparc_1352,sparc_1352,0.559290,0.609988,0.736256,0.476424,0.529008,0.584418,0.672935,0.467866,0.909230,0.910001,0.934205,0.919609,0.830732,0.761086,0.649647,0.925469,spectrum_fno48_floor6_smooth1_qc_peak4_fieldloss
run60_sparc_1353,sparc_1353,0.538890,0.559132,0.651767,0.451311,0.529758,0.543130,0.613801,0.446138,0.914138,0.911553,0.939887,0.912008,0.773778,0.778179,0.570586,0.912100,spectrum_fno48_floor6_smooth1_qc_peak4_fieldloss
run60_sparc_1356,sparc_1356,0.626588,0.641401,0.750104,0.499211,0.581751,0.628858,0.698506,0.493338,0.914241,0.915414,0.914700,0.913469,0.870895,0.770907,0.596680,0.940019,spectrum_fno48_floor6_smooth1_qc_peak4_fieldloss
run60_sparc_1361,sparc_1361,0.532790,0.529774,0.656679,0.446773,0.513850,0.522835,0.628298,0.442763,0.905505,0.904119,0.929797,0.902065,0.847695,0.542534,0.817587,0.922855,spectrum_fno48_floor6_smooth1_qc_peak4_fieldloss
run60_sparc_1402,sparc_1402,0.712749,0.702291,0.829733,0.611599,0.694115,0.682620,0.780177,0.609664,0.752541,0.803995,0.807513,0.774695,0.923802,0.872101,0.938215,0.953443,spectrum_fno48_floor6_smooth1_qc_peak4_fieldloss
run60_sparc_1403,sparc_1403,1.462940,1.214534,0.898185,0.960352,0.715639,0.808810,0.797850,0.593462,0.908363,0.894401,0.939405,0.909481,0.835396,0.863022,0.653205,0.905385,spectrum_fno48_floor6_smooth1_qc_mhi100
run60_sparc_1418,sparc_1418,0.593734,0.518182,0.733047,0.481669,0.545143,0.497991,0.655578,0.466269,0.927164,0.924968,0.944628,0.919136,0.826611,0.434239,0.725293,0.892432,spectrum_fno48_floor6_smooth1_qc_peak4_fieldloss
run60_sparc_1421,sparc_1421,0.568766,0.583310,0.781010,0.495330,0.553202,0.562929,0.692662,0.493984,0.919227,0.918992,0.942592,0.915663,0.819668,0.760252,0.833574,0.887469,spectrum_fno48_floor6_smooth1_qc_peak4_fieldloss
run60_sparc_1423,sparc_1423,1.082168,1.128451,1.094298,0.888936,0.858698,0.853616,0.893168,0.790824,0.737061,0.760641,0.827383,0.782771,0.863307,0.797729,0.893493,0.951358,spectrum_fno48_floor6_smooth1_qc_peak4_fieldloss
run60_sparc_1428,sparc_1428,0.674645,0.733496,0.811379,0.587257,0.624833,0.706704,0.737053,0.579538,0.911820,0.900991,0.925737,0.909480,0.897886,0.881377,0.907325,0.955303,spectrum_fno48_floor6_smooth1_qc_peak4_fieldloss
run60_sparc_1430,sparc_1430,0.760305,0.764319,0.770091,0.776194,0.713589,0.764300,0.763010,0.748574,0.864813,0.849388,0.842156,0.527593,0.900331,0.895972,0.811654,0.963530,spectrum_fno48_floor6_smooth1_qc_peak4
run60_sparc_1440,sparc_1440,1.088911,1.101523,1.351399,0.820598,0.783797,0.870722,0.894261,0.626749,0.921816,0.923682,0.938554,0.913328,0.544986,0.437081,0.678432,0.908712,spectrum_fno48_floor6_smooth1_qc_peak4_fieldloss
run60_sparc_1500,sparc_1500,0.426161,0.550506,0.616188,0.362312,0.360707,0.470373,0.456798,0.315930,0.992636,0.991817,0.992249,0.989765,0.865354,0.652211,0.760185,0.801214,spectrum_fno48_floor6_smooth1_qc_peak4_fieldloss
run60_sparc_1503,sparc_1503,1.979140,1.864899,1.603913,1.428439,0.806747,0.869232,0.905574,0.789199,0.796192,0.753151,0.736567,0.792117,0.919908,0.849561,0.904963,0.975453,spectrum_fno48_floor6_smooth1_qc_peak4_fieldloss
run60_sparc_1504,sparc_1504,0.917242,0.987154,1.477102,0.705484,0.741645,0.777569,0.902185,0.568288,0.874707,0.868441,0.906236,0.869616,0.618446,0.756465,0.770026,0.875051,spectrum_fno48_floor6_smooth1_qc_peak4_fieldloss
run60_sparc_1506,sparc_1506,0.842802,0.949284,1.022920,0.578985,0.717151,0.822137,0.876091,0.565590,0.915976,0.877381,0.925352,0.893376,0.526025,0.578793,0.709661,0.844593,spectrum_fno48_floor6_smooth1_qc_peak4_fieldloss
run60_sparc_1511,sparc_1511,0.499173,0.565921,0.626997,0.493984,0.497036,0.565531,0.626835,0.491612,0.941518,0.941750,0.958918,0.943757,0.481184,0.582107,0.618069,0.887055,spectrum_fno48_floor6_smooth1_qc_peak4_fieldloss
run60_sparc_1515,sparc_1515,0.556408,0.526571,0.683147,0.495454,0.533040,0.511093,0.612456,0.483081,0.917919,0.921442,0.948223,0.910586,0.642765,0.348127,0.703587,0.891203,spectrum_fno48_floor6_smooth1_qc_peak4_fieldloss
run60_sparc_1521,sparc_1521,0.586865,0.589166,0.812909,0.495617,0.569673,0.572671,0.714619,0.495605,0.915594,0.918399,0.941494,0.913424,0.759657,0.771694,0.907699,0.871695,spectrum_fno48_floor6_smooth1_qc_peak4_fieldloss
run60_sparc_1523,sparc_1523,0.704717,0.724042,0.757691,0.693617,0.654149,0.695904,0.737204,0.619002,0.903423,0.904313,0.922865,0.899725,0.823358,0.765087,0.874862,0.904039,spectrum_fno48_floor6_smooth1_qc_peak4_fieldloss
run61_sparc_1303,sparc_1303,0.693470,0.722681,0.850721,0.741558,0.631738,0.719782,0.744151,0.603913,0.947268,0.950218,0.955110,0.942185,0.682992,0.386966,0.578606,0.900277,spectrum_fno48_floor6_smooth1_qc_peak4
run61_sparc_1305,sparc_1305,1.338258,1.008890,0.971166,0.866290,0.780837,0.816866,0.840936,0.706763,0.905588,0.902129,0.895055,0.909960,0.885704,0.793388,0.860269,0.908342,spectrum_fno48_floor6_smooth1_qc_peak4_fieldloss
run61_sparc_1309,sparc_1309,0.786349,0.726789,1.273565,1.292515,0.661455,0.616513,0.963953,0.773218,0.910724,0.909851,0.911119,0.895523,0.591162,0.596563,0.804635,0.884798,spectrum_fno48_floor6_smooth1_qc
run61_sparc_1313,sparc_1313,0.757033,0.627194,1.201942,0.907532,0.642475,0.589619,0.925727,0.601623,0.954805,0.960901,0.965046,0.935347,0.734670,0.418152,0.468433,0.663515,spectrum_fno48_floor6_smooth1_qc
run61_sparc_1315,sparc_1315,0.794745,0.664736,1.153340,0.738928,0.687260,0.606825,0.921936,0.611602,0.951206,0.950479,0.950116,0.922720,0.737658,0.306856,0.435407,0.594563,spectrum_fno48_floor6_smooth1_qc
run61_sparc_1354,sparc_1354,0.630529,0.657638,0.953997,0.683900,0.630503,0.655129,0.910394,0.666299,0.934171,0.912137,0.902317,0.928259,0.837384,0.744532,0.790998,0.761405,spectrum_fno48_floor6_smooth1_qc_peak4
run61_sparc_1355,sparc_1355,0.870522,0.779615,0.944505,0.724497,0.828949,0.779172,0.901812,0.723379,0.736624,0.817373,0.770756,0.664479,0.721195,0.534922,0.665786,0.705872,spectrum_fno48_floor6_smooth1_qc_peak4_fieldloss
run61_sparc_1356,sparc_1356,0.641280,0.575141,0.920375,0.573004,0.636756,0.573921,0.912587,0.560650,0.941919,0.933686,0.950518,0.907340,0.815822,0.323013,0.707234,0.652949,spectrum_fno48_floor6_smooth1_qc_peak4_fieldloss
run61_sparc_1406,sparc_1406,0.764906,0.753625,0.949703,0.572125,0.759846,0.742158,0.840211,0.571916,0.883487,0.925509,0.939145,0.872624,0.961255,0.502799,0.859882,0.979340,spectrum_fno48_floor6_smooth1_qc_peak4_fieldloss
run61_sparc_1407,sparc_1407,0.682682,0.702111,0.809870,0.617911,0.681082,0.701054,0.802485,0.603252,0.922777,0.921793,0.895276,0.852501,0.927369,0.762511,0.900447,0.972990,spectrum_fno48_floor6_smooth1_qc_peak4_fieldloss
run61_sparc_1411,sparc_1411,0.589515,0.673359,0.876996,0.667732,0.589391,0.637223,0.876634,0.654537,0.955680,0.953414,0.950657,0.940941,0.580152,0.405783,0.661168,0.843754,spectrum_fno48_floor6_smooth1_qc_peak4
run61_sparc_1419,sparc_1419,0.754021,0.552240,0.974116,0.570833,0.736317,0.533610,0.909270,0.555079,0.942281,0.932393,0.947987,0.920393,0.875755,0.841454,0.787795,0.919287,spectrum_fno48_floor6_smooth1_qc
run61_sparc_1426,sparc_1426,0.722743,0.781804,0.869365,0.706103,0.721119,0.764419,0.790966,0.696277,0.941870,0.933059,0.929708,0.937376,0.881037,0.820772,0.892341,0.940642,spectrum_fno48_floor6_smooth1_qc_peak4_fieldloss
run61_sparc_1430,sparc_1430,1.227121,0.841351,1.254572,0.714285,0.803995,0.832292,0.867642,0.663195,0.925326,0.923837,0.879738,0.895903,0.908825,0.623137,0.901224,0.947199,spectrum_fno48_floor6_smooth1_qc_peak4_fieldloss
run61_sparc_1500,sparc_1500,0.452436,0.513641,0.509635,0.424364,0.451105,0.487510,0.500781,0.421864,0.982441,0.979093,0.977610,0.965699,0.836224,0.734637,0.784820,0.857823,spectrum_fno48_floor6_smooth1_qc_peak4_fieldloss
run61_sparc_1501,sparc_1501,0.724629,0.891981,0.967494,0.589313,0.698299,0.802524,0.867482,0.579113,0.939072,0.933939,0.943298,0.931633,0.922410,0.774369,0.632184,0.855317,spectrum_fno48_floor6_smooth1_qc_peak4_fieldloss
run61_sparc_1502,sparc_1502,0.825258,0.675838,1.059261,0.508875,0.675151,0.587976,0.847414,0.506948,0.945020,0.949205,0.961732,0.937950,0.781208,0.590199,0.783571,0.809694,spectrum_fno48_floor6_smooth1_qc_peak4_fieldloss
run61_sparc_1503,sparc_1503,0.726214,0.717261,0.994897,0.717501,0.630939,0.714117,0.784773,0.601531,0.951807,0.951369,0.954740,0.946137,0.688031,0.378405,0.702715,0.875727,spectrum_fno48_floor6_smooth1_qc
run61_sparc_1508,sparc_1508,0.834222,0.657101,1.038669,0.751715,0.783570,0.648638,0.914751,0.664176,0.888943,0.896449,0.916431,0.833290,0.898702,0.871786,0.865951,0.775737,spectrum_fno48_floor6_smooth1_qc
run61_sparc_1509,sparc_1509,0.603407,0.601114,0.893357,0.686051,0.599464,0.541238,0.891783,0.658327,0.911722,0.929225,0.928393,0.910678,0.346733,0.354969,0.590666,0.840966,spectrum_fno48_floor6_smooth1_qc
run61_sparc_1512,sparc_1512,0.608514,0.651714,0.878457,0.658613,0.608480,0.620599,0.878155,0.640908,0.960819,0.962584,0.963287,0.949053,0.599555,0.454657,0.476950,0.762778,spectrum_fno48_floor6_smooth1_qc_peak4
run61_sparc_1516,sparc_1516,0.611037,0.613335,0.948223,0.738920,0.603503,0.612625,0.923562,0.643824,0.957273,0.951009,0.952190,0.944807,0.687490,0.443549,0.659175,0.824253,spectrum_fno48_floor6_smooth1_qc_peak4
run61_sparc_1517,sparc_1517,0.659131,0.636571,1.006420,0.798787,0.637321,0.632839,0.948031,0.647401,0.957836,0.942678,0.950026,0.939315,0.731260,0.488547,0.674224,0.827041,spectrum_fno48_floor6_smooth1_qc
run61_sparc_1522,sparc_1522,0.788315,0.841018,1.076176,0.671512,0.784785,0.750783,0.895784,0.621215,0.836871,0.803074,0.808136,0.779944,0.479881,0.920674,0.911793,0.815706,spectrum_fno48_floor6_smooth1_qc_peak4_fieldloss
run61_sparc_1527,sparc_1527,1.010320,0.912410,1.057696,0.885396,0.678609,0.736976,0.787067,0.586485,0.938066,0.823279,0.898833,0.885186,0.667546,0.883267,0.847825,0.953916,spectrum_fno48_floor6_smooth1_qc_peak4_fieldloss
run61_sparc_1529,sparc_1529,0.772609,0.750591,0.827240,0.749893,0.768264,0.747233,0.815979,0.715272,0.849058,0.854491,0.892200,0.862343,0.973794,0.967747,0.937983,0.971388,spectrum_fno48_floor6_smooth1_qc_peak4_fieldloss
run61_sparc_1593,sparc_1593,0.682045,0.716137,0.859221,0.681579,0.622441,0.713847,0.768892,0.595233,0.946322,0.949878,0.957341,0.939461,0.668973,0.395230,0.630888,0.889215,spectrum_fno48_floor6_smooth1_qc_peak4_fieldloss
run62_sparc_1307,sparc_1307,0.907628,0.934473,0.953232,0.768099,0.728883,0.749863,0.823058,0.683068,0.937351,0.944374,0.960456,0.925787,0.932884,0.872451,0.744970,0.933736,spectrum_fno48_floor6_smooth1_qc_peak4_fieldloss
run62_sparc_1309,sparc_1309,0.975373,1.155290,1.190175,0.993358,0.740026,0.777196,0.892117,0.712064,0.921662,0.914522,0.909906,0.905852,0.907078,0.736230,0.739953,0.942570,spectrum_fno48_floor6_smooth1_qc_peak4
run62_sparc_1319,sparc_1319,0.628384,0.546154,0.840646,0.535599,0.608335,0.542665,0.740672,0.532300,0.914776,0.912478,0.939502,0.915443,0.800020,0.480602,0.544418,0.897351,spectrum_fno48_floor6_smooth1_qc_peak4_fieldloss
run62_sparc_1351,sparc_1351,0.592396,0.522524,0.736013,0.548789,0.572370,0.519193,0.679524,0.543644,0.900605,0.902167,0.927634,0.896767,0.735499,0.739350,0.604078,0.928538,spectrum_fno48_floor6_smooth1_qc
run62_sparc_1358,sparc_1358,0.582360,0.528271,0.720346,0.483870,0.560989,0.517309,0.662883,0.481798,0.897141,0.897497,0.924849,0.878393,0.903996,0.523938,0.478601,0.920867,spectrum_fno48_floor6_smooth1_qc_peak4_fieldloss
run62_sparc_1362,sparc_1362,0.544014,0.490625,0.750182,0.436982,0.532042,0.489342,0.688956,0.436587,0.907351,0.902198,0.927719,0.903565,0.944805,0.464731,0.802572,0.954440,spectrum_fno48_floor6_smooth1_qc_peak4_fieldloss
run62_sparc_1404,sparc_1404,0.893773,1.076137,1.382593,0.670083,0.727003,0.821479,0.929546,0.637925,0.936956,0.931710,0.942111,0.921567,0.806074,0.856440,0.904171,0.903783,spectrum_fno48_floor6_smooth1_qc_peak4_fieldloss
run62_sparc_1405,sparc_1405,0.922878,1.161565,1.405855,0.724807,0.775105,0.846584,0.942600,0.675531,0.944896,0.948215,0.956841,0.938376,0.776300,0.729296,0.805509,0.869248,spectrum_fno48_floor6_smooth1_qc_peak4_fieldloss
run62_sparc_1416,sparc_1416,0.586393,0.504520,0.770490,0.546417,0.575277,0.503338,0.722244,0.537655,0.918039,0.918443,0.943857,0.918264,0.757347,0.629565,0.283589,0.948329,spectrum_fno48_floor6_smooth1_qc
run62_sparc_1422,sparc_1422,0.650256,0.635316,0.759995,0.522792,0.612788,0.626910,0.709956,0.515608,0.902798,0.897198,0.926372,0.903450,0.773606,0.713537,0.633823,0.892996,spectrum_fno48_floor6_smooth1_qc_peak4_fieldloss
run62_sparc_1425,sparc_1425,1.219330,1.389512,2.032920,1.100131,0.814300,0.859160,0.961912,0.820233,0.946150,0.946658,0.960885,0.944367,0.866421,0.703760,0.787512,0.815263,spectrum_fno48_floor6_smooth1_qc_peak4_fieldloss
run62_sparc_1440,sparc_1440,0.821536,1.053773,1.337880,0.761477,0.735855,0.818852,0.914606,0.681698,0.955027,0.956940,0.969914,0.954932,0.862804,0.714366,0.757156,0.911452,spectrum_fno48_floor6_smooth1_qc_peak4_fieldloss
run62_sparc_1441,sparc_1441,0.803744,1.082985,1.415480,0.750904,0.734059,0.815894,0.911004,0.678608,0.955123,0.956872,0.968284,0.954698,0.865951,0.722060,0.740475,0.909425,spectrum_fno48_floor6_smooth1_qc_peak4_fieldloss
run62_sparc_1503,sparc_1503,1.304298,1.194250,1.348973,1.158142,0.879557,0.851209,0.963222,0.852073,0.864097,0.852536,0.896771,0.887242,0.893362,0.860129,0.777802,0.944509,spectrum_fno48_floor6_smooth1_qc_peak4_fieldloss
run62_sparc_1508,sparc_1508,1.117145,1.008432,1.164024,0.790403,0.767519,0.771514,0.884598,0.689629,0.939478,0.938802,0.958320,0.928401,0.825946,0.793683,0.707434,0.841904,spectrum_fno48_floor6_smooth1_qc_peak4_fieldloss
run62_sparc_1515,sparc_1515,0.611955,0.529410,0.783357,0.540734,0.588326,0.525502,0.729515,0.533866,0.906999,0.909174,0.932481,0.904348,0.759787,0.479043,0.448398,0.927962,spectrum_fno48_floor6_smooth1_qc
run62_sparc_1525,sparc_1525,0.955818,1.023667,1.615599,0.759643,0.765200,0.799810,0.946300,0.692064,0.933745,0.939884,0.956211,0.936452,0.804581,0.593476,0.639242,0.847836,spectrum_fno48_floor6_smooth1_qc_peak4_fieldloss
run63_sparc_1316,sparc_1316,0.563647,0.611516,0.669973,0.580353,0.537111,0.561385,0.654034,0.542567,0.921820,0.917251,0.942115,0.912780,0.844294,0.651644,0.735561,0.878703,spectrum_fno48_floor6_smooth1_qc_peak4
run63_sparc_1317,sparc_1317,0.590177,0.633419,0.722432,0.595926,0.534596,0.586428,0.632508,0.543769,0.921911,0.919348,0.949980,0.913728,0.895273,0.582536,0.693741,0.907151,spectrum_fno48_floor6_smooth1_qc_peak4
run63_sparc_1319,sparc_1319,0.566457,0.624432,0.767159,0.545503,0.526719,0.574703,0.642012,0.502916,0.920354,0.923701,0.952617,0.911332,0.867093,0.563423,0.692933,0.906159,spectrum_fno48_floor6_smooth1_qc_peak4_fieldloss
run63_sparc_1401,sparc_1401,0.863049,0.818032,0.697864,0.932073,0.850027,0.802335,0.678034,0.909300,0.918644,0.920512,0.942717,0.842528,0.987173,0.982820,0.939565,0.990344,spectrum_fno48_floor6_smooth1_qc_mhi100
run63_sparc_1406,sparc_1406,0.817594,0.816834,0.836570,0.804128,0.689759,0.684782,0.739485,0.666247,0.912793,0.899152,0.931282,0.914281,0.937077,0.861013,0.849457,0.964414,spectrum_fno48_floor6_smooth1_qc_peak4_fieldloss
run63_sparc_1409,sparc_1409,0.890559,0.943242,1.120734,0.843178,0.872752,0.888834,0.921060,0.842943,0.773048,0.777489,0.781610,0.884434,0.813182,0.925904,0.959239,0.912611,spectrum_fno48_floor6_smooth1_qc_peak4_fieldloss
run63_sparc_1419,sparc_1419,0.675559,0.697057,0.731333,0.737030,0.665314,0.666473,0.680609,0.717089,0.910507,0.908504,0.937394,0.893835,0.927041,0.885417,0.910473,0.920130,spectrum_fno48_floor6_smooth1_qc_peak4
run63_sparc_1423,sparc_1423,0.731898,0.716335,0.773441,0.670693,0.706143,0.702027,0.755216,0.663953,0.893033,0.890288,0.921039,0.889898,0.958457,0.870864,0.944876,0.936027,spectrum_fno48_floor6_smooth1_qc_peak4_fieldloss
run63_sparc_1425,sparc_1425,0.787658,0.768790,0.827398,0.809662,0.722184,0.730227,0.758919,0.702966,0.872125,0.881808,0.923504,0.883891,0.933474,0.750541,0.908486,0.966636,spectrum_fno48_floor6_smooth1_qc
run63_sparc_1441,sparc_1441,0.672732,0.629921,0.739010,0.600889,0.667212,0.629921,0.736024,0.598756,0.919389,0.923990,0.951889,0.917968,0.765034,0.490206,0.631517,0.943146,spectrum_fno48_floor6_smooth1_qc_peak4_fieldloss
run63_sparc_1506,sparc_1506,0.705647,0.707629,0.792135,0.732458,0.661634,0.687823,0.749065,0.671313,0.909820,0.901166,0.930209,0.901792,0.917205,0.819480,0.918589,0.957517,spectrum_fno48_floor6_smooth1_qc_peak4
run63_sparc_1507,sparc_1507,0.701328,0.676598,0.769169,0.596362,0.689750,0.664709,0.736846,0.587375,0.919193,0.917063,0.938945,0.922139,0.871003,0.610142,0.797638,0.912042,spectrum_fno48_floor6_smooth1_qc_peak4_fieldloss
run63_sparc_1516,sparc_1516,0.595168,0.613544,0.677824,0.530439,0.578856,0.598445,0.634335,0.524352,0.925441,0.926834,0.948190,0.923428,0.684767,0.676494,0.643830,0.932934,spectrum_fno48_floor6_smooth1_qc_peak4_fieldloss
run63_sparc_1519,sparc_1519,0.731803,0.702863,0.718392,0.753711,0.673684,0.668326,0.679568,0.722126,0.913754,0.920769,0.937595,0.908281,0.927288,0.905904,0.915956,0.884352,spectrum_fno48_floor6_smooth1_qc
run63_sparc_1523,sparc_1523,0.782816,1.010188,0.737492,0.807690,0.641878,0.706988,0.674204,0.659290,0.859902,0.812566,0.791535,0.850604,0.972724,0.982053,0.993410,0.980358,spectrum_fno48_floor6_smooth1_qc_mhi100
run63_sparc_1525,sparc_1525,0.670976,0.676866,0.717448,0.611997,0.660121,0.672306,0.705776,0.610716,0.912635,0.876119,0.934511,0.903230,0.963377,0.762251,0.936843,0.937236,spectrum_fno48_floor6_smooth1_qc_peak4_fieldloss
run63_sparc_1527,sparc_1527,0.733923,0.741862,0.821655,0.698964,0.654976,0.664303,0.722853,0.626881,0.919683,0.915440,0.941320,0.918464,0.931201,0.790522,0.850438,0.945795,spectrum_fno48_floor6_smooth1_qc_peak4_fieldloss
run63_sparc_1593,sparc_1593,0.624456,0.601752,0.716029,0.601063,0.623575,0.601556,0.715329,0.590313,0.931931,0.933564,0.947419,0.929614,0.886675,0.773879,0.858660,0.917594,spectrum_fno48_floor6_smooth1_qc_peak4_fieldloss
run64_sparc_1305,sparc_1305,0.654316,0.644214,0.732272,0.653852,0.653405,0.641595,0.722968,0.649590,0.925115,0.923563,0.942065,0.921950,0.919887,0.805807,0.860571,0.951085,spectrum_fno48_floor6_smooth1_qc
run64_sparc_1307,sparc_1307,0.687502,0.924549,1.028820,0.611220,0.603103,0.650085,0.754265,0.558691,0.918637,0.916728,0.645227,0.915869,0.964595,0.980494,0.980752,0.983085,spectrum_fno48_floor6_smooth1_qc_peak4_fieldloss
run64_sparc_1311,sparc_1311,0.585783,0.675794,0.722344,0.631385,0.575422,0.638044,0.665239,0.596200,0.920998,0.912469,0.941900,0.910379,0.789643,0.538026,0.793042,0.896442,spectrum_fno48_floor6_smooth1_qc_peak4
run64_sparc_1315,sparc_1315,0.659319,0.652369,0.643940,0.746299,0.609386,0.594847,0.606486,0.646118,0.917547,0.918012,0.945580,0.915926,0.838718,0.716132,0.888960,0.906036,spectrum_fno48_floor6_smooth1_qc_mhi100
run64_sparc_1316,sparc_1316,0.672735,0.611936,0.661804,0.701009,0.612462,0.594493,0.612776,0.661509,0.920265,0.912895,0.939563,0.912972,0.839459,0.583347,0.709184,0.865965,spectrum_fno48_floor6_smooth1_qc
run64_sparc_1317,sparc_1317,0.668668,0.592345,0.670904,0.696838,0.617340,0.579603,0.633182,0.640394,0.919889,0.918805,0.949531,0.916413,0.850358,0.631265,0.584940,0.905104,spectrum_fno48_floor6_smooth1_qc
run64_sparc_1350,sparc_1350,0.603816,0.602889,0.605409,0.623042,0.589964,0.574739,0.596460,0.605009,0.932205,0.932471,0.961765,0.929809,0.818180,0.761727,0.715234,0.858760,spectrum_fno48_floor6_smooth1_qc
run64_sparc_1353,sparc_1353,0.772839,0.648732,0.754100,0.690095,0.686999,0.594568,0.656850,0.617212,0.907031,0.902943,0.924005,0.899089,0.906134,0.671359,0.814608,0.890057,spectrum_fno48_floor6_smooth1_qc
run64_sparc_1360,sparc_1360,0.682345,0.703521,0.658293,0.672613,0.645986,0.619007,0.629544,0.625037,0.901247,0.899339,0.890502,0.896162,0.880436,0.742756,0.690852,0.896630,spectrum_fno48_floor6_smooth1_qc_mhi100
run64_sparc_1364,sparc_1364,0.787338,0.734569,0.722307,0.614804,0.677452,0.657155,0.663436,0.579358,0.912362,0.904906,0.928400,0.912043,0.962785,0.884300,0.939125,0.957411,spectrum_fno48_floor6_smooth1_qc_peak4_fieldloss
run64_sparc_1404,sparc_1404,0.649867,0.672636,0.812754,0.666716,0.614869,0.639491,0.727936,0.635356,0.934779,0.935386,0.947415,0.928356,0.932243,0.761331,0.876229,0.909075,spectrum_fno48_floor6_smooth1_qc_peak4
run64_sparc_1405,sparc_1405,0.956628,0.879661,0.886632,0.966178,0.862049,0.837402,0.838631,0.878908,0.755855,0.784347,0.841083,0.750350,0.979328,0.965063,0.975156,0.979936,spectrum_fno48_floor6_smooth1_qc
run64_sparc_1415,sparc_1415,0.712320,0.726493,0.754935,0.708786,0.660623,0.641838,0.648987,0.646968,0.916425,0.917227,0.932117,0.910445,0.884736,0.772756,0.754475,0.912375,spectrum_fno48_floor6_smooth1_qc_peak4_fieldloss
run64_sparc_1423,sparc_1423,0.663313,0.608130,0.714901,0.678894,0.660671,0.599827,0.714450,0.675142,0.909590,0.905917,0.922817,0.901230,0.884161,0.689031,0.900290,0.912710,spectrum_fno48_floor6_smooth1_qc
run64_sparc_1426,sparc_1426,0.727667,0.692704,0.687997,0.743645,0.714234,0.691625,0.687952,0.737871,0.902329,0.916515,0.949031,0.912316,0.907631,0.734995,0.849819,0.920210,spectrum_fno48_floor6_smooth1_qc_mhi100
run64_sparc_1428,sparc_1428,0.721646,0.753937,0.844146,0.728226,0.696195,0.719814,0.752441,0.694495,0.889167,0.878255,0.897981,0.868035,0.899751,0.824398,0.872555,0.933361,spectrum_fno48_floor6_smooth1_qc_peak4
run64_sparc_1441,sparc_1441,0.617514,0.617632,0.676645,0.586073,0.600728,0.605024,0.666621,0.542523,0.927590,0.928362,0.957135,0.933634,0.832955,0.735094,0.757160,0.874914,spectrum_fno48_floor6_smooth1_qc_peak4_fieldloss
run64_sparc_1500,sparc_1500,0.442417,0.410162,0.437259,0.388673,0.413927,0.393735,0.413959,0.321714,0.993330,0.994964,0.995339,0.992739,0.925202,0.816871,0.880909,0.950436,spectrum_fno48_floor6_smooth1_qc_peak4_fieldloss
run64_sparc_1509,sparc_1509,0.704740,0.781667,0.849813,0.697364,0.655638,0.691171,0.759090,0.658236,0.915700,0.914237,0.926884,0.913812,0.797737,0.662671,0.912666,0.884904,spectrum_fno48_floor6_smooth1_qc_peak4_fieldloss
run64_sparc_1511,sparc_1511,0.671376,0.678075,0.693685,0.661935,0.657898,0.671757,0.673917,0.654542,0.919614,0.917691,0.949436,0.918472,0.859504,0.792796,0.682873,0.938448,spectrum_fno48_floor6_smooth1_qc_peak4_fieldloss
run64_sparc_1513,sparc_1513,0.680503,0.708092,0.710509,0.693947,0.676005,0.702905,0.695215,0.679771,0.907166,0.894279,0.903066,0.899835,0.861698,0.871630,0.891816,0.920332,spectrum_fno48_floor6_smooth1_qc_peak4
run64_sparc_1520,sparc_1520,0.731520,0.729780,0.665569,0.966944,0.696984,0.690687,0.652646,0.824123,0.908346,0.902259,0.931687,0.887538,0.952156,0.935700,0.811520,0.962224,spectrum_fno48_floor6_smooth1_qc_mhi100
run64_sparc_1529,sparc_1529,0.749835,0.758390,0.806702,0.725158,0.745733,0.744335,0.798224,0.725157,0.900409,0.897437,0.918705,0.899535,0.915415,0.839452,0.885814,0.962778,spectrum_fno48_floor6_smooth1_qc_peak4_fieldloss
run65_sparc_1307,sparc_1307,0.920696,1.004970,1.076994,0.856723,0.875507,0.916982,0.945624,0.841111,0.362332,0.182543,0.500061,0.510602,0.956628,0.943168,0.976355,0.968968,spectrum_fno48_floor6_smooth1_qc_peak4_fieldloss
run65_sparc_1311,sparc_1311,0.657910,0.562906,0.702769,0.523935,0.614202,0.553927,0.630237,0.509098,0.922731,0.923495,0.949669,0.920599,0.832859,0.661438,0.633556,0.895736,spectrum_fno48_floor6_smooth1_qc_peak4_fieldloss
run65_sparc_1315,sparc_1315,0.598996,0.627328,0.684983,0.533868,0.539722,0.567843,0.619268,0.482867,0.913057,0.911709,0.939211,0.912694,0.668339,0.493851,0.718724,0.944670,spectrum_fno48_floor6_smooth1_qc_peak4_fieldloss
run65_sparc_1316,sparc_1316,0.574472,0.584022,0.768067,0.494761,0.530253,0.559614,0.665517,0.476908,0.901553,0.898382,0.929004,0.898982,0.726603,0.466333,0.706034,0.956572,spectrum_fno48_floor6_smooth1_qc_peak4_fieldloss
run65_sparc_1351,sparc_1351,0.635574,0.629806,0.662934,0.532298,0.547725,0.546673,0.590479,0.488128,0.889459,0.889976,0.924704,0.889027,0.757727,0.600822,0.740072,0.949055,spectrum_fno48_floor6_smooth1_qc_peak4_fieldloss
run65_sparc_1359,sparc_1359,0.565411,0.548729,0.661575,0.441418,0.521258,0.522647,0.610082,0.435180,0.910550,0.912239,0.934675,0.908463,0.882090,0.560516,0.656982,0.907665,spectrum_fno48_floor6_smooth1_qc_peak4_fieldloss
run65_sparc_1361,sparc_1361,0.551557,0.525748,0.709159,0.430848,0.522347,0.515628,0.631541,0.429206,0.903070,0.902078,0.932451,0.898723,0.902875,0.604912,0.836599,0.907328,spectrum_fno48_floor6_smooth1_qc_peak4_fieldloss
run65_sparc_1362,sparc_1362,0.606610,0.544445,0.680010,0.444772,0.543436,0.528428,0.619759,0.436955,0.851500,0.847239,0.858523,0.849822,0.895226,0.666496,0.745024,0.913314,spectrum_fno48_floor6_smooth1_qc_peak4_fieldloss
run65_sparc_1363,sparc_1363,0.533520,0.569139,0.745474,0.447493,0.516758,0.539233,0.649148,0.440830,0.896184,0.888693,0.917997,0.891141,0.861229,0.760192,0.758504,0.962192,spectrum_fno48_floor6_smooth1_qc_peak4_fieldloss
run65_sparc_1364,sparc_1364,0.638142,0.594975,0.863587,0.485392,0.616186,0.587002,0.705052,0.481486,0.899386,0.895778,0.929125,0.899843,0.908014,0.699222,0.863938,0.877732,spectrum_fno48_floor6_smooth1_qc_peak4_fieldloss
run65_sparc_1365,sparc_1365,0.596656,0.534109,0.648748,0.434752,0.541825,0.512680,0.601442,0.426108,0.889858,0.886438,0.906838,0.886025,0.916384,0.738626,0.840508,0.895358,spectrum_fno48_floor6_smooth1_qc_peak4_fieldloss
run65_sparc_1411,sparc_1411,0.639064,0.600456,0.750580,0.526217,0.584953,0.553406,0.651660,0.509939,0.927421,0.930541,0.958473,0.930167,0.879434,0.642794,0.724289,0.886309,spectrum_fno48_floor6_smooth1_qc_peak4_fieldloss
run65_sparc_1421,sparc_1421,0.583130,0.550580,0.742457,0.536563,0.554777,0.533835,0.657418,0.518487,0.919190,0.919521,0.939258,0.920355,0.731083,0.800286,0.656969,0.932978,spectrum_fno48_floor6_smooth1_qc_peak4_fieldloss
run65_sparc_1423,sparc_1423,0.762634,0.789620,0.758826,0.625012,0.733535,0.732285,0.757118,0.622818,0.860620,0.866127,0.913375,0.881163,0.780265,0.949674,0.834335,0.960787,spectrum_fno48_floor6_smooth1_qc_peak4_fieldloss
run65_sparc_1425,sparc_1425,0.840616,0.741716,0.788201,0.673960,0.775771,0.696924,0.758512,0.645284,0.856448,0.890863,0.934640,0.891080,0.789044,0.469505,0.702772,0.834121,spectrum_fno48_floor6_smooth1_qc_peak4_fieldloss
run65_sparc_1428,sparc_1428,0.872292,0.849756,0.861181,0.793075,0.790202,0.805408,0.833667,0.761861,0.810322,0.848565,0.873954,0.863779,0.902528,0.918942,0.865376,0.967984,spectrum_fno48_floor6_smooth1_qc_peak4_fieldloss
run65_sparc_1441,sparc_1441,1.123961,0.907172,0.947774,0.810134,0.878641,0.887867,0.870623,0.788880,0.831380,0.842609,0.931566,0.871655,0.843503,0.519897,0.548939,0.684466,spectrum_fno48_floor6_smooth1_qc_peak4_fieldloss
run65_sparc_1506,sparc_1506,1.530513,1.058308,1.120381,1.047926,0.915173,0.960181,0.925821,0.877748,0.675553,0.604509,0.654027,0.695845,0.726852,0.699143,0.915233,0.875168,spectrum_fno48_floor6_smooth1_qc_peak4_fieldloss
run65_sparc_1507,sparc_1507,1.383434,1.052463,1.448114,1.098149,0.902594,0.944323,0.936077,0.859951,0.636545,0.750412,0.300510,0.694374,0.912791,0.489058,0.954536,0.902571,spectrum_fno48_floor6_smooth1_qc
run65_sparc_1510,sparc_1510,0.651534,0.667333,0.734808,0.601478,0.590160,0.579009,0.694983,0.534751,0.934381,0.932544,0.955651,0.932563,0.855318,0.619030,0.808495,0.805331,spectrum_fno48_floor6_smooth1_qc_peak4_fieldloss
run65_sparc_1512,sparc_1512,0.623384,0.633788,0.756866,0.560042,0.571339,0.584322,0.667240,0.517608,0.937129,0.936334,0.957090,0.934588,0.902563,0.675813,0.889685,0.921508,spectrum_fno48_floor6_smooth1_qc_peak4_fieldloss
run65_sparc_1520,sparc_1520,0.560617,0.557671,0.831184,0.510560,0.558093,0.546814,0.712515,0.506477,0.918466,0.915959,0.936855,0.913871,0.822695,0.558396,0.866857,0.786351,spectrum_fno48_floor6_smooth1_qc_peak4_fieldloss
run65_sparc_1525,sparc_1525,0.771358,0.583000,0.680832,0.593043,0.680824,0.564810,0.674793,0.569937,0.867214,0.883241,0.925177,0.901555,0.756508,0.672888,0.787534,0.912537,spectrum_fno48_floor6_smooth1_qc
run65_sparc_1529,sparc_1529,0.765229,0.878553,0.820178,0.747078,0.760819,0.876929,0.816269,0.716491,0.844469,0.756692,0.896621,0.844301,0.930831,0.852326,0.861397,0.966798,spectrum_fno48_floor6_smooth1_qc_peak4_fieldloss
run66_sparc_1302,sparc_1302,0.830026,0.823596,0.989051,0.602250,0.775703,0.739501,0.824987,0.588696,0.792381,0.797853,0.844475,0.796894,0.842697,0.849267,0.895269,0.939645,spectrum_fno48_floor6_smooth1_qc_peak4_fieldloss
run66_sparc_1303,sparc_1303,0.657286,0.824563,0.885440,0.572217,0.620138,0.761355,0.814561,0.571334,0.887074,0.857090,0.905344,0.887518,0.882745,0.812925,0.899715,0.951174,spectrum_fno48_floor6_smooth1_qc_peak4_fieldloss
run66_sparc_1304,sparc_1304,1.183860,1.188907,1.084153,0.714847,0.811037,0.877663,0.829432,0.614868,0.867655,0.831377,0.902723,0.898977,0.880749,0.895300,0.804617,0.920554,spectrum_fno48_floor6_smooth1_qc_peak4_fieldloss
run66_sparc_1313,sparc_1313,0.549266,0.485972,0.766466,0.499238,0.514652,0.477377,0.632508,0.482619,0.917031,0.916535,0.944481,0.911867,0.812987,0.709759,0.525702,0.868180,spectrum_fno48_floor6_smooth1_qc
run66_sparc_1318,sparc_1318,0.541283,0.513302,0.816867,0.440051,0.521533,0.508797,0.655732,0.439674,0.915984,0.910837,0.934709,0.908410,0.831404,0.755427,0.801224,0.929840,spectrum_fno48_floor6_smooth1_qc_peak4_fieldloss
run66_sparc_1319,sparc_1319,0.550487,0.543844,0.779106,0.445857,0.529289,0.523875,0.669648,0.445264,0.916997,0.911772,0.936639,0.913444,0.807437,0.705372,0.797605,0.912475,spectrum_fno48_floor6_smooth1_qc_peak4_fieldloss
run66_sparc_1350,sparc_1350,0.549263,0.485972,0.766465,0.499235,0.514652,0.477377,0.632507,0.482618,0.917031,0.916535,0.944480,0.911868,0.812984,0.709759,0.525701,0.868175,spectrum_fno48_floor6_smooth1_qc
run66_sparc_1408,sparc_1408,1.235328,1.169764,1.550866,1.003879,0.844995,0.882622,0.968376,0.749601,0.910270,0.905238,0.937562,0.892605,0.817774,0.774294,0.706203,0.931036,spectrum_fno48_floor6_smooth1_qc_peak4_fieldloss
run66_sparc_1415,sparc_1415,0.552704,0.480843,0.650278,0.527120,0.531427,0.477319,0.612272,0.500472,0.921940,0.923252,0.946545,0.921107,0.662660,0.693044,0.742496,0.871328,spectrum_fno48_floor6_smooth1_qc
run66_sparc_1416,sparc_1416,0.567690,0.487883,0.714751,0.530972,0.545036,0.482192,0.617048,0.501538,0.919751,0.919581,0.939258,0.917224,0.684734,0.762188,0.683641,0.938539,spectrum_fno48_floor6_smooth1_qc
run66_sparc_1427,sparc_1427,0.658641,0.729860,0.754916,0.656034,0.655282,0.724883,0.752447,0.651527,0.843145,0.860443,0.892307,0.873530,0.767580,0.685751,0.553940,0.915827,spectrum_fno48_floor6_smooth1_qc_peak4_fieldloss
run66_sparc_1429,sparc_1429,0.599580,0.670274,0.750273,0.600175,0.599552,0.666268,0.741254,0.597264,0.901303,0.899230,0.936457,0.909927,0.890174,0.901601,0.916390,0.953706,spectrum_fno48_floor6_smooth1_qc_peak4
run66_sparc_1430,sparc_1430,0.783380,0.706086,0.893269,0.858079,0.679162,0.705052,0.798605,0.739859,0.813817,0.886821,0.545442,0.542680,0.903797,0.807071,0.881859,0.955922,spectrum_fno48_floor6_smooth1_qc
run66_sparc_1509,sparc_1509,0.611974,0.592931,0.818492,0.531312,0.583124,0.580678,0.737696,0.525739,0.927418,0.926549,0.911587,0.932805,0.824996,0.600796,0.935897,0.924919,spectrum_fno48_floor6_smooth1_qc_peak4_fieldloss
run66_sparc_1514,sparc_1514,0.540249,0.509921,0.674502,0.516040,0.530315,0.506982,0.640370,0.504191,0.921712,0.918963,0.941029,0.917180,0.725175,0.534591,0.664645,0.921871,spectrum_fno48_floor6_smooth1_qc
run66_sparc_1516,sparc_1516,0.553465,0.489281,0.710553,0.524182,0.536524,0.483357,0.636307,0.499687,0.906070,0.909381,0.933043,0.903422,0.728145,0.610512,0.698911,0.910136,spectrum_fno48_floor6_smooth1_qc
run66_sparc_1529,sparc_1529,1.087650,1.274823,1.216309,1.033344,0.871968,0.898062,0.903276,0.864171,0.741289,0.703458,0.777872,0.793585,0.953076,0.935785,0.887967,0.962982,spectrum_fno48_floor6_smooth1_qc_peak4_fieldloss
run67_sparc_1302,sparc_1302,1.201189,1.323112,1.134610,0.536852,0.721275,0.828458,0.777571,0.514959,0.875671,0.862771,0.891036,0.878720,0.901980,0.895749,0.849583,0.917642,spectrum_fno48_floor6_smooth1_qc_peak4_fieldloss
run67_sparc_1304,sparc_1304,1.175164,1.130893,1.304589,0.906452,0.853530,0.846763,0.905386,0.748144,0.613968,0.665988,0.809463,0.695280,0.947055,0.920065,0.895752,0.979756,spectrum_fno48_floor6_smooth1_qc_peak4_fieldloss
run67_sparc_1318,sparc_1318,0.589285,0.714695,0.793636,0.425534,0.537565,0.626253,0.702575,0.421234,0.917717,0.920557,0.948870,0.918748,0.822635,0.658985,0.825667,0.840499,spectrum_fno48_floor6_smooth1_qc_peak4_fieldloss
run67_sparc_1350,sparc_1350,0.595403,0.593093,0.688087,0.456949,0.541209,0.557994,0.616517,0.456873,0.916273,0.921287,0.949100,0.916355,0.866977,0.380177,0.425743,0.848479,spectrum_fno48_floor6_smooth1_qc_peak4_fieldloss
run67_sparc_1362,sparc_1362,0.539155,0.525069,0.624172,0.420643,0.524375,0.520735,0.610028,0.420081,0.899541,0.893810,0.918664,0.900004,0.892848,0.485403,0.775745,0.913581,spectrum_fno48_floor6_smooth1_qc_peak4_fieldloss
run67_sparc_1401,sparc_1401,0.740545,0.735515,0.779417,0.693067,0.668984,0.735492,0.740725,0.641687,0.767548,0.841197,0.871113,0.601839,0.900860,0.817169,0.875297,0.947793,spectrum_fno48_floor6_smooth1_qc_peak4_fieldloss
run67_sparc_1403,sparc_1403,0.940710,0.793322,1.069855,0.393884,0.713346,0.714690,0.815183,0.391317,0.938160,0.935642,0.955314,0.916956,0.647118,0.672781,0.514923,0.884689,spectrum_fno48_floor6_smooth1_qc_peak4_fieldloss
run67_sparc_1404,sparc_1404,0.929277,1.145294,1.045173,0.615597,0.668968,0.729331,0.813241,0.536365,0.899996,0.900279,0.884146,0.883353,0.966742,0.927340,0.949118,0.981548,spectrum_fno48_floor6_smooth1_qc_peak4_fieldloss
run67_sparc_1410,sparc_1410,0.676792,0.674950,0.819437,0.495472,0.588994,0.611227,0.698784,0.488093,0.913707,0.913164,0.939444,0.913766,0.826576,0.568468,0.670440,0.885097,spectrum_fno48_floor6_smooth1_qc_peak4_fieldloss
run67_sparc_1412,sparc_1412,0.577741,0.589774,0.745033,0.473438,0.546075,0.574355,0.673774,0.472772,0.917473,0.913874,0.932591,0.915831,0.722601,0.302956,0.486523,0.879412,spectrum_fno48_floor6_smooth1_qc_peak4_fieldloss
run67_sparc_1417,sparc_1417,0.560234,0.580269,0.668156,0.462726,0.539253,0.565091,0.642987,0.462722,0.899130,0.897850,0.921918,0.897270,0.789773,0.662049,0.539163,0.906799,spectrum_fno48_floor6_smooth1_qc_peak4_fieldloss
run67_sparc_1419,sparc_1419,0.704275,0.724012,0.736400,0.534940,0.660328,0.671632,0.703561,0.529504,0.879483,0.866407,0.899680,0.863234,0.853344,0.827917,0.690561,0.884398,spectrum_fno48_floor6_smooth1_qc_peak4_fieldloss
run67_sparc_1427,sparc_1427,1.764101,1.950085,1.510739,1.663185,0.963571,0.969401,0.970865,0.924578,0.697054,0.673780,0.622692,0.781464,0.916364,0.835945,0.968449,0.938435,spectrum_fno48_floor6_smooth1_qc_mhi100
run67_sparc_1500,sparc_1500,0.939712,0.967163,0.954036,1.093965,0.924827,0.944194,0.852833,0.880571,0.987492,0.987588,0.981473,0.980935,0.908295,0.902390,0.891852,0.955634,spectrum_fno48_floor6_smooth1_qc_peak4
run67_sparc_1508,sparc_1508,1.520672,1.328954,1.430908,1.279055,0.872686,0.924063,0.941416,0.845468,0.928677,0.921916,0.947978,0.921712,0.773459,0.751066,0.839036,0.896025,spectrum_fno48_floor6_smooth1_qc_peak4_fieldloss
run67_sparc_1509,sparc_1509,0.651246,0.751633,0.988339,0.517281,0.618298,0.706636,0.815573,0.516797,0.915119,0.910748,0.930863,0.916790,0.907837,0.844097,0.965919,0.917617,spectrum_fno48_floor6_smooth1_qc_peak4_fieldloss
run67_sparc_1510,sparc_1510,0.624425,0.631418,0.710954,0.510966,0.577394,0.616238,0.680562,0.506116,0.920740,0.921808,0.947750,0.917971,0.783283,0.418847,0.621367,0.845369,spectrum_fno48_floor6_smooth1_qc_peak4_fieldloss
run67_sparc_1514,sparc_1514,0.548891,0.554956,0.677672,0.475554,0.531955,0.545158,0.629052,0.475554,0.925665,0.924921,0.940769,0.924784,0.815703,0.267147,0.782617,0.931045,spectrum_fno48_floor6_smooth1_qc_peak4_fieldloss
run67_sparc_1515,sparc_1515,0.542486,0.538977,0.647993,0.464948,0.530323,0.529293,0.614397,0.464345,0.924218,0.922814,0.944882,0.924055,0.790693,0.335514,0.616709,0.926994,spectrum_fno48_floor6_smooth1_qc_peak4_fieldloss
run67_sparc_1517,sparc_1517,0.578907,0.587881,0.690094,0.463922,0.570133,0.559613,0.642160,0.460461,0.917852,0.919312,0.946213,0.916283,0.789204,0.679444,0.563502,0.930438,spectrum_fno48_floor6_smooth1_qc_peak4_fieldloss
run67_sparc_1519,sparc_1519,0.723775,0.657434,0.774154,0.538173,0.675319,0.644075,0.716143,0.532302,0.885582,0.871924,0.908710,0.874469,0.885021,0.884925,0.905532,0.893141,spectrum_fno48_floor6_smooth1_qc_peak4_fieldloss
run67_sparc_1522,sparc_1522,0.634669,0.736749,0.847587,0.553030,0.601715,0.689346,0.766659,0.543792,0.913630,0.906039,0.936004,0.912929,0.806084,0.850387,0.908156,0.836786,spectrum_fno48_floor6_smooth1_qc_peak4_fieldloss
run67_sparc_1524,sparc_1524,0.829541,0.892639,1.096546,0.748640,0.755229,0.776175,0.858679,0.667621,0.899508,0.884637,0.900412,0.898047,0.888451,0.945940,0.955473,0.898434,spectrum_fno48_floor6_smooth1_qc_peak4_fieldloss
run67_sparc_1526,sparc_1526,0.895546,0.860211,0.918967,0.734428,0.813249,0.842697,0.864807,0.702867,0.868934,0.833519,0.865205,0.878228,0.837534,0.747606,0.682105,0.938723,spectrum_fno48_floor6_smooth1_qc_peak4_fieldloss
run67_sparc_1530,sparc_1530,0.713047,0.746889,0.887811,0.858640,0.687786,0.698474,0.847862,0.749962,0.898066,0.917412,0.770484,0.912504,0.969743,0.899094,0.968548,0.971865,spectrum_fno48_floor6_smooth1_qc_peak4
run68_sparc_1305,sparc_1305,0.842461,0.854772,1.049726,0.713832,0.811259,0.829890,0.864806,0.686985,0.931214,0.928121,0.928681,0.926579,0.921613,0.887920,0.881141,0.958025,spectrum_fno48_floor6_smooth1_qc_peak4_fieldloss
run68_sparc_1313,sparc_1313,0.967160,0.850065,0.897426,0.429363,0.965751,0.803330,0.871963,0.412167,0.907262,0.926168,0.947676,0.916772,0.252412,0.320102,0.301201,0.718474,spectrum_fno48_floor6_smooth1_qc_peak4_fieldloss
run68_sparc_1314,sparc_1314,0.972819,0.854790,0.873461,0.468509,0.970282,0.806441,0.849762,0.434161,0.904473,0.930534,0.946870,0.914358,0.252456,0.330672,0.304933,0.628115,spectrum_fno48_floor6_smooth1_qc_peak4_fieldloss
run68_sparc_1359,sparc_1359,1.110163,1.219411,1.094797,0.776447,0.997977,0.999257,0.997165,0.735968,0.740112,0.626590,0.814393,0.744503,0.281398,0.484035,0.437227,0.740567,spectrum_fno48_floor6_smooth1_qc_peak4_fieldloss
run68_sparc_1364,sparc_1364,1.122584,1.468413,1.397501,1.404532,0.967215,0.984198,0.959773,0.959311,0.767849,0.696532,0.741460,0.724450,0.620459,0.850240,0.865122,0.812982,spectrum_fno48_floor6_smooth1_qc_peak4
run68_sparc_1401,sparc_1401,0.913492,1.028280,0.952753,0.658946,0.767418,0.823157,0.857603,0.638665,0.923785,0.903132,0.933214,0.930228,0.870027,0.871395,0.863200,0.929620,spectrum_fno48_floor6_smooth1_qc_peak4_fieldloss
run68_sparc_1414,sparc_1414,0.948352,0.836771,0.884835,0.588015,0.945254,0.753283,0.838026,0.491669,0.934574,0.931468,0.951903,0.914285,0.252685,0.246301,0.308310,0.653182,spectrum_fno48_floor6_smooth1_qc_peak4_fieldloss
run68_sparc_1418,sparc_1418,0.940338,0.760643,0.768740,0.739519,0.937704,0.692675,0.637049,0.652110,0.926259,0.914186,0.942505,0.899158,0.252341,0.262974,0.467848,0.418550,spectrum_fno48_floor6_smooth1_qc_peak4_fieldloss
run68_sparc_1420,sparc_1420,0.764286,0.721375,0.743238,0.439589,0.699298,0.682030,0.689670,0.430177,0.891572,0.890619,0.938954,0.916799,0.214955,0.555997,0.593212,0.715170,spectrum_fno48_floor6_smooth1_qc_peak4_fieldloss
run68_sparc_1426,sparc_1426,1.032398,1.130745,1.641195,1.047036,0.824951,0.790267,0.887578,0.718449,0.917516,0.919837,0.936925,0.922681,0.926182,0.872223,0.709494,0.983150,spectrum_fno48_floor6_smooth1_qc_peak4
run68_sparc_1430,sparc_1430,1.397130,1.231939,1.204168,1.256417,0.819714,0.836169,0.911244,0.804438,0.837569,0.821948,0.828028,0.768367,0.849530,0.741336,0.836462,0.917849,spectrum_fno48_floor6_smooth1_qc_mhi100
run68_sparc_1506,sparc_1506,0.942197,1.147441,1.532917,1.187560,0.900876,0.909385,0.923455,0.818293,0.873064,0.877274,0.923763,0.908413,0.940555,0.960691,0.860186,0.958465,spectrum_fno48_floor6_smooth1_qc_peak4
run68_sparc_1508,sparc_1508,0.931534,0.714779,0.954615,0.553264,0.732900,0.707432,0.833921,0.515284,0.905902,0.922519,0.934740,0.886659,0.558793,0.467116,0.639688,0.806294,spectrum_fno48_floor6_smooth1_qc_peak4_fieldloss
run68_sparc_1517,sparc_1517,0.938526,0.788272,0.842354,0.540410,0.935390,0.727315,0.718204,0.511722,0.929482,0.905492,0.933386,0.893340,0.253417,0.275860,0.399755,0.561758,spectrum_fno48_floor6_smooth1_qc_peak4_fieldloss
run69_sparc_1309,sparc_1309,1.059212,0.921800,0.915265,0.753899,0.777718,0.764458,0.762497,0.637381,0.706648,0.693222,0.823589,0.722525,0.964487,0.839368,0.928940,0.977910,spectrum_fno48_floor6_smooth1_qc_peak4_fieldloss
run69_sparc_1310,sparc_1310,0.730130,0.770225,0.796369,0.545538,0.653329,0.669782,0.700034,0.539253,0.885904,0.884659,0.906220,0.884223,0.816224,0.429576,0.828405,0.959467,spectrum_fno48_floor6_smooth1_qc_peak4_fieldloss
run69_sparc_1311,sparc_1311,0.705609,0.695311,0.813184,0.543080,0.629058,0.630627,0.708758,0.533522,0.893835,0.893111,0.909686,0.891624,0.739425,0.331362,0.828186,0.951159,spectrum_fno48_floor6_smooth1_qc_peak4_fieldloss
run69_sparc_1315,sparc_1315,0.656446,0.598593,0.809111,0.556936,0.597970,0.586326,0.719598,0.541496,0.900430,0.900722,0.932957,0.905202,0.727216,0.322786,0.796782,0.882911,spectrum_fno48_floor6_smooth1_qc_peak4_fieldloss
run69_sparc_1358,sparc_1358,0.659597,0.602728,0.769641,0.542178,0.620499,0.582822,0.708251,0.524590,0.897233,0.897852,0.921631,0.897248,0.915550,0.347866,0.861460,0.901697,spectrum_fno48_floor6_smooth1_qc_peak4_fieldloss
run69_sparc_1359,sparc_1359,0.734240,0.670625,0.871912,0.542794,0.648960,0.624742,0.714571,0.530997,0.897012,0.890105,0.928480,0.894323,0.851685,0.354092,0.769245,0.909372,spectrum_fno48_floor6_smooth1_qc_peak4_fieldloss
run69_sparc_1363,sparc_1363,0.674749,0.627856,0.807455,0.518827,0.641534,0.596563,0.746582,0.513602,0.883141,0.879168,0.904100,0.882133,0.875430,0.428357,0.741661,0.936160,spectrum_fno48_floor6_smooth1_qc_peak4_fieldloss
run69_sparc_1401,sparc_1401,0.664787,0.565644,0.708487,0.581164,0.546090,0.564220,0.662836,0.559324,0.957228,0.948023,0.959410,0.950699,0.978114,0.980275,0.953930,0.980105,spectrum_fno48_floor6_smooth1_qc
run69_sparc_1404,sparc_1404,1.332017,1.337856,1.527254,0.972220,0.866705,0.833301,0.954830,0.770379,0.935289,0.941960,0.953454,0.940136,0.897138,0.820283,0.879096,0.911985,spectrum_fno48_floor6_smooth1_qc_peak4_fieldloss
run69_sparc_1411,sparc_1411,0.697229,0.797997,0.776631,0.534366,0.620916,0.680275,0.691410,0.525543,0.907753,0.906762,0.931016,0.901076,0.756045,0.663862,0.743037,0.942106,spectrum_fno48_floor6_smooth1_qc_peak4_fieldloss
run69_sparc_1416,sparc_1416,0.725121,0.642064,0.811008,0.544678,0.635635,0.600094,0.714625,0.534244,0.911060,0.904109,0.929877,0.914210,0.808194,0.357612,0.768333,0.933118,spectrum_fno48_floor6_smooth1_qc_peak4_fieldloss
run69_sparc_1420,sparc_1420,0.913788,0.830035,1.068742,0.540375,0.807141,0.778428,0.836853,0.540325,0.891636,0.888132,0.914751,0.882414,0.869892,0.680969,0.918480,0.852677,spectrum_fno48_floor6_smooth1_qc_peak4_fieldloss
run69_sparc_1422,sparc_1422,0.765591,1.021664,0.881958,0.499056,0.716936,0.847247,0.814947,0.473946,0.890821,0.883846,0.923433,0.787556,0.929393,0.918019,0.878658,0.916963,spectrum_fno48_floor6_smooth1_qc_peak4_fieldloss
run69_sparc_1425,sparc_1425,1.087914,1.247064,1.653425,1.267401,0.818648,0.853054,0.954217,0.846178,0.917136,0.908791,0.953240,0.928670,0.772345,0.782568,0.751020,0.878714,spectrum_fno48_floor6_smooth1_qc_peak4
run69_sparc_1441,sparc_1441,1.260159,1.393418,1.744568,1.140477,0.862009,0.874988,0.957678,0.822175,0.947351,0.950943,0.963049,0.944398,0.796049,0.766461,0.741984,0.836624,spectrum_fno48_floor6_smooth1_qc_peak4_fieldloss
run69_sparc_1507,sparc_1507,1.107141,1.197823,1.254294,1.132630,0.880318,0.900374,0.948232,0.838437,0.838411,0.845163,0.832518,0.856905,0.974206,0.980054,0.952418,0.976636,spectrum_fno48_floor6_smooth1_qc_peak4
run69_sparc_1511,sparc_1511,0.687930,0.816346,0.744131,0.517502,0.623517,0.701444,0.699000,0.511242,0.917523,0.911861,0.944083,0.914825,0.840224,0.834147,0.741962,0.886410,spectrum_fno48_floor6_smooth1_qc_peak4_fieldloss
run69_sparc_1516,sparc_1516,0.722330,0.654655,0.873999,0.536839,0.636095,0.632003,0.725806,0.526858,0.903084,0.901108,0.923600,0.899289,0.855544,0.459844,0.704887,0.921017,spectrum_fno48_floor6_smooth1_qc_peak4_fieldloss
run69_sparc_1525,sparc_1525,1.164966,1.440152,1.460380,1.163784,0.813380,0.857933,0.954596,0.823014,0.913109,0.908629,0.932159,0.926829,0.731629,0.764021,0.849231,0.826346,spectrum_fno48_floor6_smooth1_qc_peak4_fieldloss
run69_sparc_1530,sparc_1530,0.967984,0.781465,1.002316,0.963507,0.756295,0.734306,0.797970,0.772489,0.928420,0.925022,0.927479,0.908037,0.945787,0.910862,0.890301,0.973406,spectrum_fno48_floor6_smooth1_qc
run6_sparc_1307,sparc_1307,0.798892,0.747187,0.781311,0.690293,0.753733,0.708948,0.773899,0.665228,0.846151,0.857773,0.898201,0.871660,0.915403,0.676222,0.915955,0.863056,spectrum_fno48_floor6_smooth1_qc_peak4_fieldloss
run6_sparc_1313,sparc_1313,0.659939,0.653467,0.688677,0.527215,0.630529,0.610302,0.635223,0.524895,0.928615,0.930374,0.958868,0.922937,0.858565,0.683605,0.762386,0.903884,spectrum_fno48_floor6_smooth1_qc_peak4_fieldloss
run6_sparc_1317,sparc_1317,0.637176,0.676883,0.704295,0.602527,0.552383,0.608335,0.624227,0.562790,0.932520,0.932462,0.956549,0.933144,0.746577,0.706293,0.828377,0.919369,spectrum_fno48_floor6_smooth1_qc_peak4_fieldloss
run6_sparc_1351,sparc_1351,0.682613,0.665257,0.690932,0.576799,0.660732,0.636197,0.660153,0.574232,0.920897,0.913461,0.939193,0.917922,0.874632,0.746068,0.815319,0.930004,spectrum_fno48_floor6_smooth1_qc_peak4_fieldloss
run6_sparc_1354,sparc_1354,0.771681,0.710104,0.717857,0.713216,0.754825,0.684352,0.709886,0.692749,0.877956,0.873997,0.905870,0.884220,0.916039,0.893491,0.942506,0.910257,spectrum_fno48_floor6_smooth1_qc
run6_sparc_1358,sparc_1358,0.708464,0.670554,0.741754,0.602732,0.670170,0.640180,0.642236,0.584286,0.914815,0.914363,0.926928,0.911491,0.880875,0.819560,0.748929,0.881865,spectrum_fno48_floor6_smooth1_qc_peak4_fieldloss
run6_sparc_1360,sparc_1360,0.730363,0.756050,0.708493,0.580815,0.649153,0.665568,0.642000,0.561381,0.915175,0.908666,0.943921,0.909870,0.784289,0.801844,0.688775,0.915604,spectrum_fno48_floor6_smooth1_qc_peak4_fieldloss
run6_sparc_1364,sparc_1364,0.797786,0.768746,0.795478,0.751439,0.770021,0.720002,0.769999,0.699939,0.893991,0.902531,0.938518,0.893275,0.896916,0.802997,0.948212,0.920053,spectrum_fno48_floor6_smooth1_qc_peak4_fieldloss
run6_sparc_1401,sparc_1401,0.851461,0.775527,0.707380,0.809989,0.819961,0.768834,0.685768,0.778123,0.935795,0.939550,0.949292,0.919107,0.985171,0.986420,0.949735,0.987453,spectrum_fno48_floor6_smooth1_qc_mhi100
run6_sparc_1402,sparc_1402,0.679413,0.711019,0.726161,0.610624,0.671640,0.698701,0.724524,0.608377,0.953599,0.949941,0.968959,0.945862,0.932893,0.900111,0.779101,0.936212,spectrum_fno48_floor6_smooth1_qc_peak4_fieldloss
run6_sparc_1419,sparc_1419,0.741749,0.687748,0.734689,0.575658,0.697684,0.599981,0.660663,0.553062,0.872828,0.884158,0.900537,0.874596,0.958797,0.944793,0.970010,0.941659,spectrum_fno48_floor6_smooth1_qc_peak4_fieldloss
run6_sparc_1423,sparc_1423,0.705236,0.734193,0.859240,0.728441,0.670149,0.710474,0.755089,0.674371,0.905352,0.893758,0.920618,0.882921,0.897912,0.806975,0.922249,0.941807,spectrum_fno48_floor6_smooth1_qc_peak4
run6_sparc_1428,sparc_1428,0.718328,0.721783,0.733971,0.709351,0.713847,0.714409,0.733958,0.705077,0.879389,0.876540,0.951287,0.910556,0.966726,0.876644,0.964363,0.972123,spectrum_fno48_floor6_smooth1_qc_peak4_fieldloss
run6_sparc_1430,sparc_1430,0.935922,1.027162,1.449346,0.994518,0.891588,0.889711,0.999243,0.906475,0.828963,0.877857,-0.702884,0.757521,0.986039,0.983697,0.967241,0.987488,spectrum_fno48_floor6_smooth1_qc_peak4
run6_sparc_1503,sparc_1503,0.674449,0.680160,0.762920,0.602375,0.652682,0.675799,0.742184,0.594921,0.938344,0.927004,0.951021,0.930729,0.907311,0.742577,0.919447,0.937578,spectrum_fno48_floor6_smooth1_qc_peak4_fieldloss
run6_sparc_1509,sparc_1509,0.798286,0.900204,0.795589,0.691556,0.768741,0.879945,0.794102,0.687360,0.905453,0.886274,0.924971,0.893385,0.836435,0.731423,0.856948,0.910870,spectrum_fno48_floor6_smooth1_qc_peak4_fieldloss
run6_sparc_1527,sparc_1527,0.655064,0.708369,0.794381,0.647561,0.650649,0.700223,0.758485,0.640851,0.925838,0.908920,0.912685,0.918044,0.920183,0.904437,0.937067,0.912310,spectrum_fno48_floor6_smooth1_qc_peak4_fieldloss
run6_sparc_1528,sparc_1528,0.941255,0.979901,0.804474,0.916802,0.758581,0.759707,0.800084,0.745081,0.866656,0.908522,0.909697,0.892956,0.941631,0.915269,0.898175,0.957699,spectrum_fno48_floor6_smooth1_qc_mhi100
run70_sparc_1301,sparc_1301,0.693591,0.746244,0.800775,0.578139,0.666555,0.709603,0.738846,0.553449,0.727559,0.711379,0.843955,0.726049,0.929364,0.921193,0.835540,0.896057,spectrum_fno48_floor6_smooth1_qc_peak4_fieldloss
run70_sparc_1307,sparc_1307,0.908905,1.027875,1.104903,0.848096,0.756206,0.801827,0.813879,0.723777,0.909338,0.903713,0.923878,0.910460,0.937788,0.832821,0.990986,0.964518,spectrum_fno48_floor6_smooth1_qc_peak4_fieldloss
run70_sparc_1309,sparc_1309,0.798287,0.935044,0.928613,0.546639,0.776596,0.826465,0.847079,0.546571,0.816290,0.787165,0.773314,0.865045,0.928991,0.957956,0.981912,0.963212,spectrum_fno48_floor6_smooth1_qc_peak4_fieldloss
run70_sparc_1354,sparc_1354,0.661561,0.718352,0.846480,0.500623,0.652445,0.635169,0.717931,0.499875,0.869373,0.858666,0.901095,0.871266,0.863817,0.732443,0.822875,0.889434,spectrum_fno48_floor6_smooth1_qc_peak4_fieldloss
run70_sparc_1359,sparc_1359,0.545066,0.523599,0.645113,0.439527,0.529669,0.523595,0.634237,0.435257,0.910562,0.909114,0.936283,0.907189,0.767297,0.289414,0.761459,0.911125,spectrum_fno48_floor6_smooth1_qc_peak4_fieldloss
run70_sparc_1365,sparc_1365,0.566855,0.523438,0.687535,0.460773,0.550700,0.519579,0.642293,0.458853,0.897862,0.896370,0.929006,0.899863,0.740273,0.365261,0.808160,0.865438,spectrum_fno48_floor6_smooth1_qc_peak4_fieldloss
run70_sparc_1400,sparc_1400,1.094707,1.310438,0.991684,1.436227,0.999819,0.945202,0.908367,0.999181,0.989771,0.989906,0.990816,0.980840,0.713629,0.697350,0.764539,0.943679,spectrum_fno48_floor6_smooth1_qc_mhi100
run70_sparc_1405,sparc_1405,1.409668,1.542612,1.814852,1.562688,0.958000,0.920529,0.964539,0.938782,0.880890,0.863498,0.908735,0.882745,0.856424,0.776501,0.965044,0.956291,spectrum_fno48_floor6_smooth1_qc_peak4
run70_sparc_1409,sparc_1409,0.847671,0.933595,0.907502,0.518270,0.799917,0.796493,0.812458,0.518202,0.822939,0.806990,0.869083,0.855672,0.912853,0.953815,0.979910,0.945488,spectrum_fno48_floor6_smooth1_qc_peak4_fieldloss
run70_sparc_1413,sparc_1413,0.675990,0.717418,0.745839,0.519315,0.620721,0.648618,0.703226,0.514356,0.931646,0.926043,0.957639,0.934150,0.716743,0.677113,0.507788,0.882063,spectrum_fno48_floor6_smooth1_qc_peak4_fieldloss
run70_sparc_1420,sparc_1420,0.622647,0.664648,0.710898,0.487104,0.598854,0.633042,0.677165,0.479943,0.918949,0.912454,0.941231,0.914611,0.803755,0.706357,0.631602,0.930600,spectrum_fno48_floor6_smooth1_qc_peak4_fieldloss
run70_sparc_1441,sparc_1441,1.417551,1.026779,1.388948,1.154303,0.942180,0.753338,0.935956,0.845412,0.902238,0.928018,0.958753,0.889438,0.456034,0.557992,0.802753,0.839436,spectrum_fno48_floor6_smooth1_qc
run70_sparc_1506,sparc_1506,1.345719,1.622548,1.623588,1.082952,0.915177,0.914869,0.944286,0.830897,0.921347,0.883355,0.939034,0.897553,0.746431,0.934892,0.789563,0.927108,spectrum_fno48_floor6_smooth1_qc_peak4_fieldloss
run70_sparc_1509,sparc_1509,0.797515,0.845025,0.832698,0.580963,0.786287,0.790136,0.805207,0.578721,0.849985,0.852459,0.888976,0.881898,0.909541,0.933087,0.968977,0.937536,spectrum_fno48_floor6_smooth1_qc_peak4_fieldloss
run70_sparc_1511,sparc_1511,0.678754,0.694789,0.685949,0.534879,0.648444,0.644401,0.674188,0.524578,0.928183,0.924367,0.950592,0.929834,0.738752,0.608964,0.717674,0.908084,spectrum_fno48_floor6_smooth1_qc_peak4_fieldloss
run70_sparc_1512,sparc_1512,0.677803,0.675907,0.685029,0.535322,0.647618,0.660715,0.659575,0.534412,0.919650,0.918014,0.941495,0.922061,0.730424,0.662750,0.666946,0.898664,spectrum_fno48_floor6_smooth1_qc_peak4_fieldloss
run70_sparc_1513,sparc_1513,0.657125,0.710805,0.695297,0.552012,0.639446,0.657170,0.651304,0.531190,0.921393,0.919614,0.944402,0.923974,0.736126,0.593044,0.507629,0.813116,spectrum_fno48_floor6_smooth1_qc_peak4_fieldloss
run70_sparc_1516,sparc_1516,0.607221,0.617232,0.714376,0.538347,0.582121,0.593568,0.656450,0.505858,0.928542,0.922372,0.950982,0.929451,0.667949,0.377577,0.539308,0.875574,spectrum_fno48_floor6_smooth1_qc_peak4_fieldloss
run70_sparc_1517,sparc_1517,0.595274,0.622898,0.680842,0.554537,0.575191,0.609524,0.665378,0.513924,0.926023,0.920272,0.945257,0.924837,0.640532,0.470376,0.594854,0.847127,spectrum_fno48_floor6_smooth1_qc_peak4_fieldloss
run71_sparc_1300,sparc_1300,0.520185,0.495283,0.535695,0.452260,0.519439,0.495138,0.492045,0.438202,0.959020,0.965416,0.953102,0.940595,0.965541,0.962930,0.815214,0.975937,spectrum_fno48_floor6_smooth1_qc_peak4_fieldloss
run71_sparc_1303,sparc_1303,0.794156,0.724084,0.980988,0.744852,0.748562,0.713949,0.879242,0.719292,0.916100,0.930349,0.941217,0.907966,0.958801,0.931952,0.836528,0.968078,spectrum_fno48_floor6_smooth1_qc
run71_sparc_1305,sparc_1305,1.059266,1.215629,1.240826,0.956254,0.761368,0.801907,0.894331,0.726885,0.915292,0.917809,0.937116,0.912445,0.738747,0.689414,0.861624,0.831208,spectrum_fno48_floor6_smooth1_qc_peak4_fieldloss
run71_sparc_1306,sparc_1306,1.048757,1.058890,1.178714,0.821853,0.819156,0.806977,0.910071,0.768585,0.919451,0.926733,0.941009,0.920991,0.880159,0.766618,0.794391,0.908558,spectrum_fno48_floor6_smooth1_qc_peak4_fieldloss
run71_sparc_1310,sparc_1310,0.626414,0.731697,0.853298,0.592619,0.626414,0.718544,0.816927,0.584526,0.901694,0.896325,0.911987,0.865030,0.574222,0.374823,0.617486,0.883284,spectrum_fno48_floor6_smooth1_qc_peak4_fieldloss
run71_sparc_1311,sparc_1311,0.637776,0.774316,0.911812,0.624413,0.631693,0.735733,0.824215,0.598582,0.899038,0.894839,0.906741,0.887033,0.539873,0.475293,0.648238,0.891807,spectrum_fno48_floor6_smooth1_qc_peak4_fieldloss
run71_sparc_1313,sparc_1313,0.751234,0.920448,1.180828,0.632667,0.709520,0.819465,0.874480,0.622049,0.907272,0.909308,0.928744,0.916981,0.777694,0.721242,0.857763,0.878403,spectrum_fno48_floor6_smooth1_qc_peak4_fieldloss
run71_sparc_1318,sparc_1318,0.810999,0.689826,1.111390,0.671830,0.723217,0.673964,0.841152,0.641437,0.895630,0.883272,0.918141,0.897916,0.619821,0.361536,0.664758,0.921519,spectrum_fno48_floor6_smooth1_qc_peak4_fieldloss
run71_sparc_1352,sparc_1352,0.765156,1.007158,1.077159,0.611302,0.687595,0.825140,0.860657,0.599900,0.885302,0.876893,0.904060,0.889650,0.793797,0.849373,0.852944,0.898553,spectrum_fno48_floor6_smooth1_qc_peak4_fieldloss
run71_sparc_1357,sparc_1357,1.001613,1.095022,1.355909,0.624533,0.754531,0.818953,0.859183,0.576515,0.865660,0.859903,0.904753,0.876295,0.877982,0.864650,0.850491,0.870215,spectrum_fno48_floor6_smooth1_qc_peak4_fieldloss
run71_sparc_1364,sparc_1364,0.651097,0.619874,0.908108,0.566638,0.646962,0.617053,0.842520,0.566542,0.878283,0.867167,0.885655,0.871149,0.669979,0.683977,0.860407,0.893738,spectrum_fno48_floor6_smooth1_qc_peak4_fieldloss
run71_sparc_1421,sparc_1421,0.711541,0.861424,1.171579,0.614351,0.711365,0.829368,0.926287,0.608570,0.831797,0.748377,0.826922,0.889585,0.684889,0.855541,0.903550,0.876686,spectrum_fno48_floor6_smooth1_qc_peak4_fieldloss
run71_sparc_1424,sparc_1424,0.880770,1.061918,1.401278,0.787502,0.773591,0.837932,0.930297,0.701431,0.947371,0.936480,0.941606,0.937196,0.852789,0.845555,0.841745,0.880490,spectrum_fno48_floor6_smooth1_qc_peak4_fieldloss
run71_sparc_1429,sparc_1429,0.941901,0.965565,1.177730,0.743900,0.682061,0.697151,0.875532,0.615220,0.901863,0.903900,0.916182,0.837572,0.963429,0.964610,0.961498,0.980788,spectrum_fno48_floor6_smooth1_qc_peak4_fieldloss
run71_sparc_1504,sparc_1504,1.067067,1.045415,1.086991,0.798189,0.801409,0.792335,0.905329,0.695084,0.932254,0.926485,0.952566,0.926867,0.894779,0.872850,0.875243,0.864705,spectrum_fno48_floor6_smooth1_qc_peak4_fieldloss
run71_sparc_1505,sparc_1505,0.990794,1.143770,1.187616,0.888773,0.795619,0.816273,0.902942,0.737139,0.911589,0.912200,0.937618,0.906274,0.845908,0.767706,0.912071,0.847305,spectrum_fno48_floor6_smooth1_qc_peak4_fieldloss
run71_sparc_1512,sparc_1512,0.628948,0.730965,0.885931,0.620926,0.628792,0.689692,0.826733,0.590649,0.890530,0.893857,0.921481,0.901614,0.601866,0.285942,0.688772,0.848856,spectrum_fno48_floor6_smooth1_qc_peak4_fieldloss
run71_sparc_1514,sparc_1514,0.660375,0.820721,0.924865,0.582315,0.659528,0.801060,0.855640,0.580348,0.900780,0.874141,0.907872,0.902362,0.610231,0.409539,0.734821,0.842706,spectrum_fno48_floor6_smooth1_qc_peak4_fieldloss
run71_sparc_1515,sparc_1515,0.727169,0.840265,1.061897,0.686095,0.712076,0.832121,0.887717,0.635003,0.869594,0.837626,0.875886,0.886161,0.567724,0.476043,0.723428,0.904980,spectrum_fno48_floor6_smooth1_qc_peak4_fieldloss
run71_sparc_1527,sparc_1527,0.807992,0.847651,0.989230,0.647124,0.669501,0.682191,0.846573,0.583665,0.940363,0.926864,0.949580,0.930682,0.662273,0.778485,0.697222,0.824954,spectrum_fno48_floor6_smooth1_qc_peak4_fieldloss
run72_sparc_1301,sparc_1301,0.878043,0.811340,0.671625,0.848799,0.824430,0.785948,0.657334,0.812675,0.889052,0.886408,0.947442,0.889670,0.981784,0.975729,0.864645,0.978333,spectrum_fno48_floor6_smooth1_qc_mhi100
run72_sparc_1302,sparc_1302,0.762128,0.706734,0.753313,0.768450,0.762061,0.706729,0.751074,0.766077,0.868395,0.883938,0.946637,0.883510,0.948999,0.821305,0.902930,0.968148,spectrum_fno48_floor6_smooth1_qc
run72_sparc_1315,sparc_1315,0.574867,0.592662,0.638192,0.540796,0.565166,0.586240,0.602945,0.525041,0.912756,0.913889,0.945222,0.905920,0.864351,0.858627,0.722667,0.948650,spectrum_fno48_floor6_smooth1_qc_peak4_fieldloss
run72_sparc_1352,sparc_1352,0.641546,0.626887,0.627793,0.595325,0.576299,0.591242,0.626267,0.561648,0.921248,0.915925,0.937196,0.920369,0.732815,0.658456,0.763485,0.856053,spectrum_fno48_floor6_smooth1_qc_peak4_fieldloss
run72_sparc_1353,sparc_1353,0.684305,0.620747,0.685090,0.505900,0.602368,0.574839,0.583232,0.492018,0.917060,0.908262,0.938046,0.915789,0.936393,0.767801,0.751246,0.909735,spectrum_fno48_floor6_smooth1_qc_peak4_fieldloss
run72_sparc_1354,sparc_1354,0.708043,0.648846,0.665631,0.698829,0.672976,0.648094,0.635796,0.688922,0.882315,0.899342,0.915939,0.875688,0.890992,0.836128,0.809689,0.890596,spectrum_fno48_floor6_smooth1_qc
run72_sparc_1363,sparc_1363,0.783417,0.759024,0.654649,0.586501,0.700095,0.684510,0.599593,0.573991,0.917086,0.917343,0.925066,0.914765,0.911878,0.905556,0.711170,0.879872,spectrum_fno48_floor6_smooth1_qc_peak4_fieldloss
run72_sparc_1401,sparc_1401,0.881117,0.884736,0.676462,0.955916,0.847599,0.841658,0.642841,0.869508,0.886648,0.897609,0.951465,0.844569,0.981908,0.978790,0.799629,0.981377,spectrum_fno48_floor6_smooth1_qc_mhi100
run72_sparc_1420,sparc_1420,0.531737,0.559759,0.665942,0.608678,0.530707,0.553527,0.641633,0.574236,0.912460,0.913601,0.930316,0.901820,0.820456,0.673586,0.658795,0.834949,spectrum_fno48_floor6_smooth1_qc_peak4
run72_sparc_1421,sparc_1421,0.652768,0.640428,0.697344,0.593934,0.616776,0.625780,0.661624,0.584229,0.919117,0.917868,0.941058,0.921871,0.915467,0.787235,0.778736,0.812153,spectrum_fno48_floor6_smooth1_qc_peak4_fieldloss
run72_sparc_1422,sparc_1422,0.785648,0.819641,0.771124,0.722474,0.747721,0.773922,0.721158,0.687045,0.908483,0.907871,0.937422,0.902538,0.908811,0.905470,0.809964,0.929854,spectrum_fno48_floor6_smooth1_qc_peak4_fieldloss
run72_sparc_1504,sparc_1504,0.610334,0.627826,0.711757,0.646321,0.595959,0.606543,0.665534,0.588279,0.923116,0.915374,0.947542,0.920649,0.898340,0.740318,0.745101,0.907429,spectrum_fno48_floor6_smooth1_qc_peak4
run72_sparc_1506,sparc_1506,0.594228,0.621838,0.702213,0.538427,0.556894,0.577573,0.680880,0.526830,0.937018,0.930581,0.949967,0.933063,0.863249,0.858701,0.649514,0.893812,spectrum_fno48_floor6_smooth1_qc_peak4_fieldloss
run72_sparc_1509,sparc_1509,0.688223,0.741612,0.702467,0.617023,0.668744,0.671600,0.677761,0.589362,0.929652,0.918765,0.944617,0.926590,0.826738,0.647027,0.849506,0.853398,spectrum_fno48_floor6_smooth1_qc_peak4_fieldloss
run72_sparc_1519,sparc_1519,0.500218,0.525370,0.714848,0.490107,0.500201,0.522464,0.642893,0.488299,0.895790,0.891484,0.911780,0.883246,0.845362,0.714622,0.844146,0.897716,spectrum_fno48_floor6_smooth1_qc_peak4_fieldloss
run72_sparc_1521,sparc_1521,0.692508,0.709320,0.763251,0.589010,0.656429,0.681480,0.688365,0.580162,0.916334,0.914524,0.932088,0.920764,0.930033,0.886646,0.901863,0.890522,spectrum_fno48_floor6_smooth1_qc_peak4_fieldloss
run72_sparc_1525,sparc_1525,0.673088,0.640309,0.768039,0.609388,0.665027,0.638472,0.730686,0.598668,0.901692,0.905417,0.931588,0.910955,0.924405,0.570922,0.787361,0.943197,spectrum_fno48_floor6_smooth1_qc_peak4_fieldloss
run72_sparc_1527,sparc_1527,0.585537,0.616492,0.704516,0.550752,0.582531,0.609979,0.670208,0.549003,0.930446,0.926045,0.946856,0.924629,0.898433,0.815755,0.789683,0.938851,spectrum_fno48_floor6_smooth1_qc_peak4_fieldloss
run73_sparc_1304,sparc_1304,1.544910,1.224596,1.328347,1.220336,0.762427,0.805852,0.844135,0.684458,0.941301,0.934805,0.947337,0.934682,0.846515,0.753151,0.735976,0.952070,spectrum_fno48_floor6_smooth1_qc_peak4_fieldloss
run73_sparc_1313,sparc_1313,0.613127,0.751062,0.791103,0.704822,0.608072,0.655206,0.668246,0.663930,0.923200,0.925717,0.929743,0.893828,0.404259,0.249207,0.465950,0.725547,spectrum_fno48_floor6_smooth1_qc_peak4
run73_sparc_1405,sparc_1405,0.783276,0.795043,0.858039,0.702000,0.664835,0.794781,0.837940,0.629394,0.927852,0.916668,0.886237,0.926876,0.844175,0.588900,0.883949,0.919838,spectrum_fno48_floor6_smooth1_qc_peak4_fieldloss
run73_sparc_1417,sparc_1417,0.615746,0.589767,0.770765,0.626460,0.595037,0.503889,0.770278,0.626405,0.882216,0.889491,0.896008,0.900087,0.572375,0.575179,0.409799,0.821860,spectrum_fno48_floor6_smooth1_qc
run73_sparc_1418,sparc_1418,0.674117,0.610747,0.871427,0.708215,0.672749,0.548936,0.837312,0.704398,0.905763,0.900779,0.913470,0.909288,0.607682,0.530112,0.569499,0.798229,spectrum_fno48_floor6_smooth1_qc
run73_sparc_1420,sparc_1420,0.645847,0.659946,1.026488,0.791656,0.630512,0.654586,0.832953,0.623281,0.907517,0.867949,0.911671,0.912473,0.474547,0.566854,0.605981,0.941873,spectrum_fno48_floor6_smooth1_qc_peak4
run73_sparc_1423,sparc_1423,0.637966,0.732440,1.152206,0.700152,0.637916,0.699251,0.800051,0.681899,0.898945,0.921520,0.928673,0.906552,0.523998,0.525815,0.635522,0.825327,spectrum_fno48_floor6_smooth1_qc_peak4
run73_sparc_1429,sparc_1429,1.322145,1.264251,1.228313,1.290418,0.847083,0.803766,0.938680,0.801749,0.912151,0.915169,0.932589,0.908739,0.933850,0.883255,0.926780,0.969241,spectrum_fno48_floor6_smooth1_qc_mhi100
run73_sparc_1500,sparc_1500,0.376695,0.449409,0.448394,0.366667,0.374870,0.429234,0.445577,0.363097,0.987541,0.986439,0.986769,0.974450,0.746229,0.722770,0.769676,0.795871,spectrum_fno48_floor6_smooth1_qc_peak4_fieldloss
run73_sparc_1511,sparc_1511,0.683515,0.549023,0.816146,0.603663,0.585359,0.515014,0.812336,0.569996,0.925938,0.926262,0.935662,0.906038,0.587267,0.704496,0.663460,0.731706,spectrum_fno48_floor6_smooth1_qc
run73_sparc_1516,sparc_1516,0.612578,0.537143,0.787596,0.672298,0.603949,0.515821,0.778296,0.636953,0.880462,0.888045,0.888809,0.892160,0.637815,0.658350,0.555021,0.818117,spectrum_fno48_floor6_smooth1_qc
run73_sparc_1522,sparc_1522,0.510690,0.643074,0.744639,0.539854,0.485755,0.622937,0.742687,0.516428,0.845052,0.838903,0.779466,0.762964,0.783609,0.817709,0.758703,0.960123,spectrum_fno48_floor6_smooth1_qc_peak4
run73_sparc_1523,sparc_1523,0.587200,0.727610,0.795610,0.622875,0.551411,0.666811,0.725599,0.583841,0.888827,0.879230,0.853953,0.882936,0.459987,0.644118,0.501922,0.893065,spectrum_fno48_floor6_smooth1_qc_peak4
run73_sparc_1524,sparc_1524,0.913103,0.900342,1.098830,0.777820,0.653038,0.763700,0.864862,0.667956,0.861104,0.858587,0.828130,0.853213,0.622060,0.720107,0.891095,0.797989,spectrum_fno48_floor6_smooth1_qc_peak4_fieldloss
run73_sparc_1525,sparc_1525,0.905045,0.891234,1.110099,0.679166,0.688785,0.744388,0.809842,0.664324,0.953819,0.953980,0.958077,0.955555,0.711610,0.646497,0.646935,0.878967,spectrum_fno48_floor6_smooth1_qc_peak4_fieldloss
run73_sparc_1530,sparc_1530,1.017544,0.868747,1.396703,0.682804,0.786063,0.863059,0.892558,0.625233,0.899520,0.919946,0.888539,0.906902,0.946833,0.622506,0.941364,0.935063,spectrum_fno48_floor6_smooth1_qc_peak4_fieldloss
run74_sparc_1301,sparc_1301,0.804568,0.794084,0.864028,0.656295,0.701873,0.736439,0.762935,0.649042,0.741325,0.718336,0.897848,0.741526,0.952338,0.857805,0.838831,0.944035,spectrum_fno48_floor6_smooth1_qc_peak4_fieldloss
run74_sparc_1303,sparc_1303,2.279593,2.497921,2.374711,1.680559,0.962643,0.960479,0.978781,0.934254,0.834185,0.784779,0.836650,0.853763,0.864329,0.875143,0.956740,0.874116,spectrum_fno48_floor6_smooth1_qc_peak4_fieldloss
run74_sparc_1305,sparc_1305,1.332463,1.208177,1.357256,1.425873,0.948401,0.911923,0.956920,0.917106,0.816767,0.644875,0.830569,0.854339,0.718889,0.630272,0.774217,0.913924,spectrum_fno48_floor6_smooth1_qc
run74_sparc_1309,sparc_1309,1.065019,1.177950,1.092023,1.022888,0.983558,0.958158,0.986238,0.937353,0.142306,0.372125,0.435266,0.399006,0.862077,0.881457,0.949455,0.907618,spectrum_fno48_floor6_smooth1_qc_peak4_fieldloss
run74_sparc_1310,sparc_1310,0.876285,0.933142,1.018811,0.621022,0.822629,0.846526,0.896868,0.621022,0.312871,0.468387,0.277778,0.012726,0.885442,0.903376,0.968204,0.930106,spectrum_fno48_floor6_smooth1_qc_peak4_fieldloss
run74_sparc_1350,sparc_1350,0.648102,0.791843,0.952280,0.687595,0.648098,0.790854,0.868530,0.615681,0.904108,0.862743,0.944759,0.729533,0.315300,0.535619,0.777871,0.589670,spectrum_fno48_floor6_smooth1_qc_peak4
run74_sparc_1351,sparc_1351,0.648707,0.811725,1.071442,0.677886,0.648105,0.807634,0.963378,0.608510,0.873961,0.846456,0.404726,0.652279,0.314832,0.608246,0.833444,0.607350,spectrum_fno48_floor6_smooth1_qc_peak4
run74_sparc_1400,sparc_1400,0.412219,0.530881,0.492471,0.345012,0.360608,0.430784,0.485279,0.336123,0.987251,0.991174,0.986622,0.983937,0.645601,0.552055,0.743816,0.915383,spectrum_fno48_floor6_smooth1_qc_peak4_fieldloss
run74_sparc_1407,sparc_1407,1.362776,1.237858,1.397155,1.326536,0.921794,0.845224,0.959402,0.884720,0.910480,0.910617,0.941913,0.915381,0.455136,0.717533,0.832873,0.890521,spectrum_fno48_floor6_smooth1_qc
run74_sparc_1409,sparc_1409,1.032478,1.143504,1.164887,0.995727,0.954158,0.947230,0.986283,0.786238,0.485127,0.558090,0.379480,0.772046,0.701495,0.712762,0.950801,0.732063,spectrum_fno48_floor6_smooth1_qc_peak4_fieldloss
run74_sparc_1411,sparc_1411,0.952852,1.071679,0.916073,0.986179,0.884335,0.900305,0.883697,0.780744,0.884814,0.882196,0.930592,0.190408,0.932246,0.958350,0.892471,0.981811,spectrum_fno48_floor6_smooth1_qc_mhi100
run74_sparc_1422,sparc_1422,0.732139,1.056557,1.058609,0.642722,0.661316,0.761338,0.836599,0.595855,0.904173,0.888549,0.932914,0.904550,0.870654,0.946248,0.940801,0.898429,spectrum_fno48_floor6_smooth1_qc_peak4_fieldloss
run74_sparc_1424,sparc_1424,1.326529,1.644532,2.223839,1.894052,0.959384,0.973626,0.974826,0.943445,0.832112,0.828397,0.830314,0.846725,0.587832,0.770278,0.937564,0.766997,spectrum_fno48_floor6_smooth1_qc_peak4
run74_sparc_1502,sparc_1502,0.638510,0.864666,0.846694,0.590483,0.636583,0.766269,0.792195,0.582324,0.937625,0.939033,0.958061,0.930021,0.785228,0.894984,0.701938,0.692648,spectrum_fno48_floor6_smooth1_qc_peak4_fieldloss
run74_sparc_1503,sparc_1503,1.853727,2.229554,2.495978,1.477058,0.885668,0.903849,0.939814,0.852474,0.916959,0.917027,0.902600,0.881884,0.805922,0.825621,0.913106,0.709148,spectrum_fno48_floor6_smooth1_qc_peak4_fieldloss
run74_sparc_1508,sparc_1508,1.402390,1.302391,1.317873,0.957495,0.900251,0.938526,0.944907,0.782604,0.924425,0.924614,0.945510,0.918793,0.783138,0.679344,0.768500,0.893856,spectrum_fno48_floor6_smooth1_qc_peak4_fieldloss
run74_sparc_1512,sparc_1512,0.930023,1.092480,0.847786,1.169773,0.833000,0.886731,0.815705,0.813204,0.822884,0.855256,0.941145,0.340103,0.956174,0.973279,0.933065,0.981385,spectrum_fno48_floor6_smooth1_qc_mhi100
run74_sparc_1516,sparc_1516,0.668689,0.862855,0.800260,0.550105,0.659851,0.845777,0.732666,0.545157,0.924710,0.905441,0.946859,0.841801,0.848529,0.468561,0.679238,0.925527,spectrum_fno48_floor6_smooth1_qc_peak4_fieldloss
run74_sparc_1521,sparc_1521,0.717782,0.799439,0.803486,0.568941,0.668147,0.720330,0.748757,0.561807,0.912473,0.901379,0.939162,0.903375,0.873660,0.853047,0.874330,0.853073,spectrum_fno48_floor6_smooth1_qc_peak4_fieldloss
run74_sparc_1522,sparc_1522,0.829510,0.931147,0.987594,0.648188,0.739819,0.772087,0.864092,0.618325,0.885412,0.893726,0.923679,0.894571,0.907414,0.880481,0.970080,0.860172,spectrum_fno48_floor6_smooth1_qc_peak4_fieldloss
run74_sparc_1527,sparc_1527,1.566117,1.322335,1.410739,1.326001,0.903505,0.939092,0.912510,0.829634,0.830300,0.708399,0.859926,0.785277,0.824672,0.697650,0.968611,0.941034,spectrum_fno48_floor6_smooth1_qc
run74_sparc_1593,sparc_1593,1.987843,2.347452,2.523770,1.792049,0.940304,0.939839,0.963351,0.912201,0.876142,0.878868,0.870286,0.858633,0.847825,0.850901,0.927292,0.839053,spectrum_fno48_floor6_smooth1_qc_peak4_fieldloss
run75_sparc_1303,sparc_1303,0.795419,0.749755,0.820875,0.575168,0.654479,0.714976,0.751939,0.562896,0.926915,0.932773,0.945362,0.907803,0.942444,0.866090,0.839290,0.970254,spectrum_fno48_floor6_smooth1_qc_peak4_fieldloss
run75_sparc_1307,sparc_1307,0.771714,0.888994,0.982801,0.647774,0.662683,0.694920,0.774904,0.627800,0.910726,0.877115,0.904843,0.903383,0.925780,0.927391,0.957657,0.953161,spectrum_fno48_floor6_smooth1_qc_peak4_fieldloss
run75_sparc_1350,sparc_1350,0.694027,0.713907,0.817714,0.624562,0.687120,0.706930,0.817504,0.622835,0.930231,0.941753,0.942440,0.921796,0.782410,0.799154,0.559360,0.934500,spectrum_fno48_floor6_smooth1_qc_peak4_fieldloss
run75_sparc_1352,sparc_1352,0.885458,0.984776,0.975493,0.774815,0.773991,0.797857,0.865268,0.738500,0.947125,0.929177,0.936000,0.944179,0.892361,0.733310,0.696220,0.955992,spectrum_fno48_floor6_smooth1_qc_peak4_fieldloss
run75_sparc_1353,sparc_1353,0.687381,0.721043,0.895753,0.618669,0.680233,0.691983,0.809392,0.618633,0.893860,0.908456,0.904207,0.897839,0.929914,0.897289,0.863652,0.972536,spectrum_fno48_floor6_smooth1_qc_peak4_fieldloss
run75_sparc_1354,sparc_1354,0.683192,0.712730,0.789428,0.606801,0.627290,0.669982,0.745386,0.572278,0.902722,0.886245,0.870455,0.908446,0.803716,0.684866,0.650452,0.900832,spectrum_fno48_floor6_smooth1_qc_peak4_fieldloss
run75_sparc_1400,sparc_1400,0.526159,0.572692,0.638279,0.515860,0.525943,0.571884,0.632749,0.513704,0.982887,0.981461,0.977428,0.968277,0.654397,0.735939,0.795974,0.728591,spectrum_fno48_floor6_smooth1_qc_peak4_fieldloss
run75_sparc_1403,sparc_1403,0.917384,0.711495,0.822773,0.608975,0.672591,0.706013,0.761717,0.575232,0.939700,0.947263,0.954639,0.923871,0.905365,0.764686,0.720633,0.958492,spectrum_fno48_floor6_smooth1_qc_peak4_fieldloss
run75_sparc_1410,sparc_1410,0.974968,1.005537,1.079650,0.931460,0.815784,0.825522,0.902456,0.803189,0.936340,0.930151,0.912454,0.934972,0.883981,0.783223,0.864591,0.976148,spectrum_fno48_floor6_smooth1_qc_peak4_fieldloss
run75_sparc_1412,sparc_1412,0.755728,0.749323,0.809674,0.682913,0.689870,0.714454,0.807408,0.638861,0.950230,0.947666,0.949812,0.947064,0.628705,0.591934,0.475384,0.896665,spectrum_fno48_floor6_smooth1_qc_peak4_fieldloss
run75_sparc_1414,sparc_1414,1.139926,1.111709,0.962322,1.118107,0.855185,0.873492,0.916579,0.830633,0.914711,0.917646,0.888667,0.900667,0.932184,0.752517,0.767752,0.968068,spectrum_fno48_floor6_smooth1_qc_mhi100
run75_sparc_1427,sparc_1427,1.291246,1.305839,1.181062,0.987643,0.812855,0.798209,0.819037,0.693223,0.909041,0.878983,0.915698,0.916089,0.890799,0.874648,0.895164,0.969013,spectrum_fno48_floor6_smooth1_qc_peak4_fieldloss
run75_sparc_1503,sparc_1503,1.286432,0.853922,0.938982,0.892861,0.777973,0.772553,0.824685,0.673545,0.915724,0.917016,0.933998,0.914485,0.827239,0.599254,0.600740,0.887744,spectrum_fno48_floor6_smooth1_qc
run75_sparc_1507,sparc_1507,0.995032,0.837345,1.000583,0.843246,0.758946,0.782869,0.811263,0.683519,0.942035,0.937706,0.950936,0.935749,0.768711,0.570334,0.647362,0.936778,spectrum_fno48_floor6_smooth1_qc
run75_sparc_1522,sparc_1522,0.904898,0.832840,0.857661,0.622243,0.720492,0.769788,0.838740,0.621135,0.911775,0.896820,0.914567,0.916038,0.813911,0.817901,0.668277,0.891558,spectrum_fno48_floor6_smooth1_qc_peak4_fieldloss
run75_sparc_1527,sparc_1527,1.062472,0.850899,0.943505,0.700852,0.787137,0.738937,0.823105,0.652848,0.908318,0.926511,0.911806,0.918913,0.710736,0.734906,0.729684,0.887193,spectrum_fno48_floor6_smooth1_qc_peak4_fieldloss
run76_sparc_1305,sparc_1305,0.551757,0.738464,0.775186,0.470054,0.549679,0.712212,0.719240,0.468709,0.918367,0.888480,0.942257,0.918175,0.854947,0.871641,0.725223,0.915929,spectrum_fno48_floor6_smooth1_qc_peak4_fieldloss
run76_sparc_1306,sparc_1306,0.973618,1.009778,1.083347,0.898111,0.882533,0.934059,0.937837,0.863753,0.877301,0.815495,0.892334,0.870486,0.887511,0.925913,0.886411,0.961424,spectrum_fno48_floor6_smooth1_qc_peak4_fieldloss
run76_sparc_1307,sparc_1307,0.797371,0.855295,0.881193,0.749496,0.797046,0.847031,0.870192,0.737634,0.889517,0.843958,0.868677,0.883127,0.933933,0.964339,0.950783,0.935198,spectrum_fno48_floor6_smooth1_qc_peak4_fieldloss
run76_sparc_1314,sparc_1314,0.555374,0.603587,0.635730,0.554232,0.555039,0.603472,0.633767,0.551441,0.933586,0.936152,0.959005,0.932489,0.853682,0.618315,0.466053,0.852373,spectrum_fno48_floor6_smooth1_qc_peak4_fieldloss
run76_sparc_1316,sparc_1316,0.527971,0.583788,0.631353,0.529390,0.521737,0.573948,0.621548,0.526767,0.925884,0.923528,0.940949,0.922571,0.726971,0.628783,0.645703,0.907378,spectrum_fno48_floor6_smooth1_qc_peak4
run76_sparc_1365,sparc_1365,0.599434,0.586437,0.651740,0.516249,0.576412,0.570617,0.614424,0.509776,0.913801,0.910873,0.938498,0.909687,0.780508,0.528564,0.519835,0.939313,spectrum_fno48_floor6_smooth1_qc_peak4_fieldloss
run76_sparc_1406,sparc_1406,0.563265,0.700110,0.780959,0.477695,0.563126,0.675647,0.765117,0.475574,0.929686,0.912621,0.935551,0.919786,0.807557,0.863311,0.868498,0.921571,spectrum_fno48_floor6_smooth1_qc_peak4_fieldloss
run76_sparc_1408,sparc_1408,0.668089,0.761555,0.765416,0.561933,0.666816,0.747048,0.763114,0.561548,0.908402,0.890325,0.930998,0.903441,0.914833,0.927124,0.884241,0.899499,spectrum_fno48_floor6_smooth1_qc_peak4_fieldloss
run76_sparc_1424,sparc_1424,0.657172,0.675231,0.742422,0.601862,0.655666,0.659897,0.735364,0.598647,0.888030,0.891872,0.925412,0.872778,0.878676,0.851030,0.857325,0.945019,spectrum_fno48_floor6_smooth1_qc_peak4_fieldloss
run76_sparc_1427,sparc_1427,0.716061,0.753099,0.783405,0.642811,0.629392,0.660067,0.723575,0.600395,0.912491,0.904914,0.932333,0.901154,0.936222,0.912337,0.889051,0.971006,spectrum_fno48_floor6_smooth1_qc_peak4_fieldloss
run76_sparc_1500,sparc_1500,0.406336,0.395744,0.475094,0.331431,0.364768,0.340712,0.452370,0.331096,0.993042,0.994448,0.993583,0.993036,0.715189,0.596779,0.745965,0.900562,spectrum_fno48_floor6_smooth1_qc_peak4_fieldloss
run76_sparc_1513,sparc_1513,0.575336,0.617131,0.642259,0.556438,0.573377,0.614384,0.642226,0.554442,0.922913,0.927402,0.949328,0.923379,0.746458,0.623111,0.630398,0.869240,spectrum_fno48_floor6_smooth1_qc_peak4_fieldloss
run76_sparc_1515,sparc_1515,0.635621,0.624734,0.674263,0.539930,0.588460,0.602998,0.613849,0.520418,0.927073,0.927207,0.950350,0.927367,0.720001,0.520368,0.507513,0.883231,spectrum_fno48_floor6_smooth1_qc_peak4_fieldloss
run76_sparc_1516,sparc_1516,0.639510,0.610502,0.686691,0.537685,0.589964,0.583716,0.617477,0.517040,0.926877,0.926225,0.945403,0.927833,0.843666,0.576954,0.634445,0.851270,spectrum_fno48_floor6_smooth1_qc_peak4_fieldloss
run76_sparc_1518,sparc_1518,0.592172,0.563212,0.640295,0.503714,0.570636,0.552666,0.639012,0.500040,0.926467,0.923355,0.939060,0.923361,0.844280,0.511214,0.791233,0.936021,spectrum_fno48_floor6_smooth1_qc_peak4_fieldloss
run76_sparc_1519,sparc_1519,0.583816,0.552011,0.789530,0.479178,0.560185,0.544358,0.710392,0.478264,0.899776,0.901835,0.927427,0.891228,0.928645,0.778711,0.935704,0.875344,spectrum_fno48_floor6_smooth1_qc_peak4_fieldloss
run76_sparc_1521,sparc_1521,0.593622,0.590962,0.701875,0.577428,0.578047,0.587166,0.657405,0.569483,0.923364,0.923223,0.942763,0.920369,0.900495,0.693024,0.872294,0.785037,spectrum_fno48_floor6_smooth1_qc_peak4_fieldloss
run76_sparc_1529,sparc_1529,0.731722,0.713424,0.802956,0.694626,0.711035,0.712673,0.800086,0.694344,0.764036,0.823702,0.907559,0.610461,0.915173,0.855730,0.860886,0.952005,spectrum_fno48_floor6_smooth1_qc_peak4_fieldloss
run77_sparc_1303,sparc_1303,0.720344,0.717471,0.811841,0.662229,0.719338,0.714397,0.796317,0.662226,0.911824,0.924274,0.916128,0.912866,0.861954,0.698775,0.871016,0.916852,spectrum_fno48_floor6_smooth1_qc_peak4_fieldloss
run77_sparc_1307,sparc_1307,0.966842,0.746659,0.871896,0.738165,0.804885,0.697073,0.825165,0.661384,0.706443,0.802366,0.803170,0.837775,0.964211,0.857937,0.936782,0.933797,spectrum_fno48_floor6_smooth1_qc_peak4_fieldloss
run77_sparc_1353,sparc_1353,0.703436,0.641980,0.631517,0.547960,0.675572,0.629633,0.619743,0.547547,0.906171,0.898547,0.924209,0.907154,0.918089,0.874841,0.935239,0.863379,spectrum_fno48_floor6_smooth1_qc_peak4_fieldloss
run77_sparc_1355,sparc_1355,0.670762,0.708175,0.639103,0.641038,0.620859,0.661090,0.615784,0.604650,0.918129,0.917567,0.938307,0.915660,0.777962,0.701736,0.724280,0.869490,spectrum_fno48_floor6_smooth1_qc_mhi100
run77_sparc_1360,sparc_1360,0.616713,0.695468,0.680029,0.584440,0.608724,0.656304,0.646855,0.577778,0.917660,0.910697,0.937465,0.915417,0.867991,0.878035,0.858447,0.890528,spectrum_fno48_floor6_smooth1_qc_peak4_fieldloss
run77_sparc_1363,sparc_1363,0.784812,0.802112,0.694601,0.740956,0.711225,0.701690,0.625251,0.654754,0.915567,0.921408,0.948218,0.915423,0.893052,0.873984,0.826766,0.857994,spectrum_fno48_floor6_smooth1_qc_mhi100
run77_sparc_1404,sparc_1404,0.649971,0.659418,0.756381,0.664365,0.646764,0.657294,0.748293,0.660327,0.909527,0.904543,0.943251,0.916803,0.926006,0.775587,0.855822,0.966993,spectrum_fno48_floor6_smooth1_qc_peak4
run77_sparc_1408,sparc_1408,1.437655,1.216232,1.124321,0.725602,0.945172,0.864451,0.975671,0.676550,0.715958,0.813073,0.786823,0.773604,0.970201,0.916363,0.812622,0.972295,spectrum_fno48_floor6_smooth1_qc_peak4_fieldloss
run77_sparc_1425,sparc_1425,0.687345,0.691069,0.782954,0.660671,0.648776,0.664958,0.733326,0.635582,0.913577,0.898910,0.939053,0.892990,0.893326,0.837150,0.936307,0.953583,spectrum_fno48_floor6_smooth1_qc_peak4_fieldloss
run77_sparc_1426,sparc_1426,0.628109,0.652542,0.704848,0.599293,0.628027,0.652517,0.704491,0.599249,0.902122,0.894628,0.946793,0.911222,0.952929,0.917769,0.936124,0.960501,spectrum_fno48_floor6_smooth1_qc_peak4_fieldloss
run77_sparc_1427,sparc_1427,0.754267,0.719994,0.856106,0.745475,0.740683,0.708255,0.782286,0.709944,0.914777,0.925034,0.943896,0.919382,0.921791,0.768089,0.912557,0.944961,spectrum_fno48_floor6_smooth1_qc
run77_sparc_1500,sparc_1500,0.477375,0.529135,0.474988,0.385580,0.477375,0.524361,0.468102,0.367113,0.994423,0.994681,0.995181,0.993030,0.865542,0.761551,0.736024,0.921755,spectrum_fno48_floor6_smooth1_qc_peak4_fieldloss
run77_sparc_1505,sparc_1505,0.630039,0.680156,0.713943,0.602398,0.615850,0.658765,0.713729,0.601201,0.918044,0.920029,0.941312,0.925047,0.904333,0.818692,0.870845,0.954451,spectrum_fno48_floor6_smooth1_qc_peak4_fieldloss
run77_sparc_1512,sparc_1512,0.731369,0.843320,0.698155,0.683045,0.662171,0.768576,0.661066,0.633891,0.930346,0.920750,0.954617,0.924692,0.564112,0.592692,0.838294,0.927301,spectrum_fno48_floor6_smooth1_qc_peak4_fieldloss
run77_sparc_1517,sparc_1517,0.798496,0.652670,0.702559,0.630432,0.751431,0.618110,0.691448,0.571815,0.907259,0.913776,0.917171,0.910204,0.849584,0.348685,0.861515,0.880637,spectrum_fno48_floor6_smooth1_qc_peak4_fieldloss
run77_sparc_1528,sparc_1528,0.791623,0.769730,0.862981,0.801157,0.739490,0.711465,0.798003,0.748233,0.923855,0.925385,0.942898,0.918461,0.925089,0.785641,0.879678,0.948800,spectrum_fno48_floor6_smooth1_qc
run78_sparc_1301,sparc_1301,0.681776,0.733264,0.731881,0.608673,0.650896,0.643579,0.696403,0.606641,0.961879,0.960620,0.963859,0.949507,0.850839,0.711538,0.772105,0.897419,spectrum_fno48_floor6_smooth1_qc_peak4_fieldloss
run78_sparc_1317,sparc_1317,0.645774,0.637665,0.853078,0.547104,0.633685,0.619428,0.776528,0.544269,0.907933,0.905958,0.937663,0.907095,0.846005,0.361604,0.702992,0.910964,spectrum_fno48_floor6_smooth1_qc_peak4_fieldloss
run78_sparc_1318,sparc_1318,0.661308,0.650967,0.918366,0.544058,0.645004,0.626800,0.783982,0.541331,0.905419,0.903403,0.933751,0.903082,0.877774,0.475498,0.785029,0.925756,spectrum_fno48_floor6_smooth1_qc_peak4_fieldloss
run78_sparc_1352,sparc_1352,0.656066,0.663704,0.779083,0.591411,0.611807,0.629721,0.715046,0.558202,0.897413,0.895467,0.915609,0.893642,0.690432,0.591594,0.807987,0.950309,spectrum_fno48_floor6_smooth1_qc_peak4_fieldloss
run78_sparc_1357,sparc_1357,0.726129,0.728823,0.952936,0.555261,0.679942,0.668149,0.802970,0.545841,0.876324,0.867730,0.904914,0.871578,0.723661,0.595610,0.870244,0.954342,spectrum_fno48_floor6_smooth1_qc_peak4_fieldloss
run78_sparc_1401,sparc_1401,0.586062,0.615688,0.616764,0.530621,0.562429,0.581862,0.605460,0.516524,0.951018,0.955476,0.960930,0.950020,0.923270,0.780200,0.812702,0.903998,spectrum_fno48_floor6_smooth1_qc_peak4_fieldloss
run78_sparc_1407,sparc_1407,1.271156,1.626566,1.717136,0.813570,0.841717,0.868087,0.944139,0.685328,0.914968,0.911678,0.933371,0.902338,0.946338,0.965375,0.950864,0.974888,spectrum_fno48_floor6_smooth1_qc_peak4_fieldloss
run78_sparc_1415,sparc_1415,0.612713,0.659265,0.838518,0.551797,0.593620,0.637240,0.765741,0.545510,0.913723,0.910216,0.928914,0.909990,0.766591,0.650334,0.810433,0.940169,spectrum_fno48_floor6_smooth1_qc_peak4_fieldloss
run78_sparc_1416,sparc_1416,0.615029,0.668448,0.794937,0.550747,0.607727,0.654475,0.770541,0.547485,0.914996,0.911151,0.930300,0.914955,0.765860,0.613240,0.735716,0.917858,spectrum_fno48_floor6_smooth1_qc_peak4_fieldloss
run78_sparc_1428,sparc_1428,1.092672,1.341269,1.294117,0.770229,0.870201,0.910918,0.968430,0.725230,0.783532,0.817468,0.799876,0.773004,0.895579,0.824292,0.911674,0.944158,spectrum_fno48_floor6_smooth1_qc_peak4_fieldloss
run78_sparc_1429,sparc_1429,0.711714,0.761720,0.874676,0.681184,0.710562,0.739063,0.840528,0.674400,0.676779,0.638172,0.604510,0.660333,0.982796,0.981544,0.980031,0.984461,spectrum_fno48_floor6_smooth1_qc_peak4_fieldloss
run78_sparc_1440,sparc_1440,1.268871,1.340305,1.211233,0.981666,0.901025,0.909584,0.972071,0.794619,0.940833,0.944638,0.956641,0.942571,0.818319,0.792759,0.830628,0.894460,spectrum_fno48_floor6_smooth1_qc_peak4_fieldloss
run78_sparc_1511,sparc_1511,0.697791,0.715057,0.741054,0.557393,0.664622,0.692778,0.724353,0.554715,0.916198,0.911680,0.936312,0.916104,0.824886,0.774478,0.620441,0.929880,spectrum_fno48_floor6_smooth1_qc_peak4_fieldloss
run78_sparc_1512,sparc_1512,0.656297,0.680674,0.744161,0.558060,0.636758,0.660499,0.714005,0.552087,0.917948,0.914641,0.937282,0.917983,0.795208,0.733235,0.675922,0.941869,spectrum_fno48_floor6_smooth1_qc_peak4_fieldloss
run78_sparc_1514,sparc_1514,0.636950,0.693031,0.802131,0.556543,0.607500,0.661329,0.755639,0.544779,0.914717,0.911789,0.929515,0.914400,0.661071,0.631941,0.653087,0.929670,spectrum_fno48_floor6_smooth1_qc_peak4_fieldloss
run78_sparc_1524,sparc_1524,0.875099,0.846681,0.906375,0.613016,0.727632,0.767273,0.804445,0.602841,0.863243,0.868699,0.890562,0.855038,0.851508,0.886962,0.846546,0.926649,spectrum_fno48_floor6_smooth1_qc_peak4_fieldloss
run78_sparc_1530,sparc_1530,0.626453,0.614268,0.743976,0.521251,0.594284,0.606719,0.663605,0.495405,0.949178,0.951528,0.924952,0.942181,0.932398,0.702751,0.951606,0.979975,spectrum_fno48_floor6_smooth1_qc_peak4_fieldloss
run79_sparc_1302,sparc_1302,0.688323,0.760047,0.694782,0.576230,0.684192,0.759956,0.682171,0.570392,0.935532,0.934043,0.953908,0.935040,0.965526,0.969926,0.868828,0.948960,spectrum_fno48_floor6_smooth1_qc_peak4_fieldloss
run79_sparc_1308,sparc_1308,0.936800,0.888405,0.984135,0.794609,0.870913,0.852528,0.880044,0.751735,0.800209,0.777563,0.780593,0.818307,0.976544,0.984759,0.984402,0.962342,spectrum_fno48_floor6_smooth1_qc_peak4_fieldloss
run79_sparc_1316,sparc_1316,0.722441,0.613852,0.676458,0.768276,0.656672,0.573622,0.619206,0.653557,0.907810,0.913459,0.931299,0.905385,0.881906,0.647870,0.768230,0.936441,spectrum_fno48_floor6_smooth1_qc
run79_sparc_1350,sparc_1350,0.633475,0.625505,0.692938,0.629291,0.620314,0.625113,0.641479,0.612444,0.932622,0.938704,0.963187,0.928222,0.777252,0.665740,0.632720,0.881650,spectrum_fno48_floor6_smooth1_qc
run79_sparc_1351,sparc_1351,0.628029,0.659805,0.669835,0.632469,0.625939,0.659680,0.642207,0.627037,0.924410,0.921877,0.946833,0.924283,0.872128,0.790680,0.779195,0.949976,spectrum_fno48_floor6_smooth1_qc_peak4
run79_sparc_1361,sparc_1361,0.852196,0.877452,0.951117,0.870317,0.701732,0.683212,0.683867,0.693883,0.897014,0.908319,0.924012,0.903447,0.836819,0.677921,0.888066,0.930815,spectrum_fno48_floor6_smooth1_qc_peak4
run79_sparc_1362,sparc_1362,0.679441,0.657321,0.721027,0.664559,0.654542,0.639174,0.646817,0.645710,0.922140,0.913437,0.932538,0.913696,0.869276,0.652323,0.800283,0.918477,spectrum_fno48_floor6_smooth1_qc
run79_sparc_1363,sparc_1363,0.802673,0.738260,0.708834,0.786817,0.766423,0.702497,0.665640,0.754509,0.903611,0.906880,0.917327,0.905233,0.922925,0.764217,0.844703,0.920872,spectrum_fno48_floor6_smooth1_qc_mhi100
run79_sparc_1405,sparc_1405,0.700324,0.698095,0.737541,0.736226,0.692842,0.696625,0.737440,0.730220,0.872394,0.889805,0.898208,0.868672,0.967074,0.951811,0.947676,0.962810,spectrum_fno48_floor6_smooth1_qc
run79_sparc_1406,sparc_1406,0.576009,0.623564,0.639994,0.502661,0.573999,0.623525,0.639938,0.498419,0.933764,0.935311,0.954180,0.933903,0.948414,0.916164,0.872068,0.927502,spectrum_fno48_floor6_smooth1_qc_peak4_fieldloss
run79_sparc_1511,sparc_1511,0.647218,0.684998,0.726270,0.699281,0.616863,0.640378,0.654216,0.624366,0.929626,0.934473,0.958900,0.928472,0.804676,0.749699,0.770023,0.857306,spectrum_fno48_floor6_smooth1_qc_peak4
run79_sparc_1513,sparc_1513,0.631411,0.648573,0.679250,0.647393,0.626322,0.647223,0.671340,0.647094,0.921112,0.925989,0.936304,0.919854,0.801468,0.805800,0.846523,0.938117,spectrum_fno48_floor6_smooth1_qc_peak4
run79_sparc_1514,sparc_1514,0.589814,0.617326,0.658817,0.609241,0.582843,0.617295,0.651001,0.606038,0.930188,0.929906,0.943157,0.924751,0.817962,0.764097,0.796655,0.898685,spectrum_fno48_floor6_smooth1_qc_peak4
run79_sparc_1515,sparc_1515,0.648085,0.668002,0.657045,0.669623,0.604495,0.625727,0.645282,0.604670,0.922187,0.917847,0.935641,0.925437,0.874952,0.747488,0.741202,0.915682,spectrum_fno48_floor6_smooth1_qc_peak4
run79_sparc_1518,sparc_1518,0.686620,0.691792,0.743946,0.595404,0.651647,0.605274,0.655453,0.556003,0.926188,0.913815,0.932615,0.920870,0.853468,0.665882,0.821665,0.949941,spectrum_fno48_floor6_smooth1_qc_peak4_fieldloss
run79_sparc_1523,sparc_1523,1.422303,1.275064,1.178454,1.467326,0.940411,0.951326,0.937689,0.931399,0.822839,0.815061,0.913377,0.830212,0.944159,0.861369,0.859550,0.953495,spectrum_fno48_floor6_smooth1_qc_mhi100
run79_sparc_1524,sparc_1524,1.651175,1.610014,1.459584,1.670206,0.971384,0.973483,0.947406,0.968107,0.787137,0.776592,0.884257,0.803455,0.959379,0.960697,0.847167,0.970295,spectrum_fno48_floor6_smooth1_qc_mhi100
run79_sparc_1530,sparc_1530,0.496567,0.512543,1.146851,1.032458,0.402751,0.446508,0.997544,0.976819,0.895632,0.828010,-0.042813,0.061429,0.979770,0.994680,0.995204,0.996870,spectrum_fno48_floor6_smooth1_qc_peak4
run79_sparc_1593,sparc_1593,0.567954,0.604013,0.710605,0.567078,0.557512,0.597534,0.635494,0.508159,0.923747,0.930285,0.933413,0.915306,0.832652,0.737268,0.858790,0.920548,spectrum_fno48_floor6_smooth1_qc_peak4_fieldloss
run7_sparc_1300,sparc_1300,0.514059,0.550819,0.543208,0.445399,0.472253,0.526092,0.514060,0.443799,0.988716,0.991002,0.992653,0.979095,0.818659,0.845700,0.768755,0.835679,spectrum_fno48_floor6_smooth1_qc_peak4_fieldloss
run7_sparc_1355,sparc_1355,0.996927,1.010557,0.953039,0.846137,0.920239,0.942348,0.925907,0.842448,0.869362,0.840553,0.896017,0.899384,0.716231,0.731691,0.870285,0.939250,spectrum_fno48_floor6_smooth1_qc_peak4_fieldloss
run7_sparc_1362,sparc_1362,0.843110,0.894084,0.848359,0.636884,0.811519,0.846845,0.819941,0.634456,0.882993,0.857413,0.911055,0.891794,0.905089,0.912415,0.880954,0.933966,spectrum_fno48_floor6_smooth1_qc_peak4_fieldloss
run7_sparc_1412,sparc_1412,0.796279,0.869651,1.001810,0.591335,0.762526,0.869515,0.890183,0.591315,0.810449,0.842100,0.881662,0.872583,0.734218,0.414646,0.713369,0.885408,spectrum_fno48_floor6_smooth1_qc_peak4_fieldloss
run7_sparc_1428,sparc_1428,1.293743,1.279260,1.465696,1.141832,0.862211,0.866941,0.916163,0.767865,0.790695,0.854577,0.866307,0.774367,0.852241,0.808015,0.787746,0.915890,spectrum_fno48_floor6_smooth1_qc_peak4_fieldloss
run7_sparc_1440,sparc_1440,1.360646,1.173269,1.495084,0.995537,0.874388,0.869709,0.957588,0.832964,0.891530,0.928312,0.946207,0.898035,0.834013,0.820516,0.842463,0.655685,spectrum_fno48_floor6_smooth1_qc_peak4_fieldloss
run7_sparc_1503,sparc_1503,0.828460,0.855576,1.119369,0.766769,0.773606,0.793014,0.930429,0.723301,0.933794,0.931249,0.957884,0.933214,0.710670,0.818987,0.797522,0.846403,spectrum_fno48_floor6_smooth1_qc_peak4_fieldloss
run7_sparc_1510,sparc_1510,0.694805,0.787948,0.907019,0.558888,0.691634,0.773074,0.846851,0.558785,0.907693,0.886661,0.916283,0.902331,0.640022,0.412150,0.545278,0.772468,spectrum_fno48_floor6_smooth1_qc_peak4_fieldloss
run7_sparc_1512,sparc_1512,0.733431,0.946572,1.118046,0.620785,0.713555,0.874875,0.931802,0.618585,0.867141,0.872720,0.893828,0.899026,0.691483,0.606670,0.751974,0.684331,spectrum_fno48_floor6_smooth1_qc_peak4_fieldloss
run7_sparc_1526,sparc_1526,1.057209,1.036706,1.162817,0.698203,0.802763,0.820583,0.920149,0.641338,0.918389,0.905346,0.925611,0.911032,0.640673,0.810342,0.905286,0.900987,spectrum_fno48_floor6_smooth1_qc_peak4_fieldloss
run7_sparc_1529,sparc_1529,0.850695,0.980090,1.371012,0.628066,0.796550,0.830183,0.937494,0.626913,0.387962,0.311428,0.379551,0.319171,0.872385,0.906740,0.928376,0.904857,spectrum_fno48_floor6_smooth1_qc_peak4_fieldloss
run80_sparc_1302,sparc_1302,0.780268,0.861919,0.976675,0.528773,0.664335,0.675965,0.807620,0.506003,0.943714,0.935806,0.947627,0.943188,0.810947,0.833827,0.876733,0.864529,spectrum_fno48_floor6_smooth1_qc_peak4_fieldloss
run80_sparc_1307,sparc_1307,0.563724,0.608409,0.723254,0.506005,0.563406,0.559205,0.722813,0.503110,0.929374,0.924578,0.939360,0.937336,0.969184,0.950743,0.845773,0.977001,spectrum_fno48_floor6_smooth1_qc_peak4_fieldloss
run80_sparc_1315,sparc_1315,0.601147,0.639659,1.228623,0.505020,0.558498,0.625121,0.776696,0.500624,0.914466,0.917947,0.855588,0.922052,0.554214,0.402770,0.534980,0.730950,spectrum_fno48_floor6_smooth1_qc_peak4_fieldloss
run80_sparc_1351,sparc_1351,1.018715,0.869869,1.268315,0.764107,0.655623,0.706442,0.788035,0.562121,0.919509,0.872317,0.901250,0.891678,0.486467,0.354461,0.384848,0.815442,spectrum_fno48_floor6_smooth1_qc_peak4_fieldloss
run80_sparc_1352,sparc_1352,0.548903,0.630713,0.775229,0.587662,0.535128,0.570512,0.762822,0.516492,0.911135,0.910908,0.899129,0.920465,0.896384,0.819741,0.734297,0.960143,spectrum_fno48_floor6_smooth1_qc_peak4
run80_sparc_1354,sparc_1354,0.737460,0.893164,1.009035,0.606143,0.683841,0.738057,0.880194,0.600883,0.914125,0.898791,0.876814,0.861431,0.826798,0.861214,0.764885,0.940026,spectrum_fno48_floor6_smooth1_qc_peak4_fieldloss
run80_sparc_1356,sparc_1356,0.853715,0.884605,1.555913,0.642377,0.653734,0.692408,0.853545,0.573425,0.907355,0.899438,0.869735,0.927458,0.685616,0.414900,0.491431,0.899625,spectrum_fno48_floor6_smooth1_qc_peak4_fieldloss
run80_sparc_1361,sparc_1361,1.407789,1.155701,1.824604,0.667439,0.697376,0.741030,0.846121,0.587843,0.739195,0.685709,0.637538,0.833069,0.740718,0.554433,0.754950,0.854330,spectrum_fno48_floor6_smooth1_qc_peak4_fieldloss
run80_sparc_1365,sparc_1365,1.046743,1.297973,1.361164,0.572249,0.728109,0.731074,0.815422,0.559994,0.858426,0.867700,0.854475,0.788593,0.766975,0.740911,0.897788,0.946461,spectrum_fno48_floor6_smooth1_qc_peak4_fieldloss
run80_sparc_1405,sparc_1405,0.910570,0.829978,0.956672,0.787683,0.666355,0.775585,0.834629,0.679334,0.938546,0.931089,0.937650,0.935249,0.885279,0.674160,0.846925,0.954511,spectrum_fno48_floor6_smooth1_qc_peak4_fieldloss
run80_sparc_1408,sparc_1408,0.681142,0.549883,0.582307,0.607178,0.524410,0.498171,0.571733,0.513931,0.939007,0.918498,0.940181,0.938508,0.881943,0.927558,0.801422,0.891528,spectrum_fno48_floor6_smooth1_qc
run80_sparc_1411,sparc_1411,0.591625,0.612775,0.832866,0.617661,0.582754,0.557579,0.811441,0.553716,0.937288,0.931963,0.944002,0.935506,0.557740,0.677068,0.422949,0.898983,spectrum_fno48_floor6_smooth1_qc_peak4
run80_sparc_1414,sparc_1414,0.538901,0.579533,0.774256,0.603006,0.535565,0.565402,0.758232,0.596565,0.918526,0.919777,0.899306,0.914601,0.322492,0.570638,0.306379,0.922096,spectrum_fno48_floor6_smooth1_qc_peak4
run80_sparc_1416,sparc_1416,0.515426,0.585256,0.701775,0.503996,0.515172,0.574591,0.682005,0.502861,0.903991,0.905340,0.907094,0.907703,0.575820,0.567760,0.500127,0.706346,spectrum_fno48_floor6_smooth1_qc_peak4_fieldloss
run80_sparc_1421,sparc_1421,0.650649,0.827249,0.900510,0.649190,0.620932,0.768755,0.775963,0.633263,0.913630,0.895363,0.881875,0.856948,0.879803,0.789374,0.967232,0.968159,spectrum_fno48_floor6_smooth1_qc_peak4_fieldloss
run80_sparc_1425,sparc_1425,0.882097,0.831186,0.866362,0.728053,0.711001,0.747053,0.796049,0.665070,0.957541,0.948941,0.956997,0.951388,0.603980,0.439875,0.617591,0.874387,spectrum_fno48_floor6_smooth1_qc_peak4_fieldloss
run80_sparc_1426,sparc_1426,0.898900,0.890749,0.992899,0.904002,0.704028,0.771430,0.814684,0.680042,0.953874,0.950997,0.928149,0.950590,0.682750,0.651195,0.637303,0.869676,spectrum_fno48_floor6_smooth1_qc
run80_sparc_1427,sparc_1427,1.117932,0.807825,1.417088,1.069860,0.719410,0.739555,0.785924,0.659677,0.943971,0.943625,0.949179,0.952260,0.811259,0.467700,0.840500,0.944636,spectrum_fno48_floor6_smooth1_qc
run80_sparc_1501,sparc_1501,0.780702,0.941787,1.270599,0.700435,0.739013,0.839160,0.924188,0.680116,0.941260,0.936277,0.945376,0.938038,0.722133,0.610359,0.694299,0.952829,spectrum_fno48_floor6_smooth1_qc_peak4_fieldloss
run80_sparc_1502,sparc_1502,0.967658,0.887276,0.954375,0.564873,0.705721,0.665825,0.799473,0.546225,0.942551,0.949755,0.963274,0.948033,0.892162,0.807766,0.740956,0.903055,spectrum_fno48_floor6_smooth1_qc_peak4_fieldloss
run80_sparc_1505,sparc_1505,0.860326,0.957049,0.999613,0.680703,0.691182,0.791756,0.840142,0.634069,0.947724,0.946497,0.951114,0.948508,0.813311,0.727456,0.760288,0.915900,spectrum_fno48_floor6_smooth1_qc_peak4_fieldloss
run80_sparc_1513,sparc_1513,0.546503,0.640729,0.792374,0.688114,0.545991,0.601882,0.761947,0.637667,0.921872,0.918432,0.896444,0.912979,0.421665,0.643676,0.276819,0.935940,spectrum_fno48_floor6_smooth1_qc_peak4
run80_sparc_1519,sparc_1519,0.659831,0.751987,0.945826,0.654737,0.648954,0.684133,0.843146,0.641462,0.917988,0.899575,0.916271,0.918103,0.943898,0.708154,0.926591,0.920583,spectrum_fno48_floor6_smooth1_qc_peak4_fieldloss
run80_sparc_1522,sparc_1522,0.591105,0.747506,0.807553,0.574648,0.571403,0.646188,0.749220,0.568939,0.863836,0.831010,0.796877,0.786850,0.962360,0.898347,0.948801,0.976011,spectrum_fno48_floor6_smooth1_qc_peak4_fieldloss
run80_sparc_1523,sparc_1523,0.790922,0.960758,0.904044,0.609576,0.633272,0.663928,0.738617,0.550139,0.890770,0.880730,0.887629,0.871399,0.683672,0.738828,0.839735,0.893910,spectrum_fno48_floor6_smooth1_qc_peak4_fieldloss
run80_sparc_1528,sparc_1528,1.000049,0.766134,0.688927,0.753989,0.659722,0.678227,0.667638,0.634145,0.873934,0.887456,0.932105,0.890037,0.935057,0.945570,0.965649,0.933369,spectrum_fno48_floor6_smooth1_qc_mhi100
run80_sparc_1593,sparc_1593,0.692431,0.704169,0.922392,0.615391,0.621649,0.626538,0.775565,0.578343,0.950889,0.950004,0.964516,0.949732,0.689761,0.513902,0.735915,0.930935,spectrum_fno48_floor6_smooth1_qc_peak4_fieldloss
run81_sparc_1302,sparc_1302,0.940116,0.872746,0.765339,0.977909,0.915487,0.867048,0.763238,0.937524,0.894100,0.908795,0.949037,0.891429,0.984294,0.956704,0.896635,0.990594,spectrum_fno48_floor6_smooth1_qc_mhi100
run81_sparc_1303,sparc_1303,0.607043,0.539267,0.715467,0.590218,0.601317,0.536182,0.712596,0.589797,0.943135,0.943645,0.958827,0.938804,0.881538,0.544815,0.862097,0.912876,spectrum_fno48_floor6_smooth1_qc
run81_sparc_1309,sparc_1309,0.932017,1.157632,0.946140,0.857312,0.846933,0.811439,0.862002,0.841811,0.433917,0.774890,0.129687,0.550320,0.937709,0.908702,0.986473,0.969078,spectrum_fno48_floor6_smooth1_qc_peak4_fieldloss
run81_sparc_1319,sparc_1319,0.614464,0.708998,0.763260,0.579849,0.583782,0.607419,0.647415,0.548030,0.932921,0.927154,0.957606,0.932507,0.738232,0.738236,0.855023,0.938392,spectrum_fno48_floor6_smooth1_qc_peak4_fieldloss
run81_sparc_1356,sparc_1356,0.812267,0.760081,0.669255,0.790502,0.795258,0.744539,0.657816,0.779809,0.905480,0.916516,0.933494,0.906748,0.901883,0.782398,0.842776,0.901302,spectrum_fno48_floor6_smooth1_qc_mhi100
run81_sparc_1364,sparc_1364,0.844136,0.875413,0.783585,0.833398,0.773813,0.790816,0.721258,0.775540,0.911067,0.903289,0.915122,0.905177,0.900987,0.895588,0.920503,0.918425,spectrum_fno48_floor6_smooth1_qc_mhi100
run81_sparc_1402,sparc_1402,0.944616,0.856443,0.756132,0.981425,0.904472,0.846737,0.754262,0.922800,0.876230,0.907944,0.958148,0.865978,0.982470,0.955914,0.921875,0.985093,spectrum_fno48_floor6_smooth1_qc_mhi100
run81_sparc_1420,sparc_1420,0.815143,0.846146,0.777562,0.817230,0.791366,0.790419,0.719390,0.793010,0.899630,0.895972,0.931440,0.894738,0.937372,0.870892,0.846821,0.943342,spectrum_fno48_floor6_smooth1_qc_mhi100
run81_sparc_1423,sparc_1423,0.874991,0.854624,0.847958,0.826275,0.768390,0.793733,0.770238,0.779537,0.860607,0.832773,0.924077,0.855285,0.965970,0.949726,0.899449,0.953728,spectrum_fno48_floor6_smooth1_qc_peak4_fieldloss
run81_sparc_1426,sparc_1426,0.856941,0.702364,0.780819,0.835499,0.760781,0.686214,0.713700,0.764999,0.898642,0.897738,0.940476,0.894363,0.920342,0.689274,0.901470,0.931538,spectrum_fno48_floor6_smooth1_qc
run81_sparc_1430,sparc_1430,0.918660,1.022403,1.386066,0.926168,0.857361,0.874238,0.999385,0.880071,0.861562,0.892227,-0.960689,0.806197,0.990087,0.986702,0.964385,0.990941,spectrum_fno48_floor6_smooth1_qc_peak4
run81_sparc_1500,sparc_1500,0.455138,0.483688,0.403273,0.344267,0.422282,0.478502,0.384094,0.286773,0.994114,0.995725,0.995708,0.992453,0.884264,0.719812,0.896802,0.929112,spectrum_fno48_floor6_smooth1_qc_peak4_fieldloss
run81_sparc_1502,sparc_1502,0.954881,0.852314,0.748692,0.983663,0.902603,0.842142,0.742004,0.920932,0.880928,0.912296,0.954935,0.870562,0.983023,0.955030,0.925858,0.985383,spectrum_fno48_floor6_smooth1_qc_mhi100
run81_sparc_1512,sparc_1512,0.642918,0.811891,0.748714,0.628987,0.620916,0.705314,0.658199,0.584578,0.922741,0.916659,0.952329,0.923945,0.836868,0.835088,0.759204,0.929972,spectrum_fno48_floor6_smooth1_qc_peak4_fieldloss
run81_sparc_1514,sparc_1514,0.595866,0.684091,0.671504,0.620349,0.590927,0.659792,0.662867,0.606781,0.925563,0.920483,0.951343,0.923510,0.812663,0.861030,0.805805,0.911510,spectrum_fno48_floor6_smooth1_qc_peak4
run81_sparc_1519,sparc_1519,0.789703,0.823951,0.706243,0.810099,0.765788,0.775045,0.694551,0.766236,0.896149,0.878356,0.931288,0.888257,0.957202,0.905665,0.889231,0.926388,spectrum_fno48_floor6_smooth1_qc_mhi100
run81_sparc_1520,sparc_1520,0.808593,0.862906,0.880131,0.820988,0.760973,0.767338,0.723272,0.789611,0.900760,0.894591,0.929055,0.891438,0.933118,0.904056,0.841844,0.936769,spectrum_fno48_floor6_smooth1_qc_peak4
run81_sparc_1524,sparc_1524,1.489772,1.367001,1.490252,1.717639,0.961226,0.970376,0.937342,0.953869,0.823068,0.812283,0.891840,0.827214,0.870318,0.918743,0.945975,0.868016,spectrum_fno48_floor6_smooth1_qc
run82_sparc_1304,sparc_1304,0.890672,0.908916,0.890368,0.860542,0.885810,0.902147,0.889889,0.839611,0.682299,0.734191,0.690767,0.694272,0.977290,0.976396,0.971258,0.982877,spectrum_fno48_floor6_smooth1_qc_peak4_fieldloss
run82_sparc_1305,sparc_1305,0.991221,1.021213,1.342738,0.838773,0.852131,0.884774,0.969791,0.808818,0.905916,0.909018,0.924810,0.894784,0.581513,0.621251,0.771711,0.628855,spectrum_fno48_floor6_smooth1_qc_peak4_fieldloss
run82_sparc_1306,sparc_1306,0.864710,0.898641,1.112822,0.870456,0.806941,0.848677,0.945597,0.792428,0.899325,0.903985,0.935656,0.897331,0.734296,0.886677,0.785654,0.850928,spectrum_fno48_floor6_smooth1_qc_peak4
run82_sparc_1309,sparc_1309,0.755012,0.785658,0.981737,0.811718,0.754978,0.784418,0.949981,0.802129,0.907269,0.893187,0.907541,0.896258,0.800353,0.616904,0.853262,0.901873,spectrum_fno48_floor6_smooth1_qc_peak4
run82_sparc_1349,sparc_1349,0.890329,0.959135,1.120127,0.717870,0.752393,0.801476,0.893874,0.705414,0.914176,0.909752,0.925028,0.881970,0.772440,0.803341,0.834105,0.922600,spectrum_fno48_floor6_smooth1_qc_peak4_fieldloss
run82_sparc_1354,sparc_1354,0.641512,0.658245,0.920669,0.631422,0.640916,0.658170,0.873262,0.630712,0.937225,0.933147,0.937810,0.923117,0.860414,0.858405,0.874511,0.891837,spectrum_fno48_floor6_smooth1_qc_peak4_fieldloss
run82_sparc_1360,sparc_1360,0.793825,0.676573,0.964172,0.660572,0.716361,0.663510,0.878953,0.657249,0.928141,0.940837,0.952181,0.935036,0.777269,0.753904,0.705440,0.911526,spectrum_fno48_floor6_smooth1_qc_peak4_fieldloss
run82_sparc_1364,sparc_1364,0.844314,0.889482,1.171417,0.680984,0.785300,0.742084,0.906443,0.653464,0.925864,0.916210,0.929437,0.919655,0.750153,0.782623,0.869245,0.682220,spectrum_fno48_floor6_smooth1_qc_peak4_fieldloss
run82_sparc_1401,sparc_1401,0.931611,0.953374,1.089530,0.625444,0.751981,0.800291,0.867053,0.595903,0.930300,0.925717,0.924460,0.914318,0.840173,0.878862,0.808743,0.942347,spectrum_fno48_floor6_smooth1_qc_peak4_fieldloss
run82_sparc_1404,sparc_1404,1.330741,1.157442,1.728709,1.048002,0.853577,0.866293,0.974055,0.810239,0.897833,0.916750,0.938021,0.887817,0.461248,0.735071,0.759099,0.631433,spectrum_fno48_floor6_smooth1_qc_peak4_fieldloss
run82_sparc_1406,sparc_1406,1.169669,1.269649,1.681856,0.986835,0.859192,0.913357,0.976332,0.852792,0.910566,0.922236,0.933755,0.896154,0.708829,0.795939,0.880671,0.763749,spectrum_fno48_floor6_smooth1_qc_peak4_fieldloss
run82_sparc_1410,sparc_1410,0.635995,0.646833,0.861527,0.637218,0.575336,0.617730,0.855924,0.624577,0.941226,0.932321,0.943333,0.934823,0.712453,0.495134,0.531041,0.918662,spectrum_fno48_floor6_smooth1_qc_peak4
run82_sparc_1411,sparc_1411,0.647452,0.642602,0.885430,0.650812,0.584244,0.622111,0.874646,0.632968,0.949567,0.941122,0.946609,0.943243,0.715529,0.382082,0.523312,0.896645,spectrum_fno48_floor6_smooth1_qc
run82_sparc_1423,sparc_1423,0.872313,1.133902,1.085480,0.834739,0.766553,0.841236,0.924614,0.789611,0.890270,0.886492,0.907434,0.877065,0.624304,0.816457,0.838688,0.793572,spectrum_fno48_floor6_smooth1_qc_peak4_fieldloss
run82_sparc_1428,sparc_1428,0.807765,1.137839,0.994187,0.734172,0.806317,0.764100,0.844096,0.718695,0.695030,0.814313,0.828911,0.716178,0.969277,0.964240,0.967063,0.978090,spectrum_fno48_floor6_smooth1_qc_peak4_fieldloss
run82_sparc_1430,sparc_1430,1.040965,1.190939,1.465010,0.741891,0.799166,0.842444,0.953557,0.698894,0.913170,0.892505,0.856395,0.867557,0.777134,0.763220,0.895824,0.686844,spectrum_fno48_floor6_smooth1_qc_peak4_fieldloss
run82_sparc_1500,sparc_1500,0.484098,0.595244,0.571624,0.470735,0.483980,0.562842,0.551187,0.468606,0.982644,0.984042,0.984524,0.983539,0.614786,0.749485,0.724813,0.674455,spectrum_fno48_floor6_smooth1_qc_peak4_fieldloss
run82_sparc_1510,sparc_1510,0.591760,0.627779,0.850773,0.619409,0.567728,0.603791,0.829297,0.618360,0.940432,0.936103,0.943682,0.932177,0.678028,0.539723,0.545158,0.943675,spectrum_fno48_floor6_smooth1_qc_peak4
run82_sparc_1519,sparc_1519,0.684193,0.649589,0.962009,0.716162,0.682439,0.629727,0.879149,0.715349,0.947342,0.947098,0.952493,0.947083,0.606695,0.266498,0.709775,0.877114,spectrum_fno48_floor6_smooth1_qc
run82_sparc_1527,sparc_1527,0.833095,1.026207,1.112207,0.692740,0.784991,0.856947,0.912163,0.689849,0.872350,0.858702,0.913717,0.837713,0.420415,0.841109,0.878609,0.680041,spectrum_fno48_floor6_smooth1_qc_peak4_fieldloss
run82_sparc_1529,sparc_1529,1.407915,1.261471,1.469314,1.393262,0.891223,0.832084,0.935408,0.839013,0.822492,0.746992,0.787496,0.825332,0.872050,0.889010,0.920188,0.907735,spectrum_fno48_floor6_smooth1_qc
run82_sparc_1593,sparc_1593,1.174220,0.852209,1.228866,0.870092,0.796037,0.775304,0.840034,0.639049,0.932815,0.931379,0.956738,0.930577,0.715160,0.704328,0.751004,0.824232,spectrum_fno48_floor6_smooth1_qc
run83_sparc_1306,sparc_1306,0.927554,0.846354,0.802728,0.915404,0.883443,0.833950,0.781233,0.881354,0.871517,0.882809,0.940682,0.867118,0.946878,0.913623,0.964352,0.967276,spectrum_fno48_floor6_smooth1_qc_mhi100
run83_sparc_1308,sparc_1308,0.773542,0.790185,0.796478,0.768415,0.769798,0.780985,0.775165,0.768022,0.859091,0.880589,0.898450,0.872888,0.920765,0.861929,0.963651,0.941149,spectrum_fno48_floor6_smooth1_qc_peak4_fieldloss
run83_sparc_1309,sparc_1309,1.857985,1.171061,1.309255,0.988632,0.935317,0.867817,0.861689,0.804240,0.651591,0.736503,0.823609,0.740486,0.953810,0.911119,0.947878,0.935099,spectrum_fno48_floor6_smooth1_qc_peak4_fieldloss
run83_sparc_1310,sparc_1310,0.799379,0.795140,0.783082,0.721839,0.760493,0.774857,0.751669,0.707802,0.906064,0.894838,0.929909,0.905252,0.743516,0.893181,0.886839,0.921188,spectrum_fno48_floor6_smooth1_qc_peak4_fieldloss
run83_sparc_1318,sparc_1318,0.913976,0.931163,0.848430,0.799162,0.815221,0.840622,0.793541,0.768685,0.911465,0.912534,0.954215,0.912722,0.841989,0.857648,0.677081,0.881257,spectrum_fno48_floor6_smooth1_qc_peak4_fieldloss
run83_sparc_1350,sparc_1350,0.749890,0.715515,0.653623,0.629417,0.698108,0.702404,0.646387,0.620999,0.932955,0.931161,0.964283,0.929724,0.869637,0.801457,0.718231,0.895807,spectrum_fno48_floor6_smooth1_qc_peak4_fieldloss
run83_sparc_1352,sparc_1352,0.803375,0.838049,0.807378,0.756519,0.784453,0.800234,0.777153,0.739568,0.877608,0.875214,0.913292,0.867430,0.834017,0.741381,0.659901,0.923688,spectrum_fno48_floor6_smooth1_qc_peak4_fieldloss
run83_sparc_1357,sparc_1357,0.852081,1.055233,0.995872,0.765168,0.797052,0.870840,0.808348,0.739553,0.873445,0.803712,0.865500,0.892961,0.900966,0.907547,0.879743,0.851072,spectrum_fno48_floor6_smooth1_qc_peak4_fieldloss
run83_sparc_1400,sparc_1400,0.411699,0.485050,0.467815,0.440882,0.404772,0.414015,0.466539,0.440859,0.995091,0.995727,0.995854,0.993411,0.674108,0.618323,0.813390,0.943542,spectrum_fno48_floor6_smooth1_qc_peak4
run83_sparc_1407,sparc_1407,0.922613,0.912964,0.851824,0.864798,0.820331,0.845926,0.825787,0.841827,0.879795,0.841409,0.903946,0.849272,0.933197,0.916549,0.955148,0.937084,spectrum_fno48_floor6_smooth1_qc_mhi100
run83_sparc_1408,sparc_1408,0.764501,0.766048,0.778869,0.691604,0.741047,0.764662,0.776620,0.677431,0.924265,0.921896,0.953159,0.911943,0.903599,0.780420,0.927035,0.958719,spectrum_fno48_floor6_smooth1_qc_peak4_fieldloss
run83_sparc_1413,sparc_1413,0.754762,0.754611,0.754246,0.711242,0.737845,0.745732,0.731367,0.708512,0.918811,0.916368,0.956205,0.914253,0.844029,0.712099,0.774249,0.954985,spectrum_fno48_floor6_smooth1_qc_peak4_fieldloss
run83_sparc_1414,sparc_1414,0.846595,0.853299,0.960297,0.814200,0.798942,0.809460,0.815112,0.774832,0.904885,0.909524,0.921461,0.902716,0.831841,0.732679,0.879129,0.955105,spectrum_fno48_floor6_smooth1_qc_peak4_fieldloss
run83_sparc_1417,sparc_1417,0.888628,0.846054,0.804466,0.787941,0.698558,0.711048,0.681551,0.673183,0.896139,0.881704,0.903894,0.892814,0.970365,0.960014,0.956443,0.977802,spectrum_fno48_floor6_smooth1_qc_peak4_fieldloss
run83_sparc_1419,sparc_1419,1.212042,1.048848,1.046847,1.008193,0.842954,0.857572,0.845195,0.850076,0.888333,0.864222,0.925899,0.871649,0.925499,0.957467,0.900358,0.942180,spectrum_fno48_floor6_smooth1_qc_peak4_fieldloss
run83_sparc_1421,sparc_1421,1.758216,1.531036,1.050485,1.663735,0.984325,0.985381,0.965433,0.983371,0.862897,0.835795,0.890173,0.844437,0.969859,0.962674,0.931142,0.940292,spectrum_fno48_floor6_smooth1_qc_mhi100
run83_sparc_1427,sparc_1427,0.927963,0.957511,0.978800,0.920596,0.716928,0.770768,0.759883,0.690196,0.861257,0.794431,0.804698,0.838970,0.926139,0.901681,0.954041,0.952541,spectrum_fno48_floor6_smooth1_qc_peak4_fieldloss
run83_sparc_1505,sparc_1505,0.801943,0.790052,0.880773,0.686936,0.672522,0.699338,0.774504,0.661475,0.919331,0.932639,0.914229,0.921379,0.959688,0.873894,0.938282,0.942244,spectrum_fno48_floor6_smooth1_qc_peak4_fieldloss
run83_sparc_1507,sparc_1507,0.871509,0.860601,0.826150,0.877530,0.815417,0.838455,0.813820,0.837774,0.885549,0.849877,0.907076,0.846006,0.945851,0.930791,0.954810,0.940676,spectrum_fno48_floor6_smooth1_qc_mhi100
run83_sparc_1509,sparc_1509,0.931267,0.925193,1.047047,0.764224,0.817219,0.806523,0.832815,0.735995,0.862960,0.864930,0.907793,0.875576,0.867048,0.731163,0.932636,0.911110,spectrum_fno48_floor6_smooth1_qc_peak4_fieldloss
run83_sparc_1521,sparc_1521,1.340340,1.218050,0.999686,1.252242,0.974159,0.975002,0.936892,0.973141,0.869932,0.836300,0.921896,0.855381,0.989762,0.984185,0.869186,0.985133,spectrum_fno48_floor6_smooth1_qc_mhi100
run83_sparc_1524,sparc_1524,2.156640,2.614771,1.175069,1.592277,0.981746,0.983557,0.908944,0.980460,0.658191,0.582471,0.896967,0.754900,0.978628,0.992038,0.960626,0.972920,spectrum_fno48_floor6_smooth1_qc_mhi100
run83_sparc_1529,sparc_1529,1.012219,1.024409,0.847487,1.079891,0.929803,0.949924,0.812166,0.975689,0.796293,0.854247,0.766715,0.628992,0.985502,0.972532,0.940288,0.985835,spectrum_fno48_floor6_smooth1_qc_mhi100
run83_sparc_1530,sparc_1530,0.793379,0.452921,1.189509,1.105557,0.560611,0.409194,0.993474,0.991592,0.884501,0.922077,-0.074510,-0.227872,0.763187,0.952398,0.996141,0.996897,spectrum_fno48_floor6_smooth1_qc
run84_sparc_1300,sparc_1300,0.357629,0.390721,0.364086,0.255818,0.303094,0.315070,0.363597,0.251325,0.993906,0.992718,0.995354,0.991038,0.716049,0.716224,0.867590,0.938297,spectrum_fno48_floor6_smooth1_qc_peak4_fieldloss
run84_sparc_1307,sparc_1307,1.056779,1.163339,1.252286,0.554500,0.724842,0.775986,0.802850,0.534271,0.863759,0.870218,0.783852,0.881975,0.940044,0.976617,0.984898,0.908909,spectrum_fno48_floor6_smooth1_qc_peak4_fieldloss
run84_sparc_1315,sparc_1315,0.574701,0.580370,0.628463,0.541729,0.567761,0.580363,0.610239,0.540446,0.933043,0.933379,0.956868,0.932021,0.834000,0.804603,0.647235,0.905691,spectrum_fno48_floor6_smooth1_qc_peak4_fieldloss
run84_sparc_1356,sparc_1356,0.672781,0.643694,0.665376,0.686417,0.651483,0.637368,0.646594,0.669172,0.914933,0.911955,0.938656,0.907667,0.830717,0.823151,0.606193,0.871925,spectrum_fno48_floor6_smooth1_qc
run84_sparc_1358,sparc_1358,0.588404,0.606928,0.752693,0.560271,0.561766,0.568441,0.642330,0.544557,0.909587,0.907235,0.924117,0.894267,0.765837,0.672394,0.830383,0.894760,spectrum_fno48_floor6_smooth1_qc_peak4_fieldloss
run84_sparc_1359,sparc_1359,0.591107,0.569499,0.688582,0.539384,0.576431,0.566004,0.646576,0.537840,0.910178,0.911581,0.938701,0.903158,0.747263,0.532445,0.665321,0.885181,spectrum_fno48_floor6_smooth1_qc_peak4_fieldloss
run84_sparc_1364,sparc_1364,0.730728,0.620814,0.677794,0.542840,0.676560,0.609193,0.644491,0.531278,0.919730,0.923634,0.928251,0.919885,0.915582,0.838446,0.833289,0.874452,spectrum_fno48_floor6_smooth1_qc_peak4_fieldloss
run84_sparc_1405,sparc_1405,0.613369,0.683255,0.678450,0.555005,0.572803,0.646914,0.648708,0.552242,0.915078,0.915482,0.930225,0.913439,0.947081,0.908292,0.880758,0.962321,spectrum_fno48_floor6_smooth1_qc_peak4_fieldloss
run84_sparc_1417,sparc_1417,0.559305,0.549744,0.682791,0.497348,0.550149,0.543971,0.630513,0.496570,0.926582,0.928484,0.946056,0.925938,0.708664,0.833909,0.658087,0.940052,spectrum_fno48_floor6_smooth1_qc_peak4_fieldloss
run84_sparc_1420,sparc_1420,0.587534,0.591182,0.695810,0.582195,0.568803,0.579881,0.648808,0.577188,0.925281,0.922835,0.934245,0.919885,0.871389,0.633173,0.761426,0.811070,spectrum_fno48_floor6_smooth1_qc_peak4_fieldloss
run84_sparc_1430,sparc_1430,0.851942,0.839968,0.912763,0.844117,0.777801,0.766107,0.829425,0.743645,0.660726,0.752289,0.715865,0.554466,0.949773,0.940210,0.887195,0.973173,spectrum_fno48_floor6_smooth1_qc
run84_sparc_1441,sparc_1441,0.634871,0.636040,0.699269,0.585588,0.609482,0.622056,0.682717,0.568383,0.931573,0.928094,0.952894,0.922731,0.787965,0.771342,0.598597,0.810850,spectrum_fno48_floor6_smooth1_qc_peak4_fieldloss
run84_sparc_1500,sparc_1500,0.401058,0.444612,0.482994,0.331349,0.345814,0.345417,0.408640,0.313957,0.992391,0.992654,0.993886,0.991972,0.827235,0.518512,0.837157,0.920388,spectrum_fno48_floor6_smooth1_qc_peak4_fieldloss
run84_sparc_1506,sparc_1506,0.611446,0.689314,0.785636,0.608220,0.592217,0.675544,0.760884,0.595685,0.910705,0.903240,0.893439,0.908304,0.936988,0.903369,0.952870,0.951037,spectrum_fno48_floor6_smooth1_qc_peak4_fieldloss
run84_sparc_1511,sparc_1511,0.571159,0.615061,0.657602,0.560926,0.567256,0.615033,0.643003,0.559812,0.933407,0.937211,0.955080,0.932907,0.738589,0.749886,0.587011,0.867051,spectrum_fno48_floor6_smooth1_qc_peak4_fieldloss
run84_sparc_1518,sparc_1518,0.566063,0.542275,0.676095,0.514927,0.555496,0.542267,0.647583,0.514325,0.909696,0.913495,0.925551,0.906117,0.726015,0.817408,0.791321,0.942769,spectrum_fno48_floor6_smooth1_qc_peak4_fieldloss
run84_sparc_1522,sparc_1522,0.759151,0.826714,0.902224,0.772826,0.730841,0.777141,0.799978,0.747517,0.887023,0.880032,0.905743,0.893199,0.775045,0.812745,0.888859,0.881027,spectrum_fno48_floor6_smooth1_qc_peak4
run84_sparc_1528,sparc_1528,0.830772,0.832623,0.898582,0.817545,0.762795,0.810978,0.821908,0.760198,0.880686,0.847819,0.912405,0.851189,0.949512,0.912969,0.912332,0.970759,spectrum_fno48_floor6_smooth1_qc_peak4_fieldloss
run85_sparc_1304,sparc_1304,0.685557,0.774409,0.796075,0.652092,0.672914,0.758869,0.776370,0.643985,0.927415,0.932489,0.933911,0.928266,0.920885,0.747097,0.910376,0.952198,spectrum_fno48_floor6_smooth1_qc_peak4_fieldloss
run85_sparc_1317,sparc_1317,0.906571,0.904782,1.188893,0.712041,0.784456,0.803496,0.845029,0.676606,0.881200,0.867024,0.877910,0.865242,0.896656,0.523105,0.805557,0.927460,spectrum_fno48_floor6_smooth1_qc_peak4_fieldloss
run85_sparc_1351,sparc_1351,0.836239,0.892976,0.935175,0.722028,0.824726,0.868293,0.871874,0.717275,0.920453,0.904416,0.906212,0.897927,0.807562,0.664534,0.732996,0.826702,spectrum_fno48_floor6_smooth1_qc_peak4_fieldloss
run85_sparc_1358,sparc_1358,0.670304,0.747921,0.819811,0.563293,0.668749,0.694647,0.793530,0.532448,0.925982,0.913832,0.915284,0.915107,0.817305,0.827627,0.694601,0.809406,spectrum_fno48_floor6_smooth1_qc_peak4_fieldloss
run85_sparc_1363,sparc_1363,0.710439,0.764489,0.912799,0.571779,0.700301,0.747945,0.802271,0.571767,0.909806,0.887699,0.887311,0.919368,0.846085,0.633992,0.726034,0.810934,spectrum_fno48_floor6_smooth1_qc_peak4_fieldloss
run85_sparc_1365,sparc_1365,0.765707,0.846528,0.901562,0.592728,0.738070,0.738063,0.851547,0.591887,0.877448,0.885909,0.886955,0.851071,0.869669,0.669254,0.749426,0.903976,spectrum_fno48_floor6_smooth1_qc_peak4_fieldloss
run85_sparc_1403,sparc_1403,1.099606,0.774203,1.029481,0.837906,0.715191,0.681139,0.805768,0.633246,0.950863,0.954388,0.968140,0.948343,0.852697,0.689715,0.728385,0.918192,spectrum_fno48_floor6_smooth1_qc
run85_sparc_1406,sparc_1406,0.936089,0.885515,0.930508,0.724061,0.716332,0.736852,0.799507,0.668845,0.947191,0.936491,0.954290,0.942219,0.744410,0.544695,0.704014,0.890355,spectrum_fno48_floor6_smooth1_qc_peak4_fieldloss
run85_sparc_1408,sparc_1408,0.689182,0.694255,0.768485,0.694721,0.587123,0.638104,0.715074,0.576182,0.932295,0.895584,0.866643,0.936929,0.831078,0.749499,0.805480,0.872754,spectrum_fno48_floor6_smooth1_qc_peak4
run85_sparc_1413,sparc_1413,0.699688,0.797218,1.094999,0.620718,0.667880,0.775500,0.887002,0.620621,0.907791,0.913932,0.903398,0.902112,0.765861,0.719347,0.826185,0.932954,spectrum_fno48_floor6_smooth1_qc_peak4_fieldloss
run85_sparc_1414,sparc_1414,0.672981,0.762608,0.861437,0.626169,0.648068,0.761839,0.846400,0.623070,0.926778,0.921656,0.905523,0.939225,0.780817,0.741928,0.869181,0.890157,spectrum_fno48_floor6_smooth1_qc_peak4_fieldloss
run85_sparc_1416,sparc_1416,1.723099,1.387468,1.368061,1.287315,0.784448,0.749420,0.839626,0.719372,0.886376,0.863851,0.851790,0.910921,0.857701,0.365589,0.732431,0.940361,spectrum_fno48_floor6_smooth1_qc_peak4_fieldloss
run85_sparc_1423,sparc_1423,0.917277,0.904277,0.970165,0.755349,0.668061,0.696860,0.770788,0.656340,0.950390,0.944163,0.932953,0.949537,0.786461,0.759801,0.895939,0.881911,spectrum_fno48_floor6_smooth1_qc_peak4_fieldloss
run85_sparc_1441,sparc_1441,0.945542,1.036451,0.953733,0.760621,0.722790,0.743894,0.818794,0.661853,0.943065,0.936464,0.950718,0.939361,0.608664,0.565184,0.623359,0.913819,spectrum_fno48_floor6_smooth1_qc_peak4_fieldloss
run85_sparc_1507,sparc_1507,0.963291,0.779981,0.938454,0.820365,0.763451,0.779911,0.828578,0.717597,0.949351,0.945047,0.953724,0.951874,0.789314,0.440392,0.638431,0.921137,spectrum_fno48_floor6_smooth1_qc
run85_sparc_1510,sparc_1510,0.737536,0.831377,0.918481,0.640231,0.633156,0.734541,0.876098,0.639995,0.908852,0.914791,0.918727,0.900134,0.771530,0.812237,0.830627,0.915548,spectrum_fno48_floor6_smooth1_qc_peak4_fieldloss
run85_sparc_1518,sparc_1518,0.929829,0.812280,1.016884,0.664214,0.741145,0.796259,0.872133,0.664020,0.930571,0.904070,0.910477,0.929053,0.877095,0.674544,0.762904,0.943276,spectrum_fno48_floor6_smooth1_qc_peak4_fieldloss
run86_sparc_1301,sparc_1301,0.949300,0.819020,1.011093,0.616160,0.772134,0.733238,0.835955,0.614722,0.902159,0.893634,0.922529,0.905618,0.856150,0.717175,0.803072,0.882006,spectrum_fno48_floor6_smooth1_qc_peak4_fieldloss
run86_sparc_1304,sparc_1304,1.325433,1.458472,1.739571,1.254123,0.805852,0.820673,0.932920,0.781348,0.932725,0.934439,0.928525,0.911190,0.783980,0.843396,0.825199,0.969104,spectrum_fno48_floor6_smooth1_qc_peak4_fieldloss
run86_sparc_1350,sparc_1350,1.035308,0.784025,1.223769,0.627372,0.750295,0.730239,0.850916,0.589204,0.902223,0.902930,0.929059,0.912007,0.639279,0.590704,0.837905,0.935590,spectrum_fno48_floor6_smooth1_qc_peak4_fieldloss
run86_sparc_1353,sparc_1353,0.725659,0.708599,0.990237,0.527475,0.673592,0.697426,0.816880,0.518669,0.880513,0.880609,0.896378,0.881217,0.765187,0.523786,0.864805,0.899919,spectrum_fno48_floor6_smooth1_qc_peak4_fieldloss
run86_sparc_1354,sparc_1354,0.860189,0.937066,1.001950,0.882265,0.859339,0.926009,0.935570,0.879113,0.835127,0.835577,0.840324,0.838109,0.847384,0.771700,0.835682,0.971409,spectrum_fno48_floor6_smooth1_qc_peak4
run86_sparc_1361,sparc_1361,0.749023,0.564514,0.764761,0.497011,0.703059,0.564346,0.727436,0.492764,0.898942,0.898703,0.915180,0.901845,0.802965,0.568910,0.625530,0.942399,spectrum_fno48_floor6_smooth1_qc_peak4_fieldloss
run86_sparc_1401,sparc_1401,0.985678,0.915265,1.016072,0.724041,0.784579,0.750883,0.856479,0.677011,0.906006,0.852473,0.865745,0.924683,0.879526,0.819017,0.892726,0.932291,spectrum_fno48_floor6_smooth1_qc_peak4_fieldloss
run86_sparc_1413,sparc_1413,0.672564,0.721816,0.998362,0.583186,0.670278,0.715690,0.880300,0.583171,0.828777,0.888021,0.913608,0.852845,0.835166,0.476950,0.845531,0.921393,spectrum_fno48_floor6_smooth1_qc_peak4_fieldloss
run86_sparc_1422,sparc_1422,0.781062,0.884512,0.900311,0.668812,0.780484,0.870812,0.883484,0.668803,0.875118,0.859106,0.886371,0.879929,0.813166,0.767734,0.813995,0.895637,spectrum_fno48_floor6_smooth1_qc_peak4_fieldloss
run86_sparc_1423,sparc_1423,0.814483,1.187892,1.365498,0.749877,0.665605,0.823088,0.923241,0.641851,0.943888,0.924665,0.936252,0.937087,0.557832,0.799066,0.864190,0.830717,spectrum_fno48_floor6_smooth1_qc_peak4_fieldloss
run86_sparc_1428,sparc_1428,1.256545,1.239002,1.396514,0.978338,0.804820,0.773007,0.872900,0.721427,0.716189,0.707760,0.699230,0.736264,0.818717,0.744937,0.943688,0.954429,spectrum_fno48_floor6_smooth1_qc_peak4_fieldloss
run86_sparc_1441,sparc_1441,1.322724,1.380917,1.367725,0.726904,0.852925,0.875456,0.943248,0.666012,0.924161,0.933571,0.953508,0.916425,0.809931,0.781527,0.781115,0.692331,spectrum_fno48_floor6_smooth1_qc_peak4_fieldloss
run86_sparc_1504,sparc_1504,1.260276,1.101583,1.607344,0.820963,0.843135,0.781019,0.943105,0.716151,0.914864,0.917426,0.924251,0.911521,0.861203,0.837282,0.897442,0.924397,spectrum_fno48_floor6_smooth1_qc_peak4_fieldloss
run86_sparc_1506,sparc_1506,1.259479,1.398168,1.445192,0.915647,0.841331,0.889815,0.947989,0.720444,0.929983,0.907892,0.928932,0.929286,0.862941,0.872335,0.892305,0.804654,spectrum_fno48_floor6_smooth1_qc_peak4_fieldloss
run86_sparc_1514,sparc_1514,0.824497,0.931888,0.976799,0.737448,0.821881,0.917677,0.950342,0.737415,0.875735,0.808564,0.838713,0.898523,0.692476,0.811191,0.814104,0.951905,spectrum_fno48_floor6_smooth1_qc_peak4_fieldloss
run86_sparc_1519,sparc_1519,0.824400,1.031602,1.022742,0.701444,0.791226,0.868703,0.908826,0.678215,0.889903,0.714512,0.887707,0.889794,0.692921,0.842044,0.782400,0.897942,spectrum_fno48_floor6_smooth1_qc_peak4_fieldloss
run86_sparc_1524,sparc_1524,0.766113,0.961883,0.972712,0.590365,0.759207,0.812791,0.858252,0.567431,0.452417,0.803139,0.590176,0.444148,0.714216,0.803403,0.895214,0.951908,spectrum_fno48_floor6_smooth1_qc_peak4_fieldloss
run86_sparc_1525,sparc_1525,0.973556,0.965133,1.197554,0.777162,0.768581,0.712304,0.915000,0.653094,0.934736,0.933622,0.950363,0.931165,0.664844,0.848032,0.767325,0.723857,spectrum_fno48_floor6_smooth1_qc_peak4_fieldloss
run86_sparc_1527,sparc_1527,0.914465,0.900770,1.128981,0.716882,0.756890,0.744911,0.901939,0.664573,0.926558,0.927508,0.949926,0.937138,0.751705,0.752789,0.790404,0.748510,spectrum_fno48_floor6_smooth1_qc_peak4_fieldloss
run87_sparc_1305,sparc_1305,1.172335,0.961288,1.189463,0.899045,0.809278,0.777484,0.930613,0.757397,0.890571,0.904845,0.936470,0.900451,0.870196,0.708083,0.715341,0.903557,spectrum_fno48_floor6_smooth1_qc_peak4_fieldloss
run87_sparc_1310,sparc_1310,0.719253,0.653634,0.854154,0.573915,0.647001,0.629667,0.779078,0.544641,0.907644,0.905596,0.933590,0.906600,0.722792,0.256489,0.843131,0.927549,spectrum_fno48_floor6_smooth1_qc_peak4_fieldloss
run87_sparc_1317,sparc_1317,0.750365,0.572043,0.942224,0.584801,0.641525,0.568297,0.758254,0.548043,0.895073,0.885765,0.919867,0.894399,0.841127,0.242965,0.662095,0.894976,spectrum_fno48_floor6_smooth1_qc
run87_sparc_1319,sparc_1319,0.723125,0.598227,0.866605,0.584192,0.656291,0.586628,0.795266,0.543499,0.887450,0.884541,0.918953,0.891633,0.884141,0.380168,0.799844,0.845394,spectrum_fno48_floor6_smooth1_qc_peak4_fieldloss
run87_sparc_1349,sparc_1349,0.758033,0.775024,0.869149,0.559930,0.637840,0.654749,0.790039,0.515189,0.887518,0.885317,0.898465,0.882105,0.829760,0.786809,0.894538,0.931276,spectrum_fno48_floor6_smooth1_qc_peak4_fieldloss
run87_sparc_1351,sparc_1351,0.672685,0.656893,0.771338,0.565488,0.605595,0.619739,0.712355,0.532202,0.887855,0.886580,0.913424,0.890893,0.700475,0.466718,0.650861,0.886854,spectrum_fno48_floor6_smooth1_qc_peak4_fieldloss
run87_sparc_1353,sparc_1353,0.673421,0.752808,0.916563,0.517548,0.622097,0.651859,0.780684,0.501034,0.893318,0.888980,0.899953,0.900320,0.861157,0.850470,0.877573,0.898917,spectrum_fno48_floor6_smooth1_qc_peak4_fieldloss
run87_sparc_1356,sparc_1356,0.702944,0.755214,0.883907,0.561546,0.626331,0.658666,0.803240,0.541621,0.883731,0.875617,0.900995,0.879410,0.856191,0.550225,0.891754,0.898756,spectrum_fno48_floor6_smooth1_qc_peak4_fieldloss
run87_sparc_1360,sparc_1360,0.713713,0.771538,0.836991,0.546954,0.640646,0.679272,0.747711,0.507834,0.894210,0.892740,0.917558,0.894430,0.794335,0.698353,0.862265,0.947684,spectrum_fno48_floor6_smooth1_qc_peak4_fieldloss
run87_sparc_1362,sparc_1362,0.668151,0.670909,0.808713,0.507819,0.615236,0.612972,0.701746,0.493761,0.900112,0.900788,0.921430,0.905174,0.923634,0.792445,0.796848,0.950943,spectrum_fno48_floor6_smooth1_qc_peak4_fieldloss
run87_sparc_1402,sparc_1402,0.823828,1.031756,1.056129,0.363177,0.632400,0.712558,0.816112,0.359957,0.912812,0.891732,0.927699,0.905283,0.910412,0.895206,0.902432,0.957749,spectrum_fno48_floor6_smooth1_qc_peak4_fieldloss
run87_sparc_1414,sparc_1414,0.724105,0.632012,0.814613,0.593559,0.621117,0.595076,0.730766,0.546919,0.905156,0.902905,0.927106,0.909088,0.779535,0.361792,0.717873,0.884282,spectrum_fno48_floor6_smooth1_qc_peak4_fieldloss
run87_sparc_1423,sparc_1423,1.449754,1.500108,1.716530,1.063379,0.873201,0.847413,0.962993,0.809868,0.887589,0.840329,0.825319,0.845770,0.845150,0.808097,0.933702,0.891787,spectrum_fno48_floor6_smooth1_qc_peak4_fieldloss
run87_sparc_1426,sparc_1426,1.398875,1.467044,1.373232,1.076622,0.872241,0.820544,0.945423,0.807218,0.905619,0.916574,0.840460,0.914565,0.797016,0.640737,0.837903,0.851656,spectrum_fno48_floor6_smooth1_qc_peak4_fieldloss
run87_sparc_1428,sparc_1428,1.261883,1.391104,1.572011,1.093771,0.855224,0.876235,0.976590,0.820926,0.904900,0.909070,0.937701,0.920958,0.749729,0.657888,0.901301,0.905098,spectrum_fno48_floor6_smooth1_qc_peak4_fieldloss
run87_sparc_1506,sparc_1506,1.021378,1.028176,1.434298,0.799382,0.768627,0.766252,0.906873,0.685800,0.901659,0.887770,0.898840,0.880667,0.941632,0.952033,0.958584,0.968361,spectrum_fno48_floor6_smooth1_qc_peak4_fieldloss
run87_sparc_1507,sparc_1507,1.023854,0.868560,1.309561,0.625061,0.748577,0.692590,0.892525,0.611683,0.929319,0.928051,0.929722,0.920839,0.958947,0.960527,0.931922,0.970958,spectrum_fno48_floor6_smooth1_qc_peak4_fieldloss
run87_sparc_1509,sparc_1509,0.694603,0.739566,1.024776,0.544227,0.670396,0.709022,0.825111,0.544206,0.905643,0.889733,0.905725,0.907358,0.930740,0.771260,0.945864,0.889601,spectrum_fno48_floor6_smooth1_qc_peak4_fieldloss
run87_sparc_1511,sparc_1511,0.667266,0.632726,0.860987,0.553982,0.612359,0.614308,0.765974,0.532792,0.912815,0.909410,0.938061,0.917041,0.818518,0.268421,0.810067,0.884448,spectrum_fno48_floor6_smooth1_qc_peak4_fieldloss
run87_sparc_1517,sparc_1517,0.675208,0.611495,0.865141,0.553303,0.636719,0.601624,0.738136,0.540113,0.896993,0.894574,0.914269,0.899031,0.811744,0.412461,0.806372,0.860316,spectrum_fno48_floor6_smooth1_qc_peak4_fieldloss
run87_sparc_1521,sparc_1521,1.159005,0.871494,0.937938,0.618141,0.895326,0.771081,0.809512,0.602467,0.872044,0.858289,0.897994,0.885737,0.950017,0.830543,0.739905,0.912587,spectrum_fno48_floor6_smooth1_qc_peak4_fieldloss
run87_sparc_1523,sparc_1523,0.853357,1.001007,1.024877,0.505462,0.706362,0.837499,0.874036,0.503524,0.892582,0.875331,0.903049,0.892202,0.874031,0.945718,0.958009,0.732582,spectrum_fno48_floor6_smooth1_qc_peak4_fieldloss
run87_sparc_1524,sparc_1524,0.963786,1.534303,1.368858,0.642116,0.745834,0.928356,0.919034,0.616747,0.877687,0.764098,0.858971,0.880721,0.882277,0.976573,0.976486,0.909795,spectrum_fno48_floor6_smooth1_qc_peak4_fieldloss
run87_sparc_1526,sparc_1526,1.114616,1.066289,1.337063,0.804777,0.801788,0.771127,0.930078,0.732667,0.911537,0.903794,0.924413,0.896500,0.776047,0.676100,0.890117,0.948898,spectrum_fno48_floor6_smooth1_qc_peak4_fieldloss
run87_sparc_1528,sparc_1528,1.127610,0.893999,1.497980,1.054332,0.818776,0.752020,0.950691,0.789912,0.845138,0.854982,0.849154,0.844610,0.854487,0.888838,0.886537,0.909826,spectrum_fno48_floor6_smooth1_qc
run88_sparc_1307,sparc_1307,0.983890,0.972629,1.313622,0.659981,0.782738,0.780092,0.860335,0.634084,0.807986,0.785258,0.678281,0.770379,0.961042,0.961991,0.978998,0.965860,spectrum_fno48_floor6_smooth1_qc_peak4_fieldloss
run88_sparc_1315,sparc_1315,0.529847,0.575762,0.672317,0.539831,0.527626,0.564501,0.651449,0.539609,0.930523,0.928401,0.954110,0.930601,0.884869,0.739396,0.677723,0.905854,spectrum_fno48_floor6_smooth1_qc_peak4
run88_sparc_1349,sparc_1349,0.737538,0.607426,0.756863,0.582584,0.668065,0.572793,0.657113,0.570306,0.904837,0.911689,0.938488,0.905413,0.903935,0.721037,0.889904,0.847164,spectrum_fno48_floor6_smooth1_qc_peak4_fieldloss
run88_sparc_1353,sparc_1353,0.740852,0.666336,0.818263,0.633982,0.687383,0.585533,0.664076,0.578513,0.907989,0.909846,0.936471,0.905537,0.897116,0.710575,0.923202,0.857698,spectrum_fno48_floor6_smooth1_qc_peak4_fieldloss
run88_sparc_1356,sparc_1356,0.750370,0.745295,0.704338,0.634610,0.708082,0.712961,0.646531,0.614444,0.912438,0.912449,0.933314,0.912218,0.897474,0.772271,0.863764,0.930810,spectrum_fno48_floor6_smooth1_qc_peak4_fieldloss
run88_sparc_1361,sparc_1361,0.616339,0.635494,0.747837,0.550746,0.563534,0.554722,0.635427,0.513208,0.922683,0.920674,0.942354,0.916179,0.854849,0.667637,0.715521,0.930940,spectrum_fno48_floor6_smooth1_qc_peak4_fieldloss
run88_sparc_1363,sparc_1363,0.734914,0.676383,0.736473,0.675541,0.704319,0.636572,0.665967,0.648672,0.904159,0.908855,0.925331,0.909057,0.907641,0.845332,0.928136,0.888034,spectrum_fno48_floor6_smooth1_qc_peak4_fieldloss
run88_sparc_1404,sparc_1404,0.667341,0.695307,0.724197,0.686695,0.647375,0.678906,0.715933,0.666817,0.919100,0.911305,0.940186,0.910953,0.912972,0.583605,0.901271,0.979835,spectrum_fno48_floor6_smooth1_qc_peak4
run88_sparc_1406,sparc_1406,0.650489,0.639313,0.759462,0.589341,0.608631,0.609361,0.736726,0.580221,0.925311,0.918933,0.925147,0.921486,0.871033,0.750251,0.888993,0.947326,spectrum_fno48_floor6_smooth1_qc_peak4_fieldloss
run88_sparc_1409,sparc_1409,0.695073,0.741445,0.756308,0.621299,0.669590,0.718919,0.730668,0.605931,0.909696,0.914788,0.908631,0.914240,0.916534,0.881953,0.971504,0.926094,spectrum_fno48_floor6_smooth1_qc_peak4_fieldloss
run88_sparc_1421,sparc_1421,0.655865,0.634227,0.792361,0.658562,0.607860,0.629654,0.696353,0.610843,0.923704,0.924137,0.945137,0.921512,0.870164,0.862472,0.850154,0.766833,spectrum_fno48_floor6_smooth1_qc
run88_sparc_1424,sparc_1424,0.634665,0.685474,0.807195,0.594079,0.627825,0.682960,0.782492,0.593994,0.902987,0.884712,0.922070,0.888443,0.792396,0.627669,0.927597,0.862097,spectrum_fno48_floor6_smooth1_qc_peak4_fieldloss
run88_sparc_1425,sparc_1425,0.699967,0.714842,0.765167,0.687359,0.650660,0.693675,0.740172,0.631785,0.906077,0.894634,0.922556,0.906722,0.825436,0.489135,0.913975,0.931137,spectrum_fno48_floor6_smooth1_qc_peak4_fieldloss
run88_sparc_1427,sparc_1427,0.665774,0.639714,0.704225,0.650193,0.658282,0.639191,0.703837,0.646025,0.907583,0.921704,0.949593,0.920196,0.934687,0.773188,0.781691,0.956071,spectrum_fno48_floor6_smooth1_qc
run88_sparc_1440,sparc_1440,0.674078,0.696078,0.759518,0.649793,0.670259,0.693574,0.756104,0.649716,0.923371,0.918199,0.947130,0.909166,0.746937,0.537540,0.659615,0.961780,spectrum_fno48_floor6_smooth1_qc_peak4_fieldloss
run88_sparc_1503,sparc_1503,0.607730,0.623686,0.662360,0.557596,0.606759,0.621504,0.661746,0.548653,0.935285,0.933521,0.956737,0.936035,0.906713,0.578008,0.790924,0.897775,spectrum_fno48_floor6_smooth1_qc_peak4_fieldloss
run88_sparc_1504,sparc_1504,0.645535,0.640255,0.702322,0.601200,0.629890,0.633215,0.697315,0.600998,0.917457,0.913755,0.947088,0.920102,0.819399,0.441177,0.763924,0.924051,spectrum_fno48_floor6_smooth1_qc_peak4_fieldloss
run88_sparc_1513,sparc_1513,0.578761,0.601543,0.655381,0.561566,0.563627,0.582208,0.617652,0.552969,0.928798,0.921106,0.947512,0.927599,0.867113,0.849821,0.812222,0.937074,spectrum_fno48_floor6_smooth1_qc_peak4_fieldloss
run88_sparc_1515,sparc_1515,0.563521,0.602715,0.637513,0.541214,0.545374,0.560043,0.626578,0.532943,0.932189,0.931025,0.948823,0.928530,0.849501,0.631083,0.645155,0.885714,spectrum_fno48_floor6_smooth1_qc_peak4_fieldloss
run88_sparc_1523,sparc_1523,1.067723,1.058496,1.052740,1.068362,0.993941,0.993871,0.996941,0.992928,0.776974,0.771001,0.744918,0.762413,0.948053,0.935478,0.992091,0.979510,spectrum_fno48_floor6_smooth1_qc_mhi100
run88_sparc_1528,sparc_1528,0.626727,0.630775,0.735319,0.595674,0.625695,0.623909,0.732350,0.590639,0.917874,0.918723,0.943547,0.915639,0.919562,0.828350,0.938354,0.961472,spectrum_fno48_floor6_smooth1_qc_peak4_fieldloss
run89_sparc_1303,sparc_1303,0.679828,0.751269,0.774569,0.595598,0.679826,0.735452,0.774397,0.554356,0.912904,0.905010,0.932653,0.915062,0.917058,0.916419,0.812291,0.930358,spectrum_fno48_floor6_smooth1_qc_peak4_fieldloss
run89_sparc_1305,sparc_1305,1.377194,2.516857,2.439158,1.287495,0.983213,0.978338,0.982068,0.933970,0.621674,0.771756,0.845469,0.538490,0.659208,0.634147,0.858102,0.642027,spectrum_fno48_floor6_smooth1_qc_peak4_fieldloss
run89_sparc_1309,sparc_1309,0.883751,0.862584,0.919211,0.709334,0.811906,0.803647,0.862306,0.704869,0.865140,0.880420,0.864593,0.904489,0.963688,0.948195,0.960478,0.922751,spectrum_fno48_floor6_smooth1_qc_peak4_fieldloss
run89_sparc_1314,sparc_1314,0.582455,0.616065,0.694147,0.485314,0.561203,0.590977,0.666636,0.480842,0.926289,0.925264,0.951038,0.925070,0.787512,0.536967,0.569819,0.893977,spectrum_fno48_floor6_smooth1_qc_peak4_fieldloss
run89_sparc_1353,sparc_1353,0.657745,0.611894,0.831123,0.451023,0.589791,0.563227,0.710564,0.449352,0.890547,0.877235,0.918164,0.893702,0.931948,0.851602,0.872219,0.884243,spectrum_fno48_floor6_smooth1_qc_peak4_fieldloss
run89_sparc_1362,sparc_1362,0.577682,0.574227,0.695525,0.452881,0.555521,0.567081,0.646312,0.452862,0.883702,0.877850,0.912665,0.884859,0.948732,0.863962,0.839155,0.915096,spectrum_fno48_floor6_smooth1_qc_peak4_fieldloss
run89_sparc_1364,sparc_1364,0.707205,0.810149,0.911413,0.546527,0.672084,0.713057,0.787446,0.527326,0.874128,0.870940,0.914854,0.872898,0.923367,0.896250,0.941351,0.917224,spectrum_fno48_floor6_smooth1_qc_peak4_fieldloss
run89_sparc_1402,sparc_1402,0.824221,0.852422,0.849052,0.741715,0.812147,0.774486,0.844642,0.709349,0.911864,0.912181,0.939994,0.875394,0.919372,0.914669,0.898325,0.912523,spectrum_fno48_floor6_smooth1_qc_peak4_fieldloss
run89_sparc_1404,sparc_1404,1.229773,1.775164,2.492334,1.913466,0.997112,0.974665,0.989744,0.980403,0.699921,0.436290,0.403248,0.709377,0.469777,0.784546,0.956328,0.687743,spectrum_fno48_floor6_smooth1_qc_peak4
run89_sparc_1409,sparc_1409,0.727460,0.719452,1.046833,0.551183,0.660614,0.639185,0.812713,0.540972,0.911807,0.899068,0.884143,0.914319,0.938486,0.918432,0.974642,0.937420,spectrum_fno48_floor6_smooth1_qc_peak4_fieldloss
run89_sparc_1410,sparc_1410,0.628969,0.662557,0.815134,0.505421,0.614537,0.642462,0.738860,0.505406,0.924116,0.918750,0.951712,0.922311,0.921344,0.795924,0.828409,0.872110,spectrum_fno48_floor6_smooth1_qc_peak4_fieldloss
run89_sparc_1417,sparc_1417,0.621140,0.553804,0.786495,0.497304,0.586993,0.544100,0.691920,0.491585,0.929175,0.924637,0.938723,0.925493,0.847188,0.382878,0.707504,0.885679,spectrum_fno48_floor6_smooth1_qc_peak4_fieldloss
run89_sparc_1421,sparc_1421,0.594783,0.590438,0.807574,0.565047,0.587717,0.586947,0.723296,0.559015,0.913568,0.909793,0.926091,0.911040,0.820144,0.670963,0.849956,0.866378,spectrum_fno48_floor6_smooth1_qc_peak4_fieldloss
run89_sparc_1422,sparc_1422,0.668349,0.684959,0.860692,0.580840,0.633726,0.660421,0.742668,0.568001,0.909240,0.900397,0.916930,0.901951,0.896742,0.728089,0.890006,0.879311,spectrum_fno48_floor6_smooth1_qc_peak4_fieldloss
run89_sparc_1426,sparc_1426,0.819242,0.766340,0.932410,0.643214,0.818676,0.765655,0.814166,0.642928,0.795464,0.802451,0.644966,0.788351,0.846055,0.964788,0.967517,0.974099,spectrum_fno48_floor6_smooth1_qc_peak4_fieldloss
run89_sparc_1428,sparc_1428,0.796639,0.808980,0.852443,0.736810,0.764285,0.780038,0.816903,0.726770,0.845548,0.860038,0.913549,0.872574,0.870925,0.887735,0.709786,0.957639,spectrum_fno48_floor6_smooth1_qc_peak4_fieldloss
run89_sparc_1429,sparc_1429,0.785954,0.783362,0.827703,0.689630,0.764106,0.781180,0.823361,0.683014,0.851749,0.840066,0.915653,0.864488,0.935461,0.955079,0.932857,0.941916,spectrum_fno48_floor6_smooth1_qc_peak4_fieldloss
run89_sparc_1430,sparc_1430,0.761474,0.683833,1.156699,1.143662,0.695233,0.683767,0.943518,0.909453,0.701885,0.859887,0.370958,0.173468,0.937591,0.800078,0.958516,0.982356,spectrum_fno48_floor6_smooth1_qc
run89_sparc_1500,sparc_1500,0.540036,0.460779,0.750415,0.685452,0.535185,0.433996,0.703314,0.612399,0.990759,0.993021,0.991694,0.985702,0.856715,0.735715,0.774581,0.960959,spectrum_fno48_floor6_smooth1_qc
run89_sparc_1501,sparc_1501,0.629886,0.703336,0.857158,0.653041,0.601953,0.666542,0.788058,0.627700,0.892556,0.893593,0.907777,0.858927,0.860136,0.801033,0.881900,0.895467,spectrum_fno48_floor6_smooth1_qc_peak4
run89_sparc_1510,sparc_1510,0.653100,0.711203,0.810537,0.554291,0.615958,0.649456,0.773420,0.522442,0.918560,0.912052,0.941518,0.915464,0.831336,0.653839,0.901849,0.901212,spectrum_fno48_floor6_smooth1_qc_peak4_fieldloss
run89_sparc_1512,sparc_1512,0.637534,0.696262,0.819346,0.505690,0.605931,0.660327,0.749028,0.498520,0.920846,0.916353,0.943409,0.913146,0.873342,0.755660,0.867294,0.857957,spectrum_fno48_floor6_smooth1_qc_peak4_fieldloss
run89_sparc_1517,sparc_1517,0.595585,0.539576,0.705785,0.482767,0.570107,0.530572,0.654718,0.478863,0.906843,0.907441,0.930036,0.902120,0.909250,0.617483,0.850491,0.903533,spectrum_fno48_floor6_smooth1_qc_peak4_fieldloss
run8_sparc_1302,sparc_1302,0.880161,0.859145,0.938908,0.774560,0.752705,0.743451,0.807144,0.733367,0.874099,0.879836,0.895230,0.877887,0.960781,0.885795,0.924434,0.965075,spectrum_fno48_floor6_smooth1_qc_peak4_fieldloss
run8_sparc_1313,sparc_1313,0.557022,0.615740,0.761256,0.526299,0.516425,0.568989,0.660256,0.497156,0.933199,0.930708,0.954797,0.930211,0.666496,0.645717,0.493358,0.936215,spectrum_fno48_floor6_smooth1_qc_peak4_fieldloss
run8_sparc_1350,sparc_1350,0.557021,0.615741,0.761255,0.526299,0.516424,0.568989,0.660256,0.497156,0.933199,0.930707,0.954797,0.930211,0.666506,0.645716,0.493358,0.936218,spectrum_fno48_floor6_smooth1_qc_peak4_fieldloss
run8_sparc_1403,sparc_1403,0.784751,0.763193,0.848667,0.681327,0.673890,0.666812,0.743387,0.627373,0.904106,0.904115,0.949545,0.906691,0.759196,0.681115,0.599368,0.969302,spectrum_fno48_floor6_smooth1_qc_peak4_fieldloss
run8_sparc_1405,sparc_1405,0.711632,0.765649,0.759873,0.632548,0.706856,0.761526,0.758069,0.628349,0.845288,0.829382,0.878462,0.869637,0.856432,0.703550,0.526048,0.943430,spectrum_fno48_floor6_smooth1_qc_peak4_fieldloss
run8_sparc_1408,sparc_1408,0.749466,0.826289,0.743989,0.608425,0.749460,0.788231,0.732882,0.602060,0.870023,0.829028,0.874244,0.867379,0.964497,0.969728,0.979204,0.960694,spectrum_fno48_floor6_smooth1_qc_peak4_fieldloss
run8_sparc_1409,sparc_1409,0.686178,0.702717,0.724654,0.537843,0.646886,0.638882,0.723907,0.534649,0.920933,0.909377,0.943040,0.902882,0.877802,0.784042,0.920517,0.928551,spectrum_fno48_floor6_smooth1_qc_peak4_fieldloss
run8_sparc_1426,sparc_1426,0.660450,0.732568,0.757400,0.643678,0.659648,0.730766,0.750018,0.641338,0.884738,0.854732,0.905934,0.887949,0.830650,0.873649,0.946779,0.947403,spectrum_fno48_floor6_smooth1_qc_peak4_fieldloss
run8_sparc_1427,sparc_1427,0.665839,0.747232,0.749218,0.654757,0.660901,0.744461,0.746347,0.654690,0.872939,0.869325,0.927177,0.899701,0.922479,0.925355,0.717546,0.971721,spectrum_fno48_floor6_smooth1_qc_peak4_fieldloss
run8_sparc_1428,sparc_1428,0.670337,0.667011,0.770262,0.633816,0.666645,0.667008,0.768498,0.633577,0.905267,0.906070,0.937524,0.909031,0.876928,0.860772,0.941053,0.947581,spectrum_fno48_floor6_smooth1_qc_peak4_fieldloss
run8_sparc_1440,sparc_1440,0.662030,0.617690,0.745592,0.517626,0.642468,0.617536,0.732630,0.510738,0.919271,0.911900,0.944443,0.918343,0.870082,0.574546,0.609756,0.878534,spectrum_fno48_floor6_smooth1_qc_peak4_fieldloss
run8_sparc_1502,sparc_1502,0.641627,0.639143,0.731173,0.558499,0.620624,0.617672,0.720530,0.557166,0.924394,0.918955,0.956619,0.911820,0.902942,0.858850,0.832682,0.917131,spectrum_fno48_floor6_smooth1_qc_peak4_fieldloss
run8_sparc_1508,sparc_1508,1.068679,1.245127,1.146665,1.042827,0.896767,0.907193,0.895893,0.862665,0.594666,0.693327,0.745791,0.623778,0.832726,0.853862,0.900565,0.967901,spectrum_fno48_floor6_smooth1_qc_peak4_fieldloss
run8_sparc_1510,sparc_1510,0.632537,0.677149,0.797125,0.542367,0.599156,0.614762,0.686720,0.532640,0.933834,0.929675,0.949999,0.925704,0.700489,0.460079,0.734514,0.938843,spectrum_fno48_floor6_smooth1_qc_peak4_fieldloss
run90_sparc_1302,sparc_1302,0.677551,0.701385,0.757397,0.714993,0.677549,0.701247,0.756824,0.713053,0.769060,0.745959,0.872566,0.759563,0.969653,0.970632,0.957593,0.981689,spectrum_fno48_floor6_smooth1_qc_peak4
run90_sparc_1307,sparc_1307,1.250501,1.346656,1.323049,1.304354,0.892521,0.910909,0.933343,0.923016,0.375037,0.291022,0.571013,0.184759,0.941177,0.968529,0.983480,0.982352,spectrum_fno48_floor6_smooth1_qc_peak4
run90_sparc_1315,sparc_1315,0.593375,0.566360,0.672851,0.555531,0.522423,0.535870,0.631821,0.519681,0.937203,0.932932,0.956170,0.936033,0.878908,0.790895,0.792979,0.943459,spectrum_fno48_floor6_smooth1_qc_peak4_fieldloss
run90_sparc_1318,sparc_1318,0.573673,0.517056,0.791134,0.510955,0.543810,0.511862,0.689030,0.497106,0.931482,0.934558,0.957243,0.933305,0.632130,0.497759,0.755253,0.883882,spectrum_fno48_floor6_smooth1_qc_peak4_fieldloss
run90_sparc_1350,sparc_1350,0.588924,0.599274,0.697726,0.550698,0.525678,0.542927,0.634019,0.510874,0.934432,0.937439,0.964465,0.934206,0.701465,0.425471,0.654315,0.906018,spectrum_fno48_floor6_smooth1_qc_peak4_fieldloss
run90_sparc_1357,sparc_1357,0.674160,0.714256,1.002554,0.569899,0.571442,0.602715,0.716815,0.527041,0.910088,0.902512,0.937167,0.913048,0.862288,0.804032,0.858492,0.874405,spectrum_fno48_floor6_smooth1_qc_peak4_fieldloss
run90_sparc_1358,sparc_1358,0.536656,0.522219,0.660339,0.479844,0.529033,0.520960,0.612340,0.477650,0.911377,0.910727,0.937129,0.908557,0.906446,0.539381,0.736314,0.930404,spectrum_fno48_floor6_smooth1_qc_peak4_fieldloss
run90_sparc_1364,sparc_1364,0.719862,0.567434,0.768100,0.456533,0.654956,0.555101,0.670664,0.449209,0.888573,0.892813,0.917233,0.889914,0.937464,0.830488,0.940028,0.948562,spectrum_fno48_floor6_smooth1_qc_peak4_fieldloss
run90_sparc_1400,sparc_1400,0.923118,0.533036,0.680761,0.539669,0.905048,0.522291,0.671338,0.538268,0.992493,0.995091,0.993122,0.991516,0.835905,0.598444,0.547619,0.857955,spectrum_fno48_floor6_smooth1_qc
run90_sparc_1408,sparc_1408,0.777399,0.839831,0.846704,0.645246,0.775424,0.825811,0.827445,0.642787,0.896351,0.873131,0.901241,0.894661,0.960372,0.952251,0.946001,0.965428,spectrum_fno48_floor6_smooth1_qc_peak4_fieldloss
run90_sparc_1413,sparc_1413,0.583520,0.570238,0.670730,0.523666,0.554845,0.558537,0.652079,0.519731,0.931180,0.930607,0.949623,0.928442,0.777864,0.436395,0.617728,0.916058,spectrum_fno48_floor6_smooth1_qc_peak4_fieldloss
run90_sparc_1416,sparc_1416,0.623368,0.547056,0.739154,0.540410,0.561318,0.532356,0.655866,0.494883,0.927073,0.925054,0.948844,0.924768,0.795371,0.494683,0.687032,0.929352,spectrum_fno48_floor6_smooth1_qc_peak4_fieldloss
run90_sparc_1417,sparc_1417,0.591694,0.511541,0.733585,0.487857,0.562210,0.503633,0.648154,0.482747,0.924827,0.925887,0.937675,0.925891,0.842275,0.454792,0.672576,0.865409,spectrum_fno48_floor6_smooth1_qc_peak4_fieldloss
run90_sparc_1419,sparc_1419,0.612685,0.528863,0.787562,0.476220,0.573138,0.528789,0.699725,0.474496,0.913547,0.916691,0.943551,0.914289,0.836035,0.609220,0.798914,0.926403,spectrum_fno48_floor6_smooth1_qc_peak4_fieldloss
run90_sparc_1422,sparc_1422,0.649135,0.681507,0.783450,0.587088,0.617524,0.616239,0.716646,0.560026,0.903817,0.903192,0.930876,0.902523,0.832763,0.660129,0.682669,0.894173,spectrum_fno48_floor6_smooth1_qc_peak4_fieldloss
run90_sparc_1423,sparc_1423,0.714388,0.666394,0.723833,0.574289,0.676737,0.635745,0.717244,0.559109,0.899536,0.884310,0.914841,0.901490,0.846099,0.876284,0.725812,0.917541,spectrum_fno48_floor6_smooth1_qc_peak4_fieldloss
run90_sparc_1427,sparc_1427,0.635161,0.673523,0.746096,0.593756,0.633280,0.671773,0.735304,0.589531,0.884143,0.892470,0.930238,0.901948,0.836303,0.859819,0.715832,0.941631,spectrum_fno48_floor6_smooth1_qc_peak4_fieldloss
run90_sparc_1429,sparc_1429,0.640229,0.648193,0.773163,0.598463,0.632204,0.642559,0.762086,0.593776,0.901210,0.901495,0.932994,0.900452,0.853299,0.775920,0.883180,0.900611,spectrum_fno48_floor6_smooth1_qc_peak4_fieldloss
run90_sparc_1506,sparc_1506,0.698588,0.764201,0.784936,0.622692,0.696405,0.749981,0.783445,0.617049,0.867236,0.833090,0.914501,0.885936,0.886644,0.915892,0.925554,0.949021,spectrum_fno48_floor6_smooth1_qc_peak4_fieldloss
run90_sparc_1593,sparc_1593,0.740349,0.750993,0.800022,0.632496,0.677027,0.714213,0.747054,0.610896,0.904848,0.904730,0.943798,0.904849,0.884653,0.753455,0.785902,0.969756,spectrum_fno48_floor6_smooth1_qc_peak4_fieldloss
run91_sparc_1304,sparc_1304,0.916387,0.794721,0.910113,0.709283,0.716155,0.781543,0.778839,0.655052,0.944019,0.941851,0.948245,0.941093,0.603881,0.296336,0.544357,0.845148,spectrum_fno48_floor6_smooth1_qc_peak4_fieldloss
run91_sparc_1313,sparc_1313,0.837840,0.938891,1.110069,0.707835,0.771841,0.772104,0.873518,0.707321,0.941931,0.943265,0.935645,0.943911,0.851561,0.457814,0.694929,0.897361,spectrum_fno48_floor6_smooth1_qc_peak4_fieldloss
run91_sparc_1358,sparc_1358,0.671551,0.707664,0.881566,0.558382,0.671134,0.694007,0.824559,0.523986,0.932525,0.921780,0.926811,0.929864,0.865438,0.898525,0.744376,0.908079,spectrum_fno48_floor6_smooth1_qc_peak4_fieldloss
run91_sparc_1363,sparc_1363,0.721676,0.832393,0.914413,0.558441,0.682077,0.710665,0.797000,0.551725,0.926217,0.911401,0.882509,0.917325,0.845424,0.763631,0.770343,0.847639,spectrum_fno48_floor6_smooth1_qc_peak4_fieldloss
run91_sparc_1401,sparc_1401,0.889802,0.741754,0.921789,0.743343,0.655641,0.619437,0.736402,0.616635,0.958989,0.952943,0.956257,0.947037,0.858860,0.785616,0.703604,0.967034,spectrum_fno48_floor6_smooth1_qc
run91_sparc_1406,sparc_1406,0.921236,0.909739,0.951877,0.751211,0.757217,0.792586,0.844261,0.724542,0.952735,0.951061,0.955907,0.949508,0.775401,0.722742,0.567882,0.897763,spectrum_fno48_floor6_smooth1_qc_peak4_fieldloss
run91_sparc_1409,sparc_1409,0.747963,0.818982,0.872690,0.706122,0.692771,0.721146,0.771657,0.629328,0.945066,0.934336,0.931690,0.946877,0.763074,0.620451,0.717094,0.929052,spectrum_fno48_floor6_smooth1_qc_peak4_fieldloss
run91_sparc_1413,sparc_1413,0.859534,0.892559,1.062028,0.744576,0.793308,0.782662,0.918800,0.724251,0.918078,0.916640,0.918078,0.901647,0.847117,0.657233,0.773127,0.916498,spectrum_fno48_floor6_smooth1_qc_peak4_fieldloss
run91_sparc_1414,sparc_1414,0.717242,0.782085,0.924832,0.674463,0.712756,0.777548,0.841712,0.672332,0.933956,0.929239,0.922999,0.925546,0.780429,0.668138,0.779077,0.906573,spectrum_fno48_floor6_smooth1_qc_peak4_fieldloss
run91_sparc_1416,sparc_1416,0.862285,0.791557,0.869222,0.615366,0.691484,0.741216,0.817067,0.613578,0.940226,0.927638,0.906613,0.933636,0.823688,0.758830,0.708704,0.930109,spectrum_fno48_floor6_smooth1_qc_peak4_fieldloss
run91_sparc_1420,sparc_1420,0.792511,0.824404,0.843824,0.677843,0.755621,0.791135,0.834358,0.677521,0.928549,0.911114,0.910619,0.915409,0.643717,0.289564,0.545354,0.913947,spectrum_fno48_floor6_smooth1_qc_peak4_fieldloss
run91_sparc_1440,sparc_1440,0.911036,0.986161,0.937504,0.732561,0.770280,0.802373,0.860996,0.710199,0.953450,0.952922,0.961493,0.950731,0.695062,0.661158,0.608139,0.919734,spectrum_fno48_floor6_smooth1_qc_peak4_fieldloss
run91_sparc_1500,sparc_1500,0.376217,0.375362,0.380074,0.359603,0.333705,0.348799,0.372427,0.312320,0.984827,0.982445,0.983233,0.957013,0.837802,0.648974,0.590721,0.831191,spectrum_fno48_floor6_smooth1_qc_peak4_fieldloss
run91_sparc_1501,sparc_1501,1.029719,0.761782,1.061938,0.797272,0.749994,0.609540,0.802878,0.671608,0.958934,0.953933,0.957153,0.958833,0.888537,0.678540,0.620085,0.891854,spectrum_fno48_floor6_smooth1_qc
run91_sparc_1504,sparc_1504,0.959313,0.847703,0.936408,0.937261,0.730622,0.804240,0.795680,0.652899,0.941076,0.940066,0.948414,0.939656,0.672323,0.380503,0.658373,0.925165,spectrum_fno48_floor6_smooth1_qc
run91_sparc_1507,sparc_1507,0.972721,0.796514,0.986225,0.861164,0.757443,0.794951,0.813036,0.709432,0.946262,0.942923,0.952404,0.945133,0.807472,0.470060,0.532871,0.958345,spectrum_fno48_floor6_smooth1_qc
run91_sparc_1513,sparc_1513,0.725759,0.740571,0.919105,0.613954,0.719055,0.739693,0.834984,0.613213,0.945905,0.927831,0.923169,0.945254,0.785167,0.706764,0.849652,0.927427,spectrum_fno48_floor6_smooth1_qc_peak4_fieldloss
run91_sparc_1525,sparc_1525,0.729015,0.753032,0.767024,0.697336,0.656552,0.696786,0.734787,0.629836,0.953406,0.958269,0.947990,0.957363,0.699151,0.561574,0.829825,0.848857,spectrum_fno48_floor6_smooth1_qc_peak4_fieldloss
run91_sparc_1526,sparc_1526,0.851652,0.788850,0.911740,0.868080,0.659425,0.703941,0.752009,0.640501,0.941208,0.947160,0.954670,0.940115,0.693016,0.645521,0.503775,0.950882,spectrum_fno48_floor6_smooth1_qc
run91_sparc_1528,sparc_1528,1.103012,1.266161,1.381879,1.036769,0.825851,0.784380,0.887379,0.731936,0.826358,0.814034,0.779303,0.792619,0.775661,0.845167,0.888769,0.961730,spectrum_fno48_floor6_smooth1_qc_peak4_fieldloss
run91_sparc_1529,sparc_1529,0.869211,0.964451,1.083802,0.522454,0.712943,0.736490,0.839595,0.516236,0.912778,0.922166,0.946216,0.905980,0.852208,0.883799,0.832269,0.847998,spectrum_fno48_floor6_smooth1_qc_peak4_fieldloss
run92_sparc_1301,sparc_1301,0.579981,0.693108,0.715283,0.458282,0.524763,0.678724,0.654954,0.454300,0.913821,0.901140,0.945058,0.907212,0.833865,0.842395,0.702379,0.849535,spectrum_fno48_floor6_smooth1_qc_peak4_fieldloss
run92_sparc_1307,sparc_1307,1.206113,1.131583,1.415969,1.082414,0.800076,0.822842,0.863850,0.760155,0.875958,0.879825,0.855559,0.844245,0.901080,0.830558,0.876525,0.933925,spectrum_fno48_floor6_smooth1_qc_peak4_fieldloss
run92_sparc_1309,sparc_1309,0.679571,0.747401,0.844891,0.556434,0.627966,0.666286,0.745176,0.543184,0.905006,0.903250,0.910039,0.911481,0.858173,0.897403,0.873045,0.926030,spectrum_fno48_floor6_smooth1_qc_peak4_fieldloss
run92_sparc_1310,sparc_1310,0.578641,0.574805,0.672294,0.494974,0.576928,0.567436,0.660756,0.494884,0.916395,0.920658,0.939200,0.913373,0.729399,0.527503,0.682437,0.940018,spectrum_fno48_floor6_smooth1_qc_peak4_fieldloss
run92_sparc_1313,sparc_1313,0.518398,0.537225,0.683509,0.477896,0.509414,0.524649,0.626955,0.475339,0.925852,0.928782,0.954961,0.926591,0.569921,0.669040,0.599054,0.907832,spectrum_fno48_floor6_smooth1_qc_peak4_fieldloss
run92_sparc_1349,sparc_1349,0.552103,0.521855,0.664669,0.451687,0.542110,0.521847,0.627210,0.451612,0.900528,0.891887,0.917986,0.893854,0.863812,0.532720,0.786616,0.893213,spectrum_fno48_floor6_smooth1_qc_peak4_fieldloss
run92_sparc_1351,sparc_1351,0.539223,0.538335,0.697432,0.489891,0.510166,0.519955,0.618787,0.475823,0.916089,0.913268,0.937939,0.912817,0.678983,0.730982,0.742442,0.943032,spectrum_fno48_floor6_smooth1_qc_peak4_fieldloss
run92_sparc_1352,sparc_1352,0.597042,0.638823,0.754156,0.535518,0.529923,0.558351,0.650579,0.479772,0.917213,0.914071,0.938361,0.916231,0.842867,0.742468,0.753293,0.931713,spectrum_fno48_floor6_smooth1_qc_peak4_fieldloss
run92_sparc_1355,sparc_1355,0.524526,0.505062,0.650113,0.445175,0.511288,0.504635,0.602138,0.444107,0.906152,0.903878,0.912231,0.906244,0.879468,0.524909,0.840696,0.894670,spectrum_fno48_floor6_smooth1_qc_peak4_fieldloss
run92_sparc_1358,sparc_1358,0.486819,0.532320,0.621967,0.464584,0.484608,0.523636,0.587897,0.463794,0.909665,0.899696,0.927936,0.905231,0.844997,0.679419,0.739721,0.923036,spectrum_fno48_floor6_smooth1_qc_peak4_fieldloss
run92_sparc_1363,sparc_1363,0.574075,0.573479,0.616247,0.466034,0.555554,0.567317,0.602997,0.462866,0.907626,0.903676,0.925075,0.906052,0.874435,0.625153,0.601572,0.925088,spectrum_fno48_floor6_smooth1_qc_peak4_fieldloss
run92_sparc_1410,sparc_1410,0.586629,0.581639,0.689284,0.538317,0.555353,0.554911,0.662122,0.517013,0.931138,0.928992,0.951342,0.923995,0.694429,0.548289,0.672776,0.932054,spectrum_fno48_floor6_smooth1_qc_peak4_fieldloss
run92_sparc_1416,sparc_1416,0.544689,0.515462,0.673667,0.486478,0.528069,0.504102,0.625139,0.469811,0.920702,0.919608,0.942157,0.917759,0.821921,0.716918,0.698287,0.932111,spectrum_fno48_floor6_smooth1_qc_peak4_fieldloss
run92_sparc_1421,sparc_1421,0.575975,0.587003,0.686905,0.540347,0.562874,0.586476,0.643103,0.538467,0.903598,0.904141,0.930073,0.898477,0.735266,0.666942,0.712801,0.877499,spectrum_fno48_floor6_smooth1_qc_peak4_fieldloss
run92_sparc_1425,sparc_1425,0.672603,0.755826,0.852586,0.615054,0.650800,0.715949,0.738789,0.596326,0.899840,0.889524,0.920062,0.904385,0.895425,0.851460,0.749793,0.947026,spectrum_fno48_floor6_smooth1_qc_peak4_fieldloss
run92_sparc_1426,sparc_1426,0.660669,0.720781,0.731925,0.610490,0.660635,0.715939,0.731529,0.610042,0.863818,0.851163,0.903827,0.882349,0.886946,0.853415,0.666987,0.920293,spectrum_fno48_floor6_smooth1_qc_peak4_fieldloss
run92_sparc_1430,sparc_1430,0.824304,0.621885,0.845307,0.744678,0.656997,0.579866,0.742597,0.622173,0.919593,0.915454,0.923715,0.877715,0.869050,0.748735,0.779753,0.933804,spectrum_fno48_floor6_smooth1_qc
run92_sparc_1440,sparc_1440,0.750370,0.748724,0.719307,0.542120,0.715378,0.718829,0.719093,0.539578,0.912566,0.894414,0.918334,0.923502,0.926041,0.899112,0.909795,0.895515,spectrum_fno48_floor6_smooth1_qc_peak4_fieldloss
run92_sparc_1505,sparc_1505,0.718001,0.740680,0.732062,0.540351,0.672550,0.717475,0.726661,0.540040,0.903973,0.885245,0.931600,0.913529,0.828001,0.827032,0.701541,0.943311,spectrum_fno48_floor6_smooth1_qc_peak4_fieldloss
run92_sparc_1507,sparc_1507,1.224291,0.940643,0.916980,0.571272,0.866495,0.850244,0.786500,0.569490,0.726025,0.790890,0.820588,0.853905,0.970263,0.931242,0.954922,0.977907,spectrum_fno48_floor6_smooth1_qc_peak4_fieldloss
run92_sparc_1511,sparc_1511,0.564672,0.566978,0.688033,0.525310,0.547251,0.557266,0.612076,0.521702,0.933005,0.933082,0.954710,0.932620,0.800289,0.623289,0.807178,0.909727,spectrum_fno48_floor6_smooth1_qc_peak4_fieldloss
run92_sparc_1513,sparc_1513,0.530937,0.513122,0.623729,0.501668,0.520307,0.506256,0.596857,0.490560,0.926969,0.931849,0.948312,0.927132,0.872334,0.392300,0.670285,0.851439,spectrum_fno48_floor6_smooth1_qc_peak4_fieldloss
run92_sparc_1518,sparc_1518,0.504900,0.485049,0.706401,0.457855,0.504719,0.485048,0.639116,0.457598,0.922613,0.921669,0.937928,0.920135,0.832316,0.466715,0.611713,0.910242,spectrum_fno48_floor6_smooth1_qc_peak4_fieldloss
run92_sparc_1530,sparc_1530,0.631590,0.754514,0.803890,0.653556,0.629743,0.752890,0.775436,0.653491,0.848078,0.889286,0.702504,0.765971,0.992146,0.869558,0.992231,0.994213,spectrum_fno48_floor6_smooth1_qc_peak4
run93_sparc_1311,sparc_1311,0.645229,0.705893,0.809616,0.648459,0.598930,0.685507,0.801233,0.631055,0.922210,0.926779,0.930183,0.921614,0.683389,0.666068,0.801898,0.864597,spectrum_fno48_floor6_smooth1_qc_peak4
run93_sparc_1349,sparc_1349,0.788008,0.751771,1.036833,0.730546,0.741381,0.726577,0.888462,0.700603,0.920857,0.927704,0.936888,0.924445,0.815227,0.755695,0.834309,0.947576,spectrum_fno48_floor6_smooth1_qc_peak4_fieldloss
run93_sparc_1355,sparc_1355,0.731565,0.711607,0.961546,0.708922,0.702440,0.698514,0.862151,0.689676,0.932370,0.925989,0.933105,0.933446,0.840831,0.675068,0.823636,0.949264,spectrum_fno48_floor6_smooth1_qc_peak4_fieldloss
run93_sparc_1408,sparc_1408,0.734665,0.713492,0.940583,0.715059,0.732224,0.698440,0.895273,0.708118,0.865605,0.903685,0.916992,0.909288,0.948947,0.755932,0.955418,0.900896,spectrum_fno48_floor6_smooth1_qc
run93_sparc_1411,sparc_1411,0.595737,0.686463,0.787688,0.621786,0.573468,0.675246,0.785574,0.613955,0.934398,0.936013,0.933733,0.925768,0.683240,0.656025,0.577963,0.882814,spectrum_fno48_floor6_smooth1_qc_peak4
run93_sparc_1413,sparc_1413,0.627111,0.706421,0.800109,0.638621,0.594096,0.699049,0.800041,0.623883,0.938047,0.940445,0.948642,0.929313,0.620219,0.632992,0.515213,0.857546,spectrum_fno48_floor6_smooth1_qc_peak4
run93_sparc_1417,sparc_1417,0.652365,0.707724,0.790001,0.639988,0.645354,0.702936,0.790000,0.633897,0.938080,0.935067,0.933162,0.930862,0.597337,0.520160,0.580839,0.819943,spectrum_fno48_floor6_smooth1_qc_peak4_fieldloss
run93_sparc_1426,sparc_1426,0.620733,0.682170,1.007661,0.618719,0.616097,0.676299,0.891816,0.617490,0.906697,0.907986,0.932824,0.912772,0.612872,0.366945,0.818429,0.809843,spectrum_fno48_floor6_smooth1_qc_peak4_fieldloss
run93_sparc_1428,sparc_1428,1.051471,0.957706,0.919801,0.703800,0.784984,0.777537,0.801637,0.658195,0.558156,0.507217,0.560836,0.295108,0.949600,0.968360,0.984169,0.990247,spectrum_fno48_floor6_smooth1_qc_peak4_fieldloss
run93_sparc_1429,sparc_1429,1.169698,1.043515,0.910609,0.934421,0.705639,0.812331,0.741499,0.655265,0.750081,0.578261,0.799197,0.830684,0.977545,0.985116,0.984698,0.980694,spectrum_fno48_floor6_smooth1_qc_mhi100
run93_sparc_1504,sparc_1504,1.009881,0.785087,1.271656,0.922614,0.770352,0.734982,0.926283,0.756958,0.921260,0.899197,0.923081,0.917638,0.820156,0.809882,0.897643,0.866342,spectrum_fno48_floor6_smooth1_qc
run93_sparc_1507,sparc_1507,0.958556,1.004997,1.186121,0.930442,0.802057,0.771704,0.933252,0.777800,0.931432,0.932603,0.945451,0.930690,0.931996,0.785538,0.823909,0.802394,spectrum_fno48_floor6_smooth1_qc_peak4_fieldloss
run93_sparc_1508,sparc_1508,0.738891,0.730139,0.935771,0.723577,0.737091,0.704614,0.900645,0.708103,0.860336,0.909488,0.921006,0.915292,0.931913,0.659878,0.958210,0.903028,spectrum_fno48_floor6_smooth1_qc_peak4_fieldloss
run93_sparc_1528,sparc_1528,0.859976,0.783769,0.976077,0.725268,0.776488,0.717492,0.902730,0.671049,0.893692,0.898449,0.925875,0.904761,0.860615,0.898000,0.716209,0.884073,spectrum_fno48_floor6_smooth1_qc_peak4_fieldloss
run94_sparc_1306,sparc_1306,1.156872,1.416293,1.218648,1.120637,0.903381,0.939399,0.951647,0.870230,0.881142,0.905988,0.926668,0.888771,0.847599,0.906434,0.845801,0.886951,spectrum_fno48_floor6_smooth1_qc_peak4_fieldloss
run94_sparc_1307,sparc_1307,0.894093,0.917268,1.004203,0.890056,0.819521,0.814240,0.872714,0.787088,0.871207,0.900574,0.916097,0.877290,0.853957,0.937414,0.988722,0.950688,spectrum_fno48_floor6_smooth1_qc_peak4_fieldloss
run94_sparc_1308,sparc_1308,0.825911,0.861723,1.013371,0.759242,0.722645,0.744314,0.854152,0.706922,0.884562,0.873028,0.890516,0.858838,0.972866,0.975870,0.970509,0.978059,spectrum_fno48_floor6_smooth1_qc_peak4_fieldloss
run94_sparc_1309,sparc_1309,1.054350,1.243510,0.955621,1.010147,0.886426,0.918731,0.900032,0.880760,-0.035425,0.327830,0.872068,0.423885,0.979081,0.983507,0.957194,0.982311,spectrum_fno48_floor6_smooth1_qc_mhi100
run94_sparc_1313,sparc_1313,0.716207,0.599220,0.782097,0.515105,0.639649,0.555328,0.669130,0.503588,0.917604,0.921908,0.948154,0.919892,0.844469,0.432189,0.587088,0.909262,spectrum_fno48_floor6_smooth1_qc_peak4_fieldloss
run94_sparc_1318,sparc_1318,0.873924,0.759698,0.856814,0.519614,0.740728,0.667057,0.723086,0.508299,0.892433,0.898471,0.927836,0.902514,0.888700,0.872616,0.745667,0.922769,spectrum_fno48_floor6_smooth1_qc_peak4_fieldloss
run94_sparc_1319,sparc_1319,0.894407,0.752846,0.877039,0.525644,0.753471,0.672106,0.735280,0.514522,0.891991,0.896929,0.930894,0.901526,0.892019,0.868768,0.756455,0.924659,spectrum_fno48_floor6_smooth1_qc_peak4_fieldloss
run94_sparc_1350,sparc_1350,0.716207,0.599220,0.782097,0.515105,0.639649,0.555328,0.669130,0.503588,0.917604,0.921907,0.948153,0.919891,0.844469,0.432189,0.587088,0.909262,spectrum_fno48_floor6_smooth1_qc_peak4_fieldloss
run94_sparc_1355,sparc_1355,0.790992,0.672021,0.710937,0.478043,0.720310,0.630383,0.679095,0.478025,0.894091,0.896357,0.920561,0.898465,0.860418,0.753081,0.783973,0.923503,spectrum_fno48_floor6_smooth1_qc_peak4_fieldloss
run94_sparc_1356,sparc_1356,0.662743,0.616305,0.852129,0.525775,0.598450,0.583230,0.728573,0.517197,0.897399,0.895193,0.921589,0.899766,0.821989,0.731625,0.787811,0.908580,spectrum_fno48_floor6_smooth1_qc_peak4_fieldloss
run94_sparc_1415,sparc_1415,0.807592,0.570283,0.689828,0.514351,0.709110,0.564239,0.664000,0.514316,0.904502,0.908037,0.934910,0.908228,0.842630,0.388697,0.765071,0.935505,spectrum_fno48_floor6_smooth1_qc_peak4_fieldloss
run94_sparc_1419,sparc_1419,1.000888,0.751085,0.808364,0.566060,0.860874,0.711037,0.742276,0.563085,0.883595,0.893470,0.925137,0.893955,0.888540,0.780015,0.723784,0.902757,spectrum_fno48_floor6_smooth1_qc_peak4_fieldloss
run94_sparc_1424,sparc_1424,1.133732,1.226165,1.469163,1.226202,0.857945,0.888113,0.973217,0.851410,0.903728,0.914081,0.940426,0.917865,0.440202,0.487488,0.812871,0.836377,spectrum_fno48_floor6_smooth1_qc_peak4
run94_sparc_1429,sparc_1429,2.058003,2.181963,2.508560,1.369047,0.954267,0.956631,0.964662,0.895760,0.612954,0.749902,0.768757,0.604205,0.899425,0.860827,0.942683,0.951685,spectrum_fno48_floor6_smooth1_qc_peak4_fieldloss
run94_sparc_1505,sparc_1505,1.054527,1.153479,1.477269,0.879163,0.822258,0.826804,0.951054,0.784230,0.827193,0.842054,0.877625,0.858003,0.848984,0.841704,0.702475,0.905626,spectrum_fno48_floor6_smooth1_qc_peak4_fieldloss
run94_sparc_1509,sparc_1509,1.037778,1.200362,1.133756,0.853759,0.819820,0.866569,0.959208,0.759160,0.867190,0.863971,0.416289,0.767241,0.872382,0.895879,0.969847,0.860684,spectrum_fno48_floor6_smooth1_qc_peak4_fieldloss
run94_sparc_1513,sparc_1513,0.787969,0.599108,0.708255,0.499758,0.702504,0.595023,0.679435,0.495824,0.912095,0.913321,0.937321,0.916434,0.852434,0.536498,0.595102,0.910943,spectrum_fno48_floor6_smooth1_qc_peak4_fieldloss
run94_sparc_1514,sparc_1514,0.792446,0.608167,0.685469,0.506131,0.722538,0.594161,0.662230,0.504449,0.909476,0.911917,0.935709,0.911871,0.842690,0.469813,0.775175,0.933437,spectrum_fno48_floor6_smooth1_qc_peak4_fieldloss
run94_sparc_1520,sparc_1520,0.697345,0.764909,0.780491,0.507551,0.662805,0.659066,0.731977,0.501758,0.895458,0.897745,0.927163,0.901995,0.873919,0.913730,0.797727,0.929481,spectrum_fno48_floor6_smooth1_qc_peak4_fieldloss
run94_sparc_1525,sparc_1525,1.104447,1.267790,1.772593,1.088863,0.807223,0.889385,0.978792,0.811613,0.910760,0.865440,0.887440,0.924897,0.742423,0.578802,0.907924,0.824949,spectrum_fno48_floor6_smooth1_qc_peak4_fieldloss
run94_sparc_1527,sparc_1527,0.901249,1.094621,1.568117,0.827891,0.783514,0.856016,0.960283,0.779482,0.926662,0.908540,0.940341,0.909005,0.783304,0.636712,0.700798,0.864059,spectrum_fno48_floor6_smooth1_qc_peak4_fieldloss
run95_sparc_1310,sparc_1310,0.762371,0.799430,0.795843,0.713257,0.761444,0.783464,0.793278,0.713110,0.856465,0.842356,0.931637,0.899945,0.915112,0.967158,0.964242,0.945778,spectrum_fno48_floor6_smooth1_qc_peak4_fieldloss
run95_sparc_1314,sparc_1314,0.691209,0.729425,0.725838,0.685922,0.689061,0.702947,0.714274,0.683103,0.915249,0.922417,0.952201,0.911098,0.903546,0.684765,0.842598,0.902557,spectrum_fno48_floor6_smooth1_qc_peak4_fieldloss
run95_sparc_1315,sparc_1315,0.661371,0.739123,0.730176,0.667770,0.656353,0.661783,0.673482,0.666431,0.901072,0.907505,0.937623,0.901534,0.858522,0.842195,0.720180,0.889364,spectrum_fno48_floor6_smooth1_qc_peak4
run95_sparc_1316,sparc_1316,0.674427,0.784036,0.663951,0.667239,0.660244,0.658214,0.640386,0.626800,0.910954,0.911363,0.917851,0.914074,0.816534,0.845894,0.691243,0.878382,spectrum_fno48_floor6_smooth1_qc_mhi100
run95_sparc_1318,sparc_1318,0.696013,0.765706,0.712503,0.690196,0.676911,0.684536,0.669965,0.649025,0.914120,0.910012,0.940207,0.898371,0.810000,0.772795,0.624053,0.877226,spectrum_fno48_floor6_smooth1_qc_peak4_fieldloss
run95_sparc_1319,sparc_1319,0.702512,0.770812,0.705420,0.700014,0.675018,0.682655,0.662315,0.642448,0.916161,0.908832,0.944443,0.896849,0.816345,0.810460,0.695956,0.892126,spectrum_fno48_floor6_smooth1_qc_peak4_fieldloss
run95_sparc_1350,sparc_1350,0.671364,0.737960,0.703880,0.677029,0.669996,0.689076,0.700218,0.670935,0.920879,0.925749,0.956603,0.917345,0.892528,0.675601,0.775156,0.894209,spectrum_fno48_floor6_smooth1_qc_peak4
run95_sparc_1364,sparc_1364,0.758558,0.728045,0.792801,0.815353,0.700536,0.686223,0.709744,0.715995,0.907264,0.907317,0.931775,0.908900,0.905645,0.852473,0.898013,0.936363,spectrum_fno48_floor6_smooth1_qc
run95_sparc_1403,sparc_1403,0.582021,0.546819,0.649356,0.551899,0.562663,0.544565,0.638319,0.527266,0.952288,0.951581,0.972773,0.944918,0.884643,0.379864,0.641966,0.932565,spectrum_fno48_floor6_smooth1_qc
run95_sparc_1409,sparc_1409,1.103068,1.547454,1.445624,1.299452,0.936561,0.961073,0.981153,0.932343,0.682465,0.817908,0.779299,0.729856,0.903856,0.949575,0.925162,0.949087,spectrum_fno48_floor6_smooth1_qc_peak4
run95_sparc_1415,sparc_1415,0.690343,0.782080,0.734682,0.729111,0.690037,0.750767,0.718273,0.717393,0.910569,0.896546,0.932085,0.901641,0.843501,0.836106,0.830295,0.918515,spectrum_fno48_floor6_smooth1_qc_peak4
run95_sparc_1416,sparc_1416,0.668728,0.726055,0.719175,0.674560,0.668705,0.714994,0.718984,0.674525,0.920337,0.915330,0.933738,0.913029,0.748539,0.854602,0.737048,0.912653,spectrum_fno48_floor6_smooth1_qc_peak4
run95_sparc_1423,sparc_1423,0.741456,0.776305,0.767228,0.753921,0.733443,0.767997,0.738740,0.751509,0.875592,0.864936,0.928209,0.886793,0.929093,0.921532,0.940966,0.958833,spectrum_fno48_floor6_smooth1_qc_peak4
run95_sparc_1430,sparc_1430,1.012652,0.976524,1.166788,1.016123,0.879454,0.869194,0.999366,0.908029,0.894863,0.880841,-0.733526,0.842489,0.987226,0.981971,0.962436,0.991398,spectrum_fno48_floor6_smooth1_qc
run95_sparc_1502,sparc_1502,0.747860,0.710546,0.717557,0.637570,0.745439,0.706185,0.716150,0.635068,0.946419,0.953053,0.969698,0.937637,0.956677,0.864570,0.644418,0.944158,spectrum_fno48_floor6_smooth1_qc_peak4_fieldloss
run95_sparc_1503,sparc_1503,0.589210,0.544478,0.695724,0.539199,0.557089,0.528631,0.694065,0.538832,0.945229,0.943147,0.957702,0.940303,0.912509,0.401917,0.947688,0.922003,spectrum_fno48_floor6_smooth1_qc_peak4_fieldloss
run95_sparc_1505,sparc_1505,0.689605,0.633428,0.716772,0.573819,0.593497,0.603579,0.698371,0.570017,0.941463,0.939172,0.947655,0.940655,0.871435,0.647866,0.845074,0.909974,spectrum_fno48_floor6_smooth1_qc_peak4_fieldloss
run95_sparc_1509,sparc_1509,1.257975,1.541368,1.322499,1.503006,0.948773,0.958045,0.990673,0.942539,0.654433,0.812645,0.260128,0.695752,0.917984,0.936945,0.981331,0.952864,spectrum_fno48_floor6_smooth1_qc_peak4
run95_sparc_1510,sparc_1510,0.683050,0.736111,0.766895,0.676217,0.678984,0.711755,0.747416,0.667726,0.927003,0.919281,0.950928,0.930242,0.757702,0.775741,0.922996,0.913994,spectrum_fno48_floor6_smooth1_qc_peak4_fieldloss
run95_sparc_1514,sparc_1514,0.693753,0.784061,0.761056,0.767700,0.689028,0.728236,0.736401,0.721001,0.909707,0.901978,0.935248,0.906862,0.884284,0.653293,0.862705,0.935101,spectrum_fno48_floor6_smooth1_qc_peak4
run95_sparc_1515,sparc_1515,0.721967,0.780970,0.743382,0.767269,0.667895,0.684735,0.713816,0.657591,0.909510,0.906095,0.924258,0.905879,0.864761,0.828361,0.844261,0.889997,spectrum_fno48_floor6_smooth1_qc_peak4
run95_sparc_1518,sparc_1518,0.691416,0.779378,0.754378,0.627711,0.678351,0.707368,0.673643,0.613496,0.905162,0.896815,0.919866,0.907670,0.760002,0.898662,0.831347,0.913983,spectrum_fno48_floor6_smooth1_qc_peak4_fieldloss
run95_sparc_1523,sparc_1523,1.418191,1.581786,1.124296,1.642303,0.961198,0.963553,0.915525,0.959344,0.813775,0.816167,0.908950,0.823273,0.820915,0.811964,0.897360,0.872791,spectrum_fno48_floor6_smooth1_qc_mhi100
run96_sparc_1307,sparc_1307,1.405810,1.418538,1.395161,1.235958,0.811332,0.836586,0.853223,0.755733,0.893994,0.898938,0.934900,0.906271,0.935782,0.870625,0.822717,0.953310,spectrum_fno48_floor6_smooth1_qc_peak4_fieldloss
run96_sparc_1315,sparc_1315,0.584420,0.519822,0.655926,0.497182,0.543265,0.512172,0.596479,0.483138,0.925810,0.930290,0.951975,0.922543,0.711078,0.633736,0.831716,0.946467,spectrum_fno48_floor6_smooth1_qc_peak4_fieldloss
run96_sparc_1317,sparc_1317,0.560548,0.575980,0.666923,0.464166,0.542054,0.566080,0.635517,0.460370,0.929195,0.929063,0.949383,0.926353,0.830012,0.640524,0.552622,0.946668,spectrum_fno48_floor6_smooth1_qc_peak4_fieldloss
run96_sparc_1349,sparc_1349,0.554248,0.541633,0.625465,0.452661,0.551757,0.541103,0.618064,0.447588,0.902523,0.897305,0.917770,0.894835,0.818916,0.685126,0.663246,0.914347,spectrum_fno48_floor6_smooth1_qc_peak4_fieldloss
run96_sparc_1353,sparc_1353,0.572877,0.549201,0.640517,0.447709,0.548237,0.531862,0.595047,0.434750,0.911384,0.908120,0.930142,0.908975,0.867125,0.727817,0.621555,0.884652,spectrum_fno48_floor6_smooth1_qc_peak4_fieldloss
run96_sparc_1357,sparc_1357,0.588321,0.643193,0.728533,0.476945,0.577883,0.619563,0.692417,0.473304,0.910161,0.919511,0.942629,0.922714,0.783262,0.858979,0.789755,0.871589,spectrum_fno48_floor6_smooth1_qc_peak4_fieldloss
run96_sparc_1363,sparc_1363,0.566251,0.535505,0.687176,0.432272,0.545091,0.534906,0.649929,0.431753,0.910277,0.910387,0.930653,0.911189,0.869339,0.633762,0.775678,0.929381,spectrum_fno48_floor6_smooth1_qc_peak4_fieldloss
run96_sparc_1364,sparc_1364,0.619533,0.548217,0.659530,0.465745,0.607333,0.544725,0.650888,0.465234,0.896352,0.894451,0.917599,0.904713,0.894116,0.598979,0.554060,0.882398,spectrum_fno48_floor6_smooth1_qc_peak4_fieldloss
run96_sparc_1403,sparc_1403,0.824845,0.901349,0.814027,0.570804,0.676263,0.743447,0.778053,0.510958,0.914348,0.889219,0.929523,0.919616,0.933385,0.871796,0.828509,0.852570,spectrum_fno48_floor6_smooth1_qc_peak4_fieldloss
run96_sparc_1411,sparc_1411,0.531221,0.583354,0.668855,0.483430,0.510854,0.541133,0.611211,0.476442,0.927862,0.930247,0.939274,0.923983,0.844594,0.466884,0.667739,0.930262,spectrum_fno48_floor6_smooth1_qc_peak4_fieldloss
run96_sparc_1413,sparc_1413,0.547558,0.523783,0.611699,0.488034,0.543690,0.523089,0.607459,0.487995,0.935751,0.937615,0.960812,0.936089,0.590650,0.426236,0.783023,0.954431,spectrum_fno48_floor6_smooth1_qc_peak4_fieldloss
run96_sparc_1440,sparc_1440,0.955732,1.125547,0.977611,0.754683,0.738231,0.803672,0.866481,0.592780,0.867191,0.872668,0.900194,0.857767,0.715122,0.830028,0.817564,0.935518,spectrum_fno48_floor6_smooth1_qc_peak4_fieldloss
run96_sparc_1516,sparc_1516,0.577181,0.531337,0.667479,0.528449,0.547342,0.518196,0.631829,0.505427,0.929941,0.929792,0.946330,0.929762,0.568131,0.640736,0.736455,0.916128,spectrum_fno48_floor6_smooth1_qc_peak4_fieldloss
run96_sparc_1518,sparc_1518,0.575954,0.552303,0.706941,0.493640,0.548864,0.516503,0.630869,0.474132,0.919808,0.923015,0.943752,0.921086,0.819546,0.598711,0.725100,0.918576,spectrum_fno48_floor6_smooth1_qc_peak4_fieldloss
run96_sparc_1524,sparc_1524,0.729781,0.777292,0.954959,0.730907,0.698068,0.732010,0.819131,0.700924,0.882451,0.895207,0.908300,0.890241,0.803990,0.627203,0.932039,0.829016,spectrum_fno48_floor6_smooth1_qc_peak4
run96_sparc_1593,sparc_1593,0.687229,0.757097,0.769896,0.491328,0.666147,0.725577,0.769762,0.490735,0.916982,0.897520,0.930887,0.916480,0.945133,0.899783,0.888756,0.931105,spectrum_fno48_floor6_smooth1_qc_peak4_fieldloss
run97_sparc_1302,sparc_1302,0.594274,0.622073,0.675657,0.549472,0.594188,0.621983,0.674972,0.544168,0.940187,0.937930,0.955582,0.933092,0.879270,0.887011,0.876917,0.915609,spectrum_fno48_floor6_smooth1_qc_peak4_fieldloss
run97_sparc_1303,sparc_1303,0.563635,0.563899,0.650069,0.557092,0.556444,0.543047,0.648113,0.556586,0.928557,0.928877,0.954116,0.932641,0.922651,0.941321,0.884586,0.902068,spectrum_fno48_floor6_smooth1_qc_peak4_fieldloss
run97_sparc_1304,sparc_1304,0.641677,0.586537,0.686911,0.563889,0.595542,0.580573,0.683981,0.561030,0.937114,0.932811,0.954519,0.933650,0.937602,0.812804,0.861727,0.916523,spectrum_fno48_floor6_smooth1_qc_peak4_fieldloss
run97_sparc_1315,sparc_1315,0.791315,0.705447,0.644643,0.640161,0.713487,0.665098,0.638351,0.600605,0.911833,0.909599,0.946453,0.925531,0.638102,0.670594,0.244472,0.935479,spectrum_fno48_floor6_smooth1_qc_peak4_fieldloss
run97_sparc_1317,sparc_1317,0.652963,0.661695,0.668658,0.568116,0.652932,0.657621,0.668592,0.567370,0.926290,0.926406,0.953778,0.916506,0.818391,0.715515,0.703246,0.908726,spectrum_fno48_floor6_smooth1_qc_peak4_fieldloss
run97_sparc_1355,sparc_1355,0.812084,0.886372,0.845585,0.710434,0.706953,0.732817,0.693504,0.652359,0.917469,0.895171,0.938403,0.915209,0.874083,0.778905,0.788572,0.936131,spectrum_fno48_floor6_smooth1_qc_peak4_fieldloss
run97_sparc_1359,sparc_1359,0.676888,0.674846,0.774484,0.590480,0.661985,0.652470,0.679411,0.584167,0.918650,0.922254,0.945772,0.916806,0.834296,0.693032,0.648393,0.958544,spectrum_fno48_floor6_smooth1_qc_peak4_fieldloss
run97_sparc_1403,sparc_1403,0.610336,0.628583,0.742545,0.585028,0.597034,0.614619,0.726516,0.573416,0.923895,0.908568,0.917828,0.921385,0.941447,0.940581,0.936480,0.924013,spectrum_fno48_floor6_smooth1_qc_peak4_fieldloss
run97_sparc_1405,sparc_1405,0.658637,0.683226,0.741529,0.657597,0.655474,0.681704,0.726090,0.654177,0.922825,0.921897,0.947194,0.915740,0.900445,0.660955,0.858209,0.952865,spectrum_fno48_floor6_smooth1_qc_peak4_fieldloss
run97_sparc_1411,sparc_1411,1.040916,0.907683,0.935833,0.568614,0.991056,0.902617,0.907334,0.561989,0.842438,0.716688,0.710355,0.817436,0.255126,0.605146,0.450966,0.721574,spectrum_fno48_floor6_smooth1_qc_peak4_fieldloss
run97_sparc_1419,sparc_1419,0.865259,0.721161,0.783933,0.643303,0.815357,0.678410,0.723521,0.625562,0.892268,0.898670,0.917956,0.896831,0.906231,0.794184,0.809867,0.878134,spectrum_fno48_floor6_smooth1_qc_peak4_fieldloss
run97_sparc_1440,sparc_1440,0.578034,0.625173,0.676309,0.536926,0.568885,0.607222,0.661944,0.535874,0.941818,0.940906,0.964390,0.940659,0.674532,0.606384,0.673579,0.934020,spectrum_fno48_floor6_smooth1_qc_peak4_fieldloss
run97_sparc_1501,sparc_1501,0.957560,0.931260,0.743673,0.872316,0.790718,0.726675,0.703060,0.720085,0.916445,0.920521,0.931120,0.906816,0.983557,0.961058,0.902844,0.974078,spectrum_fno48_floor6_smooth1_qc_mhi100
run97_sparc_1504,sparc_1504,0.689143,0.700030,0.732808,0.726208,0.658493,0.686694,0.718226,0.713828,0.915462,0.911499,0.947248,0.911107,0.938216,0.792525,0.865097,0.972531,spectrum_fno48_floor6_smooth1_qc_peak4
run97_sparc_1516,sparc_1516,0.924893,0.863958,0.811967,0.717149,0.882185,0.862917,0.773532,0.716207,0.893015,0.895340,0.932061,0.915290,0.796508,0.315399,0.694126,0.851352,spectrum_fno48_floor6_smooth1_qc_peak4_fieldloss
run97_sparc_1517,sparc_1517,0.766164,0.692881,0.661788,0.542381,0.763496,0.691999,0.633157,0.542251,0.901939,0.907792,0.936787,0.919568,0.758077,0.588157,0.842934,0.929693,spectrum_fno48_floor6_smooth1_qc_peak4_fieldloss
run97_sparc_1518,sparc_1518,0.805029,0.684687,0.601682,0.531887,0.772277,0.670592,0.596018,0.530229,0.905565,0.908555,0.938416,0.917454,0.844644,0.690651,0.834699,0.906818,spectrum_fno48_floor6_smooth1_qc_peak4_fieldloss
run97_sparc_1524,sparc_1524,0.987867,1.039191,0.984587,0.883411,0.899482,0.907485,0.880675,0.853039,0.781808,0.789438,0.894295,0.760490,0.821100,0.922691,0.938200,0.837768,spectrum_fno48_floor6_smooth1_qc_peak4_fieldloss
run98_sparc_1302,sparc_1302,1.053521,1.102007,1.305903,0.670326,0.790571,0.822559,0.928842,0.632744,0.914562,0.923112,0.938828,0.905863,0.725129,0.604545,0.811280,0.823911,spectrum_fno48_floor6_smooth1_qc_peak4_fieldloss
run98_sparc_1306,sparc_1306,1.308480,1.466091,1.302158,1.090563,0.896867,0.892567,0.918442,0.785876,0.876594,0.793495,0.894341,0.894396,0.900602,0.929488,0.889381,0.910525,spectrum_fno48_floor6_smooth1_qc_peak4_fieldloss
run98_sparc_1309,sparc_1309,0.758955,0.728612,0.956675,0.642129,0.663965,0.696625,0.813785,0.599007,0.885546,0.890654,0.915561,0.885880,0.781449,0.527619,0.835029,0.900487,spectrum_fno48_floor6_smooth1_qc_peak4_fieldloss
run98_sparc_1315,sparc_1315,0.649315,0.886587,0.954019,0.696551,0.627206,0.717029,0.806917,0.658557,0.903214,0.907006,0.905329,0.907417,0.634401,0.627034,0.708403,0.900472,spectrum_fno48_floor6_smooth1_qc_peak4
run98_sparc_1319,sparc_1319,0.905322,0.845936,0.956381,0.617430,0.752427,0.757743,0.821765,0.591254,0.904957,0.895304,0.915031,0.903441,0.712292,0.696816,0.850958,0.893019,spectrum_fno48_floor6_smooth1_qc_peak4_fieldloss
run98_sparc_1357,sparc_1357,0.675465,0.767444,1.007580,0.698556,0.621020,0.707485,0.792186,0.600285,0.908235,0.900981,0.922668,0.910838,0.579530,0.428875,0.697492,0.861611,spectrum_fno48_floor6_smooth1_qc_peak4
run98_sparc_1358,sparc_1358,0.660107,0.843874,0.840680,0.499687,0.632860,0.726764,0.752254,0.498837,0.891791,0.900298,0.925501,0.890123,0.499654,0.785335,0.627564,0.936988,spectrum_fno48_floor6_smooth1_qc_peak4_fieldloss
run98_sparc_1359,sparc_1359,0.684570,0.688883,0.815789,0.499451,0.635107,0.655310,0.747448,0.498730,0.896042,0.896386,0.915232,0.896389,0.717483,0.799144,0.692034,0.918371,spectrum_fno48_floor6_smooth1_qc_peak4_fieldloss
run98_sparc_1365,sparc_1365,0.727201,0.826304,0.900072,0.502677,0.689298,0.731794,0.803768,0.502676,0.894847,0.891642,0.913085,0.883607,0.697362,0.895809,0.850763,0.925630,spectrum_fno48_floor6_smooth1_qc_peak4_fieldloss
run98_sparc_1408,sparc_1408,0.979881,0.898499,1.037179,0.642188,0.723607,0.738088,0.809547,0.598890,0.910482,0.907578,0.933210,0.901985,0.887738,0.728987,0.776599,0.932392,spectrum_fno48_floor6_smooth1_qc_peak4_fieldloss
run98_sparc_1409,sparc_1409,0.624962,0.673704,0.805902,0.572373,0.622576,0.663250,0.777613,0.570131,0.896412,0.894765,0.913901,0.899134,0.803775,0.508142,0.849918,0.948415,spectrum_fno48_floor6_smooth1_qc_peak4_fieldloss
run98_sparc_1425,sparc_1425,0.916678,1.028424,1.065972,0.759528,0.693720,0.750583,0.866797,0.636061,0.941635,0.940716,0.958296,0.940979,0.701508,0.825285,0.717426,0.836697,spectrum_fno48_floor6_smooth1_qc_peak4_fieldloss
run98_sparc_1427,sparc_1427,0.950829,1.065355,1.251294,1.073368,0.667282,0.737997,0.866917,0.684490,0.945376,0.949824,0.963609,0.942966,0.727122,0.757349,0.691140,0.856367,spectrum_fno48_floor6_smooth1_qc_peak4
run98_sparc_1501,sparc_1501,0.742308,0.762650,0.787434,0.575923,0.712415,0.709985,0.767648,0.575035,0.913799,0.934128,0.932850,0.923001,0.864356,0.862327,0.748127,0.914360,spectrum_fno48_floor6_smooth1_qc_peak4_fieldloss
run98_sparc_1503,sparc_1503,0.954515,1.120373,1.405236,0.835015,0.730117,0.835268,0.938488,0.696593,0.932896,0.933778,0.950526,0.926726,0.836451,0.894065,0.870831,0.877703,spectrum_fno48_floor6_smooth1_qc_peak4_fieldloss
run98_sparc_1504,sparc_1504,1.247991,1.366554,1.337895,0.822263,0.832016,0.829754,0.921206,0.666455,0.931117,0.928042,0.948214,0.929117,0.868831,0.911165,0.832546,0.937313,spectrum_fno48_floor6_smooth1_qc_peak4_fieldloss
run98_sparc_1505,sparc_1505,1.155360,1.158521,1.350156,0.749114,0.824854,0.777136,0.923852,0.669870,0.923032,0.918307,0.945703,0.919914,0.833880,0.825762,0.873685,0.912626,spectrum_fno48_floor6_smooth1_qc_peak4_fieldloss
run98_sparc_1509,sparc_1509,0.691374,0.681183,0.864186,0.684595,0.631396,0.664632,0.790053,0.582392,0.907213,0.894580,0.921752,0.899791,0.760219,0.479893,0.694155,0.912145,spectrum_fno48_floor6_smooth1_qc
run98_sparc_1511,sparc_1511,0.627632,0.655698,0.803925,0.605653,0.610250,0.638523,0.786398,0.587570,0.931034,0.933215,0.946438,0.925318,0.717085,0.413169,0.616100,0.870467,spectrum_fno48_floor6_smooth1_qc_peak4_fieldloss
run98_sparc_1513,sparc_1513,0.590203,0.648537,0.863492,0.639489,0.590185,0.648451,0.794482,0.596724,0.929138,0.931080,0.937799,0.927303,0.660028,0.349662,0.538839,0.906816,spectrum_fno48_floor6_smooth1_qc_peak4
run98_sparc_1521,sparc_1521,0.729049,0.941330,1.018573,0.674005,0.684840,0.767808,0.839477,0.611019,0.887760,0.876823,0.910011,0.899994,0.690832,0.805340,0.690848,0.855067,spectrum_fno48_floor6_smooth1_qc_peak4_fieldloss
run98_sparc_1525,sparc_1525,1.015920,0.998241,1.203164,0.674231,0.745032,0.741549,0.878658,0.610173,0.939340,0.936909,0.942878,0.938320,0.738469,0.836465,0.753668,0.857983,spectrum_fno48_floor6_smooth1_qc_peak4_fieldloss
run99_sparc_1300,sparc_1300,1.074724,1.057592,0.840578,1.164390,0.987615,0.981893,0.810570,0.964111,0.991710,0.994225,0.995323,0.985836,0.699770,0.651121,0.932059,0.978691,spectrum_fno48_floor6_smooth1_qc_mhi100
run99_sparc_1308,sparc_1308,1.479528,1.408496,1.457619,1.443044,0.942389,0.959500,0.887926,0.955251,0.411981,0.457440,0.840446,0.471732,0.979865,0.970727,0.939744,0.978773,spectrum_fno48_floor6_smooth1_qc
run99_sparc_1314,sparc_1314,1.120721,1.085572,0.999342,1.170011,0.952026,0.954800,0.929222,0.955542,0.914654,0.920513,0.957476,0.895304,0.935003,0.831916,0.596287,0.979259,spectrum_fno48_floor6_smooth1_qc_mhi100
run99_sparc_1351,sparc_1351,1.479223,1.339551,1.309127,1.396208,0.907711,0.908624,0.884325,0.912127,0.906629,0.910819,0.940348,0.898367,0.976258,0.975473,0.972633,0.968387,spectrum_fno48_floor6_smooth1_qc_mhi100
run99_sparc_1357,sparc_1357,1.090956,1.152203,1.542795,1.176118,0.922102,0.937778,0.883836,0.885753,0.892203,0.872269,0.927756,0.876655,0.916940,0.912502,0.687788,0.920832,spectrum_fno48_floor6_smooth1_qc_peak4
run99_sparc_1365,sparc_1365,1.850380,1.731792,1.089724,1.575773,0.962140,0.964509,0.930791,0.960748,0.876997,0.854481,0.923587,0.876773,0.955946,0.936478,0.843377,0.965488,spectrum_fno48_floor6_smooth1_qc_mhi100
run99_sparc_1406,sparc_1406,1.099230,0.937196,0.783503,0.879339,0.845266,0.848658,0.735539,0.800546,0.916784,0.885739,0.960400,0.915650,0.967578,0.955634,0.829421,0.954049,spectrum_fno48_floor6_smooth1_qc_mhi100
run99_sparc_1407,sparc_1407,0.823248,0.748946,0.770481,0.799435,0.770243,0.747166,0.717552,0.777567,0.925132,0.922190,0.949494,0.919508,0.974461,0.948149,0.961969,0.978000,spectrum_fno48_floor6_smooth1_qc
run99_sparc_1412,sparc_1412,1.536226,1.346749,1.121558,1.583083,0.959814,0.964626,0.938857,0.961039,0.885613,0.874566,0.916416,0.878610,0.979011,0.955194,0.650879,0.978895,spectrum_fno48_floor6_smooth1_qc_mhi100
run99_sparc_1413,sparc_1413,1.284308,1.224515,1.096419,1.342188,0.963780,0.968522,0.942542,0.964785,0.890596,0.885598,0.919686,0.882719,0.980937,0.963783,0.674566,0.980399,spectrum_fno48_floor6_smooth1_qc_mhi100
run99_sparc_1423,sparc_1423,1.002832,0.934278,1.153882,0.993914,0.821866,0.799693,0.808561,0.786928,0.887885,0.901787,0.919352,0.678387,0.950799,0.879088,0.895651,0.926420,spectrum_fno48_floor6_smooth1_qc
run99_sparc_1429,sparc_1429,0.930359,0.920181,0.917013,1.006009,0.874922,0.915359,0.793245,0.904232,0.891907,0.854942,0.910028,0.853741,0.980859,0.961816,0.972484,0.984378,spectrum_fno48_floor6_smooth1_qc_mhi100
run99_sparc_1430,sparc_1430,0.933494,1.044827,1.424176,1.071039,0.902790,0.903387,0.982410,0.886792,0.789737,0.857977,0.125756,0.836478,0.991974,0.992419,0.993911,0.990513,spectrum_fno48_floor6_smooth1_qc_peak4
run99_sparc_1506,sparc_1506,0.793535,0.826818,0.763348,0.857945,0.779064,0.810456,0.755646,0.840029,0.930269,0.907182,0.944929,0.896654,0.972767,0.974344,0.968026,0.979593,spectrum_fno48_floor6_smooth1_qc_mhi100
run99_sparc_1521,sparc_1521,1.215981,1.222124,0.762655,1.282653,0.980283,0.981722,0.754078,0.979582,0.862372,0.837952,0.920688,0.850264,0.945469,0.970412,0.952349,0.964591,spectrum_fno48_floor6_smooth1_qc_mhi100
run99_sparc_1525,sparc_1525,0.787867,0.734929,0.724236,0.760301,0.718763,0.718330,0.706377,0.697291,0.928847,0.922053,0.941659,0.914446,0.943803,0.918007,0.866119,0.949828,spectrum_fno48_floor6_smooth1_qc_mhi100
run99_sparc_1528,sparc_1528,0.864226,0.826706,0.755361,0.968781,0.827183,0.809676,0.741030,0.923161,0.916142,0.913762,0.931554,0.853081,0.968211,0.924455,0.822359,0.983110,spectrum_fno48_floor6_smooth1_qc_mhi100
run99_sparc_1530,sparc_1530,0.655249,0.670500,1.007349,1.078824,0.643805,0.669400,0.939317,0.996345,0.404467,0.743560,0.210884,-0.241258,0.995529,0.995302,0.994206,0.996031,spectrum_fno48_floor6_smooth1_qc_peak4
run9_sparc_1305,sparc_1305,0.773786,0.927135,1.148089,1.001903,0.720301,0.839048,0.869445,0.773863,0.912243,0.898730,0.940636,0.889974,0.712961,0.598030,0.739665,0.900564,spectrum_fno48_floor6_smooth1_qc_peak4
run9_sparc_1307,sparc_1307,0.773866,0.818303,0.860571,0.644554,0.738003,0.763319,0.816257,0.642148,0.889842,0.878228,0.919027,0.861346,0.980075,0.981129,0.987611,0.964032,spectrum_fno48_floor6_smooth1_qc_peak4_fieldloss
run9_sparc_1308,sparc_1308,0.801921,0.873088,0.851717,0.669794,0.743090,0.773213,0.807688,0.648091,0.856764,0.867027,0.909977,0.858860,0.987183,0.986571,0.991825,0.973125,spectrum_fno48_floor6_smooth1_qc_peak4_fieldloss
run9_sparc_1350,sparc_1350,1.036153,0.834152,0.762407,0.607000,0.886085,0.778525,0.693238,0.583403,0.895294,0.912585,0.929003,0.917706,0.892634,0.768160,0.351641,0.842135,spectrum_fno48_floor6_smooth1_qc_peak4_fieldloss
run9_sparc_1351,sparc_1351,1.071127,0.833617,0.654026,0.579922,0.875579,0.773890,0.644054,0.567124,0.885535,0.883656,0.915810,0.898943,0.892585,0.788717,0.701038,0.849222,spectrum_fno48_floor6_smooth1_qc_peak4_fieldloss
run9_sparc_1354,sparc_1354,1.018164,0.891991,0.823578,0.593708,0.887264,0.790957,0.759552,0.584795,0.881980,0.841118,0.920955,0.900339,0.876972,0.900503,0.916683,0.890705,spectrum_fno48_floor6_smooth1_qc_peak4_fieldloss
run9_sparc_1360,sparc_1360,0.710002,0.679050,0.870410,0.484664,0.703148,0.645298,0.791564,0.484104,0.871682,0.876498,0.915592,0.880727,0.875686,0.898755,0.868252,0.882751,spectrum_fno48_floor6_smooth1_qc_peak4_fieldloss
run9_sparc_1402,sparc_1402,0.586077,0.699878,0.813209,0.496420,0.565259,0.635078,0.701742,0.496266,0.942885,0.939328,0.965547,0.929261,0.811968,0.647414,0.729863,0.751947,spectrum_fno48_floor6_smooth1_qc_peak4_fieldloss
run9_sparc_1406,sparc_1406,1.094326,1.018204,1.345019,0.929515,0.744430,0.801792,0.885735,0.707172,0.923029,0.914656,0.929159,0.893048,0.873225,0.810976,0.883771,0.934954,spectrum_fno48_floor6_smooth1_qc_peak4_fieldloss
run9_sparc_1421,sparc_1421,0.766007,1.050225,0.856373,0.570467,0.753597,0.843315,0.766616,0.553063,0.878551,0.833243,0.905921,0.894414,0.845594,0.971455,0.777727,0.768726,spectrum_fno48_floor6_smooth1_qc_peak4_fieldloss
run9_sparc_1429,sparc_1429,0.746383,0.974263,0.781751,0.627128,0.696871,0.772335,0.775647,0.626055,0.870055,0.842606,0.931017,0.884084,0.940434,0.946478,0.925963,0.964436,spectrum_fno48_floor6_smooth1_qc_peak4_fieldloss
run9_sparc_1430,sparc_1430,0.834877,0.794411,1.096986,0.915215,0.647590,0.659415,0.915876,0.720127,0.837227,0.888526,0.410331,0.372767,0.951342,0.953847,0.951242,0.973240,spectrum_fno48_floor6_smooth1_qc
run9_sparc_1441,sparc_1441,1.162401,1.011630,1.361797,0.985143,0.771378,0.807724,0.897969,0.723286,0.935473,0.932652,0.956706,0.917909,0.817991,0.656026,0.786591,0.822207,spectrum_fno48_floor6_smooth1_qc_peak4_fieldloss
run9_sparc_1506,sparc_1506,0.904582,0.915023,1.197347,1.132559,0.733896,0.818960,0.886860,0.806365,0.911450,0.901219,0.916980,0.820116,0.685627,0.666922,0.943025,0.921491,spectrum_fno48_floor6_smooth1_qc_peak4
run9_sparc_1514,sparc_1514,0.931546,0.723574,0.800649,0.619061,0.844064,0.711002,0.760655,0.610089,0.891070,0.888616,0.918124,0.891369,0.861273,0.250022,0.590960,0.870339,spectrum_fno48_floor6_smooth1_qc_peak4_fieldloss
run9_sparc_1515,sparc_1515,0.895406,0.692605,0.811381,0.596272,0.845879,0.690588,0.779409,0.596073,0.889458,0.894339,0.915247,0.893883,0.851787,0.242737,0.722174,0.847954,spectrum_fno48_floor6_smooth1_qc_peak4_fieldloss
run9_sparc_1526,sparc_1526,1.335755,1.174311,1.744476,1.297159,0.862340,0.900866,0.936868,0.808453,0.858672,0.769670,0.815918,0.848845,0.717636,0.652458,0.854023,0.908230,spectrum_fno48_floor6_smooth1_qc
run9_sparc_1593,sparc_1593,1.288557,1.650478,1.404101,0.534914,0.764320,0.798912,0.857532,0.460887,0.929916,0.925026,0.952124,0.898625,0.851379,0.754733,0.758078,0.954477,spectrum_fno48_floor6_smooth1_qc_peak4_fieldloss
