======== 2026-04-01T01:28:52-04:00 queue start =========

>>> 2026-04-01T01:28:52-04:00 START nstxu_magnetics_shaping_hpo

A module that was compiled using NumPy 1.x cannot be run in
NumPy 2.3.4 as it may crash. To support both 1.x and 2.x
versions of NumPy, modules must be compiled with NumPy 2.0.
Some module may need to rebuild instead e.g. with 'pybind11>=2.12'.

If you are a user of the module, the easiest solution will be to
downgrade to 'numpy<2' or try to upgrade the affected module.
We expect that some modules will need time to support NumPy 2.

Traceback (most recent call last):  File "<frozen runpy>", line 198, in _run_module_as_main
  File "<frozen runpy>", line 88, in _run_code
  File "/Users/asanche2/repos/SURGE/examples/m3dc1_workflow.py", line 14, in <module>
    import surge  # noqa: F401 - ensures package initialization registers adapters
  File "/Users/asanche2/repos/SURGE/surge/__init__.py", line 10, in <module>
    from .model import GPFLOW_AVAILABLE, MODEL_REGISTRY, PYTORCH_AVAILABLE
  File "/Users/asanche2/repos/SURGE/surge/model/__init__.py", line 7, in <module>
    from .gpflow import GPFLOW_AVAILABLE, GPflowGPRAdapter, GPflowMultiKernelAdapter
  File "/Users/asanche2/repos/SURGE/surge/model/gpflow.py", line 7, in <module>
    from .gpflow_impl import GPFLOW_AVAILABLE, GPflowGPRModel, GPflowMultiKernelGPR
  File "/Users/asanche2/repos/SURGE/surge/model/gpflow_impl.py", line 11, in <module>
    import gpflow as gpf
  File "/opt/homebrew/anaconda3/lib/python3.12/site-packages/gpflow/__init__.py", line 17, in <module>
    from . import (
  File "/opt/homebrew/anaconda3/lib/python3.12/site-packages/gpflow/conditionals/__init__.py", line 1, in <module>
    from . import conditionals, multioutput, sample_conditionals
  File "/opt/homebrew/anaconda3/lib/python3.12/site-packages/gpflow/conditionals/conditionals.py", line 17, in <module>
    import tensorflow as tf
  File "/opt/homebrew/anaconda3/lib/python3.12/site-packages/tensorflow/__init__.py", line 45, in <module>
    from tensorflow._api.v2 import __internal__
  File "/opt/homebrew/anaconda3/lib/python3.12/site-packages/tensorflow/_api/v2/__internal__/__init__.py", line 8, in <module>
    from tensorflow._api.v2.__internal__ import autograph
  File "/opt/homebrew/anaconda3/lib/python3.12/site-packages/tensorflow/_api/v2/__internal__/autograph/__init__.py", line 8, in <module>
    from tensorflow.python.autograph.core.ag_ctx import control_status_ctx # line: 34
  File "/opt/homebrew/anaconda3/lib/python3.12/site-packages/tensorflow/python/autograph/core/ag_ctx.py", line 21, in <module>
    from tensorflow.python.autograph.utils import ag_logging
  File "/opt/homebrew/anaconda3/lib/python3.12/site-packages/tensorflow/python/autograph/utils/__init__.py", line 17, in <module>
    from tensorflow.python.autograph.utils.context_managers import control_dependency_on_returns
  File "/opt/homebrew/anaconda3/lib/python3.12/site-packages/tensorflow/python/autograph/utils/context_managers.py", line 19, in <module>
    from tensorflow.python.framework import ops
  File "/opt/homebrew/anaconda3/lib/python3.12/site-packages/tensorflow/python/framework/ops.py", line 46, in <module>
    from tensorflow.python import pywrap_tfe
  File "/opt/homebrew/anaconda3/lib/python3.12/site-packages/tensorflow/python/pywrap_tfe.py", line 25, in <module>
    from tensorflow.python._pywrap_tfe import *
Traceback (most recent call last):
  File "/opt/homebrew/anaconda3/lib/python3.12/site-packages/numpy/core/_multiarray_umath.py", line 46, in __getattr__
    raise ImportError(msg)
ImportError: 
A module that was compiled using NumPy 1.x cannot be run in
NumPy 2.3.4 as it may crash. To support both 1.x and 2.x
versions of NumPy, modules must be compiled with NumPy 2.0.
Some module may need to rebuild instead e.g. with 'pybind11>=2.12'.

If you are a user of the module, the easiest solution will be to
downgrade to 'numpy<2' or try to upgrade the affected module.
We expect that some modules will need time to support NumPy 2.


AttributeError: 'MessageFactory' object has no attribute 'GetPrototype'

A module that was compiled using NumPy 1.x cannot be run in
NumPy 2.3.4 as it may crash. To support both 1.x and 2.x
versions of NumPy, modules must be compiled with NumPy 2.0.
Some module may need to rebuild instead e.g. with 'pybind11>=2.12'.

If you are a user of the module, the easiest solution will be to
downgrade to 'numpy<2' or try to upgrade the affected module.
We expect that some modules will need time to support NumPy 2.

Traceback (most recent call last):  File "<frozen runpy>", line 198, in _run_module_as_main
  File "<frozen runpy>", line 88, in _run_code
  File "/Users/asanche2/repos/SURGE/examples/m3dc1_workflow.py", line 14, in <module>
    import surge  # noqa: F401 - ensures package initialization registers adapters
  File "/Users/asanche2/repos/SURGE/surge/__init__.py", line 10, in <module>
    from .model import GPFLOW_AVAILABLE, MODEL_REGISTRY, PYTORCH_AVAILABLE
  File "/Users/asanche2/repos/SURGE/surge/model/__init__.py", line 7, in <module>
    from .gpflow import GPFLOW_AVAILABLE, GPflowGPRAdapter, GPflowMultiKernelAdapter
  File "/Users/asanche2/repos/SURGE/surge/model/gpflow.py", line 7, in <module>
    from .gpflow_impl import GPFLOW_AVAILABLE, GPflowGPRModel, GPflowMultiKernelGPR
  File "/Users/asanche2/repos/SURGE/surge/model/gpflow_impl.py", line 11, in <module>
    import gpflow as gpf
  File "/opt/homebrew/anaconda3/lib/python3.12/site-packages/gpflow/__init__.py", line 17, in <module>
    from . import (
  File "/opt/homebrew/anaconda3/lib/python3.12/site-packages/gpflow/conditionals/__init__.py", line 1, in <module>
    from . import conditionals, multioutput, sample_conditionals
  File "/opt/homebrew/anaconda3/lib/python3.12/site-packages/gpflow/conditionals/conditionals.py", line 17, in <module>
    import tensorflow as tf
  File "/opt/homebrew/anaconda3/lib/python3.12/site-packages/tensorflow/__init__.py", line 45, in <module>
    from tensorflow._api.v2 import __internal__
  File "/opt/homebrew/anaconda3/lib/python3.12/site-packages/tensorflow/_api/v2/__internal__/__init__.py", line 8, in <module>
    from tensorflow._api.v2.__internal__ import autograph
  File "/opt/homebrew/anaconda3/lib/python3.12/site-packages/tensorflow/_api/v2/__internal__/autograph/__init__.py", line 8, in <module>
    from tensorflow.python.autograph.core.ag_ctx import control_status_ctx # line: 34
  File "/opt/homebrew/anaconda3/lib/python3.12/site-packages/tensorflow/python/autograph/core/ag_ctx.py", line 21, in <module>
    from tensorflow.python.autograph.utils import ag_logging
  File "/opt/homebrew/anaconda3/lib/python3.12/site-packages/tensorflow/python/autograph/utils/__init__.py", line 17, in <module>
    from tensorflow.python.autograph.utils.context_managers import control_dependency_on_returns
  File "/opt/homebrew/anaconda3/lib/python3.12/site-packages/tensorflow/python/autograph/utils/context_managers.py", line 19, in <module>
    from tensorflow.python.framework import ops
  File "/opt/homebrew/anaconda3/lib/python3.12/site-packages/tensorflow/python/framework/ops.py", line 49, in <module>
    from tensorflow.python.client import pywrap_tf_session
  File "/opt/homebrew/anaconda3/lib/python3.12/site-packages/tensorflow/python/client/pywrap_tf_session.py", line 19, in <module>
    from tensorflow.python.client._pywrap_tf_session import *
Traceback (most recent call last):
  File "/opt/homebrew/anaconda3/lib/python3.12/site-packages/numpy/core/_multiarray_umath.py", line 46, in __getattr__
    raise ImportError(msg)
ImportError: 
A module that was compiled using NumPy 1.x cannot be run in
NumPy 2.3.4 as it may crash. To support both 1.x and 2.x
versions of NumPy, modules must be compiled with NumPy 2.0.
Some module may need to rebuild instead e.g. with 'pybind11>=2.12'.

If you are a user of the module, the easiest solution will be to
downgrade to 'numpy<2' or try to upgrade the affected module.
We expect that some modules will need time to support NumPy 2.



A module that was compiled using NumPy 1.x cannot be run in
NumPy 2.3.4 as it may crash. To support both 1.x and 2.x
versions of NumPy, modules must be compiled with NumPy 2.0.
Some module may need to rebuild instead e.g. with 'pybind11>=2.12'.

If you are a user of the module, the easiest solution will be to
downgrade to 'numpy<2' or try to upgrade the affected module.
We expect that some modules will need time to support NumPy 2.

Traceback (most recent call last):  File "<frozen runpy>", line 198, in _run_module_as_main
  File "<frozen runpy>", line 88, in _run_code
  File "/Users/asanche2/repos/SURGE/examples/m3dc1_workflow.py", line 14, in <module>
    import surge  # noqa: F401 - ensures package initialization registers adapters
  File "/Users/asanche2/repos/SURGE/surge/__init__.py", line 10, in <module>
    from .model import GPFLOW_AVAILABLE, MODEL_REGISTRY, PYTORCH_AVAILABLE
  File "/Users/asanche2/repos/SURGE/surge/model/__init__.py", line 7, in <module>
    from .gpflow import GPFLOW_AVAILABLE, GPflowGPRAdapter, GPflowMultiKernelAdapter
  File "/Users/asanche2/repos/SURGE/surge/model/gpflow.py", line 7, in <module>
    from .gpflow_impl import GPFLOW_AVAILABLE, GPflowGPRModel, GPflowMultiKernelGPR
  File "/Users/asanche2/repos/SURGE/surge/model/gpflow_impl.py", line 11, in <module>
    import gpflow as gpf
  File "/opt/homebrew/anaconda3/lib/python3.12/site-packages/gpflow/__init__.py", line 17, in <module>
    from . import (
  File "/opt/homebrew/anaconda3/lib/python3.12/site-packages/gpflow/conditionals/__init__.py", line 1, in <module>
    from . import conditionals, multioutput, sample_conditionals
  File "/opt/homebrew/anaconda3/lib/python3.12/site-packages/gpflow/conditionals/conditionals.py", line 17, in <module>
    import tensorflow as tf
  File "/opt/homebrew/anaconda3/lib/python3.12/site-packages/tensorflow/__init__.py", line 45, in <module>
    from tensorflow._api.v2 import __internal__
  File "/opt/homebrew/anaconda3/lib/python3.12/site-packages/tensorflow/_api/v2/__internal__/__init__.py", line 8, in <module>
    from tensorflow._api.v2.__internal__ import autograph
  File "/opt/homebrew/anaconda3/lib/python3.12/site-packages/tensorflow/_api/v2/__internal__/autograph/__init__.py", line 8, in <module>
    from tensorflow.python.autograph.core.ag_ctx import control_status_ctx # line: 34
  File "/opt/homebrew/anaconda3/lib/python3.12/site-packages/tensorflow/python/autograph/core/ag_ctx.py", line 21, in <module>
    from tensorflow.python.autograph.utils import ag_logging
  File "/opt/homebrew/anaconda3/lib/python3.12/site-packages/tensorflow/python/autograph/utils/__init__.py", line 17, in <module>
    from tensorflow.python.autograph.utils.context_managers import control_dependency_on_returns
  File "/opt/homebrew/anaconda3/lib/python3.12/site-packages/tensorflow/python/autograph/utils/context_managers.py", line 19, in <module>
    from tensorflow.python.framework import ops
  File "/opt/homebrew/anaconda3/lib/python3.12/site-packages/tensorflow/python/framework/ops.py", line 50, in <module>
    from tensorflow.python.eager import context
  File "/opt/homebrew/anaconda3/lib/python3.12/site-packages/tensorflow/python/eager/context.py", line 37, in <module>
    from tensorflow.python.eager import execute
  File "/opt/homebrew/anaconda3/lib/python3.12/site-packages/tensorflow/python/eager/execute.py", line 21, in <module>
    from tensorflow.python.framework import dtypes
  File "/opt/homebrew/anaconda3/lib/python3.12/site-packages/tensorflow/python/framework/dtypes.py", line 21, in <module>
    import ml_dtypes
  File "/opt/homebrew/anaconda3/lib/python3.12/site-packages/ml_dtypes/__init__.py", line 32, in <module>
    from ml_dtypes._finfo import finfo
  File "/opt/homebrew/anaconda3/lib/python3.12/site-packages/ml_dtypes/_finfo.py", line 19, in <module>
    from ml_dtypes._ml_dtypes_ext import bfloat16
Traceback (most recent call last):
  File "/opt/homebrew/anaconda3/lib/python3.12/site-packages/numpy/core/_multiarray_umath.py", line 46, in __getattr__
    raise ImportError(msg)
ImportError: 
A module that was compiled using NumPy 1.x cannot be run in
NumPy 2.3.4 as it may crash. To support both 1.x and 2.x
versions of NumPy, modules must be compiled with NumPy 2.0.
Some module may need to rebuild instead e.g. with 'pybind11>=2.12'.

If you are a user of the module, the easiest solution will be to
downgrade to 'numpy<2' or try to upgrade the affected module.
We expect that some modules will need time to support NumPy 2.


ImportError: numpy.core._multiarray_umath failed to import
Warning: GPflow not available or incompatible. Install with: pip install gpflow
SURGE workflow started.
Starting SURGE workflow for dataset data/datasets/NSTX-U/nstxu_equil_curated.pkl
[1/6] Loading dataset...
[2/6] Preparing splits and scalers...
[3/6] HPO for nstxu_rf_mag_shape (40 trials)...
[I 2026-04-01 01:29:00,866] A new study created in memory with name: nstxu_magnetics_shaping_hpo-sklearn.random_forest
  [HPO] Trial 0 started...
  [HPO] Trial 0 finished in 3.1s (val_r2=0.9255)
[I 2026-04-01 01:29:03,938] Trial 0 finished with value: 0.925524032717294 and parameters: {'n_estimators': 500, 'max_depth': 13, 'min_samples_leaf': 4}. Best is trial 0 with value: 0.925524032717294.
    Trial 1/40 (best val_r2=0.9255)
  [HPO] Trial 1 started...
  [HPO] Trial 1 finished in 3.3s (val_r2=0.9350)
[I 2026-04-01 01:29:07,272] Trial 1 finished with value: 0.9349927762954796 and parameters: {'n_estimators': 600, 'max_depth': 30, 'min_samples_leaf': 2}. Best is trial 1 with value: 0.9349927762954796.
    Trial 2/40 (best val_r2=0.9350)
  [HPO] Trial 2 started...
  [HPO] Trial 2 finished in 1.8s (val_r2=0.9309)
[I 2026-04-01 01:29:09,099] Trial 2 finished with value: 0.9309134743003902 and parameters: {'n_estimators': 450, 'max_depth': 25, 'min_samples_leaf': 3}. Best is trial 1 with value: 0.9349927762954796.
    Trial 3/40 (best val_r2=0.9350)
  [HPO] Trial 3 started...
  [HPO] Trial 3 finished in 2.3s (val_r2=0.8696)
[I 2026-04-01 01:29:11,403] Trial 3 finished with value: 0.8695814778315296 and parameters: {'n_estimators': 500, 'max_depth': 8, 'min_samples_leaf': 2}. Best is trial 1 with value: 0.9349927762954796.
    Trial 4/40 (best val_r2=0.9350)
  [HPO] Trial 4 started...
  [HPO] Trial 4 finished in 1.1s (val_r2=0.9353)
[I 2026-04-01 01:29:12,474] Trial 4 finished with value: 0.935261231596729 and parameters: {'n_estimators': 200, 'max_depth': 27, 'min_samples_leaf': 2}. Best is trial 4 with value: 0.935261231596729.
    Trial 5/40 (best val_r2=0.9353)
  [HPO] Trial 5 started...
  [HPO] Trial 5 finished in 3.0s (val_r2=0.9332)
[I 2026-04-01 01:29:15,547] Trial 5 finished with value: 0.9331552292814425 and parameters: {'n_estimators': 500, 'max_depth': 13, 'min_samples_leaf': 2}. Best is trial 4 with value: 0.935261231596729.
    Trial 6/40 (best val_r2=0.9353)
  [HPO] Trial 6 started...
  [HPO] Trial 6 finished in 1.6s (val_r2=0.9265)
[I 2026-04-01 01:29:17,108] Trial 6 finished with value: 0.9264659407564904 and parameters: {'n_estimators': 200, 'max_depth': 16, 'min_samples_leaf': 4}. Best is trial 4 with value: 0.935261231596729.
    Trial 7/40 (best val_r2=0.9353)
  [HPO] Trial 7 started...
  [HPO] Trial 7 finished in 1.3s (val_r2=0.9263)
[I 2026-04-01 01:29:18,420] Trial 7 finished with value: 0.9262587964091615 and parameters: {'n_estimators': 250, 'max_depth': 15, 'min_samples_leaf': 4}. Best is trial 4 with value: 0.935261231596729.
    Trial 8/40 (best val_r2=0.9353)
  [HPO] Trial 8 started...
  [HPO] Trial 8 finished in 0.8s (val_r2=0.8959)
[I 2026-04-01 01:29:19,183] Trial 8 finished with value: 0.895943842914793 and parameters: {'n_estimators': 200, 'max_depth': 9, 'min_samples_leaf': 3}. Best is trial 4 with value: 0.935261231596729.
    Trial 9/40 (best val_r2=0.9353)
  [HPO] Trial 9 started...
  [HPO] Trial 9 finished in 2.1s (val_r2=0.8706)
[I 2026-04-01 01:29:21,294] Trial 9 finished with value: 0.870647197959697 and parameters: {'n_estimators': 550, 'max_depth': 8, 'min_samples_leaf': 3}. Best is trial 4 with value: 0.935261231596729.
    Trial 10/40 (best val_r2=0.9353)
  [HPO] Trial 10 started...
  [HPO] Trial 10 finished in 1.3s (val_r2=0.9375)
[I 2026-04-01 01:29:22,630] Trial 10 finished with value: 0.9375062235205691 and parameters: {'n_estimators': 300, 'max_depth': 23, 'min_samples_leaf': 1}. Best is trial 10 with value: 0.9375062235205691.
    Trial 11/40 (best val_r2=0.9375)
  [HPO] Trial 11 started...
  [HPO] Trial 11 finished in 1.6s (val_r2=0.9375)
[I 2026-04-01 01:29:24,234] Trial 11 finished with value: 0.9375187979383648 and parameters: {'n_estimators': 350, 'max_depth': 23, 'min_samples_leaf': 1}. Best is trial 11 with value: 0.9375187979383648.
    Trial 12/40 (best val_r2=0.9375)
  [HPO] Trial 12 started...
  [HPO] Trial 12 finished in 1.7s (val_r2=0.9375)
[I 2026-04-01 01:29:25,987] Trial 12 finished with value: 0.9375090243278683 and parameters: {'n_estimators': 350, 'max_depth': 22, 'min_samples_leaf': 1}. Best is trial 11 with value: 0.9375187979383648.
    Trial 13/40 (best val_r2=0.9375)
  [HPO] Trial 13 started...
  [HPO] Trial 13 finished in 1.6s (val_r2=0.9375)
[I 2026-04-01 01:29:27,597] Trial 13 finished with value: 0.937525705042138 and parameters: {'n_estimators': 350, 'max_depth': 21, 'min_samples_leaf': 1}. Best is trial 13 with value: 0.937525705042138.
    Trial 14/40 (best val_r2=0.9375)
  [HPO] Trial 14 started...
  [HPO] Trial 14 finished in 1.7s (val_r2=0.9375)
[I 2026-04-01 01:29:29,367] Trial 14 finished with value: 0.937455241953741 and parameters: {'n_estimators': 400, 'max_depth': 20, 'min_samples_leaf': 1}. Best is trial 13 with value: 0.937525705042138.
    Trial 15/40 (best val_r2=0.9375)
  [HPO] Trial 15 started...
  [HPO] Trial 15 finished in 1.6s (val_r2=0.9375)
[I 2026-04-01 01:29:31,060] Trial 15 finished with value: 0.937497196027707 and parameters: {'n_estimators': 350, 'max_depth': 18, 'min_samples_leaf': 1}. Best is trial 13 with value: 0.937525705042138.
    Trial 16/40 (best val_r2=0.9375)
  [HPO] Trial 16 started...
  [HPO] Trial 16 finished in 1.5s (val_r2=0.9375)
[I 2026-04-01 01:29:32,637] Trial 16 finished with value: 0.9375299991652175 and parameters: {'n_estimators': 350, 'max_depth': 27, 'min_samples_leaf': 1}. Best is trial 16 with value: 0.9375299991652175.
    Trial 17/40 (best val_r2=0.9375)
  [HPO] Trial 17 started...
  [HPO] Trial 17 finished in 1.3s (val_r2=0.9375)
[I 2026-04-01 01:29:33,972] Trial 17 finished with value: 0.9375193456649442 and parameters: {'n_estimators': 300, 'max_depth': 30, 'min_samples_leaf': 1}. Best is trial 16 with value: 0.9375299991652175.
    Trial 18/40 (best val_r2=0.9375)
  [HPO] Trial 18 started...
  [HPO] Trial 18 finished in 1.9s (val_r2=0.9352)
[I 2026-04-01 01:29:35,881] Trial 18 finished with value: 0.9351693764606346 and parameters: {'n_estimators': 400, 'max_depth': 27, 'min_samples_leaf': 2}. Best is trial 16 with value: 0.9375299991652175.
    Trial 19/40 (best val_r2=0.9375)
  [HPO] Trial 19 started...
  [HPO] Trial 19 finished in 1.5s (val_r2=0.9374)
[I 2026-04-01 01:29:37,390] Trial 19 finished with value: 0.937430662728207 and parameters: {'n_estimators': 300, 'max_depth': 20, 'min_samples_leaf': 1}. Best is trial 16 with value: 0.9375299991652175.
    Trial 20/40 (best val_r2=0.9375)
  [HPO] Trial 20 started...
  [HPO] Trial 20 finished in 1.8s (val_r2=0.9351)
[I 2026-04-01 01:29:39,195] Trial 20 finished with value: 0.9350978341853138 and parameters: {'n_estimators': 450, 'max_depth': 27, 'min_samples_leaf': 2}. Best is trial 16 with value: 0.9375299991652175.
    Trial 21/40 (best val_r2=0.9375)
  [HPO] Trial 21 started...
  [HPO] Trial 21 finished in 1.3s (val_r2=0.9375)
[I 2026-04-01 01:29:40,562] Trial 21 finished with value: 0.9375193456649442 and parameters: {'n_estimators': 300, 'max_depth': 30, 'min_samples_leaf': 1}. Best is trial 16 with value: 0.9375299991652175.
    Trial 22/40 (best val_r2=0.9375)
  [HPO] Trial 22 started...
  [HPO] Trial 22 finished in 1.1s (val_r2=0.9375)
[I 2026-04-01 01:29:41,676] Trial 22 finished with value: 0.9374773659265565 and parameters: {'n_estimators': 250, 'max_depth': 29, 'min_samples_leaf': 1}. Best is trial 16 with value: 0.9375299991652175.
    Trial 23/40 (best val_r2=0.9375)
  [HPO] Trial 23 started...
  [HPO] Trial 23 finished in 1.5s (val_r2=0.9375)
[I 2026-04-01 01:29:43,223] Trial 23 finished with value: 0.9375299991652175 and parameters: {'n_estimators': 350, 'max_depth': 26, 'min_samples_leaf': 1}. Best is trial 16 with value: 0.9375299991652175.
    Trial 24/40 (best val_r2=0.9375)
  [HPO] Trial 24 started...
  [HPO] Trial 24 finished in 1.6s (val_r2=0.9375)
[I 2026-04-01 01:29:44,878] Trial 24 finished with value: 0.9374928875121186 and parameters: {'n_estimators': 400, 'max_depth': 25, 'min_samples_leaf': 1}. Best is trial 16 with value: 0.9375299991652175.
    Trial 25/40 (best val_r2=0.9375)
  [HPO] Trial 25 started...
  [HPO] Trial 25 finished in 2.2s (val_r2=0.9352)
[I 2026-04-01 01:29:47,105] Trial 25 finished with value: 0.9352384676011567 and parameters: {'n_estimators': 350, 'max_depth': 25, 'min_samples_leaf': 2}. Best is trial 16 with value: 0.9375299991652175.
    Trial 26/40 (best val_r2=0.9375)
  [HPO] Trial 26 started...
  [HPO] Trial 26 finished in 2.2s (val_r2=0.9375)
[I 2026-04-01 01:29:49,403] Trial 26 finished with value: 0.9374769992424312 and parameters: {'n_estimators': 400, 'max_depth': 22, 'min_samples_leaf': 1}. Best is trial 16 with value: 0.9375299991652175.
    Trial 27/40 (best val_r2=0.9375)
  [HPO] Trial 27 started...
  [HPO] Trial 27 finished in 1.1s (val_r2=0.9353)
[I 2026-04-01 01:29:50,527] Trial 27 finished with value: 0.9352601962533049 and parameters: {'n_estimators': 250, 'max_depth': 28, 'min_samples_leaf': 2}. Best is trial 16 with value: 0.9375299991652175.
    Trial 28/40 (best val_r2=0.9375)
  [HPO] Trial 28 started...
  [HPO] Trial 28 finished in 1.9s (val_r2=0.9374)
[I 2026-04-01 01:29:52,484] Trial 28 finished with value: 0.9374149796003314 and parameters: {'n_estimators': 450, 'max_depth': 18, 'min_samples_leaf': 1}. Best is trial 16 with value: 0.9375299991652175.
    Trial 29/40 (best val_r2=0.9375)
  [HPO] Trial 29 started...
  [HPO] Trial 29 finished in 1.4s (val_r2=0.9310)
[I 2026-04-01 01:29:53,909] Trial 29 finished with value: 0.9310316047217357 and parameters: {'n_estimators': 350, 'max_depth': 24, 'min_samples_leaf': 3}. Best is trial 16 with value: 0.9375299991652175.
    Trial 30/40 (best val_r2=0.9375)
  [HPO] Trial 30 started...
  [HPO] Trial 30 finished in 1.9s (val_r2=0.9375)
[I 2026-04-01 01:29:55,891] Trial 30 finished with value: 0.9374876452260485 and parameters: {'n_estimators': 400, 'max_depth': 21, 'min_samples_leaf': 1}. Best is trial 16 with value: 0.9375299991652175.
    Trial 31/40 (best val_r2=0.9375)
  [HPO] Trial 31 started...
  [HPO] Trial 31 finished in 1.5s (val_r2=0.9375)
[I 2026-04-01 01:29:57,421] Trial 31 finished with value: 0.9375193456649442 and parameters: {'n_estimators': 300, 'max_depth': 28, 'min_samples_leaf': 1}. Best is trial 16 with value: 0.9375299991652175.
    Trial 32/40 (best val_r2=0.9375)
  [HPO] Trial 32 started...
  [HPO] Trial 32 finished in 1.3s (val_r2=0.9375)
[I 2026-04-01 01:29:58,714] Trial 32 finished with value: 0.9375193456649442 and parameters: {'n_estimators': 300, 'max_depth': 30, 'min_samples_leaf': 1}. Best is trial 16 with value: 0.9375299991652175.
    Trial 33/40 (best val_r2=0.9375)
  [HPO] Trial 33 started...
  [HPO] Trial 33 finished in 1.4s (val_r2=0.9375)
[I 2026-04-01 01:30:00,186] Trial 33 finished with value: 0.9375299991652175 and parameters: {'n_estimators': 350, 'max_depth': 26, 'min_samples_leaf': 1}. Best is trial 16 with value: 0.9375299991652175.
    Trial 34/40 (best val_r2=0.9375)
  [HPO] Trial 34 started...
  [HPO] Trial 34 finished in 1.7s (val_r2=0.9351)
[I 2026-04-01 01:30:01,886] Trial 34 finished with value: 0.9350978341853138 and parameters: {'n_estimators': 450, 'max_depth': 26, 'min_samples_leaf': 2}. Best is trial 16 with value: 0.9375299991652175.
    Trial 35/40 (best val_r2=0.9375)
  [HPO] Trial 35 started...
  [HPO] Trial 35 finished in 1.5s (val_r2=0.9375)
[I 2026-04-01 01:30:03,395] Trial 35 finished with value: 0.9375299991652175 and parameters: {'n_estimators': 350, 'max_depth': 26, 'min_samples_leaf': 1}. Best is trial 16 with value: 0.9375299991652175.
    Trial 36/40 (best val_r2=0.9375)
  [HPO] Trial 36 started...
  [HPO] Trial 36 finished in 1.5s (val_r2=0.9352)
[I 2026-04-01 01:30:04,925] Trial 36 finished with value: 0.9351693764606345 and parameters: {'n_estimators': 400, 'max_depth': 26, 'min_samples_leaf': 2}. Best is trial 16 with value: 0.9375299991652175.
    Trial 37/40 (best val_r2=0.9375)
  [HPO] Trial 37 started...
  [HPO] Trial 37 finished in 1.3s (val_r2=0.9352)
[I 2026-04-01 01:30:06,219] Trial 37 finished with value: 0.9352384676011567 and parameters: {'n_estimators': 350, 'max_depth': 24, 'min_samples_leaf': 2}. Best is trial 16 with value: 0.9375299991652175.
    Trial 38/40 (best val_r2=0.9375)
  [HPO] Trial 38 started...
  [HPO] Trial 38 finished in 2.5s (val_r2=0.9375)
[I 2026-04-01 01:30:08,800] Trial 38 finished with value: 0.9375444547160718 and parameters: {'n_estimators': 600, 'max_depth': 26, 'min_samples_leaf': 1}. Best is trial 38 with value: 0.9375444547160718.
    Trial 39/40 (best val_r2=0.9375)
  [HPO] Trial 39 started...
  [HPO] Trial 39 finished in 2.2s (val_r2=0.9350)
[I 2026-04-01 01:30:11,030] Trial 39 finished with value: 0.9350380065617343 and parameters: {'n_estimators': 550, 'max_depth': 29, 'min_samples_leaf': 2}. Best is trial 38 with value: 0.9375444547160718.
    Trial 40/40 (best val_r2=0.9375)
[4/6] Training nstxu_rf_mag_shape...
[5/6] HPO for nstxu_mlp_mag_shape (40 trials)...
[I 2026-04-01 01:30:14,236] A new study created in memory with name: nstxu_magnetics_shaping_hpo-torch.mlp
  [HPO] Trial 0 started...
  [HPO] Trial 0 finished in 28.5s (val_r2=0.9703)
[I 2026-04-01 01:30:42,699] Trial 0 finished with value: 0.9702971989503928 and parameters: {'hidden_layers_index': 3, 'dropout': 0.1331394270122193, 'learning_rate': 0.0025143428814176426, 'batch_size': 64, 'epochs': 173}. Best is trial 0 with value: 0.9702971989503928.
    Trial 1/40 (best val_r2=0.9703)
  [HPO] Trial 1 started...
  [HPO] Trial 1 finished in 33.6s (val_r2=0.9621)
[I 2026-04-01 01:31:16,316] Trial 1 finished with value: 0.9620885187636279 and parameters: {'hidden_layers_index': 3, 'dropout': 0.27456467066567425, 'learning_rate': 0.0016853391697173288, 'batch_size': 64, 'epochs': 203}. Best is trial 0 with value: 0.9702971989503928.
    Trial 2/40 (best val_r2=0.9703)
  [HPO] Trial 2 started...
  [HPO] Trial 2 finished in 26.8s (val_r2=0.9738)
[I 2026-04-01 01:31:43,116] Trial 2 finished with value: 0.973810145670071 and parameters: {'hidden_layers_index': 1, 'dropout': 0.28794678305233395, 'learning_rate': 0.0002725285130250698, 'batch_size': 128, 'epochs': 214}. Best is trial 2 with value: 0.973810145670071.
    Trial 3/40 (best val_r2=0.9738)
  [HPO] Trial 3 started...
  [HPO] Trial 3 finished in 18.5s (val_r2=0.9738)
[I 2026-04-01 01:32:01,648] Trial 3 finished with value: 0.9738112256929349 and parameters: {'hidden_layers_index': 0, 'dropout': 0.16178697823312763, 'learning_rate': 0.00362466400156375, 'batch_size': 128, 'epochs': 205}. Best is trial 3 with value: 0.9738112256929349.
    Trial 4/40 (best val_r2=0.9738)
  [HPO] Trial 4 started...
  [HPO] Trial 4 finished in 20.5s (val_r2=0.9679)
[I 2026-04-01 01:32:22,155] Trial 4 finished with value: 0.9678853731240051 and parameters: {'hidden_layers_index': 0, 'dropout': 0.31130203294787817, 'learning_rate': 0.0024043227611998323, 'batch_size': 64, 'epochs': 158}. Best is trial 3 with value: 0.9738112256929349.
    Trial 5/40 (best val_r2=0.9738)
  [HPO] Trial 5 started...
  [HPO] Trial 5 finished in 50.3s (val_r2=0.9814)
[I 2026-04-01 01:33:12,496] Trial 5 finished with value: 0.9813914071090912 and parameters: {'hidden_layers_index': 3, 'dropout': 0.05000421174931979, 'learning_rate': 0.0002627903447762754, 'batch_size': 32, 'epochs': 184}. Best is trial 5 with value: 0.9813914071090912.
    Trial 6/40 (best val_r2=0.9814)
  [HPO] Trial 6 started...
  [HPO] Trial 6 finished in 25.2s (val_r2=0.9791)
[I 2026-04-01 01:33:37,681] Trial 6 finished with value: 0.97906509717625 and parameters: {'hidden_layers_index': 3, 'dropout': 0.1355664957692966, 'learning_rate': 0.0006001696958441087, 'batch_size': 128, 'epochs': 193}. Best is trial 5 with value: 0.9813914071090912.
    Trial 7/40 (best val_r2=0.9814)
  [HPO] Trial 7 started...
  [HPO] Trial 7 finished in 11.8s (val_r2=0.9719)
[I 2026-04-01 01:33:49,525] Trial 7 finished with value: 0.9719427839897224 and parameters: {'hidden_layers_index': 0, 'dropout': 0.2901297777155597, 'learning_rate': 0.0008540385215381805, 'batch_size': 128, 'epochs': 118}. Best is trial 5 with value: 0.9813914071090912.
    Trial 8/40 (best val_r2=0.9814)
  [HPO] Trial 8 started...
  [HPO] Trial 8 finished in 58.0s (val_r2=0.9669)
[I 2026-04-01 01:34:47,479] Trial 8 finished with value: 0.966866041812326 and parameters: {'hidden_layers_index': 3, 'dropout': 0.28803675546162477, 'learning_rate': 0.0002533817781390946, 'batch_size': 32, 'epochs': 201}. Best is trial 5 with value: 0.9813914071090912.
    Trial 9/40 (best val_r2=0.9814)
  [HPO] Trial 9 started...
  [HPO] Trial 9 finished in 22.7s (val_r2=0.9804)
[I 2026-04-01 01:35:10,233] Trial 9 finished with value: 0.980380515418137 and parameters: {'hidden_layers_index': 1, 'dropout': 0.1007048461662138, 'learning_rate': 0.0002110412997403752, 'batch_size': 128, 'epochs': 205}. Best is trial 5 with value: 0.9813914071090912.
    Trial 10/40 (best val_r2=0.9814)
  [HPO] Trial 10 started...
  [HPO] Trial 10 finished in 35.9s (val_r2=0.9622)
[I 2026-04-01 01:35:46,176] Trial 10 finished with value: 0.9622251143076961 and parameters: {'hidden_layers_index': 2, 'dropout': 0.3845343302352592, 'learning_rate': 0.00010575648042945282, 'batch_size': 32, 'epochs': 142}. Best is trial 5 with value: 0.9813914071090912.
    Trial 11/40 (best val_r2=0.9814)
  [HPO] Trial 11 started...
  [HPO] Trial 11 finished in 45.3s (val_r2=0.9829)
[I 2026-04-01 01:36:31,497] Trial 11 finished with value: 0.9829185199679228 and parameters: {'hidden_layers_index': 1, 'dropout': 0.05264972861629626, 'learning_rate': 0.000167380615653714, 'batch_size': 32, 'epochs': 175}. Best is trial 11 with value: 0.9829185199679228.
    Trial 12/40 (best val_r2=0.9829)
  [HPO] Trial 12 started...
  [HPO] Trial 12 finished in 52.6s (val_r2=0.9829)
[I 2026-04-01 01:37:24,068] Trial 12 finished with value: 0.9828779326069481 and parameters: {'hidden_layers_index': 2, 'dropout': 0.05213012575770634, 'learning_rate': 0.00010759738730604172, 'batch_size': 32, 'epochs': 179}. Best is trial 11 with value: 0.9829185199679228.
    Trial 13/40 (best val_r2=0.9829)
  [HPO] Trial 13 started...
  [HPO] Trial 13 finished in 40.9s (val_r2=0.9818)
[I 2026-04-01 01:38:05,005] Trial 13 finished with value: 0.9817713769547609 and parameters: {'hidden_layers_index': 2, 'dropout': 0.056473845286341286, 'learning_rate': 0.00010446792529596082, 'batch_size': 32, 'epochs': 157}. Best is trial 11 with value: 0.9829185199679228.
    Trial 14/40 (best val_r2=0.9829)
  [HPO] Trial 14 started...
  [HPO] Trial 14 finished in 35.3s (val_r2=0.9761)
[I 2026-04-01 01:38:40,274] Trial 14 finished with value: 0.9760634586568073 and parameters: {'hidden_layers_index': 1, 'dropout': 0.20375025753465836, 'learning_rate': 0.0001506470844426437, 'batch_size': 32, 'epochs': 138}. Best is trial 11 with value: 0.9829185199679228.
    Trial 15/40 (best val_r2=0.9829)
  [HPO] Trial 15 started...
  [HPO] Trial 15 finished in 49.7s (val_r2=0.9805)
[I 2026-04-01 01:39:30,017] Trial 15 finished with value: 0.9805125229494622 and parameters: {'hidden_layers_index': 2, 'dropout': 0.08758753679237838, 'learning_rate': 0.00047320867372062847, 'batch_size': 32, 'epochs': 175}. Best is trial 11 with value: 0.9829185199679228.
    Trial 16/40 (best val_r2=0.9829)
  [HPO] Trial 16 started...
  [HPO] Trial 16 finished in 42.9s (val_r2=0.9789)
[I 2026-04-01 01:40:12,888] Trial 16 finished with value: 0.9789281192877113 and parameters: {'hidden_layers_index': 1, 'dropout': 0.19439877160890826, 'learning_rate': 0.00038410317815646474, 'batch_size': 32, 'epochs': 173}. Best is trial 11 with value: 0.9829185199679228.
    Trial 17/40 (best val_r2=0.9829)
  [HPO] Trial 17 started...
  [HPO] Trial 17 finished in 41.6s (val_r2=0.9784)
[I 2026-04-01 01:40:54,541] Trial 17 finished with value: 0.9784225851861725 and parameters: {'hidden_layers_index': 2, 'dropout': 0.10913125175037776, 'learning_rate': 0.0009929862745938526, 'batch_size': 32, 'epochs': 146}. Best is trial 11 with value: 0.9829185199679228.
    Trial 18/40 (best val_r2=0.9829)
  [HPO] Trial 18 started...
  [HPO] Trial 18 finished in 46.9s (val_r2=0.9798)
[I 2026-04-01 01:41:41,416] Trial 18 finished with value: 0.979755274675981 and parameters: {'hidden_layers_index': 1, 'dropout': 0.16585791246157972, 'learning_rate': 0.00015129765348505562, 'batch_size': 32, 'epochs': 187}. Best is trial 11 with value: 0.9829185199679228.
    Trial 19/40 (best val_r2=0.9829)
  [HPO] Trial 19 started...
  [HPO] Trial 19 finished in 27.1s (val_r2=0.9739)
[I 2026-04-01 01:42:08,563] Trial 19 finished with value: 0.9738977007255905 and parameters: {'hidden_layers_index': 2, 'dropout': 0.23493040808290333, 'learning_rate': 0.00016665426739894358, 'batch_size': 32, 'epochs': 103}. Best is trial 11 with value: 0.9829185199679228.
    Trial 20/40 (best val_r2=0.9829)
  [HPO] Trial 20 started...
  [HPO] Trial 20 finished in 24.6s (val_r2=0.9798)
[I 2026-04-01 01:42:33,137] Trial 20 finished with value: 0.9797956178471453 and parameters: {'hidden_layers_index': 1, 'dropout': 0.07251304923711048, 'learning_rate': 0.0012113885863359482, 'batch_size': 64, 'epochs': 165}. Best is trial 11 with value: 0.9829185199679228.
    Trial 21/40 (best val_r2=0.9829)
  [HPO] Trial 21 started...
  [HPO] Trial 21 finished in 42.7s (val_r2=0.9823)
[I 2026-04-01 01:43:15,826] Trial 21 finished with value: 0.9822953272716295 and parameters: {'hidden_layers_index': 2, 'dropout': 0.05030867560380195, 'learning_rate': 0.00011393826695175927, 'batch_size': 32, 'epochs': 154}. Best is trial 11 with value: 0.9829185199679228.
    Trial 22/40 (best val_r2=0.9829)
  [HPO] Trial 22 started...
  [HPO] Trial 22 finished in 40.0s (val_r2=0.9783)
[I 2026-04-01 01:43:55,856] Trial 22 finished with value: 0.9783016189908135 and parameters: {'hidden_layers_index': 2, 'dropout': 0.11625236778954616, 'learning_rate': 0.00010634257373833826, 'batch_size': 32, 'epochs': 129}. Best is trial 11 with value: 0.9829185199679228.
    Trial 23/40 (best val_r2=0.9829)
  [HPO] Trial 23 started...
  [HPO] Trial 23 finished in 45.9s (val_r2=0.9822)
[I 2026-04-01 01:44:41,787] Trial 23 finished with value: 0.9821839144468318 and parameters: {'hidden_layers_index': 2, 'dropout': 0.07750548360162407, 'learning_rate': 0.00017113933334774194, 'batch_size': 32, 'epochs': 151}. Best is trial 11 with value: 0.9829185199679228.
    Trial 24/40 (best val_r2=0.9829)
  [HPO] Trial 24 started...
  [HPO] Trial 24 finished in 49.1s (val_r2=0.9818)
[I 2026-04-01 01:45:30,886] Trial 24 finished with value: 0.9817642515412389 and parameters: {'hidden_layers_index': 2, 'dropout': 0.050674328439003054, 'learning_rate': 0.0004089515985332568, 'batch_size': 32, 'epochs': 168}. Best is trial 11 with value: 0.9829185199679228.
    Trial 25/40 (best val_r2=0.9829)
  [HPO] Trial 25 started...
  [HPO] Trial 25 finished in 50.8s (val_r2=0.9805)
[I 2026-04-01 01:46:21,704] Trial 25 finished with value: 0.9805426621887887 and parameters: {'hidden_layers_index': 1, 'dropout': 0.14243224472774924, 'learning_rate': 0.00013341880974153953, 'batch_size': 32, 'epochs': 185}. Best is trial 11 with value: 0.9829185199679228.
    Trial 26/40 (best val_r2=0.9829)
  [HPO] Trial 26 started...
  [HPO] Trial 26 finished in 41.6s (val_r2=0.9813)
[I 2026-04-01 01:47:03,342] Trial 26 finished with value: 0.9813444101779023 and parameters: {'hidden_layers_index': 2, 'dropout': 0.09348322137167604, 'learning_rate': 0.00019869413301670946, 'batch_size': 32, 'epochs': 134}. Best is trial 11 with value: 0.9829185199679228.
    Trial 27/40 (best val_r2=0.9829)
  [HPO] Trial 27 started...
  [HPO] Trial 27 finished in 50.4s (val_r2=0.9812)
[I 2026-04-01 01:47:53,764] Trial 27 finished with value: 0.9812419197366773 and parameters: {'hidden_layers_index': 1, 'dropout': 0.07502116901815493, 'learning_rate': 0.0003070524667600982, 'batch_size': 32, 'epochs': 180}. Best is trial 11 with value: 0.9829185199679228.
    Trial 28/40 (best val_r2=0.9829)
  [HPO] Trial 28 started...
  [HPO] Trial 28 finished in 35.3s (val_r2=0.9607)
[I 2026-04-01 01:48:29,034] Trial 28 finished with value: 0.960691542337375 and parameters: {'hidden_layers_index': 0, 'dropout': 0.3798367341978086, 'learning_rate': 0.00012294408282695622, 'batch_size': 32, 'epochs': 153}. Best is trial 11 with value: 0.9829185199679228.
    Trial 29/40 (best val_r2=0.9829)
  [HPO] Trial 29 started...
  [HPO] Trial 29 finished in 31.3s (val_r2=0.9777)
[I 2026-04-01 01:49:00,296] Trial 29 finished with value: 0.9776536392834317 and parameters: {'hidden_layers_index': 3, 'dropout': 0.1202798702642983, 'learning_rate': 0.0001992012948059485, 'batch_size': 64, 'epochs': 165}. Best is trial 11 with value: 0.9829185199679228.
    Trial 30/40 (best val_r2=0.9829)
  [HPO] Trial 30 started...
  [HPO] Trial 30 finished in 32.1s (val_r2=0.9740)
[I 2026-04-01 01:49:32,416] Trial 30 finished with value: 0.973983584763298 and parameters: {'hidden_layers_index': 2, 'dropout': 0.34533453367083644, 'learning_rate': 0.0005736212311569925, 'batch_size': 64, 'epochs': 173}. Best is trial 11 with value: 0.9829185199679228.
    Trial 31/40 (best val_r2=0.9829)
  [HPO] Trial 31 started...
  [HPO] Trial 31 finished in 42.6s (val_r2=0.9821)
[I 2026-04-01 01:50:15,053] Trial 31 finished with value: 0.9821325756141109 and parameters: {'hidden_layers_index': 2, 'dropout': 0.07408345715872194, 'learning_rate': 0.00016506261174966826, 'batch_size': 32, 'epochs': 147}. Best is trial 11 with value: 0.9829185199679228.
    Trial 32/40 (best val_r2=0.9829)
  [HPO] Trial 32 started...
  [HPO] Trial 32 finished in 47.7s (val_r2=0.9826)
[I 2026-04-01 01:51:02,747] Trial 32 finished with value: 0.9825922917017548 and parameters: {'hidden_layers_index': 2, 'dropout': 0.07501165915911001, 'learning_rate': 0.0001973282214789437, 'batch_size': 32, 'epochs': 149}. Best is trial 11 with value: 0.9829185199679228.
    Trial 33/40 (best val_r2=0.9829)
  [HPO] Trial 33 started...
  [HPO] Trial 33 finished in 38.6s (val_r2=0.9811)
[I 2026-04-01 01:51:41,340] Trial 33 finished with value: 0.9810939536234038 and parameters: {'hidden_layers_index': 3, 'dropout': 0.05751664400547893, 'learning_rate': 0.0003261670166385077, 'batch_size': 32, 'epochs': 128}. Best is trial 11 with value: 0.9829185199679228.
    Trial 34/40 (best val_r2=0.9829)
  [HPO] Trial 34 started...
  [HPO] Trial 34 finished in 59.1s (val_r2=0.9825)
[I 2026-04-01 01:52:40,459] Trial 34 finished with value: 0.9824949145137429 and parameters: {'hidden_layers_index': 2, 'dropout': 0.09527255363951807, 'learning_rate': 0.00012828947959806338, 'batch_size': 32, 'epochs': 193}. Best is trial 11 with value: 0.9829185199679228.
    Trial 35/40 (best val_r2=0.9829)
  [HPO] Trial 35 started...
  [HPO] Trial 35 finished in 24.5s (val_r2=0.9776)
[I 2026-04-01 01:53:04,969] Trial 35 finished with value: 0.9775931029910332 and parameters: {'hidden_layers_index': 1, 'dropout': 0.15870895754137637, 'learning_rate': 0.0002120873270846106, 'batch_size': 128, 'epochs': 197}. Best is trial 11 with value: 0.9829185199679228.
    Trial 36/40 (best val_r2=0.9829)
  [HPO] Trial 36 started...
  [HPO] Trial 36 finished in 40.5s (val_r2=0.9765)
[I 2026-04-01 01:53:45,477] Trial 36 finished with value: 0.9765093018929003 and parameters: {'hidden_layers_index': 2, 'dropout': 0.2462396120055037, 'learning_rate': 0.00014332686603372793, 'batch_size': 64, 'epochs': 218}. Best is trial 11 with value: 0.9829185199679228.
    Trial 37/40 (best val_r2=0.9829)
  [HPO] Trial 37 started...
  [HPO] Trial 37 finished in 50.8s (val_r2=0.9820)
[I 2026-04-01 01:54:36,318] Trial 37 finished with value: 0.9820446779539035 and parameters: {'hidden_layers_index': 1, 'dropout': 0.10061123505206972, 'learning_rate': 0.00022945763342156698, 'batch_size': 32, 'epochs': 190}. Best is trial 11 with value: 0.9829185199679228.
    Trial 38/40 (best val_r2=0.9829)
  [HPO] Trial 38 started...
  [HPO] Trial 38 finished in 55.9s (val_r2=0.9776)
[I 2026-04-01 01:55:32,218] Trial 38 finished with value: 0.9775907034000237 and parameters: {'hidden_layers_index': 3, 'dropout': 0.13705229508922165, 'learning_rate': 0.00029348724248112875, 'batch_size': 32, 'epochs': 179}. Best is trial 11 with value: 0.9829185199679228.
    Trial 39/40 (best val_r2=0.9829)
  [HPO] Trial 39 started...
  [HPO] Trial 39 finished in 18.9s (val_r2=0.9787)
[I 2026-04-01 01:55:51,146] Trial 39 finished with value: 0.9786654048617399 and parameters: {'hidden_layers_index': 0, 'dropout': 0.18311185055471496, 'learning_rate': 0.0022565069590731526, 'batch_size': 128, 'epochs': 197}. Best is trial 11 with value: 0.9829185199679228.
    Trial 40/40 (best val_r2=0.9829)
[6/6] Training nstxu_mlp_mag_shape...
[6/6] Done. Artifacts in runs/nstxu_magnetics_shaping_hpo
Workflow nstxu_magnetics_shaping_hpo complete. Artifacts saved to runs/nstxu_magnetics_shaping_hpo
{
  "run_tag": "nstxu_magnetics_shaping_hpo",
  "dataset": {
    "file_path": "data/datasets/NSTX-U/nstxu_equil_curated.pkl",
    "n_rows": 10000,
    "n_inputs": 9,
    "n_outputs": 8,
    "output_groups": {},
    "profile_groups": {},
    "dataset_info": {
      "shape": [
        10000,
        33
      ],
      "n_input_variables": 21,
      "n_output_variables": 12,
      "n_output_groups": 0,
      "largest_output_group": 0,
      "largest_output_group_name": null
    }
  },
  "resources": {
    "scheduler": null,
    "n_cpus": 10,
    "n_gpus": 0,
    "gpu_type": null,
    "device": "cpu",
    "hostname": "asanche2-lt",
    "extras": {
      "platform": "macOS-26.3.1-arm64-arm-64bit"
    }
  },
  "splits": {
    "train": 6000,
    "val": 2000,
    "test": 2000
  },
  "scalers": {
    "input_scaler": "runs/nstxu_magnetics_shaping_hpo/scalers/inputs.joblib",
    "output_scaler": "runs/nstxu_magnetics_shaping_hpo/scalers/outputs.joblib"
  },
  "models": [
    {
      "name": "nstxu_rf_mag_shape",
      "backend": "sklearn",
      "params": {
        "n_estimators": 600,
        "max_depth": 26,
        "min_samples_leaf": 1
      },
      "metrics": {
        "train": {
          "r2": 0.9923107356518341,
          "rmse": 0.015326066766432387,
          "mae": 0.007941894851879438,
          "mape": 33554792609.227455
        },
        "val": {
          "r2": 0.9375444547160718,
          "rmse": 0.04190168153110882,
          "mae": 0.021752369606107796,
          "mape": 0.14711724276053548
        },
        "test": {
          "r2": 0.9379157768572675,
          "rmse": 0.04193557242712617,
          "mae": 0.021968096508604602,
          "mape": 0.1146679545095388
        }
      },
      "timings": {
        "train_seconds": 2.2851535419977154,
        "train_inference_seconds": 0.13038720800250303,
        "val_inference_seconds": 0.07350454200059175,
        "train_inference_per_sample": 2.1731201333750506e-05,
        "val_inference_per_sample": 3.6752271000295877e-05,
        "test_inference_seconds": 0.2126645830066991,
        "test_inference_per_sample": 0.00010633229150334955
      },
      "artifacts": {
        "model": "runs/nstxu_magnetics_shaping_hpo/models/nstxu_rf_mag_shape.joblib",
        "predictions": {
          "train": "runs/nstxu_magnetics_shaping_hpo/predictions/nstxu_rf_mag_shape_train.csv",
          "val": "runs/nstxu_magnetics_shaping_hpo/predictions/nstxu_rf_mag_shape_val.csv",
          "test": "runs/nstxu_magnetics_shaping_hpo/predictions/nstxu_rf_mag_shape_test.csv"
        },
        "hpo": "runs/nstxu_magnetics_shaping_hpo/hpo/nstxu_rf_mag_shape_hpo.json"
      }
    },
    {
      "name": "nstxu_mlp_mag_shape",
      "backend": "pytorch",
      "params": {
        "hidden_layers": [
          384,
          256,
          128
        ],
        "dropout": 0.05264972861629626,
        "epochs": 175,
        "batch_size": 32,
        "learning_rate": 0.000167380615653714,
        "mc_dropout_passes": 32,
        "activation": "relu"
      },
      "metrics": {
        "train": {
          "r2": 0.9873261281477894,
          "rmse": 0.023215385911576267,
          "mae": 0.009802719080228787,
          "mape": 426087414759.4904
        },
        "val": {
          "r2": 0.9828352003775613,
          "rmse": 0.026331047437604938,
          "mae": 0.010876207444773588,
          "mape": 0.12483308879606425
        },
        "test": {
          "r2": 0.9838893647812844,
          "rmse": 0.026433196006366955,
          "mae": 0.010578954294609921,
          "mape": 0.05520562079101813
        }
      },
      "timings": {
        "train_seconds": 49.89787529100431,
        "train_inference_seconds": 0.03549833300348837,
        "val_inference_seconds": 0.009621042001526803,
        "train_inference_per_sample": 5.916388833914728e-06,
        "val_inference_per_sample": 4.810521000763401e-06,
        "test_inference_seconds": 0.006747750005160924,
        "test_inference_per_sample": 3.373875002580462e-06
      },
      "artifacts": {
        "model": "runs/nstxu_magnetics_shaping_hpo/models/nstxu_mlp_mag_shape.joblib",
        "predictions": {
          "train": "runs/nstxu_magnetics_shaping_hpo/predictions/nstxu_mlp_mag_shape_train.csv",
          "val": "runs/nstxu_magnetics_shaping_hpo/predictions/nstxu_mlp_mag_shape_val.csv",
          "test": "runs/nstxu_magnetics_shaping_hpo/predictions/nstxu_mlp_mag_shape_test.csv",
          "val_uq": "runs/nstxu_magnetics_shaping_hpo/predictions/nstxu_mlp_mag_shape_val_uq.json"
        },
        "hpo": "runs/nstxu_magnetics_shaping_hpo/hpo/nstxu_mlp_mag_shape_hpo.json"
      }
    }
  ],
  "registry": "Registered Models:",
  "artifacts": {
    "root": "runs/nstxu_magnetics_shaping_hpo",
    "metrics": "runs/nstxu_magnetics_shaping_hpo/metrics.json",
    "summary": "runs/nstxu_magnetics_shaping_hpo/workflow_summary.json",
    "spec": "runs/nstxu_magnetics_shaping_hpo/spec.yaml",
    "train_data_ranges": "runs/nstxu_magnetics_shaping_hpo/train_data_ranges.json"
  }
}
>>> 2026-04-01T01:56:43-04:00 OK nstxu_magnetics_shaping_hpo

>>> 2026-04-01T01:56:43-04:00 START nstxu_magnetics_gamma_hpo

A module that was compiled using NumPy 1.x cannot be run in
NumPy 2.3.4 as it may crash. To support both 1.x and 2.x
versions of NumPy, modules must be compiled with NumPy 2.0.
Some module may need to rebuild instead e.g. with 'pybind11>=2.12'.

If you are a user of the module, the easiest solution will be to
downgrade to 'numpy<2' or try to upgrade the affected module.
We expect that some modules will need time to support NumPy 2.

Traceback (most recent call last):  File "<frozen runpy>", line 198, in _run_module_as_main
  File "<frozen runpy>", line 88, in _run_code
  File "/Users/asanche2/repos/SURGE/examples/m3dc1_workflow.py", line 14, in <module>
    import surge  # noqa: F401 - ensures package initialization registers adapters
  File "/Users/asanche2/repos/SURGE/surge/__init__.py", line 10, in <module>
    from .model import GPFLOW_AVAILABLE, MODEL_REGISTRY, PYTORCH_AVAILABLE
  File "/Users/asanche2/repos/SURGE/surge/model/__init__.py", line 7, in <module>
    from .gpflow import GPFLOW_AVAILABLE, GPflowGPRAdapter, GPflowMultiKernelAdapter
  File "/Users/asanche2/repos/SURGE/surge/model/gpflow.py", line 7, in <module>
    from .gpflow_impl import GPFLOW_AVAILABLE, GPflowGPRModel, GPflowMultiKernelGPR
  File "/Users/asanche2/repos/SURGE/surge/model/gpflow_impl.py", line 11, in <module>
    import gpflow as gpf
  File "/opt/homebrew/anaconda3/lib/python3.12/site-packages/gpflow/__init__.py", line 17, in <module>
    from . import (
  File "/opt/homebrew/anaconda3/lib/python3.12/site-packages/gpflow/conditionals/__init__.py", line 1, in <module>
    from . import conditionals, multioutput, sample_conditionals
  File "/opt/homebrew/anaconda3/lib/python3.12/site-packages/gpflow/conditionals/conditionals.py", line 17, in <module>
    import tensorflow as tf
  File "/opt/homebrew/anaconda3/lib/python3.12/site-packages/tensorflow/__init__.py", line 45, in <module>
    from tensorflow._api.v2 import __internal__
  File "/opt/homebrew/anaconda3/lib/python3.12/site-packages/tensorflow/_api/v2/__internal__/__init__.py", line 8, in <module>
    from tensorflow._api.v2.__internal__ import autograph
  File "/opt/homebrew/anaconda3/lib/python3.12/site-packages/tensorflow/_api/v2/__internal__/autograph/__init__.py", line 8, in <module>
    from tensorflow.python.autograph.core.ag_ctx import control_status_ctx # line: 34
  File "/opt/homebrew/anaconda3/lib/python3.12/site-packages/tensorflow/python/autograph/core/ag_ctx.py", line 21, in <module>
    from tensorflow.python.autograph.utils import ag_logging
  File "/opt/homebrew/anaconda3/lib/python3.12/site-packages/tensorflow/python/autograph/utils/__init__.py", line 17, in <module>
    from tensorflow.python.autograph.utils.context_managers import control_dependency_on_returns
  File "/opt/homebrew/anaconda3/lib/python3.12/site-packages/tensorflow/python/autograph/utils/context_managers.py", line 19, in <module>
    from tensorflow.python.framework import ops
  File "/opt/homebrew/anaconda3/lib/python3.12/site-packages/tensorflow/python/framework/ops.py", line 46, in <module>
    from tensorflow.python import pywrap_tfe
  File "/opt/homebrew/anaconda3/lib/python3.12/site-packages/tensorflow/python/pywrap_tfe.py", line 25, in <module>
    from tensorflow.python._pywrap_tfe import *
Traceback (most recent call last):
  File "/opt/homebrew/anaconda3/lib/python3.12/site-packages/numpy/core/_multiarray_umath.py", line 46, in __getattr__
    raise ImportError(msg)
ImportError: 
A module that was compiled using NumPy 1.x cannot be run in
NumPy 2.3.4 as it may crash. To support both 1.x and 2.x
versions of NumPy, modules must be compiled with NumPy 2.0.
Some module may need to rebuild instead e.g. with 'pybind11>=2.12'.

If you are a user of the module, the easiest solution will be to
downgrade to 'numpy<2' or try to upgrade the affected module.
We expect that some modules will need time to support NumPy 2.


AttributeError: 'MessageFactory' object has no attribute 'GetPrototype'

A module that was compiled using NumPy 1.x cannot be run in
NumPy 2.3.4 as it may crash. To support both 1.x and 2.x
versions of NumPy, modules must be compiled with NumPy 2.0.
Some module may need to rebuild instead e.g. with 'pybind11>=2.12'.

If you are a user of the module, the easiest solution will be to
downgrade to 'numpy<2' or try to upgrade the affected module.
We expect that some modules will need time to support NumPy 2.

Traceback (most recent call last):  File "<frozen runpy>", line 198, in _run_module_as_main
  File "<frozen runpy>", line 88, in _run_code
  File "/Users/asanche2/repos/SURGE/examples/m3dc1_workflow.py", line 14, in <module>
    import surge  # noqa: F401 - ensures package initialization registers adapters
  File "/Users/asanche2/repos/SURGE/surge/__init__.py", line 10, in <module>
    from .model import GPFLOW_AVAILABLE, MODEL_REGISTRY, PYTORCH_AVAILABLE
  File "/Users/asanche2/repos/SURGE/surge/model/__init__.py", line 7, in <module>
    from .gpflow import GPFLOW_AVAILABLE, GPflowGPRAdapter, GPflowMultiKernelAdapter
  File "/Users/asanche2/repos/SURGE/surge/model/gpflow.py", line 7, in <module>
    from .gpflow_impl import GPFLOW_AVAILABLE, GPflowGPRModel, GPflowMultiKernelGPR
  File "/Users/asanche2/repos/SURGE/surge/model/gpflow_impl.py", line 11, in <module>
    import gpflow as gpf
  File "/opt/homebrew/anaconda3/lib/python3.12/site-packages/gpflow/__init__.py", line 17, in <module>
    from . import (
  File "/opt/homebrew/anaconda3/lib/python3.12/site-packages/gpflow/conditionals/__init__.py", line 1, in <module>
    from . import conditionals, multioutput, sample_conditionals
  File "/opt/homebrew/anaconda3/lib/python3.12/site-packages/gpflow/conditionals/conditionals.py", line 17, in <module>
    import tensorflow as tf
  File "/opt/homebrew/anaconda3/lib/python3.12/site-packages/tensorflow/__init__.py", line 45, in <module>
    from tensorflow._api.v2 import __internal__
  File "/opt/homebrew/anaconda3/lib/python3.12/site-packages/tensorflow/_api/v2/__internal__/__init__.py", line 8, in <module>
    from tensorflow._api.v2.__internal__ import autograph
  File "/opt/homebrew/anaconda3/lib/python3.12/site-packages/tensorflow/_api/v2/__internal__/autograph/__init__.py", line 8, in <module>
    from tensorflow.python.autograph.core.ag_ctx import control_status_ctx # line: 34
  File "/opt/homebrew/anaconda3/lib/python3.12/site-packages/tensorflow/python/autograph/core/ag_ctx.py", line 21, in <module>
    from tensorflow.python.autograph.utils import ag_logging
  File "/opt/homebrew/anaconda3/lib/python3.12/site-packages/tensorflow/python/autograph/utils/__init__.py", line 17, in <module>
    from tensorflow.python.autograph.utils.context_managers import control_dependency_on_returns
  File "/opt/homebrew/anaconda3/lib/python3.12/site-packages/tensorflow/python/autograph/utils/context_managers.py", line 19, in <module>
    from tensorflow.python.framework import ops
  File "/opt/homebrew/anaconda3/lib/python3.12/site-packages/tensorflow/python/framework/ops.py", line 49, in <module>
    from tensorflow.python.client import pywrap_tf_session
  File "/opt/homebrew/anaconda3/lib/python3.12/site-packages/tensorflow/python/client/pywrap_tf_session.py", line 19, in <module>
    from tensorflow.python.client._pywrap_tf_session import *
Traceback (most recent call last):
  File "/opt/homebrew/anaconda3/lib/python3.12/site-packages/numpy/core/_multiarray_umath.py", line 46, in __getattr__
    raise ImportError(msg)
ImportError: 
A module that was compiled using NumPy 1.x cannot be run in
NumPy 2.3.4 as it may crash. To support both 1.x and 2.x
versions of NumPy, modules must be compiled with NumPy 2.0.
Some module may need to rebuild instead e.g. with 'pybind11>=2.12'.

If you are a user of the module, the easiest solution will be to
downgrade to 'numpy<2' or try to upgrade the affected module.
We expect that some modules will need time to support NumPy 2.



A module that was compiled using NumPy 1.x cannot be run in
NumPy 2.3.4 as it may crash. To support both 1.x and 2.x
versions of NumPy, modules must be compiled with NumPy 2.0.
Some module may need to rebuild instead e.g. with 'pybind11>=2.12'.

If you are a user of the module, the easiest solution will be to
downgrade to 'numpy<2' or try to upgrade the affected module.
We expect that some modules will need time to support NumPy 2.

Traceback (most recent call last):  File "<frozen runpy>", line 198, in _run_module_as_main
  File "<frozen runpy>", line 88, in _run_code
  File "/Users/asanche2/repos/SURGE/examples/m3dc1_workflow.py", line 14, in <module>
    import surge  # noqa: F401 - ensures package initialization registers adapters
  File "/Users/asanche2/repos/SURGE/surge/__init__.py", line 10, in <module>
    from .model import GPFLOW_AVAILABLE, MODEL_REGISTRY, PYTORCH_AVAILABLE
  File "/Users/asanche2/repos/SURGE/surge/model/__init__.py", line 7, in <module>
    from .gpflow import GPFLOW_AVAILABLE, GPflowGPRAdapter, GPflowMultiKernelAdapter
  File "/Users/asanche2/repos/SURGE/surge/model/gpflow.py", line 7, in <module>
    from .gpflow_impl import GPFLOW_AVAILABLE, GPflowGPRModel, GPflowMultiKernelGPR
  File "/Users/asanche2/repos/SURGE/surge/model/gpflow_impl.py", line 11, in <module>
    import gpflow as gpf
  File "/opt/homebrew/anaconda3/lib/python3.12/site-packages/gpflow/__init__.py", line 17, in <module>
    from . import (
  File "/opt/homebrew/anaconda3/lib/python3.12/site-packages/gpflow/conditionals/__init__.py", line 1, in <module>
    from . import conditionals, multioutput, sample_conditionals
  File "/opt/homebrew/anaconda3/lib/python3.12/site-packages/gpflow/conditionals/conditionals.py", line 17, in <module>
    import tensorflow as tf
  File "/opt/homebrew/anaconda3/lib/python3.12/site-packages/tensorflow/__init__.py", line 45, in <module>
    from tensorflow._api.v2 import __internal__
  File "/opt/homebrew/anaconda3/lib/python3.12/site-packages/tensorflow/_api/v2/__internal__/__init__.py", line 8, in <module>
    from tensorflow._api.v2.__internal__ import autograph
  File "/opt/homebrew/anaconda3/lib/python3.12/site-packages/tensorflow/_api/v2/__internal__/autograph/__init__.py", line 8, in <module>
    from tensorflow.python.autograph.core.ag_ctx import control_status_ctx # line: 34
  File "/opt/homebrew/anaconda3/lib/python3.12/site-packages/tensorflow/python/autograph/core/ag_ctx.py", line 21, in <module>
    from tensorflow.python.autograph.utils import ag_logging
  File "/opt/homebrew/anaconda3/lib/python3.12/site-packages/tensorflow/python/autograph/utils/__init__.py", line 17, in <module>
    from tensorflow.python.autograph.utils.context_managers import control_dependency_on_returns
  File "/opt/homebrew/anaconda3/lib/python3.12/site-packages/tensorflow/python/autograph/utils/context_managers.py", line 19, in <module>
    from tensorflow.python.framework import ops
  File "/opt/homebrew/anaconda3/lib/python3.12/site-packages/tensorflow/python/framework/ops.py", line 50, in <module>
    from tensorflow.python.eager import context
  File "/opt/homebrew/anaconda3/lib/python3.12/site-packages/tensorflow/python/eager/context.py", line 37, in <module>
    from tensorflow.python.eager import execute
  File "/opt/homebrew/anaconda3/lib/python3.12/site-packages/tensorflow/python/eager/execute.py", line 21, in <module>
    from tensorflow.python.framework import dtypes
  File "/opt/homebrew/anaconda3/lib/python3.12/site-packages/tensorflow/python/framework/dtypes.py", line 21, in <module>
    import ml_dtypes
  File "/opt/homebrew/anaconda3/lib/python3.12/site-packages/ml_dtypes/__init__.py", line 32, in <module>
    from ml_dtypes._finfo import finfo
  File "/opt/homebrew/anaconda3/lib/python3.12/site-packages/ml_dtypes/_finfo.py", line 19, in <module>
    from ml_dtypes._ml_dtypes_ext import bfloat16
Traceback (most recent call last):
  File "/opt/homebrew/anaconda3/lib/python3.12/site-packages/numpy/core/_multiarray_umath.py", line 46, in __getattr__
    raise ImportError(msg)
ImportError: 
A module that was compiled using NumPy 1.x cannot be run in
NumPy 2.3.4 as it may crash. To support both 1.x and 2.x
versions of NumPy, modules must be compiled with NumPy 2.0.
Some module may need to rebuild instead e.g. with 'pybind11>=2.12'.

If you are a user of the module, the easiest solution will be to
downgrade to 'numpy<2' or try to upgrade the affected module.
We expect that some modules will need time to support NumPy 2.


ImportError: numpy.core._multiarray_umath failed to import
Warning: GPflow not available or incompatible. Install with: pip install gpflow
SURGE workflow started.
Starting SURGE workflow for dataset data/datasets/NSTX-U/nstxu_equil_curated.pkl
[1/6] Loading dataset...
[2/6] Preparing splits and scalers...
[3/6] HPO for nstxu_rf_mag_gamma (40 trials)...
[I 2026-04-01 01:56:48,692] A new study created in memory with name: nstxu_magnetics_gamma_hpo-sklearn.random_forest
  [HPO] Trial 0 started...
  [HPO] Trial 0 finished in 2.1s (val_r2=0.6953)
[I 2026-04-01 01:56:50,751] Trial 0 finished with value: 0.6952541315995425 and parameters: {'n_estimators': 500, 'max_depth': 12, 'min_samples_leaf': 4}. Best is trial 0 with value: 0.6952541315995425.
    Trial 1/40 (best val_r2=0.6953)
  [HPO] Trial 1 started...
  [HPO] Trial 1 finished in 2.6s (val_r2=0.7325)
[I 2026-04-01 01:56:53,350] Trial 1 finished with value: 0.7325481730248908 and parameters: {'n_estimators': 600, 'max_depth': 28, 'min_samples_leaf': 2}. Best is trial 1 with value: 0.7325481730248908.
    Trial 2/40 (best val_r2=0.7325)
  [HPO] Trial 2 started...
  [HPO] Trial 2 finished in 1.7s (val_r2=0.7259)
[I 2026-04-01 01:56:55,099] Trial 2 finished with value: 0.7258741762359835 and parameters: {'n_estimators': 450, 'max_depth': 24, 'min_samples_leaf': 3}. Best is trial 1 with value: 0.7325481730248908.
    Trial 3/40 (best val_r2=0.7325)
  [HPO] Trial 3 started...
  [HPO] Trial 3 finished in 1.4s (val_r2=0.6548)
[I 2026-04-01 01:56:56,464] Trial 3 finished with value: 0.6547872764407217 and parameters: {'n_estimators': 500, 'max_depth': 8, 'min_samples_leaf': 2}. Best is trial 1 with value: 0.7325481730248908.
    Trial 4/40 (best val_r2=0.7325)
  [HPO] Trial 4 started...
  [HPO] Trial 4 finished in 1.0s (val_r2=0.7293)
[I 2026-04-01 01:56:57,504] Trial 4 finished with value: 0.7293056775033587 and parameters: {'n_estimators': 200, 'max_depth': 25, 'min_samples_leaf': 2}. Best is trial 1 with value: 0.7325481730248908.
    Trial 5/40 (best val_r2=0.7325)
  [HPO] Trial 5 started...
  [HPO] Trial 5 finished in 1.7s (val_r2=0.7104)
[I 2026-04-01 01:56:59,212] Trial 5 finished with value: 0.7104183688560411 and parameters: {'n_estimators': 500, 'max_depth': 13, 'min_samples_leaf': 2}. Best is trial 1 with value: 0.7325481730248908.
    Trial 6/40 (best val_r2=0.7325)
  [HPO] Trial 6 started...
  [HPO] Trial 6 finished in 0.7s (val_r2=0.7103)
[I 2026-04-01 01:56:59,958] Trial 6 finished with value: 0.7102520765567435 and parameters: {'n_estimators': 200, 'max_depth': 15, 'min_samples_leaf': 4}. Best is trial 1 with value: 0.7325481730248908.
    Trial 7/40 (best val_r2=0.7325)
  [HPO] Trial 7 started...
  [HPO] Trial 7 finished in 0.9s (val_r2=0.7069)
[I 2026-04-01 01:57:00,837] Trial 7 finished with value: 0.7069083913918024 and parameters: {'n_estimators': 250, 'max_depth': 14, 'min_samples_leaf': 4}. Best is trial 1 with value: 0.7325481730248908.
    Trial 8/40 (best val_r2=0.7325)
  [HPO] Trial 8 started...
  [HPO] Trial 8 finished in 0.6s (val_r2=0.6650)
[I 2026-04-01 01:57:01,408] Trial 8 finished with value: 0.6649999336449532 and parameters: {'n_estimators': 200, 'max_depth': 9, 'min_samples_leaf': 3}. Best is trial 1 with value: 0.7325481730248908.
    Trial 9/40 (best val_r2=0.7325)
  [HPO] Trial 9 started...
  [HPO] Trial 9 finished in 1.4s (val_r2=0.6534)
[I 2026-04-01 01:57:02,792] Trial 9 finished with value: 0.6533921567984026 and parameters: {'n_estimators': 550, 'max_depth': 8, 'min_samples_leaf': 3}. Best is trial 1 with value: 0.7325481730248908.
    Trial 10/40 (best val_r2=0.7325)
  [HPO] Trial 10 started...
  [HPO] Trial 10 finished in 2.8s (val_r2=0.7365)
[I 2026-04-01 01:57:05,632] Trial 10 finished with value: 0.7364954202530631 and parameters: {'n_estimators': 600, 'max_depth': 28, 'min_samples_leaf': 1}. Best is trial 10 with value: 0.7364954202530631.
    Trial 11/40 (best val_r2=0.7365)
  [HPO] Trial 11 started...
  [HPO] Trial 11 finished in 2.7s (val_r2=0.7365)
[I 2026-04-01 01:57:08,355] Trial 11 finished with value: 0.7364954202530631 and parameters: {'n_estimators': 600, 'max_depth': 28, 'min_samples_leaf': 1}. Best is trial 10 with value: 0.7364954202530631.
    Trial 12/40 (best val_r2=0.7365)
  [HPO] Trial 12 started...
  [HPO] Trial 12 finished in 3.1s (val_r2=0.7360)
[I 2026-04-01 01:57:11,498] Trial 12 finished with value: 0.7359577505568432 and parameters: {'n_estimators': 600, 'max_depth': 21, 'min_samples_leaf': 1}. Best is trial 10 with value: 0.7364954202530631.
    Trial 13/40 (best val_r2=0.7365)
  [HPO] Trial 13 started...
  [HPO] Trial 13 finished in 1.8s (val_r2=0.7345)
[I 2026-04-01 01:57:13,345] Trial 13 finished with value: 0.7345474413890654 and parameters: {'n_estimators': 350, 'max_depth': 28, 'min_samples_leaf': 1}. Best is trial 10 with value: 0.7364954202530631.
    Trial 14/40 (best val_r2=0.7365)
  [HPO] Trial 14 started...
  [HPO] Trial 14 finished in 1.7s (val_r2=0.7342)
[I 2026-04-01 01:57:15,116] Trial 14 finished with value: 0.7342476387631661 and parameters: {'n_estimators': 400, 'max_depth': 20, 'min_samples_leaf': 1}. Best is trial 10 with value: 0.7364954202530631.
    Trial 15/40 (best val_r2=0.7365)
  [HPO] Trial 15 started...
  [HPO] Trial 15 finished in 2.8s (val_r2=0.7364)
[I 2026-04-01 01:57:17,999] Trial 15 finished with value: 0.7363694598243626 and parameters: {'n_estimators': 600, 'max_depth': 24, 'min_samples_leaf': 1}. Best is trial 10 with value: 0.7364954202530631.
    Trial 16/40 (best val_r2=0.7365)
  [HPO] Trial 16 started...
  [HPO] Trial 16 finished in 1.5s (val_r2=0.7355)
[I 2026-04-01 01:57:19,479] Trial 16 finished with value: 0.7354972044610644 and parameters: {'n_estimators': 350, 'max_depth': 26, 'min_samples_leaf': 1}. Best is trial 10 with value: 0.7364954202530631.
    Trial 17/40 (best val_r2=0.7365)
  [HPO] Trial 17 started...
  [HPO] Trial 17 finished in 2.4s (val_r2=0.7358)
[I 2026-04-01 01:57:21,956] Trial 17 finished with value: 0.7357962769387277 and parameters: {'n_estimators': 550, 'max_depth': 21, 'min_samples_leaf': 1}. Best is trial 10 with value: 0.7364954202530631.
    Trial 18/40 (best val_r2=0.7365)
  [HPO] Trial 18 started...
  [HPO] Trial 18 finished in 2.2s (val_r2=0.7268)
[I 2026-04-01 01:57:24,225] Trial 18 finished with value: 0.7267866036146242 and parameters: {'n_estimators': 550, 'max_depth': 17, 'min_samples_leaf': 2}. Best is trial 10 with value: 0.7364954202530631.
    Trial 19/40 (best val_r2=0.7365)
  [HPO] Trial 19 started...
  [HPO] Trial 19 finished in 2.2s (val_r2=0.7351)
[I 2026-04-01 01:57:26,451] Trial 19 finished with value: 0.735088273606681 and parameters: {'n_estimators': 450, 'max_depth': 23, 'min_samples_leaf': 1}. Best is trial 10 with value: 0.7364954202530631.
    Trial 20/40 (best val_r2=0.7365)
  [HPO] Trial 20 started...
  [HPO] Trial 20 finished in 1.4s (val_r2=0.7307)
[I 2026-04-01 01:57:27,880] Trial 20 finished with value: 0.7307178068859435 and parameters: {'n_estimators': 300, 'max_depth': 27, 'min_samples_leaf': 2}. Best is trial 10 with value: 0.7364954202530631.
    Trial 21/40 (best val_r2=0.7365)
  [HPO] Trial 21 started...
  [HPO] Trial 21 finished in 2.6s (val_r2=0.7355)
[I 2026-04-01 01:57:30,539] Trial 21 finished with value: 0.7354936968453212 and parameters: {'n_estimators': 600, 'max_depth': 23, 'min_samples_leaf': 1}. Best is trial 10 with value: 0.7364954202530631.
    Trial 22/40 (best val_r2=0.7365)
  [HPO] Trial 22 started...
  [HPO] Trial 22 finished in 3.0s (val_r2=0.7367)
[I 2026-04-01 01:57:33,562] Trial 22 finished with value: 0.7367361932176117 and parameters: {'n_estimators': 600, 'max_depth': 26, 'min_samples_leaf': 1}. Best is trial 22 with value: 0.7367361932176117.
    Trial 23/40 (best val_r2=0.7367)
  [HPO] Trial 23 started...
  [HPO] Trial 23 finished in 2.4s (val_r2=0.7366)
[I 2026-04-01 01:57:35,997] Trial 23 finished with value: 0.7366396227569727 and parameters: {'n_estimators': 550, 'max_depth': 26, 'min_samples_leaf': 1}. Best is trial 22 with value: 0.7367361932176117.
    Trial 24/40 (best val_r2=0.7367)
  [HPO] Trial 24 started...
  [HPO] Trial 24 finished in 2.4s (val_r2=0.7366)
[I 2026-04-01 01:57:38,457] Trial 24 finished with value: 0.7366396227569727 and parameters: {'n_estimators': 550, 'max_depth': 26, 'min_samples_leaf': 1}. Best is trial 22 with value: 0.7367361932176117.
    Trial 25/40 (best val_r2=0.7367)
  [HPO] Trial 25 started...
  [HPO] Trial 25 finished in 2.2s (val_r2=0.7300)
[I 2026-04-01 01:57:40,697] Trial 25 finished with value: 0.730014646123297 and parameters: {'n_estimators': 550, 'max_depth': 19, 'min_samples_leaf': 2}. Best is trial 22 with value: 0.7367361932176117.
    Trial 26/40 (best val_r2=0.7367)
  [HPO] Trial 26 started...
  [HPO] Trial 26 finished in 2.2s (val_r2=0.7366)
[I 2026-04-01 01:57:42,932] Trial 26 finished with value: 0.7366171538406285 and parameters: {'n_estimators': 450, 'max_depth': 26, 'min_samples_leaf': 1}. Best is trial 22 with value: 0.7367361932176117.
    Trial 27/40 (best val_r2=0.7367)
  [HPO] Trial 27 started...
  [HPO] Trial 27 finished in 2.0s (val_r2=0.7317)
[I 2026-04-01 01:57:44,987] Trial 27 finished with value: 0.7317290854353993 and parameters: {'n_estimators': 500, 'max_depth': 22, 'min_samples_leaf': 2}. Best is trial 22 with value: 0.7367361932176117.
    Trial 28/40 (best val_r2=0.7367)
  [HPO] Trial 28 started...
  [HPO] Trial 28 finished in 2.5s (val_r2=0.7306)
[I 2026-04-01 01:57:47,499] Trial 28 finished with value: 0.7306347128048991 and parameters: {'n_estimators': 550, 'max_depth': 17, 'min_samples_leaf': 1}. Best is trial 22 with value: 0.7367361932176117.
    Trial 29/40 (best val_r2=0.7367)
  [HPO] Trial 29 started...
  [HPO] Trial 29 finished in 1.5s (val_r2=0.7255)
[I 2026-04-01 01:57:49,022] Trial 29 finished with value: 0.7254886094561277 and parameters: {'n_estimators': 400, 'max_depth': 26, 'min_samples_leaf': 3}. Best is trial 22 with value: 0.7367361932176117.
    Trial 30/40 (best val_r2=0.7367)
  [HPO] Trial 30 started...
  [HPO] Trial 30 finished in 2.3s (val_r2=0.7353)
[I 2026-04-01 01:57:51,341] Trial 30 finished with value: 0.7353270188652268 and parameters: {'n_estimators': 500, 'max_depth': 25, 'min_samples_leaf': 1}. Best is trial 22 with value: 0.7367361932176117.
    Trial 31/40 (best val_r2=0.7367)
  [HPO] Trial 31 started...
  [HPO] Trial 31 finished in 2.0s (val_r2=0.7366)
[I 2026-04-01 01:57:53,344] Trial 31 finished with value: 0.7366171538406285 and parameters: {'n_estimators': 450, 'max_depth': 26, 'min_samples_leaf': 1}. Best is trial 22 with value: 0.7367361932176117.
    Trial 32/40 (best val_r2=0.7367)
  [HPO] Trial 32 started...
  [HPO] Trial 32 finished in 2.2s (val_r2=0.7361)
[I 2026-04-01 01:57:55,559] Trial 32 finished with value: 0.7361252032393586 and parameters: {'n_estimators': 500, 'max_depth': 24, 'min_samples_leaf': 1}. Best is trial 22 with value: 0.7367361932176117.
    Trial 33/40 (best val_r2=0.7367)
  [HPO] Trial 33 started...
  [HPO] Trial 33 finished in 2.4s (val_r2=0.7366)
[I 2026-04-01 01:57:57,956] Trial 33 finished with value: 0.7366171538406285 and parameters: {'n_estimators': 450, 'max_depth': 26, 'min_samples_leaf': 1}. Best is trial 22 with value: 0.7367361932176117.
    Trial 34/40 (best val_r2=0.7367)
  [HPO] Trial 34 started...
  [HPO] Trial 34 finished in 2.3s (val_r2=0.7320)
[I 2026-04-01 01:58:00,319] Trial 34 finished with value: 0.7320111736569326 and parameters: {'n_estimators': 550, 'max_depth': 23, 'min_samples_leaf': 2}. Best is trial 22 with value: 0.7367361932176117.
    Trial 35/40 (best val_r2=0.7367)
  [HPO] Trial 35 started...
  [HPO] Trial 35 finished in 2.0s (val_r2=0.7355)
[I 2026-04-01 01:58:02,357] Trial 35 finished with value: 0.7354921667820514 and parameters: {'n_estimators': 450, 'max_depth': 25, 'min_samples_leaf': 1}. Best is trial 22 with value: 0.7367361932176117.
    Trial 36/40 (best val_r2=0.7367)
  [HPO] Trial 36 started...
  [HPO] Trial 36 finished in 2.8s (val_r2=0.7322)
[I 2026-04-01 01:58:05,122] Trial 36 finished with value: 0.7321684741716248 and parameters: {'n_estimators': 550, 'max_depth': 27, 'min_samples_leaf': 2}. Best is trial 22 with value: 0.7367361932176117.
    Trial 37/40 (best val_r2=0.7367)
  [HPO] Trial 37 started...
  [HPO] Trial 37 finished in 2.3s (val_r2=0.7321)
[I 2026-04-01 01:58:07,405] Trial 37 finished with value: 0.7320881002291455 and parameters: {'n_estimators': 500, 'max_depth': 27, 'min_samples_leaf': 2}. Best is trial 22 with value: 0.7367361932176117.
    Trial 38/40 (best val_r2=0.7367)
  [HPO] Trial 38 started...
  [HPO] Trial 38 finished in 2.8s (val_r2=0.7361)
[I 2026-04-01 01:58:10,261] Trial 38 finished with value: 0.7360584197456146 and parameters: {'n_estimators': 600, 'max_depth': 22, 'min_samples_leaf': 1}. Best is trial 22 with value: 0.7367361932176117.
    Trial 39/40 (best val_r2=0.7367)
  [HPO] Trial 39 started...
  [HPO] Trial 39 finished in 1.3s (val_r2=0.6935)
[I 2026-04-01 01:58:11,532] Trial 39 finished with value: 0.6935079161087552 and parameters: {'n_estimators': 350, 'max_depth': 11, 'min_samples_leaf': 1}. Best is trial 22 with value: 0.7367361932176117.
    Trial 40/40 (best val_r2=0.7367)
[4/6] Training nstxu_rf_mag_gamma...
[5/6] HPO for nstxu_mlp_mag_gamma (40 trials)...
[I 2026-04-01 01:58:14,585] A new study created in memory with name: nstxu_magnetics_gamma_hpo-torch.mlp
  [HPO] Trial 0 started...
  [HPO] Trial 0 finished in 24.1s (val_r2=0.9017)
[I 2026-04-01 01:58:38,647] Trial 0 finished with value: 0.9016656496513109 and parameters: {'hidden_layers_index': 3, 'dropout': 0.09501648801396492, 'learning_rate': 0.0025143428814176426, 'batch_size': 64, 'epochs': 153}. Best is trial 0 with value: 0.9016656496513109.
    Trial 1/40 (best val_r2=0.9017)
  [HPO] Trial 1 started...
  [HPO] Trial 1 finished in 32.3s (val_r2=0.8587)
[I 2026-04-01 01:59:10,994] Trial 1 finished with value: 0.8587197989629299 and parameters: {'hidden_layers_index': 3, 'dropout': 0.2566453379036277, 'learning_rate': 0.0016853391697173288, 'batch_size': 64, 'epochs': 183}. Best is trial 0 with value: 0.9016656496513109.
    Trial 2/40 (best val_r2=0.9017)
  [HPO] Trial 2 started...
  [HPO] Trial 2 finished in 21.7s (val_r2=0.8646)
[I 2026-04-01 01:59:32,708] Trial 2 finished with value: 0.8645688040418784 and parameters: {'hidden_layers_index': 1, 'dropout': 0.2719391806312388, 'learning_rate': 0.0002725285130250698, 'batch_size': 128, 'epochs': 194}. Best is trial 0 with value: 0.9016656496513109.
    Trial 3/40 (best val_r2=0.9017)
  [HPO] Trial 3 started...
  [HPO] Trial 3 finished in 14.5s (val_r2=0.8402)
[I 2026-04-01 01:59:47,163] Trial 3 finished with value: 0.8402227712728778 and parameters: {'hidden_layers_index': 0, 'dropout': 0.12775654655214583, 'learning_rate': 0.00362466400156375, 'batch_size': 128, 'epochs': 185}. Best is trial 0 with value: 0.9016656496513109.
    Trial 4/40 (best val_r2=0.9017)
  [HPO] Trial 4 started...
  [HPO] Trial 4 finished in 14.1s (val_r2=0.8780)
[I 2026-04-01 02:00:01,291] Trial 4 finished with value: 0.8779995331378783 and parameters: {'hidden_layers_index': 0, 'dropout': 0.29863089479757504, 'learning_rate': 0.0024043227611998323, 'batch_size': 64, 'epochs': 138}. Best is trial 0 with value: 0.9016656496513109.
    Trial 5/40 (best val_r2=0.9017)
  [HPO] Trial 5 started...
  [HPO] Trial 5 finished in 37.2s (val_r2=0.9138)
[I 2026-04-01 02:00:38,452] Trial 5 finished with value: 0.9137919900744086 and parameters: {'hidden_layers_index': 3, 'dropout': 4.81342779403704e-06, 'learning_rate': 0.0002627903447762754, 'batch_size': 32, 'epochs': 164}. Best is trial 5 with value: 0.9137919900744086.
    Trial 6/40 (best val_r2=0.9138)
  [HPO] Trial 6 started...
  [HPO] Trial 6 finished in 18.3s (val_r2=0.8206)
[I 2026-04-01 02:00:56,716] Trial 6 finished with value: 0.8206325372890253 and parameters: {'hidden_layers_index': 3, 'dropout': 0.09779028087919613, 'learning_rate': 0.0006001696958441087, 'batch_size': 128, 'epochs': 173}. Best is trial 5 with value: 0.9137919900744086.
    Trial 7/40 (best val_r2=0.9138)
  [HPO] Trial 7 started...
  [HPO] Trial 7 finished in 7.3s (val_r2=0.8708)
[I 2026-04-01 02:01:04,032] Trial 7 finished with value: 0.8707578060309857 and parameters: {'hidden_layers_index': 0, 'dropout': 0.27443403167492536, 'learning_rate': 0.0008540385215381805, 'batch_size': 128, 'epochs': 98}. Best is trial 5 with value: 0.9137919900744086.
    Trial 8/40 (best val_r2=0.9138)
  [HPO] Trial 8 started...
  [HPO] Trial 8 finished in 41.2s (val_r2=0.9258)
[I 2026-04-01 02:01:45,187] Trial 8 finished with value: 0.9258382110442084 and parameters: {'hidden_layers_index': 3, 'dropout': 0.27204200624185687, 'learning_rate': 0.0002533817781390946, 'batch_size': 32, 'epochs': 181}. Best is trial 8 with value: 0.9258382110442084.
    Trial 9/40 (best val_r2=0.9258)
  [HPO] Trial 9 started...
  [HPO] Trial 9 finished in 19.3s (val_r2=0.8637)
[I 2026-04-01 02:02:04,483] Trial 9 finished with value: 0.8637126396822923 and parameters: {'hidden_layers_index': 1, 'dropout': 0.057948395618530046, 'learning_rate': 0.0002110412997403752, 'batch_size': 128, 'epochs': 185}. Best is trial 8 with value: 0.9258382110442084.
    Trial 10/40 (best val_r2=0.9258)
  [HPO] Trial 10 started...
  [HPO] Trial 10 finished in 25.5s (val_r2=0.8309)
[I 2026-04-01 02:02:29,941] Trial 10 finished with value: 0.8309401632354736 and parameters: {'hidden_layers_index': 2, 'dropout': 0.38658227712975657, 'learning_rate': 0.00010575648042945282, 'batch_size': 32, 'epochs': 119}. Best is trial 8 with value: 0.9258382110442084.
    Trial 11/40 (best val_r2=0.9258)
  [HPO] Trial 11 started...
  [HPO] Trial 11 finished in 35.2s (val_r2=0.9097)
[I 2026-04-01 02:03:05,106] Trial 11 finished with value: 0.9096752680123452 and parameters: {'hidden_layers_index': 2, 'dropout': 0.0057810100103735836, 'learning_rate': 0.0003091864095357131, 'batch_size': 32, 'epochs': 155}. Best is trial 8 with value: 0.9258382110442084.
    Trial 12/40 (best val_r2=0.9258)
  [HPO] Trial 12 started...
  [HPO] Trial 12 finished in 35.2s (val_r2=0.8917)
[I 2026-04-01 02:03:40,270] Trial 12 finished with value: 0.8917489682450922 and parameters: {'hidden_layers_index': 2, 'dropout': 0.19495012415125357, 'learning_rate': 0.00010759738730604172, 'batch_size': 32, 'epochs': 163}. Best is trial 8 with value: 0.9258382110442084.
    Trial 13/40 (best val_r2=0.9258)
  [HPO] Trial 13 started...
  [HPO] Trial 13 finished in 31.7s (val_r2=0.9154)
[I 2026-04-01 02:04:11,942] Trial 13 finished with value: 0.9153850806047559 and parameters: {'hidden_layers_index': 3, 'dropout': 0.18998785117014017, 'learning_rate': 0.0005138336074734132, 'batch_size': 32, 'epochs': 135}. Best is trial 8 with value: 0.9258382110442084.
    Trial 14/40 (best val_r2=0.9258)
  [HPO] Trial 14 started...
  [HPO] Trial 14 finished in 29.2s (val_r2=0.9049)
[I 2026-04-01 02:04:41,184] Trial 14 finished with value: 0.9049213440449837 and parameters: {'hidden_layers_index': 2, 'dropout': 0.19013169142912456, 'learning_rate': 0.000584637570556449, 'batch_size': 32, 'epochs': 131}. Best is trial 8 with value: 0.9258382110442084.
    Trial 15/40 (best val_r2=0.9258)
  [HPO] Trial 15 started...
  [HPO] Trial 15 finished in 26.1s (val_r2=0.8958)
[I 2026-04-01 02:05:07,306] Trial 15 finished with value: 0.8957589930821854 and parameters: {'hidden_layers_index': 3, 'dropout': 0.3799066665814679, 'learning_rate': 0.001005198122088524, 'batch_size': 32, 'epochs': 110}. Best is trial 8 with value: 0.9258382110442084.
    Trial 16/40 (best val_r2=0.9258)
  [HPO] Trial 16 started...
  [HPO] Trial 16 finished in 29.6s (val_r2=0.9184)
[I 2026-04-01 02:05:36,875] Trial 16 finished with value: 0.9184180228693912 and parameters: {'hidden_layers_index': 3, 'dropout': 0.3255258060058137, 'learning_rate': 0.0005109301027678551, 'batch_size': 32, 'epochs': 126}. Best is trial 8 with value: 0.9258382110442084.
    Trial 17/40 (best val_r2=0.9258)
  [HPO] Trial 17 started...
  [HPO] Trial 17 finished in 17.6s (val_r2=0.8137)
[I 2026-04-01 02:05:54,445] Trial 17 finished with value: 0.8136873048335649 and parameters: {'hidden_layers_index': 1, 'dropout': 0.3403666716127054, 'learning_rate': 0.00016516395905084698, 'batch_size': 32, 'epochs': 89}. Best is trial 8 with value: 0.9258382110442084.
    Trial 18/40 (best val_r2=0.9258)
  [HPO] Trial 18 started...
  [HPO] Trial 18 finished in 27.8s (val_r2=0.9010)
[I 2026-04-01 02:06:22,285] Trial 18 finished with value: 0.9009687914739396 and parameters: {'hidden_layers_index': 2, 'dropout': 0.32788972684812356, 'learning_rate': 0.00036112512904755526, 'batch_size': 32, 'epochs': 121}. Best is trial 8 with value: 0.9258382110442084.
    Trial 19/40 (best val_r2=0.9258)
  [HPO] Trial 19 started...
  [HPO] Trial 19 finished in 54.7s (val_r2=0.8855)
[I 2026-04-01 02:07:16,940] Trial 19 finished with value: 0.8854699028847347 and parameters: {'hidden_layers_index': 3, 'dropout': 0.23673583744910598, 'learning_rate': 0.0012802283505022108, 'batch_size': 32, 'epochs': 199}. Best is trial 8 with value: 0.9258382110442084.
    Trial 20/40 (best val_r2=0.9258)
  [HPO] Trial 20 started...
  [HPO] Trial 20 finished in 19.9s (val_r2=0.9115)
[I 2026-04-01 02:07:36,822] Trial 20 finished with value: 0.9114809330837677 and parameters: {'hidden_layers_index': 2, 'dropout': 0.3349378155169594, 'learning_rate': 0.00041952364576860947, 'batch_size': 64, 'epochs': 147}. Best is trial 8 with value: 0.9258382110442084.
    Trial 21/40 (best val_r2=0.9258)
  [HPO] Trial 21 started...
  [HPO] Trial 21 finished in 31.3s (val_r2=0.9027)
[I 2026-04-01 02:08:08,101] Trial 21 finished with value: 0.9026825650374698 and parameters: {'hidden_layers_index': 3, 'dropout': 0.15939403708197109, 'learning_rate': 0.0004329691501621049, 'batch_size': 32, 'epochs': 128}. Best is trial 8 with value: 0.9258382110442084.
    Trial 22/40 (best val_r2=0.9258)
  [HPO] Trial 22 started...
  [HPO] Trial 22 finished in 26.5s (val_r2=0.8708)
[I 2026-04-01 02:08:34,629] Trial 22 finished with value: 0.870784315249484 and parameters: {'hidden_layers_index': 3, 'dropout': 0.23067921741977332, 'learning_rate': 0.0001668909743076473, 'batch_size': 32, 'epochs': 108}. Best is trial 8 with value: 0.9258382110442084.
    Trial 23/40 (best val_r2=0.9258)
  [HPO] Trial 23 started...
  [HPO] Trial 23 finished in 34.6s (val_r2=0.9139)
[I 2026-04-01 02:09:09,261] Trial 23 finished with value: 0.9138534677133575 and parameters: {'hidden_layers_index': 3, 'dropout': 0.3036891243714182, 'learning_rate': 0.0005479196483992977, 'batch_size': 32, 'epochs': 141}. Best is trial 8 with value: 0.9258382110442084.
    Trial 24/40 (best val_r2=0.9258)
  [HPO] Trial 24 started...
  [HPO] Trial 24 finished in 33.4s (val_r2=0.9124)
[I 2026-04-01 02:09:42,692] Trial 24 finished with value: 0.9123642698339014 and parameters: {'hidden_layers_index': 3, 'dropout': 0.22343698569232479, 'learning_rate': 0.0007262573952912556, 'batch_size': 32, 'epochs': 134}. Best is trial 8 with value: 0.9258382110442084.
    Trial 25/40 (best val_r2=0.9258)
  [HPO] Trial 25 started...
  [HPO] Trial 25 finished in 28.4s (val_r2=0.8978)
[I 2026-04-01 02:10:11,144] Trial 25 finished with value: 0.8978487121887406 and parameters: {'hidden_layers_index': 2, 'dropout': 0.1718865179249426, 'learning_rate': 0.0001833394764476803, 'batch_size': 32, 'epochs': 119}. Best is trial 8 with value: 0.9258382110442084.
    Trial 26/40 (best val_r2=0.9258)
  [HPO] Trial 26 started...
  [HPO] Trial 26 finished in 35.3s (val_r2=0.8970)
[I 2026-04-01 02:10:46,489] Trial 26 finished with value: 0.8969587444776246 and parameters: {'hidden_layers_index': 3, 'dropout': 0.3519979644036266, 'learning_rate': 0.0004384342033871208, 'batch_size': 32, 'epochs': 145}. Best is trial 8 with value: 0.9258382110442084.
    Trial 27/40 (best val_r2=0.9258)
  [HPO] Trial 27 started...
  [HPO] Trial 27 finished in 24.3s (val_r2=0.8934)
[I 2026-04-01 02:11:10,755] Trial 27 finished with value: 0.8934371411084063 and parameters: {'hidden_layers_index': 2, 'dropout': 0.2968094296407569, 'learning_rate': 0.0010565236846437028, 'batch_size': 32, 'epochs': 105}. Best is trial 8 with value: 0.9258382110442084.
    Trial 28/40 (best val_r2=0.9258)
  [HPO] Trial 28 started...
  [HPO] Trial 28 finished in 42.7s (val_r2=0.8987)
[I 2026-04-01 02:11:53,448] Trial 28 finished with value: 0.8986847651881821 and parameters: {'hidden_layers_index': 3, 'dropout': 0.150071304322281, 'learning_rate': 0.00023838733096932452, 'batch_size': 32, 'epochs': 172}. Best is trial 8 with value: 0.9258382110442084.
    Trial 29/40 (best val_r2=0.9258)
  [HPO] Trial 29 started...
  [HPO] Trial 29 finished in 24.2s (val_r2=0.8953)
[I 2026-04-01 02:12:17,613] Trial 29 finished with value: 0.895283840580943 and parameters: {'hidden_layers_index': 3, 'dropout': 0.22218594316622065, 'learning_rate': 0.00013882703808190217, 'batch_size': 64, 'epochs': 154}. Best is trial 8 with value: 0.9258382110442084.
    Trial 30/40 (best val_r2=0.9258)
  [HPO] Trial 30 started...
  [HPO] Trial 30 finished in 18.9s (val_r2=0.8602)
[I 2026-04-01 02:12:36,539] Trial 30 finished with value: 0.8601740149765482 and parameters: {'hidden_layers_index': 1, 'dropout': 0.3635254928304212, 'learning_rate': 0.0003252295140746796, 'batch_size': 64, 'epochs': 126}. Best is trial 8 with value: 0.9258382110442084.
    Trial 31/40 (best val_r2=0.9258)
  [HPO] Trial 31 started...
  [HPO] Trial 31 finished in 45.5s (val_r2=0.8971)
[I 2026-04-01 02:13:22,015] Trial 31 finished with value: 0.8971399483026525 and parameters: {'hidden_layers_index': 3, 'dropout': 0.30834007024145393, 'learning_rate': 0.0005625140384676439, 'batch_size': 32, 'epochs': 143}. Best is trial 8 with value: 0.9258382110442084.
    Trial 32/40 (best val_r2=0.9258)
  [HPO] Trial 32 started...
  [HPO] Trial 32 finished in 26.5s (val_r2=0.8807)
[I 2026-04-01 02:13:48,526] Trial 32 finished with value: 0.8807133380682988 and parameters: {'hidden_layers_index': 3, 'dropout': 0.2583307667208989, 'learning_rate': 0.0005176761836371778, 'batch_size': 32, 'epochs': 81}. Best is trial 8 with value: 0.9258382110442084.
    Trial 33/40 (best val_r2=0.9258)
  [HPO] Trial 33 started...
  [HPO] Trial 33 finished in 46.0s (val_r2=0.9000)
[I 2026-04-01 02:14:34,505] Trial 33 finished with value: 0.9000467819503079 and parameters: {'hidden_layers_index': 3, 'dropout': 0.2747263431870937, 'learning_rate': 0.0007536741601055565, 'batch_size': 32, 'epochs': 140}. Best is trial 8 with value: 0.9258382110442084.
    Trial 34/40 (best val_r2=0.9258)
  [HPO] Trial 34 started...
  [HPO] Trial 34 finished in 34.3s (val_r2=0.9075)
[I 2026-04-01 02:15:08,814] Trial 34 finished with value: 0.9075015740674287 and parameters: {'hidden_layers_index': 3, 'dropout': 0.30931310944909407, 'learning_rate': 0.0015389914826226595, 'batch_size': 32, 'epochs': 114}. Best is trial 8 with value: 0.9258382110442084.
    Trial 35/40 (best val_r2=0.9258)
  [HPO] Trial 35 started...
  [HPO] Trial 35 finished in 26.4s (val_r2=0.9194)
[I 2026-04-01 02:15:35,237] Trial 35 finished with value: 0.9193747543005341 and parameters: {'hidden_layers_index': 3, 'dropout': 0.25312767466515884, 'learning_rate': 0.0003837307741521366, 'batch_size': 128, 'epochs': 175}. Best is trial 8 with value: 0.9258382110442084.
    Trial 36/40 (best val_r2=0.9258)
  [HPO] Trial 36 started...
  [HPO] Trial 36 finished in 29.7s (val_r2=0.8983)
[I 2026-04-01 02:16:04,935] Trial 36 finished with value: 0.8983047038260247 and parameters: {'hidden_layers_index': 3, 'dropout': 0.2496629761410092, 'learning_rate': 0.0002786002532228422, 'batch_size': 128, 'epochs': 191}. Best is trial 8 with value: 0.9258382110442084.
    Trial 37/40 (best val_r2=0.9258)
  [HPO] Trial 37 started...
  [HPO] Trial 37 finished in 19.9s (val_r2=0.9068)
[I 2026-04-01 02:16:24,863] Trial 37 finished with value: 0.9067641550748395 and parameters: {'hidden_layers_index': 2, 'dropout': 0.2846864255391325, 'learning_rate': 0.0004007678661644894, 'batch_size': 128, 'epochs': 178}. Best is trial 8 with value: 0.9258382110442084.
    Trial 38/40 (best val_r2=0.9258)
  [HPO] Trial 38 started...
  [HPO] Trial 38 finished in 24.2s (val_r2=0.8908)
[I 2026-04-01 02:16:49,062] Trial 38 finished with value: 0.8907613595089813 and parameters: {'hidden_layers_index': 3, 'dropout': 0.20770698554552106, 'learning_rate': 0.0002282523884989692, 'batch_size': 128, 'epochs': 163}. Best is trial 8 with value: 0.9258382110442084.
    Trial 39/40 (best val_r2=0.9258)
  [HPO] Trial 39 started...
  [HPO] Trial 39 finished in 18.6s (val_r2=0.8703)
[I 2026-04-01 02:17:07,644] Trial 39 finished with value: 0.8702805514731208 and parameters: {'hidden_layers_index': 0, 'dropout': 0.11034751076699126, 'learning_rate': 0.0023928888859833563, 'batch_size': 128, 'epochs': 172}. Best is trial 8 with value: 0.9258382110442084.
    Trial 40/40 (best val_r2=0.9258)
[6/6] Training nstxu_mlp_mag_gamma...
[6/6] Done. Artifacts in runs/nstxu_magnetics_gamma_hpo
Workflow nstxu_magnetics_gamma_hpo complete. Artifacts saved to runs/nstxu_magnetics_gamma_hpo
{
  "run_tag": "nstxu_magnetics_gamma_hpo",
  "dataset": {
    "file_path": "data/datasets/NSTX-U/nstxu_equil_curated.pkl",
    "n_rows": 10000,
    "n_inputs": 9,
    "n_outputs": 1,
    "output_groups": {},
    "profile_groups": {},
    "dataset_info": {
      "shape": [
        10000,
        33
      ],
      "n_input_variables": 29,
      "n_output_variables": 4,
      "n_output_groups": 0,
      "largest_output_group": 0,
      "largest_output_group_name": null
    }
  },
  "resources": {
    "scheduler": null,
    "n_cpus": 10,
    "n_gpus": 0,
    "gpu_type": null,
    "device": "cpu",
    "hostname": "asanche2-lt",
    "extras": {
      "platform": "macOS-26.3.1-arm64-arm-64bit"
    }
  },
  "splits": {
    "train": 6000,
    "val": 2000,
    "test": 2000
  },
  "scalers": {
    "input_scaler": "runs/nstxu_magnetics_gamma_hpo/scalers/inputs.joblib",
    "output_scaler": "runs/nstxu_magnetics_gamma_hpo/scalers/outputs.joblib"
  },
  "models": [
    {
      "name": "nstxu_rf_mag_gamma",
      "backend": "sklearn",
      "params": {
        "n_estimators": 600,
        "max_depth": 26,
        "min_samples_leaf": 1
      },
      "metrics": {
        "train": {
          "r2": 0.9643239832027328,
          "rmse": 548.5873983980807,
          "mae": 237.5994834012553,
          "mape": 1233088027682.5198
        },
        "val": {
          "r2": 0.7367361932176117,
          "rmse": 1458.225672480264,
          "mae": 634.7360818726713,
          "mape": 0.9494162054678561
        },
        "test": {
          "r2": 0.70466954713526,
          "rmse": 1542.247240418327,
          "mae": 682.5852672168104,
          "mape": 1.092500621146772
        }
      },
      "timings": {
        "train_seconds": 2.458927291998407,
        "train_inference_seconds": 0.11198954100109404,
        "val_inference_seconds": 0.07398241599730682,
        "train_inference_per_sample": 1.866492350018234e-05,
        "val_inference_per_sample": 3.699120799865341e-05,
        "test_inference_seconds": 0.06395483399683144,
        "test_inference_per_sample": 3.197741699841572e-05
      },
      "artifacts": {
        "model": "runs/nstxu_magnetics_gamma_hpo/models/nstxu_rf_mag_gamma.joblib",
        "predictions": {
          "train": "runs/nstxu_magnetics_gamma_hpo/predictions/nstxu_rf_mag_gamma_train.csv",
          "val": "runs/nstxu_magnetics_gamma_hpo/predictions/nstxu_rf_mag_gamma_val.csv",
          "test": "runs/nstxu_magnetics_gamma_hpo/predictions/nstxu_rf_mag_gamma_test.csv"
        },
        "hpo": "runs/nstxu_magnetics_gamma_hpo/hpo/nstxu_rf_mag_gamma_hpo.json"
      }
    },
    {
      "name": "nstxu_mlp_mag_gamma",
      "backend": "pytorch",
      "params": {
        "hidden_layers": [
          384,
          256,
          128
        ],
        "dropout": 0.27204200624185687,
        "epochs": 181,
        "batch_size": 32,
        "learning_rate": 0.0002533817781390946,
        "mc_dropout_passes": 40,
        "activation": "relu"
      },
      "metrics": {
        "train": {
          "r2": 0.951181497351064,
          "rmse": 641.726353564809,
          "mae": 226.39471884209297,
          "mape": 1552175617129055.0
        },
        "val": {
          "r2": 0.8947770685388718,
          "rmse": 921.9011566075309,
          "mae": 298.1068129777897,
          "mape": 0.8456376062859351
        },
        "test": {
          "r2": 0.8393311908379831,
          "rmse": 1137.537371811088,
          "mae": 344.8873333262181,
          "mape": 0.9444942397312398
        }
      },
      "timings": {
        "train_seconds": 57.80747800000245,
        "train_inference_seconds": 0.01380095800413983,
        "val_inference_seconds": 0.00332091699965531,
        "train_inference_per_sample": 2.300159667356638e-06,
        "val_inference_per_sample": 1.660458499827655e-06,
        "test_inference_seconds": 0.003326375001051929,
        "test_inference_per_sample": 1.6631875005259645e-06
      },
      "artifacts": {
        "model": "runs/nstxu_magnetics_gamma_hpo/models/nstxu_mlp_mag_gamma.joblib",
        "predictions": {
          "train": "runs/nstxu_magnetics_gamma_hpo/predictions/nstxu_mlp_mag_gamma_train.csv",
          "val": "runs/nstxu_magnetics_gamma_hpo/predictions/nstxu_mlp_mag_gamma_val.csv",
          "test": "runs/nstxu_magnetics_gamma_hpo/predictions/nstxu_mlp_mag_gamma_test.csv",
          "val_uq": "runs/nstxu_magnetics_gamma_hpo/predictions/nstxu_mlp_mag_gamma_val_uq.json"
        },
        "hpo": "runs/nstxu_magnetics_gamma_hpo/hpo/nstxu_mlp_mag_gamma_hpo.json"
      }
    }
  ],
  "registry": "Registered Models:",
  "artifacts": {
    "root": "runs/nstxu_magnetics_gamma_hpo",
    "metrics": "runs/nstxu_magnetics_gamma_hpo/metrics.json",
    "summary": "runs/nstxu_magnetics_gamma_hpo/workflow_summary.json",
    "spec": "runs/nstxu_magnetics_gamma_hpo/spec.yaml",
    "train_data_ranges": "runs/nstxu_magnetics_gamma_hpo/train_data_ranges.json"
  }
}
>>> 2026-04-01T02:18:07-04:00 OK nstxu_magnetics_gamma_hpo

>>> 2026-04-01T02:18:07-04:00 START nstxu_gamma_shapes_only_hpo

A module that was compiled using NumPy 1.x cannot be run in
NumPy 2.3.4 as it may crash. To support both 1.x and 2.x
versions of NumPy, modules must be compiled with NumPy 2.0.
Some module may need to rebuild instead e.g. with 'pybind11>=2.12'.

If you are a user of the module, the easiest solution will be to
downgrade to 'numpy<2' or try to upgrade the affected module.
We expect that some modules will need time to support NumPy 2.

Traceback (most recent call last):  File "<frozen runpy>", line 198, in _run_module_as_main
  File "<frozen runpy>", line 88, in _run_code
  File "/Users/asanche2/repos/SURGE/examples/m3dc1_workflow.py", line 14, in <module>
    import surge  # noqa: F401 - ensures package initialization registers adapters
  File "/Users/asanche2/repos/SURGE/surge/__init__.py", line 10, in <module>
    from .model import GPFLOW_AVAILABLE, MODEL_REGISTRY, PYTORCH_AVAILABLE
  File "/Users/asanche2/repos/SURGE/surge/model/__init__.py", line 7, in <module>
    from .gpflow import GPFLOW_AVAILABLE, GPflowGPRAdapter, GPflowMultiKernelAdapter
  File "/Users/asanche2/repos/SURGE/surge/model/gpflow.py", line 7, in <module>
    from .gpflow_impl import GPFLOW_AVAILABLE, GPflowGPRModel, GPflowMultiKernelGPR
  File "/Users/asanche2/repos/SURGE/surge/model/gpflow_impl.py", line 11, in <module>
    import gpflow as gpf
  File "/opt/homebrew/anaconda3/lib/python3.12/site-packages/gpflow/__init__.py", line 17, in <module>
    from . import (
  File "/opt/homebrew/anaconda3/lib/python3.12/site-packages/gpflow/conditionals/__init__.py", line 1, in <module>
    from . import conditionals, multioutput, sample_conditionals
  File "/opt/homebrew/anaconda3/lib/python3.12/site-packages/gpflow/conditionals/conditionals.py", line 17, in <module>
    import tensorflow as tf
  File "/opt/homebrew/anaconda3/lib/python3.12/site-packages/tensorflow/__init__.py", line 45, in <module>
    from tensorflow._api.v2 import __internal__
  File "/opt/homebrew/anaconda3/lib/python3.12/site-packages/tensorflow/_api/v2/__internal__/__init__.py", line 8, in <module>
    from tensorflow._api.v2.__internal__ import autograph
  File "/opt/homebrew/anaconda3/lib/python3.12/site-packages/tensorflow/_api/v2/__internal__/autograph/__init__.py", line 8, in <module>
    from tensorflow.python.autograph.core.ag_ctx import control_status_ctx # line: 34
  File "/opt/homebrew/anaconda3/lib/python3.12/site-packages/tensorflow/python/autograph/core/ag_ctx.py", line 21, in <module>
    from tensorflow.python.autograph.utils import ag_logging
  File "/opt/homebrew/anaconda3/lib/python3.12/site-packages/tensorflow/python/autograph/utils/__init__.py", line 17, in <module>
    from tensorflow.python.autograph.utils.context_managers import control_dependency_on_returns
  File "/opt/homebrew/anaconda3/lib/python3.12/site-packages/tensorflow/python/autograph/utils/context_managers.py", line 19, in <module>
    from tensorflow.python.framework import ops
  File "/opt/homebrew/anaconda3/lib/python3.12/site-packages/tensorflow/python/framework/ops.py", line 46, in <module>
    from tensorflow.python import pywrap_tfe
  File "/opt/homebrew/anaconda3/lib/python3.12/site-packages/tensorflow/python/pywrap_tfe.py", line 25, in <module>
    from tensorflow.python._pywrap_tfe import *
Traceback (most recent call last):
  File "/opt/homebrew/anaconda3/lib/python3.12/site-packages/numpy/core/_multiarray_umath.py", line 46, in __getattr__
    raise ImportError(msg)
ImportError: 
A module that was compiled using NumPy 1.x cannot be run in
NumPy 2.3.4 as it may crash. To support both 1.x and 2.x
versions of NumPy, modules must be compiled with NumPy 2.0.
Some module may need to rebuild instead e.g. with 'pybind11>=2.12'.

If you are a user of the module, the easiest solution will be to
downgrade to 'numpy<2' or try to upgrade the affected module.
We expect that some modules will need time to support NumPy 2.


AttributeError: 'MessageFactory' object has no attribute 'GetPrototype'

A module that was compiled using NumPy 1.x cannot be run in
NumPy 2.3.4 as it may crash. To support both 1.x and 2.x
versions of NumPy, modules must be compiled with NumPy 2.0.
Some module may need to rebuild instead e.g. with 'pybind11>=2.12'.

If you are a user of the module, the easiest solution will be to
downgrade to 'numpy<2' or try to upgrade the affected module.
We expect that some modules will need time to support NumPy 2.

Traceback (most recent call last):  File "<frozen runpy>", line 198, in _run_module_as_main
  File "<frozen runpy>", line 88, in _run_code
  File "/Users/asanche2/repos/SURGE/examples/m3dc1_workflow.py", line 14, in <module>
    import surge  # noqa: F401 - ensures package initialization registers adapters
  File "/Users/asanche2/repos/SURGE/surge/__init__.py", line 10, in <module>
    from .model import GPFLOW_AVAILABLE, MODEL_REGISTRY, PYTORCH_AVAILABLE
  File "/Users/asanche2/repos/SURGE/surge/model/__init__.py", line 7, in <module>
    from .gpflow import GPFLOW_AVAILABLE, GPflowGPRAdapter, GPflowMultiKernelAdapter
  File "/Users/asanche2/repos/SURGE/surge/model/gpflow.py", line 7, in <module>
    from .gpflow_impl import GPFLOW_AVAILABLE, GPflowGPRModel, GPflowMultiKernelGPR
  File "/Users/asanche2/repos/SURGE/surge/model/gpflow_impl.py", line 11, in <module>
    import gpflow as gpf
  File "/opt/homebrew/anaconda3/lib/python3.12/site-packages/gpflow/__init__.py", line 17, in <module>
    from . import (
  File "/opt/homebrew/anaconda3/lib/python3.12/site-packages/gpflow/conditionals/__init__.py", line 1, in <module>
    from . import conditionals, multioutput, sample_conditionals
  File "/opt/homebrew/anaconda3/lib/python3.12/site-packages/gpflow/conditionals/conditionals.py", line 17, in <module>
    import tensorflow as tf
  File "/opt/homebrew/anaconda3/lib/python3.12/site-packages/tensorflow/__init__.py", line 45, in <module>
    from tensorflow._api.v2 import __internal__
  File "/opt/homebrew/anaconda3/lib/python3.12/site-packages/tensorflow/_api/v2/__internal__/__init__.py", line 8, in <module>
    from tensorflow._api.v2.__internal__ import autograph
  File "/opt/homebrew/anaconda3/lib/python3.12/site-packages/tensorflow/_api/v2/__internal__/autograph/__init__.py", line 8, in <module>
    from tensorflow.python.autograph.core.ag_ctx import control_status_ctx # line: 34
  File "/opt/homebrew/anaconda3/lib/python3.12/site-packages/tensorflow/python/autograph/core/ag_ctx.py", line 21, in <module>
    from tensorflow.python.autograph.utils import ag_logging
  File "/opt/homebrew/anaconda3/lib/python3.12/site-packages/tensorflow/python/autograph/utils/__init__.py", line 17, in <module>
    from tensorflow.python.autograph.utils.context_managers import control_dependency_on_returns
  File "/opt/homebrew/anaconda3/lib/python3.12/site-packages/tensorflow/python/autograph/utils/context_managers.py", line 19, in <module>
    from tensorflow.python.framework import ops
  File "/opt/homebrew/anaconda3/lib/python3.12/site-packages/tensorflow/python/framework/ops.py", line 49, in <module>
    from tensorflow.python.client import pywrap_tf_session
  File "/opt/homebrew/anaconda3/lib/python3.12/site-packages/tensorflow/python/client/pywrap_tf_session.py", line 19, in <module>
    from tensorflow.python.client._pywrap_tf_session import *
Traceback (most recent call last):
  File "/opt/homebrew/anaconda3/lib/python3.12/site-packages/numpy/core/_multiarray_umath.py", line 46, in __getattr__
    raise ImportError(msg)
ImportError: 
A module that was compiled using NumPy 1.x cannot be run in
NumPy 2.3.4 as it may crash. To support both 1.x and 2.x
versions of NumPy, modules must be compiled with NumPy 2.0.
Some module may need to rebuild instead e.g. with 'pybind11>=2.12'.

If you are a user of the module, the easiest solution will be to
downgrade to 'numpy<2' or try to upgrade the affected module.
We expect that some modules will need time to support NumPy 2.



A module that was compiled using NumPy 1.x cannot be run in
NumPy 2.3.4 as it may crash. To support both 1.x and 2.x
versions of NumPy, modules must be compiled with NumPy 2.0.
Some module may need to rebuild instead e.g. with 'pybind11>=2.12'.

If you are a user of the module, the easiest solution will be to
downgrade to 'numpy<2' or try to upgrade the affected module.
We expect that some modules will need time to support NumPy 2.

Traceback (most recent call last):  File "<frozen runpy>", line 198, in _run_module_as_main
  File "<frozen runpy>", line 88, in _run_code
  File "/Users/asanche2/repos/SURGE/examples/m3dc1_workflow.py", line 14, in <module>
    import surge  # noqa: F401 - ensures package initialization registers adapters
  File "/Users/asanche2/repos/SURGE/surge/__init__.py", line 10, in <module>
    from .model import GPFLOW_AVAILABLE, MODEL_REGISTRY, PYTORCH_AVAILABLE
  File "/Users/asanche2/repos/SURGE/surge/model/__init__.py", line 7, in <module>
    from .gpflow import GPFLOW_AVAILABLE, GPflowGPRAdapter, GPflowMultiKernelAdapter
  File "/Users/asanche2/repos/SURGE/surge/model/gpflow.py", line 7, in <module>
    from .gpflow_impl import GPFLOW_AVAILABLE, GPflowGPRModel, GPflowMultiKernelGPR
  File "/Users/asanche2/repos/SURGE/surge/model/gpflow_impl.py", line 11, in <module>
    import gpflow as gpf
  File "/opt/homebrew/anaconda3/lib/python3.12/site-packages/gpflow/__init__.py", line 17, in <module>
    from . import (
  File "/opt/homebrew/anaconda3/lib/python3.12/site-packages/gpflow/conditionals/__init__.py", line 1, in <module>
    from . import conditionals, multioutput, sample_conditionals
  File "/opt/homebrew/anaconda3/lib/python3.12/site-packages/gpflow/conditionals/conditionals.py", line 17, in <module>
    import tensorflow as tf
  File "/opt/homebrew/anaconda3/lib/python3.12/site-packages/tensorflow/__init__.py", line 45, in <module>
    from tensorflow._api.v2 import __internal__
  File "/opt/homebrew/anaconda3/lib/python3.12/site-packages/tensorflow/_api/v2/__internal__/__init__.py", line 8, in <module>
    from tensorflow._api.v2.__internal__ import autograph
  File "/opt/homebrew/anaconda3/lib/python3.12/site-packages/tensorflow/_api/v2/__internal__/autograph/__init__.py", line 8, in <module>
    from tensorflow.python.autograph.core.ag_ctx import control_status_ctx # line: 34
  File "/opt/homebrew/anaconda3/lib/python3.12/site-packages/tensorflow/python/autograph/core/ag_ctx.py", line 21, in <module>
    from tensorflow.python.autograph.utils import ag_logging
  File "/opt/homebrew/anaconda3/lib/python3.12/site-packages/tensorflow/python/autograph/utils/__init__.py", line 17, in <module>
    from tensorflow.python.autograph.utils.context_managers import control_dependency_on_returns
  File "/opt/homebrew/anaconda3/lib/python3.12/site-packages/tensorflow/python/autograph/utils/context_managers.py", line 19, in <module>
    from tensorflow.python.framework import ops
  File "/opt/homebrew/anaconda3/lib/python3.12/site-packages/tensorflow/python/framework/ops.py", line 50, in <module>
    from tensorflow.python.eager import context
  File "/opt/homebrew/anaconda3/lib/python3.12/site-packages/tensorflow/python/eager/context.py", line 37, in <module>
    from tensorflow.python.eager import execute
  File "/opt/homebrew/anaconda3/lib/python3.12/site-packages/tensorflow/python/eager/execute.py", line 21, in <module>
    from tensorflow.python.framework import dtypes
  File "/opt/homebrew/anaconda3/lib/python3.12/site-packages/tensorflow/python/framework/dtypes.py", line 21, in <module>
    import ml_dtypes
  File "/opt/homebrew/anaconda3/lib/python3.12/site-packages/ml_dtypes/__init__.py", line 32, in <module>
    from ml_dtypes._finfo import finfo
  File "/opt/homebrew/anaconda3/lib/python3.12/site-packages/ml_dtypes/_finfo.py", line 19, in <module>
    from ml_dtypes._ml_dtypes_ext import bfloat16
Traceback (most recent call last):
  File "/opt/homebrew/anaconda3/lib/python3.12/site-packages/numpy/core/_multiarray_umath.py", line 46, in __getattr__
    raise ImportError(msg)
ImportError: 
A module that was compiled using NumPy 1.x cannot be run in
NumPy 2.3.4 as it may crash. To support both 1.x and 2.x
versions of NumPy, modules must be compiled with NumPy 2.0.
Some module may need to rebuild instead e.g. with 'pybind11>=2.12'.

If you are a user of the module, the easiest solution will be to
downgrade to 'numpy<2' or try to upgrade the affected module.
We expect that some modules will need time to support NumPy 2.


ImportError: numpy.core._multiarray_umath failed to import
Warning: GPflow not available or incompatible. Install with: pip install gpflow
SURGE workflow started.
Starting SURGE workflow for dataset data/datasets/NSTX-U/nstxu_equil_curated.pkl
[1/6] Loading dataset...
[2/6] Preparing splits and scalers...
[3/6] HPO for nstxu_rf_gamma_shapes (50 trials)...
[I 2026-04-01 02:18:13,778] A new study created in memory with name: nstxu_gamma_shapes_only_hpo-sklearn.random_forest
  [HPO] Trial 0 started...
  [HPO] Trial 0 finished in 2.2s (val_r2=0.7862)
[I 2026-04-01 02:18:16,026] Trial 0 finished with value: 0.7862458961282299 and parameters: {'n_estimators': 500, 'max_depth': 11, 'min_samples_leaf': 4}. Best is trial 0 with value: 0.7862458961282299.
    Trial 1/50 (best val_r2=0.7862)
  [HPO] Trial 1 started...
  [HPO] Trial 1 finished in 3.5s (val_r2=0.8147)
[I 2026-04-01 02:18:19,495] Trial 1 finished with value: 0.8147374628125481 and parameters: {'n_estimators': 600, 'max_depth': 28, 'min_samples_leaf': 2}. Best is trial 1 with value: 0.8147374628125481.
    Trial 2/50 (best val_r2=0.8147)
  [HPO] Trial 2 started...
  [HPO] Trial 2 finished in 2.9s (val_r2=0.8081)
[I 2026-04-01 02:18:22,358] Trial 2 finished with value: 0.8081052691223214 and parameters: {'n_estimators': 450, 'max_depth': 23, 'min_samples_leaf': 3}. Best is trial 1 with value: 0.8147374628125481.
    Trial 3/50 (best val_r2=0.8147)
  [HPO] Trial 3 started...
  [HPO] Trial 3 finished in 1.8s (val_r2=0.5850)
[I 2026-04-01 02:18:24,159] Trial 3 finished with value: 0.5849729953884513 and parameters: {'n_estimators': 500, 'max_depth': 6, 'min_samples_leaf': 2}. Best is trial 1 with value: 0.8147374628125481.
    Trial 4/50 (best val_r2=0.8147)
  [HPO] Trial 4 started...
  [HPO] Trial 4 finished in 1.4s (val_r2=0.8164)
[I 2026-04-01 02:18:25,561] Trial 4 finished with value: 0.8163908791301685 and parameters: {'n_estimators': 200, 'max_depth': 25, 'min_samples_leaf': 2}. Best is trial 4 with value: 0.8163908791301685.
    Trial 5/50 (best val_r2=0.8164)
  [HPO] Trial 5 started...
  [HPO] Trial 5 finished in 2.6s (val_r2=0.7964)
[I 2026-04-01 02:18:28,204] Trial 5 finished with value: 0.7964187557259672 and parameters: {'n_estimators': 500, 'max_depth': 11, 'min_samples_leaf': 2}. Best is trial 4 with value: 0.8163908791301685.
    Trial 6/50 (best val_r2=0.8164)
  [HPO] Trial 6 started...
  [HPO] Trial 6 finished in 0.8s (val_r2=0.7975)
[I 2026-04-01 02:18:29,010] Trial 6 finished with value: 0.7975251481656049 and parameters: {'n_estimators': 200, 'max_depth': 14, 'min_samples_leaf': 4}. Best is trial 4 with value: 0.8163908791301685.
    Trial 7/50 (best val_r2=0.8164)
  [HPO] Trial 7 started...
  [HPO] Trial 7 finished in 1.0s (val_r2=0.7957)
[I 2026-04-01 02:18:30,035] Trial 7 finished with value: 0.7956945360853389 and parameters: {'n_estimators': 250, 'max_depth': 13, 'min_samples_leaf': 4}. Best is trial 4 with value: 0.8163908791301685.
    Trial 8/50 (best val_r2=0.8164)
  [HPO] Trial 8 started...
  [HPO] Trial 8 finished in 0.7s (val_r2=0.6558)
[I 2026-04-01 02:18:30,715] Trial 8 finished with value: 0.655825104159782 and parameters: {'n_estimators': 200, 'max_depth': 7, 'min_samples_leaf': 3}. Best is trial 4 with value: 0.8163908791301685.
    Trial 9/50 (best val_r2=0.8164)
  [HPO] Trial 9 started...
  [HPO] Trial 9 finished in 1.8s (val_r2=0.5836)
[I 2026-04-01 02:18:32,481] Trial 9 finished with value: 0.5836295915004934 and parameters: {'n_estimators': 550, 'max_depth': 6, 'min_samples_leaf': 3}. Best is trial 4 with value: 0.8163908791301685.
    Trial 10/50 (best val_r2=0.8164)
  [HPO] Trial 10 started...
  [HPO] Trial 10 finished in 2.1s (val_r2=0.8213)
[I 2026-04-01 02:18:34,636] Trial 10 finished with value: 0.8212661868116692 and parameters: {'n_estimators': 300, 'max_depth': 21, 'min_samples_leaf': 1}. Best is trial 10 with value: 0.8212661868116692.
    Trial 11/50 (best val_r2=0.8213)
  [HPO] Trial 11 started...
  [HPO] Trial 11 finished in 2.0s (val_r2=0.8214)
[I 2026-04-01 02:18:36,679] Trial 11 finished with value: 0.8214203614596732 and parameters: {'n_estimators': 350, 'max_depth': 21, 'min_samples_leaf': 1}. Best is trial 11 with value: 0.8214203614596732.
    Trial 12/50 (best val_r2=0.8214)
  [HPO] Trial 12 started...
  [HPO] Trial 12 finished in 1.9s (val_r2=0.8213)
[I 2026-04-01 02:18:38,576] Trial 12 finished with value: 0.8212880097406159 and parameters: {'n_estimators': 350, 'max_depth': 20, 'min_samples_leaf': 1}. Best is trial 11 with value: 0.8214203614596732.
    Trial 13/50 (best val_r2=0.8214)
  [HPO] Trial 13 started...
  [HPO] Trial 13 finished in 2.0s (val_r2=0.8210)
[I 2026-04-01 02:18:40,623] Trial 13 finished with value: 0.8210025929038649 and parameters: {'n_estimators': 350, 'max_depth': 19, 'min_samples_leaf': 1}. Best is trial 11 with value: 0.8214203614596732.
    Trial 14/50 (best val_r2=0.8214)
  [HPO] Trial 14 started...
  [HPO] Trial 14 finished in 3.1s (val_r2=0.8208)
[I 2026-04-01 02:18:43,687] Trial 14 finished with value: 0.8207911058651083 and parameters: {'n_estimators': 400, 'max_depth': 17, 'min_samples_leaf': 1}. Best is trial 11 with value: 0.8214203614596732.
    Trial 15/50 (best val_r2=0.8214)
  [HPO] Trial 15 started...
  [HPO] Trial 15 finished in 2.5s (val_r2=0.8211)
[I 2026-04-01 02:18:46,187] Trial 15 finished with value: 0.8211461168021787 and parameters: {'n_estimators': 350, 'max_depth': 18, 'min_samples_leaf': 1}. Best is trial 11 with value: 0.8214203614596732.
    Trial 16/50 (best val_r2=0.8214)
  [HPO] Trial 16 started...
  [HPO] Trial 16 finished in 2.3s (val_r2=0.8208)
[I 2026-04-01 02:18:48,511] Trial 16 finished with value: 0.8208289914972822 and parameters: {'n_estimators': 350, 'max_depth': 25, 'min_samples_leaf': 1}. Best is trial 11 with value: 0.8214203614596732.
    Trial 17/50 (best val_r2=0.8214)
  [HPO] Trial 17 started...
  [HPO] Trial 17 finished in 1.7s (val_r2=0.8205)
[I 2026-04-01 02:18:50,268] Trial 17 finished with value: 0.8204999674178634 and parameters: {'n_estimators': 300, 'max_depth': 22, 'min_samples_leaf': 1}. Best is trial 11 with value: 0.8214203614596732.
    Trial 18/50 (best val_r2=0.8214)
  [HPO] Trial 18 started...
  [HPO] Trial 18 finished in 2.1s (val_r2=0.8156)
[I 2026-04-01 02:18:52,375] Trial 18 finished with value: 0.8156337097869452 and parameters: {'n_estimators': 400, 'max_depth': 16, 'min_samples_leaf': 2}. Best is trial 11 with value: 0.8214203614596732.
    Trial 19/50 (best val_r2=0.8214)
  [HPO] Trial 19 started...
  [HPO] Trial 19 finished in 1.7s (val_r2=0.8210)
[I 2026-04-01 02:18:54,112] Trial 19 finished with value: 0.8209830015556134 and parameters: {'n_estimators': 300, 'max_depth': 20, 'min_samples_leaf': 1}. Best is trial 11 with value: 0.8214203614596732.
    Trial 20/50 (best val_r2=0.8214)
  [HPO] Trial 20 started...
  [HPO] Trial 20 finished in 2.2s (val_r2=0.8156)
[I 2026-04-01 02:18:56,287] Trial 20 finished with value: 0.8156262712330599 and parameters: {'n_estimators': 450, 'max_depth': 28, 'min_samples_leaf': 2}. Best is trial 11 with value: 0.8214203614596732.
    Trial 21/50 (best val_r2=0.8214)
  [HPO] Trial 21 started...
  [HPO] Trial 21 finished in 1.8s (val_r2=0.8213)
[I 2026-04-01 02:18:58,107] Trial 21 finished with value: 0.8212661868116692 and parameters: {'n_estimators': 300, 'max_depth': 21, 'min_samples_leaf': 1}. Best is trial 11 with value: 0.8214203614596732.
    Trial 22/50 (best val_r2=0.8214)
  [HPO] Trial 22 started...
  [HPO] Trial 22 finished in 1.2s (val_r2=0.8195)
[I 2026-04-01 02:18:59,361] Trial 22 finished with value: 0.8195045213813263 and parameters: {'n_estimators': 250, 'max_depth': 24, 'min_samples_leaf': 1}. Best is trial 11 with value: 0.8214203614596732.
    Trial 23/50 (best val_r2=0.8214)
  [HPO] Trial 23 started...
  [HPO] Trial 23 finished in 2.1s (val_r2=0.8218)
[I 2026-04-01 02:19:01,458] Trial 23 finished with value: 0.8217742740407243 and parameters: {'n_estimators': 400, 'max_depth': 20, 'min_samples_leaf': 1}. Best is trial 23 with value: 0.8217742740407243.
    Trial 24/50 (best val_r2=0.8218)
  [HPO] Trial 24 started...
  [HPO] Trial 24 finished in 2.0s (val_r2=0.8206)
[I 2026-04-01 02:19:03,444] Trial 24 finished with value: 0.8206393123887586 and parameters: {'n_estimators': 400, 'max_depth': 16, 'min_samples_leaf': 1}. Best is trial 23 with value: 0.8217742740407243.
    Trial 25/50 (best val_r2=0.8218)
  [HPO] Trial 25 started...
  [HPO] Trial 25 finished in 2.1s (val_r2=0.8158)
[I 2026-04-01 02:19:05,521] Trial 25 finished with value: 0.8157804025798367 and parameters: {'n_estimators': 450, 'max_depth': 19, 'min_samples_leaf': 2}. Best is trial 23 with value: 0.8217742740407243.
    Trial 26/50 (best val_r2=0.8218)
  [HPO] Trial 26 started...
  [HPO] Trial 26 finished in 1.8s (val_r2=0.8208)
[I 2026-04-01 02:19:07,306] Trial 26 finished with value: 0.8207975051399582 and parameters: {'n_estimators': 350, 'max_depth': 22, 'min_samples_leaf': 1}. Best is trial 23 with value: 0.8217742740407243.
    Trial 27/50 (best val_r2=0.8218)
  [HPO] Trial 27 started...
  [HPO] Trial 27 finished in 2.0s (val_r2=0.8164)
[I 2026-04-01 02:19:09,302] Trial 27 finished with value: 0.8163821014187305 and parameters: {'n_estimators': 400, 'max_depth': 26, 'min_samples_leaf': 2}. Best is trial 23 with value: 0.8217742740407243.
    Trial 28/50 (best val_r2=0.8218)
  [HPO] Trial 28 started...
  [HPO] Trial 28 finished in 1.3s (val_r2=0.8188)
[I 2026-04-01 02:19:10,614] Trial 28 finished with value: 0.8187557098605156 and parameters: {'n_estimators': 250, 'max_depth': 15, 'min_samples_leaf': 1}. Best is trial 23 with value: 0.8217742740407243.
    Trial 29/50 (best val_r2=0.8218)
  [HPO] Trial 29 started...
  [HPO] Trial 29 finished in 2.1s (val_r2=0.8082)
[I 2026-04-01 02:19:12,723] Trial 29 finished with value: 0.8082337588132672 and parameters: {'n_estimators': 450, 'max_depth': 18, 'min_samples_leaf': 3}. Best is trial 23 with value: 0.8217742740407243.
    Trial 30/50 (best val_r2=0.8218)
  [HPO] Trial 30 started...
  [HPO] Trial 30 finished in 1.7s (val_r2=0.8213)
[I 2026-04-01 02:19:14,404] Trial 30 finished with value: 0.8212880097406159 and parameters: {'n_estimators': 350, 'max_depth': 20, 'min_samples_leaf': 1}. Best is trial 23 with value: 0.8217742740407243.
    Trial 31/50 (best val_r2=0.8218)
  [HPO] Trial 31 started...
  [HPO] Trial 31 finished in 1.7s (val_r2=0.8213)
[I 2026-04-01 02:19:16,104] Trial 31 finished with value: 0.8212880097406159 and parameters: {'n_estimators': 350, 'max_depth': 20, 'min_samples_leaf': 1}. Best is trial 23 with value: 0.8217742740407243.
    Trial 32/50 (best val_r2=0.8218)
  [HPO] Trial 32 started...
  [HPO] Trial 32 finished in 2.0s (val_r2=0.8212)
[I 2026-04-01 02:19:18,161] Trial 32 finished with value: 0.8212221355905999 and parameters: {'n_estimators': 400, 'max_depth': 22, 'min_samples_leaf': 1}. Best is trial 23 with value: 0.8217742740407243.
    Trial 33/50 (best val_r2=0.8218)
  [HPO] Trial 33 started...
  [HPO] Trial 33 finished in 1.8s (val_r2=0.8210)
[I 2026-04-01 02:19:19,951] Trial 33 finished with value: 0.820987441887601 and parameters: {'n_estimators': 350, 'max_depth': 23, 'min_samples_leaf': 1}. Best is trial 23 with value: 0.8217742740407243.
    Trial 34/50 (best val_r2=0.8218)
  [HPO] Trial 34 started...
  [HPO] Trial 34 finished in 1.3s (val_r2=0.8162)
[I 2026-04-01 02:19:21,306] Trial 34 finished with value: 0.8162217454092944 and parameters: {'n_estimators': 300, 'max_depth': 20, 'min_samples_leaf': 2}. Best is trial 23 with value: 0.8217742740407243.
    Trial 35/50 (best val_r2=0.8218)
  [HPO] Trial 35 started...
  [HPO] Trial 35 finished in 3.0s (val_r2=0.8204)
[I 2026-04-01 02:19:24,301] Trial 35 finished with value: 0.8203613819254446 and parameters: {'n_estimators': 600, 'max_depth': 18, 'min_samples_leaf': 1}. Best is trial 23 with value: 0.8217742740407243.
    Trial 36/50 (best val_r2=0.8218)
  [HPO] Trial 36 started...
  [HPO] Trial 36 finished in 2.0s (val_r2=0.8157)
[I 2026-04-01 02:19:26,292] Trial 36 finished with value: 0.8157284277629718 and parameters: {'n_estimators': 450, 'max_depth': 26, 'min_samples_leaf': 2}. Best is trial 23 with value: 0.8217742740407243.
    Trial 37/50 (best val_r2=0.8218)
  [HPO] Trial 37 started...
  [HPO] Trial 37 finished in 1.9s (val_r2=0.8165)
[I 2026-04-01 02:19:28,171] Trial 37 finished with value: 0.8165059698281857 and parameters: {'n_estimators': 400, 'max_depth': 24, 'min_samples_leaf': 2}. Best is trial 23 with value: 0.8217742740407243.
    Trial 38/50 (best val_r2=0.8218)
  [HPO] Trial 38 started...
  [HPO] Trial 38 finished in 2.4s (val_r2=0.8211)
[I 2026-04-01 02:19:30,634] Trial 38 finished with value: 0.821079690118438 and parameters: {'n_estimators': 500, 'max_depth': 21, 'min_samples_leaf': 1}. Best is trial 23 with value: 0.8217742740407243.
    Trial 39/50 (best val_r2=0.8218)
  [HPO] Trial 39 started...
  [HPO] Trial 39 finished in 1.4s (val_r2=0.8085)
[I 2026-04-01 02:19:32,066] Trial 39 finished with value: 0.8085343557244308 and parameters: {'n_estimators': 350, 'max_depth': 12, 'min_samples_leaf': 1}. Best is trial 23 with value: 0.8217742740407243.
    Trial 40/50 (best val_r2=0.8218)
  [HPO] Trial 40 started...
  [HPO] Trial 40 finished in 1.2s (val_r2=0.8000)
[I 2026-04-01 02:19:33,266] Trial 40 finished with value: 0.7999977197115484 and parameters: {'n_estimators': 300, 'max_depth': 17, 'min_samples_leaf': 4}. Best is trial 23 with value: 0.8217742740407243.
    Trial 41/50 (best val_r2=0.8218)
  [HPO] Trial 41 started...
  [HPO] Trial 41 finished in 1.9s (val_r2=0.8213)
[I 2026-04-01 02:19:35,152] Trial 41 finished with value: 0.8212880097406159 and parameters: {'n_estimators': 350, 'max_depth': 20, 'min_samples_leaf': 1}. Best is trial 23 with value: 0.8217742740407243.
    Trial 42/50 (best val_r2=0.8218)
  [HPO] Trial 42 started...
  [HPO] Trial 42 finished in 2.1s (val_r2=0.8215)
[I 2026-04-01 02:19:37,287] Trial 42 finished with value: 0.8215192746210184 and parameters: {'n_estimators': 400, 'max_depth': 19, 'min_samples_leaf': 1}. Best is trial 23 with value: 0.8217742740407243.
    Trial 43/50 (best val_r2=0.8218)
  [HPO] Trial 43 started...
  [HPO] Trial 43 finished in 2.0s (val_r2=0.8215)
[I 2026-04-01 02:19:39,305] Trial 43 finished with value: 0.8215192746210184 and parameters: {'n_estimators': 400, 'max_depth': 19, 'min_samples_leaf': 1}. Best is trial 23 with value: 0.8217742740407243.
    Trial 44/50 (best val_r2=0.8218)
  [HPO] Trial 44 started...
  [HPO] Trial 44 finished in 2.3s (val_r2=0.8211)
[I 2026-04-01 02:19:41,639] Trial 44 finished with value: 0.821142437938774 and parameters: {'n_estimators': 450, 'max_depth': 19, 'min_samples_leaf': 1}. Best is trial 23 with value: 0.8217742740407243.
    Trial 45/50 (best val_r2=0.8218)
  [HPO] Trial 45 started...
  [HPO] Trial 45 finished in 1.8s (val_r2=0.8087)
[I 2026-04-01 02:19:43,431] Trial 45 finished with value: 0.8087198417290962 and parameters: {'n_estimators': 400, 'max_depth': 17, 'min_samples_leaf': 3}. Best is trial 23 with value: 0.8217742740407243.
    Trial 46/50 (best val_r2=0.8218)
  [HPO] Trial 46 started...
  [HPO] Trial 46 finished in 2.6s (val_r2=0.8163)
[I 2026-04-01 02:19:46,071] Trial 46 finished with value: 0.8162613472702558 and parameters: {'n_estimators': 550, 'max_depth': 14, 'min_samples_leaf': 1}. Best is trial 23 with value: 0.8217742740407243.
    Trial 47/50 (best val_r2=0.8218)
  [HPO] Trial 47 started...
  [HPO] Trial 47 finished in 1.7s (val_r2=0.7577)
[I 2026-04-01 02:19:47,816] Trial 47 finished with value: 0.7576552147959567 and parameters: {'n_estimators': 400, 'max_depth': 9, 'min_samples_leaf': 2}. Best is trial 23 with value: 0.8217742740407243.
    Trial 48/50 (best val_r2=0.8218)
  [HPO] Trial 48 started...
  [HPO] Trial 48 finished in 2.7s (val_r2=0.8214)
[I 2026-04-01 02:19:50,528] Trial 48 finished with value: 0.8213788458968788 and parameters: {'n_estimators': 400, 'max_depth': 23, 'min_samples_leaf': 1}. Best is trial 23 with value: 0.8217742740407243.
    Trial 49/50 (best val_r2=0.8218)
  [HPO] Trial 49 started...
  [HPO] Trial 49 finished in 2.7s (val_r2=0.8204)
[I 2026-04-01 02:19:53,224] Trial 49 finished with value: 0.8204306989647758 and parameters: {'n_estimators': 500, 'max_depth': 23, 'min_samples_leaf': 1}. Best is trial 23 with value: 0.8217742740407243.
    Trial 50/50 (best val_r2=0.8218)
[4/6] Training nstxu_rf_gamma_shapes...
[5/6] HPO for nstxu_mlp_gamma_shapes (50 trials)...
[I 2026-04-01 02:19:55,619] A new study created in memory with name: nstxu_gamma_shapes_only_hpo-torch.mlp
  [HPO] Trial 0 started...
  [HPO] Trial 0 finished in 31.5s (val_r2=0.8688)
[I 2026-04-01 02:20:27,125] Trial 0 finished with value: 0.8688249662623102 and parameters: {'hidden_layers_index': 2, 'dropout': 0.1331394270122193, 'learning_rate': 0.0025143428814176426, 'batch_size': 64, 'epochs': 173}. Best is trial 0 with value: 0.8688249662623102.
    Trial 1/50 (best val_r2=0.8688)
  [HPO] Trial 1 started...
  [HPO] Trial 1 finished in 35.6s (val_r2=0.8857)
[I 2026-04-01 02:21:02,695] Trial 1 finished with value: 0.8857083876006818 and parameters: {'hidden_layers_index': 2, 'dropout': 0.27456467066567425, 'learning_rate': 0.0016853391697173288, 'batch_size': 64, 'epochs': 203}. Best is trial 1 with value: 0.8857083876006818.
    Trial 2/50 (best val_r2=0.8857)
  [HPO] Trial 2 started...
  [HPO] Trial 2 finished in 25.5s (val_r2=0.9068)
[I 2026-04-01 02:21:28,193] Trial 2 finished with value: 0.9068297460023773 and parameters: {'hidden_layers_index': 1, 'dropout': 0.28794678305233395, 'learning_rate': 0.0002725285130250698, 'batch_size': 128, 'epochs': 214}. Best is trial 2 with value: 0.9068297460023773.
    Trial 3/50 (best val_r2=0.9068)
  [HPO] Trial 3 started...
  [HPO] Trial 3 finished in 20.6s (val_r2=0.8806)
[I 2026-04-01 02:21:48,761] Trial 3 finished with value: 0.8805519388951543 and parameters: {'hidden_layers_index': 0, 'dropout': 0.16178697823312763, 'learning_rate': 0.00362466400156375, 'batch_size': 128, 'epochs': 205}. Best is trial 2 with value: 0.9068297460023773.
    Trial 4/50 (best val_r2=0.9068)
  [HPO] Trial 4 started...
  [HPO] Trial 4 finished in 23.2s (val_r2=0.8757)
[I 2026-04-01 02:22:11,951] Trial 4 finished with value: 0.87566170690503 and parameters: {'hidden_layers_index': 0, 'dropout': 0.31130203294787817, 'learning_rate': 0.0024043227611998323, 'batch_size': 64, 'epochs': 158}. Best is trial 2 with value: 0.9068297460023773.
    Trial 5/50 (best val_r2=0.9068)
  [HPO] Trial 5 started...
  [HPO] Trial 5 finished in 59.8s (val_r2=0.8656)
[I 2026-04-01 02:23:11,742] Trial 5 finished with value: 0.8656467051012802 and parameters: {'hidden_layers_index': 2, 'dropout': 0.05000421174931979, 'learning_rate': 0.0002627903447762754, 'batch_size': 32, 'epochs': 184}. Best is trial 2 with value: 0.9068297460023773.
    Trial 6/50 (best val_r2=0.9068)
  [HPO] Trial 6 started...
  [HPO] Trial 6 finished in 26.0s (val_r2=0.9052)
[I 2026-04-01 02:23:37,742] Trial 6 finished with value: 0.9051960029941208 and parameters: {'hidden_layers_index': 2, 'dropout': 0.1355664957692966, 'learning_rate': 0.0006001696958441087, 'batch_size': 128, 'epochs': 193}. Best is trial 2 with value: 0.9068297460023773.
    Trial 7/50 (best val_r2=0.9068)
  [HPO] Trial 7 started...
  [HPO] Trial 7 finished in 14.2s (val_r2=0.8958)
[I 2026-04-01 02:23:51,898] Trial 7 finished with value: 0.8958077013124429 and parameters: {'hidden_layers_index': 0, 'dropout': 0.2901297777155597, 'learning_rate': 0.0008540385215381805, 'batch_size': 128, 'epochs': 118}. Best is trial 2 with value: 0.9068297460023773.
    Trial 8/50 (best val_r2=0.9068)
  [HPO] Trial 8 started...
  [HPO] Trial 8 finished in 54.2s (val_r2=0.8903)
[I 2026-04-01 02:24:46,085] Trial 8 finished with value: 0.8902752918085848 and parameters: {'hidden_layers_index': 2, 'dropout': 0.28803675546162477, 'learning_rate': 0.0002533817781390946, 'batch_size': 32, 'epochs': 201}. Best is trial 2 with value: 0.9068297460023773.
    Trial 9/50 (best val_r2=0.9068)
  [HPO] Trial 9 started...
  [HPO] Trial 9 finished in 23.4s (val_r2=0.9063)
[I 2026-04-01 02:25:09,505] Trial 9 finished with value: 0.9062524011810479 and parameters: {'hidden_layers_index': 1, 'dropout': 0.1007048461662138, 'learning_rate': 0.0002110412997403752, 'batch_size': 128, 'epochs': 205}. Best is trial 2 with value: 0.9068297460023773.
    Trial 10/50 (best val_r2=0.9068)
  [HPO] Trial 10 started...
  [HPO] Trial 10 finished in 16.5s (val_r2=0.8733)
[I 2026-04-01 02:25:25,995] Trial 10 finished with value: 0.8732734468250907 and parameters: {'hidden_layers_index': 1, 'dropout': 0.3882494618792104, 'learning_rate': 0.00010575648042945282, 'batch_size': 128, 'epochs': 146}. Best is trial 2 with value: 0.9068297460023773.
    Trial 11/50 (best val_r2=0.9068)
  [HPO] Trial 11 started...
  [HPO] Trial 11 finished in 27.2s (val_r2=0.9048)
[I 2026-04-01 02:25:53,212] Trial 11 finished with value: 0.9047982570367907 and parameters: {'hidden_layers_index': 1, 'dropout': 0.21123369391900418, 'learning_rate': 0.0001833533999302265, 'batch_size': 128, 'epochs': 219}. Best is trial 2 with value: 0.9068297460023773.
    Trial 12/50 (best val_r2=0.9068)
  [HPO] Trial 12 started...
  [HPO] Trial 12 finished in 28.1s (val_r2=0.8935)
[I 2026-04-01 02:26:21,279] Trial 12 finished with value: 0.8934715943905376 and parameters: {'hidden_layers_index': 1, 'dropout': 0.05213012575770634, 'learning_rate': 0.0004414248328268254, 'batch_size': 128, 'epochs': 217}. Best is trial 2 with value: 0.9068297460023773.
    Trial 13/50 (best val_r2=0.9068)
  [HPO] Trial 13 started...
  [HPO] Trial 13 finished in 21.7s (val_r2=0.8820)
[I 2026-04-01 02:26:42,961] Trial 13 finished with value: 0.8820193563609675 and parameters: {'hidden_layers_index': 1, 'dropout': 0.37369347109274587, 'learning_rate': 0.00010865667041833001, 'batch_size': 128, 'epochs': 177}. Best is trial 2 with value: 0.9068297460023773.
    Trial 14/50 (best val_r2=0.9068)
  [HPO] Trial 14 started...
  [HPO] Trial 14 finished in 16.7s (val_r2=0.9026)
[I 2026-04-01 02:26:59,637] Trial 14 finished with value: 0.9025778036168006 and parameters: {'hidden_layers_index': 1, 'dropout': 0.2165668404414087, 'learning_rate': 0.0002988199241554624, 'batch_size': 128, 'epochs': 137}. Best is trial 2 with value: 0.9068297460023773.
    Trial 15/50 (best val_r2=0.9068)
  [HPO] Trial 15 started...
  [HPO] Trial 15 finished in 27.1s (val_r2=0.8748)
[I 2026-04-01 02:27:26,703] Trial 15 finished with value: 0.8748376567530216 and parameters: {'hidden_layers_index': 1, 'dropout': 0.17854595614349508, 'learning_rate': 0.0010700990126350472, 'batch_size': 32, 'epochs': 108}. Best is trial 2 with value: 0.9068297460023773.
    Trial 16/50 (best val_r2=0.9068)
  [HPO] Trial 16 started...
  [HPO] Trial 16 finished in 15.0s (val_r2=0.9051)
[I 2026-04-01 02:27:41,743] Trial 16 finished with value: 0.9051064522988961 and parameters: {'hidden_layers_index': 0, 'dropout': 0.09784311805642923, 'learning_rate': 0.00015600008099965343, 'batch_size': 128, 'epochs': 161}. Best is trial 2 with value: 0.9068297460023773.
    Trial 17/50 (best val_r2=0.9068)
  [HPO] Trial 17 started...
  [HPO] Trial 17 finished in 21.3s (val_r2=0.9040)
[I 2026-04-01 02:28:03,094] Trial 17 finished with value: 0.9040208454716677 and parameters: {'hidden_layers_index': 1, 'dropout': 0.3321311495877609, 'learning_rate': 0.0003988322787150474, 'batch_size': 128, 'epochs': 190}. Best is trial 2 with value: 0.9068297460023773.
    Trial 18/50 (best val_r2=0.9068)
  [HPO] Trial 18 started...
  [HPO] Trial 18 finished in 53.7s (val_r2=0.8966)
[I 2026-04-01 02:28:56,833] Trial 18 finished with value: 0.8966010391384751 and parameters: {'hidden_layers_index': 1, 'dropout': 0.23980605816623712, 'learning_rate': 0.00018142333150552485, 'batch_size': 32, 'epochs': 219}. Best is trial 2 with value: 0.9068297460023773.
    Trial 19/50 (best val_r2=0.9068)
  [HPO] Trial 19 started...
  [HPO] Trial 19 finished in 27.2s (val_r2=0.8861)
[I 2026-04-01 02:29:24,023] Trial 19 finished with value: 0.8860697149031409 and parameters: {'hidden_layers_index': 0, 'dropout': 0.2570721972261748, 'learning_rate': 0.0005023362849343998, 'batch_size': 64, 'epochs': 207}. Best is trial 2 with value: 0.9068297460023773.
    Trial 20/50 (best val_r2=0.9068)
  [HPO] Trial 20 started...
  [HPO] Trial 20 finished in 19.8s (val_r2=0.8905)
[I 2026-04-01 02:29:43,861] Trial 20 finished with value: 0.8904831821112534 and parameters: {'hidden_layers_index': 1, 'dropout': 0.34870739375679893, 'learning_rate': 0.0011345592076733128, 'batch_size': 128, 'epochs': 165}. Best is trial 2 with value: 0.9068297460023773.
    Trial 21/50 (best val_r2=0.9068)
  [HPO] Trial 21 started...
  [HPO] Trial 21 finished in 25.2s (val_r2=0.9041)
[I 2026-04-01 02:30:09,058] Trial 21 finished with value: 0.9041418094232548 and parameters: {'hidden_layers_index': 2, 'dropout': 0.10776844855430184, 'learning_rate': 0.0006891766571427007, 'batch_size': 128, 'epochs': 193}. Best is trial 2 with value: 0.9068297460023773.
    Trial 22/50 (best val_r2=0.9068)
  [HPO] Trial 22 started...
  [HPO] Trial 22 finished in 25.0s (val_r2=0.8941)
[I 2026-04-01 02:30:34,087] Trial 22 finished with value: 0.894148753735843 and parameters: {'hidden_layers_index': 2, 'dropout': 0.0912577806280843, 'learning_rate': 0.0005362013826309411, 'batch_size': 128, 'epochs': 195}. Best is trial 2 with value: 0.9068297460023773.
    Trial 23/50 (best val_r2=0.9068)
  [HPO] Trial 23 started...
  [HPO] Trial 23 finished in 24.9s (val_r2=0.9024)
[I 2026-04-01 02:30:58,998] Trial 23 finished with value: 0.9023756917511706 and parameters: {'hidden_layers_index': 1, 'dropout': 0.17627646732570001, 'learning_rate': 0.0003501356723344989, 'batch_size': 128, 'epochs': 209}. Best is trial 2 with value: 0.9068297460023773.
    Trial 24/50 (best val_r2=0.9068)
  [HPO] Trial 24 started...
  [HPO] Trial 24 finished in 22.8s (val_r2=0.9069)
[I 2026-04-01 02:31:21,836] Trial 24 finished with value: 0.9069491129729822 and parameters: {'hidden_layers_index': 2, 'dropout': 0.1428428415137376, 'learning_rate': 0.0006285302969637497, 'batch_size': 128, 'epochs': 183}. Best is trial 24 with value: 0.9069491129729822.
    Trial 25/50 (best val_r2=0.9069)
  [HPO] Trial 25 started...
  [HPO] Trial 25 finished in 22.0s (val_r2=0.9062)
[I 2026-04-01 02:31:43,885] Trial 25 finished with value: 0.9062413794083379 and parameters: {'hidden_layers_index': 1, 'dropout': 0.19930391006732784, 'learning_rate': 0.000234961512542809, 'batch_size': 128, 'epochs': 182}. Best is trial 24 with value: 0.9069491129729822.
    Trial 26/50 (best val_r2=0.9069)
  [HPO] Trial 26 started...
  [HPO] Trial 26 finished in 25.0s (val_r2=0.8940)
[I 2026-04-01 02:32:08,905] Trial 26 finished with value: 0.8940032383801126 and parameters: {'hidden_layers_index': 1, 'dropout': 0.13833242114929697, 'learning_rate': 0.00015253336266244386, 'batch_size': 128, 'epochs': 211}. Best is trial 24 with value: 0.9069491129729822.
    Trial 27/50 (best val_r2=0.9069)
  [HPO] Trial 27 started...
  [HPO] Trial 27 finished in 21.4s (val_r2=0.9019)
[I 2026-04-01 02:32:30,269] Trial 27 finished with value: 0.9019397162457938 and parameters: {'hidden_layers_index': 2, 'dropout': 0.07914425581798616, 'learning_rate': 0.00038350039126428236, 'batch_size': 128, 'epochs': 168}. Best is trial 24 with value: 0.9069491129729822.
    Trial 28/50 (best val_r2=0.9069)
  [HPO] Trial 28 started...
  [HPO] Trial 28 finished in 28.4s (val_r2=0.8819)
[I 2026-04-01 02:32:58,715] Trial 28 finished with value: 0.8818675790064142 and parameters: {'hidden_layers_index': 1, 'dropout': 0.24330474814859615, 'learning_rate': 0.0008721259227932103, 'batch_size': 64, 'epochs': 187}. Best is trial 24 with value: 0.9069491129729822.
    Trial 29/50 (best val_r2=0.9069)
  [HPO] Trial 29 started...
  [HPO] Trial 29 finished in 44.3s (val_r2=0.9087)
[I 2026-04-01 02:33:42,988] Trial 29 finished with value: 0.9087342608970949 and parameters: {'hidden_layers_index': 2, 'dropout': 0.11309587805797441, 'learning_rate': 0.0015913278310463585, 'batch_size': 32, 'epochs': 173}. Best is trial 29 with value: 0.9087342608970949.
    Trial 30/50 (best val_r2=0.9087)
  [HPO] Trial 30 started...
  [HPO] Trial 30 finished in 43.7s (val_r2=0.8799)
[I 2026-04-01 02:34:26,684] Trial 30 finished with value: 0.8799398376733989 and parameters: {'hidden_layers_index': 2, 'dropout': 0.1243507047591878, 'learning_rate': 0.001913194660630547, 'batch_size': 32, 'epochs': 146}. Best is trial 29 with value: 0.9087342608970949.
    Trial 31/50 (best val_r2=0.9087)
  [HPO] Trial 31 started...
  [HPO] Trial 31 finished in 55.8s (val_r2=0.8817)
[I 2026-04-01 02:35:22,526] Trial 31 finished with value: 0.8817118704925209 and parameters: {'hidden_layers_index': 2, 'dropout': 0.15856510509327926, 'learning_rate': 0.0015763333866500738, 'batch_size': 32, 'epochs': 199}. Best is trial 29 with value: 0.9087342608970949.
    Trial 32/50 (best val_r2=0.9087)
  [HPO] Trial 32 started...
  [HPO] Trial 32 finished in 47.7s (val_r2=0.8691)
[I 2026-04-01 02:36:10,233] Trial 32 finished with value: 0.8690943436476297 and parameters: {'hidden_layers_index': 2, 'dropout': 0.11518070016611295, 'learning_rate': 0.00389550625445374, 'batch_size': 32, 'epochs': 177}. Best is trial 29 with value: 0.9087342608970949.
    Trial 33/50 (best val_r2=0.9087)
  [HPO] Trial 33 started...
  [HPO] Trial 33 finished in 29.0s (val_r2=0.8776)
[I 2026-04-01 02:36:39,251] Trial 33 finished with value: 0.8776125398455171 and parameters: {'hidden_layers_index': 2, 'dropout': 0.07909224452699493, 'learning_rate': 0.0013238903806334693, 'batch_size': 64, 'epochs': 173}. Best is trial 29 with value: 0.9087342608970949.
    Trial 34/50 (best val_r2=0.9087)
  [HPO] Trial 34 started...
  [HPO] Trial 34 finished in 43.0s (val_r2=0.8941)
[I 2026-04-01 02:37:22,265] Trial 34 finished with value: 0.8941174180562649 and parameters: {'hidden_layers_index': 2, 'dropout': 0.14537546536558243, 'learning_rate': 0.0024253946382781517, 'batch_size': 32, 'epochs': 152}. Best is trial 29 with value: 0.9087342608970949.
    Trial 35/50 (best val_r2=0.9087)
  [HPO] Trial 35 started...
  [HPO] Trial 35 finished in 32.8s (val_r2=0.8875)
[I 2026-04-01 02:37:55,042] Trial 35 finished with value: 0.8874847424656274 and parameters: {'hidden_layers_index': 1, 'dropout': 0.18795102966063493, 'learning_rate': 0.0029553448047354804, 'batch_size': 64, 'epochs': 213}. Best is trial 29 with value: 0.9087342608970949.
    Trial 36/50 (best val_r2=0.9087)
  [HPO] Trial 36 started...
  [HPO] Trial 36 finished in 57.4s (val_r2=0.9074)
[I 2026-04-01 02:38:52,493] Trial 36 finished with value: 0.9074283373067201 and parameters: {'hidden_layers_index': 2, 'dropout': 0.067758038437957, 'learning_rate': 0.00020585731871014374, 'batch_size': 32, 'epochs': 202}. Best is trial 29 with value: 0.9087342608970949.
    Trial 37/50 (best val_r2=0.9087)
  [HPO] Trial 37 started...
  [HPO] Trial 37 finished in 47.5s (val_r2=0.8808)
[I 2026-04-01 02:39:40,022] Trial 37 finished with value: 0.8808332029775958 and parameters: {'hidden_layers_index': 2, 'dropout': 0.0650297024420862, 'learning_rate': 0.00032048443149508945, 'batch_size': 32, 'epochs': 180}. Best is trial 29 with value: 0.9087342608970949.
    Trial 38/50 (best val_r2=0.9087)
  [HPO] Trial 38 started...
  [HPO] Trial 38 finished in 53.1s (val_r2=0.8740)
[I 2026-04-01 02:40:33,172] Trial 38 finished with value: 0.873992946730974 and parameters: {'hidden_layers_index': 2, 'dropout': 0.16067739520160845, 'learning_rate': 0.0007421433670886068, 'batch_size': 32, 'epochs': 199}. Best is trial 29 with value: 0.9087342608970949.
    Trial 39/50 (best val_r2=0.9087)
  [HPO] Trial 39 started...
  [HPO] Trial 39 finished in 51.4s (val_r2=0.8895)
[I 2026-04-01 02:41:24,586] Trial 39 finished with value: 0.8894694975901489 and parameters: {'hidden_layers_index': 2, 'dropout': 0.30426564368935105, 'learning_rate': 0.00013017890069198863, 'batch_size': 32, 'epochs': 187}. Best is trial 29 with value: 0.9087342608970949.
    Trial 40/50 (best val_r2=0.9087)
  [HPO] Trial 40 started...
  [HPO] Trial 40 finished in 51.7s (val_r2=0.8381)
[I 2026-04-01 02:42:16,298] Trial 40 finished with value: 0.8381484272621544 and parameters: {'hidden_layers_index': 2, 'dropout': 0.07190617513165581, 'learning_rate': 0.0019134861020612623, 'batch_size': 32, 'epochs': 171}. Best is trial 29 with value: 0.9087342608970949.
    Trial 41/50 (best val_r2=0.9087)
  [HPO] Trial 41 started...
  [HPO] Trial 41 finished in 59.8s (val_r2=0.8946)
[I 2026-04-01 02:43:16,082] Trial 41 finished with value: 0.8946410800988035 and parameters: {'hidden_layers_index': 2, 'dropout': 0.09944325598606021, 'learning_rate': 0.0002165662685538192, 'batch_size': 32, 'epochs': 204}. Best is trial 29 with value: 0.9087342608970949.
    Trial 42/50 (best val_r2=0.9087)
  [HPO] Trial 42 started...
  [HPO] Trial 42 finished in 33.0s (val_r2=0.9116)
[I 2026-04-01 02:43:49,132] Trial 42 finished with value: 0.911614260125136 and parameters: {'hidden_layers_index': 2, 'dropout': 0.053494410992478675, 'learning_rate': 0.00019460723382754385, 'batch_size': 128, 'epochs': 198}. Best is trial 42 with value: 0.911614260125136.
    Trial 43/50 (best val_r2=0.9116)
  [HPO] Trial 43 started...
  [HPO] Trial 43 finished in 30.7s (val_r2=0.9043)
[I 2026-04-01 02:44:19,834] Trial 43 finished with value: 0.9042777860871054 and parameters: {'hidden_layers_index': 2, 'dropout': 0.0669135351927244, 'learning_rate': 0.0002965123775822406, 'batch_size': 128, 'epochs': 195}. Best is trial 42 with value: 0.911614260125136.
    Trial 44/50 (best val_r2=0.9116)
  [HPO] Trial 44 started...
  [HPO] Trial 44 finished in 73.1s (val_r2=0.8795)
[I 2026-04-01 02:45:32,979] Trial 44 finished with value: 0.8794989667729893 and parameters: {'hidden_layers_index': 2, 'dropout': 0.12096766823936404, 'learning_rate': 0.004497344494645187, 'batch_size': 32, 'epochs': 214}. Best is trial 42 with value: 0.911614260125136.
    Trial 45/50 (best val_r2=0.9116)
  [HPO] Trial 45 started...
  [HPO] Trial 45 finished in 34.3s (val_r2=0.9041)
[I 2026-04-01 02:46:07,313] Trial 45 finished with value: 0.9041452025263216 and parameters: {'hidden_layers_index': 2, 'dropout': 0.05521890353145632, 'learning_rate': 0.0001946842259076101, 'batch_size': 128, 'epochs': 202}. Best is trial 42 with value: 0.911614260125136.
    Trial 46/50 (best val_r2=0.9116)
  [HPO] Trial 46 started...
  [HPO] Trial 46 finished in 30.1s (val_r2=0.8960)
[I 2026-04-01 02:46:37,448] Trial 46 finished with value: 0.8959849517738735 and parameters: {'hidden_layers_index': 2, 'dropout': 0.08958355138416613, 'learning_rate': 0.0002607167401560139, 'batch_size': 128, 'epochs': 183}. Best is trial 42 with value: 0.911614260125136.
    Trial 47/50 (best val_r2=0.9116)
  [HPO] Trial 47 started...
  [HPO] Trial 47 finished in 44.0s (val_r2=0.8929)
[I 2026-04-01 02:47:21,486] Trial 47 finished with value: 0.8928764659562725 and parameters: {'hidden_layers_index': 2, 'dropout': 0.14998646538019164, 'learning_rate': 0.000126719350604853, 'batch_size': 64, 'epochs': 190}. Best is trial 42 with value: 0.911614260125136.
    Trial 48/50 (best val_r2=0.9116)
  [HPO] Trial 48 started...
  [HPO] Trial 48 finished in 35.8s (val_r2=0.8996)
[I 2026-04-01 02:47:57,245] Trial 48 finished with value: 0.8996465910086272 and parameters: {'hidden_layers_index': 2, 'dropout': 0.13100593551380704, 'learning_rate': 0.00045945014679624636, 'batch_size': 128, 'epochs': 198}. Best is trial 42 with value: 0.911614260125136.
    Trial 49/50 (best val_r2=0.9116)
  [HPO] Trial 49 started...
  [HPO] Trial 49 finished in 41.7s (val_r2=0.8978)
[I 2026-04-01 02:48:38,914] Trial 49 finished with value: 0.8978191572549417 and parameters: {'hidden_layers_index': 0, 'dropout': 0.2685203703478013, 'learning_rate': 0.0001612330827472828, 'batch_size': 32, 'epochs': 158}. Best is trial 42 with value: 0.911614260125136.
    Trial 50/50 (best val_r2=0.9116)
[6/6] Training nstxu_mlp_gamma_shapes...
[6/6] Done. Artifacts in runs/nstxu_gamma_shapes_only_hpo
Workflow nstxu_gamma_shapes_only_hpo complete. Artifacts saved to runs/nstxu_gamma_shapes_only_hpo
{
  "run_tag": "nstxu_gamma_shapes_only_hpo",
  "dataset": {
    "file_path": "data/datasets/NSTX-U/nstxu_equil_curated.pkl",
    "n_rows": 10000,
    "n_inputs": 8,
    "n_outputs": 1,
    "output_groups": {},
    "profile_groups": {},
    "dataset_info": {
      "shape": [
        10000,
        33
      ],
      "n_input_variables": 29,
      "n_output_variables": 4,
      "n_output_groups": 0,
      "largest_output_group": 0,
      "largest_output_group_name": null
    }
  },
  "resources": {
    "scheduler": null,
    "n_cpus": 10,
    "n_gpus": 0,
    "gpu_type": null,
    "device": "cpu",
    "hostname": "asanche2-lt",
    "extras": {
      "platform": "macOS-26.3.1-arm64-arm-64bit"
    }
  },
  "splits": {
    "train": 6000,
    "val": 2000,
    "test": 2000
  },
  "scalers": {
    "input_scaler": "runs/nstxu_gamma_shapes_only_hpo/scalers/inputs.joblib",
    "output_scaler": "runs/nstxu_gamma_shapes_only_hpo/scalers/outputs.joblib"
  },
  "models": [
    {
      "name": "nstxu_rf_gamma_shapes",
      "backend": "sklearn",
      "params": {
        "n_estimators": 400,
        "max_depth": 20,
        "min_samples_leaf": 1
      },
      "metrics": {
        "train": {
          "r2": 0.9760750485845767,
          "rmse": 449.2449248976959,
          "mae": 173.885603880327,
          "mape": 22457416420603.473
        },
        "val": {
          "r2": 0.8217742740407243,
          "rmse": 1199.8151946052983,
          "mae": 461.3006142296495,
          "mape": 0.7179808111161806
        },
        "test": {
          "r2": 0.7879384331776758,
          "rmse": 1306.8654275726963,
          "mae": 518.0120230737081,
          "mape": 0.8445603809822776
        }
      },
      "timings": {
        "train_seconds": 2.004831791993638,
        "train_inference_seconds": 0.08541974999388913,
        "val_inference_seconds": 0.05263937500421889,
        "train_inference_per_sample": 1.4236624998981521e-05,
        "val_inference_per_sample": 2.6319687502109445e-05,
        "test_inference_seconds": 0.05183924999437295,
        "test_inference_per_sample": 2.5919624997186475e-05
      },
      "artifacts": {
        "model": "runs/nstxu_gamma_shapes_only_hpo/models/nstxu_rf_gamma_shapes.joblib",
        "predictions": {
          "train": "runs/nstxu_gamma_shapes_only_hpo/predictions/nstxu_rf_gamma_shapes_train.csv",
          "val": "runs/nstxu_gamma_shapes_only_hpo/predictions/nstxu_rf_gamma_shapes_val.csv",
          "test": "runs/nstxu_gamma_shapes_only_hpo/predictions/nstxu_rf_gamma_shapes_test.csv"
        },
        "hpo": "runs/nstxu_gamma_shapes_only_hpo/hpo/nstxu_rf_gamma_shapes_hpo.json"
      }
    },
    {
      "name": "nstxu_mlp_gamma_shapes",
      "backend": "pytorch",
      "params": {
        "hidden_layers": [
          512,
          256,
          128
        ],
        "dropout": 0.053494410992478675,
        "epochs": 198,
        "batch_size": 128,
        "learning_rate": 0.00019460723382754385,
        "mc_dropout_passes": 40,
        "activation": "relu"
      },
      "metrics": {
        "train": {
          "r2": 0.9863410225713131,
          "rmse": 339.4429092923676,
          "mae": 133.49548498566426,
          "mape": 117479667785182.23
        },
        "val": {
          "r2": 0.8931601201273358,
          "rmse": 928.9575246842302,
          "mae": 229.5552267838239,
          "mape": 0.6162349902793998
        },
        "test": {
          "r2": 0.9092476001897871,
          "rmse": 854.9268271159756,
          "mae": 231.71481883367343,
          "mape": 0.67829984429167
        }
      },
      "timings": {
        "train_seconds": 29.771906083005888,
        "train_inference_seconds": 0.019672875001560897,
        "val_inference_seconds": 0.0033361249952577055,
        "train_inference_per_sample": 3.2788125002601495e-06,
        "val_inference_per_sample": 1.6680624976288527e-06,
        "test_inference_seconds": 0.0032704580007703044,
        "test_inference_per_sample": 1.6352290003851522e-06
      },
      "artifacts": {
        "model": "runs/nstxu_gamma_shapes_only_hpo/models/nstxu_mlp_gamma_shapes.joblib",
        "predictions": {
          "train": "runs/nstxu_gamma_shapes_only_hpo/predictions/nstxu_mlp_gamma_shapes_train.csv",
          "val": "runs/nstxu_gamma_shapes_only_hpo/predictions/nstxu_mlp_gamma_shapes_val.csv",
          "test": "runs/nstxu_gamma_shapes_only_hpo/predictions/nstxu_mlp_gamma_shapes_test.csv",
          "val_uq": "runs/nstxu_gamma_shapes_only_hpo/predictions/nstxu_mlp_gamma_shapes_val_uq.json"
        },
        "hpo": "runs/nstxu_gamma_shapes_only_hpo/hpo/nstxu_mlp_gamma_shapes_hpo.json"
      }
    }
  ],
  "registry": "Registered Models:",
  "artifacts": {
    "root": "runs/nstxu_gamma_shapes_only_hpo",
    "metrics": "runs/nstxu_gamma_shapes_only_hpo/metrics.json",
    "summary": "runs/nstxu_gamma_shapes_only_hpo/workflow_summary.json",
    "spec": "runs/nstxu_gamma_shapes_only_hpo/spec.yaml",
    "train_data_ranges": "runs/nstxu_gamma_shapes_only_hpo/train_data_ranges.json"
  }
}
>>> 2026-04-01T02:49:11-04:00 OK nstxu_gamma_shapes_only_hpo

>>> 2026-04-01T02:49:11-04:00 START nstxu_gamma_full_hpo

A module that was compiled using NumPy 1.x cannot be run in
NumPy 2.3.4 as it may crash. To support both 1.x and 2.x
versions of NumPy, modules must be compiled with NumPy 2.0.
Some module may need to rebuild instead e.g. with 'pybind11>=2.12'.

If you are a user of the module, the easiest solution will be to
downgrade to 'numpy<2' or try to upgrade the affected module.
We expect that some modules will need time to support NumPy 2.

Traceback (most recent call last):  File "<frozen runpy>", line 198, in _run_module_as_main
  File "<frozen runpy>", line 88, in _run_code
  File "/Users/asanche2/repos/SURGE/examples/m3dc1_workflow.py", line 14, in <module>
    import surge  # noqa: F401 - ensures package initialization registers adapters
  File "/Users/asanche2/repos/SURGE/surge/__init__.py", line 10, in <module>
    from .model import GPFLOW_AVAILABLE, MODEL_REGISTRY, PYTORCH_AVAILABLE
  File "/Users/asanche2/repos/SURGE/surge/model/__init__.py", line 7, in <module>
    from .gpflow import GPFLOW_AVAILABLE, GPflowGPRAdapter, GPflowMultiKernelAdapter
  File "/Users/asanche2/repos/SURGE/surge/model/gpflow.py", line 7, in <module>
    from .gpflow_impl import GPFLOW_AVAILABLE, GPflowGPRModel, GPflowMultiKernelGPR
  File "/Users/asanche2/repos/SURGE/surge/model/gpflow_impl.py", line 11, in <module>
    import gpflow as gpf
  File "/opt/homebrew/anaconda3/lib/python3.12/site-packages/gpflow/__init__.py", line 17, in <module>
    from . import (
  File "/opt/homebrew/anaconda3/lib/python3.12/site-packages/gpflow/conditionals/__init__.py", line 1, in <module>
    from . import conditionals, multioutput, sample_conditionals
  File "/opt/homebrew/anaconda3/lib/python3.12/site-packages/gpflow/conditionals/conditionals.py", line 17, in <module>
    import tensorflow as tf
  File "/opt/homebrew/anaconda3/lib/python3.12/site-packages/tensorflow/__init__.py", line 45, in <module>
    from tensorflow._api.v2 import __internal__
  File "/opt/homebrew/anaconda3/lib/python3.12/site-packages/tensorflow/_api/v2/__internal__/__init__.py", line 8, in <module>
    from tensorflow._api.v2.__internal__ import autograph
  File "/opt/homebrew/anaconda3/lib/python3.12/site-packages/tensorflow/_api/v2/__internal__/autograph/__init__.py", line 8, in <module>
    from tensorflow.python.autograph.core.ag_ctx import control_status_ctx # line: 34
  File "/opt/homebrew/anaconda3/lib/python3.12/site-packages/tensorflow/python/autograph/core/ag_ctx.py", line 21, in <module>
    from tensorflow.python.autograph.utils import ag_logging
  File "/opt/homebrew/anaconda3/lib/python3.12/site-packages/tensorflow/python/autograph/utils/__init__.py", line 17, in <module>
    from tensorflow.python.autograph.utils.context_managers import control_dependency_on_returns
  File "/opt/homebrew/anaconda3/lib/python3.12/site-packages/tensorflow/python/autograph/utils/context_managers.py", line 19, in <module>
    from tensorflow.python.framework import ops
  File "/opt/homebrew/anaconda3/lib/python3.12/site-packages/tensorflow/python/framework/ops.py", line 46, in <module>
    from tensorflow.python import pywrap_tfe
  File "/opt/homebrew/anaconda3/lib/python3.12/site-packages/tensorflow/python/pywrap_tfe.py", line 25, in <module>
    from tensorflow.python._pywrap_tfe import *
Traceback (most recent call last):
  File "/opt/homebrew/anaconda3/lib/python3.12/site-packages/numpy/core/_multiarray_umath.py", line 46, in __getattr__
    raise ImportError(msg)
ImportError: 
A module that was compiled using NumPy 1.x cannot be run in
NumPy 2.3.4 as it may crash. To support both 1.x and 2.x
versions of NumPy, modules must be compiled with NumPy 2.0.
Some module may need to rebuild instead e.g. with 'pybind11>=2.12'.

If you are a user of the module, the easiest solution will be to
downgrade to 'numpy<2' or try to upgrade the affected module.
We expect that some modules will need time to support NumPy 2.


AttributeError: 'MessageFactory' object has no attribute 'GetPrototype'

A module that was compiled using NumPy 1.x cannot be run in
NumPy 2.3.4 as it may crash. To support both 1.x and 2.x
versions of NumPy, modules must be compiled with NumPy 2.0.
Some module may need to rebuild instead e.g. with 'pybind11>=2.12'.

If you are a user of the module, the easiest solution will be to
downgrade to 'numpy<2' or try to upgrade the affected module.
We expect that some modules will need time to support NumPy 2.

Traceback (most recent call last):  File "<frozen runpy>", line 198, in _run_module_as_main
  File "<frozen runpy>", line 88, in _run_code
  File "/Users/asanche2/repos/SURGE/examples/m3dc1_workflow.py", line 14, in <module>
    import surge  # noqa: F401 - ensures package initialization registers adapters
  File "/Users/asanche2/repos/SURGE/surge/__init__.py", line 10, in <module>
    from .model import GPFLOW_AVAILABLE, MODEL_REGISTRY, PYTORCH_AVAILABLE
  File "/Users/asanche2/repos/SURGE/surge/model/__init__.py", line 7, in <module>
    from .gpflow import GPFLOW_AVAILABLE, GPflowGPRAdapter, GPflowMultiKernelAdapter
  File "/Users/asanche2/repos/SURGE/surge/model/gpflow.py", line 7, in <module>
    from .gpflow_impl import GPFLOW_AVAILABLE, GPflowGPRModel, GPflowMultiKernelGPR
  File "/Users/asanche2/repos/SURGE/surge/model/gpflow_impl.py", line 11, in <module>
    import gpflow as gpf
  File "/opt/homebrew/anaconda3/lib/python3.12/site-packages/gpflow/__init__.py", line 17, in <module>
    from . import (
  File "/opt/homebrew/anaconda3/lib/python3.12/site-packages/gpflow/conditionals/__init__.py", line 1, in <module>
    from . import conditionals, multioutput, sample_conditionals
  File "/opt/homebrew/anaconda3/lib/python3.12/site-packages/gpflow/conditionals/conditionals.py", line 17, in <module>
    import tensorflow as tf
  File "/opt/homebrew/anaconda3/lib/python3.12/site-packages/tensorflow/__init__.py", line 45, in <module>
    from tensorflow._api.v2 import __internal__
  File "/opt/homebrew/anaconda3/lib/python3.12/site-packages/tensorflow/_api/v2/__internal__/__init__.py", line 8, in <module>
    from tensorflow._api.v2.__internal__ import autograph
  File "/opt/homebrew/anaconda3/lib/python3.12/site-packages/tensorflow/_api/v2/__internal__/autograph/__init__.py", line 8, in <module>
    from tensorflow.python.autograph.core.ag_ctx import control_status_ctx # line: 34
  File "/opt/homebrew/anaconda3/lib/python3.12/site-packages/tensorflow/python/autograph/core/ag_ctx.py", line 21, in <module>
    from tensorflow.python.autograph.utils import ag_logging
  File "/opt/homebrew/anaconda3/lib/python3.12/site-packages/tensorflow/python/autograph/utils/__init__.py", line 17, in <module>
    from tensorflow.python.autograph.utils.context_managers import control_dependency_on_returns
  File "/opt/homebrew/anaconda3/lib/python3.12/site-packages/tensorflow/python/autograph/utils/context_managers.py", line 19, in <module>
    from tensorflow.python.framework import ops
  File "/opt/homebrew/anaconda3/lib/python3.12/site-packages/tensorflow/python/framework/ops.py", line 49, in <module>
    from tensorflow.python.client import pywrap_tf_session
  File "/opt/homebrew/anaconda3/lib/python3.12/site-packages/tensorflow/python/client/pywrap_tf_session.py", line 19, in <module>
    from tensorflow.python.client._pywrap_tf_session import *
Traceback (most recent call last):
  File "/opt/homebrew/anaconda3/lib/python3.12/site-packages/numpy/core/_multiarray_umath.py", line 46, in __getattr__
    raise ImportError(msg)
ImportError: 
A module that was compiled using NumPy 1.x cannot be run in
NumPy 2.3.4 as it may crash. To support both 1.x and 2.x
versions of NumPy, modules must be compiled with NumPy 2.0.
Some module may need to rebuild instead e.g. with 'pybind11>=2.12'.

If you are a user of the module, the easiest solution will be to
downgrade to 'numpy<2' or try to upgrade the affected module.
We expect that some modules will need time to support NumPy 2.



A module that was compiled using NumPy 1.x cannot be run in
NumPy 2.3.4 as it may crash. To support both 1.x and 2.x
versions of NumPy, modules must be compiled with NumPy 2.0.
Some module may need to rebuild instead e.g. with 'pybind11>=2.12'.

If you are a user of the module, the easiest solution will be to
downgrade to 'numpy<2' or try to upgrade the affected module.
We expect that some modules will need time to support NumPy 2.

Traceback (most recent call last):  File "<frozen runpy>", line 198, in _run_module_as_main
  File "<frozen runpy>", line 88, in _run_code
  File "/Users/asanche2/repos/SURGE/examples/m3dc1_workflow.py", line 14, in <module>
    import surge  # noqa: F401 - ensures package initialization registers adapters
  File "/Users/asanche2/repos/SURGE/surge/__init__.py", line 10, in <module>
    from .model import GPFLOW_AVAILABLE, MODEL_REGISTRY, PYTORCH_AVAILABLE
  File "/Users/asanche2/repos/SURGE/surge/model/__init__.py", line 7, in <module>
    from .gpflow import GPFLOW_AVAILABLE, GPflowGPRAdapter, GPflowMultiKernelAdapter
  File "/Users/asanche2/repos/SURGE/surge/model/gpflow.py", line 7, in <module>
    from .gpflow_impl import GPFLOW_AVAILABLE, GPflowGPRModel, GPflowMultiKernelGPR
  File "/Users/asanche2/repos/SURGE/surge/model/gpflow_impl.py", line 11, in <module>
    import gpflow as gpf
  File "/opt/homebrew/anaconda3/lib/python3.12/site-packages/gpflow/__init__.py", line 17, in <module>
    from . import (
  File "/opt/homebrew/anaconda3/lib/python3.12/site-packages/gpflow/conditionals/__init__.py", line 1, in <module>
    from . import conditionals, multioutput, sample_conditionals
  File "/opt/homebrew/anaconda3/lib/python3.12/site-packages/gpflow/conditionals/conditionals.py", line 17, in <module>
    import tensorflow as tf
  File "/opt/homebrew/anaconda3/lib/python3.12/site-packages/tensorflow/__init__.py", line 45, in <module>
    from tensorflow._api.v2 import __internal__
  File "/opt/homebrew/anaconda3/lib/python3.12/site-packages/tensorflow/_api/v2/__internal__/__init__.py", line 8, in <module>
    from tensorflow._api.v2.__internal__ import autograph
  File "/opt/homebrew/anaconda3/lib/python3.12/site-packages/tensorflow/_api/v2/__internal__/autograph/__init__.py", line 8, in <module>
    from tensorflow.python.autograph.core.ag_ctx import control_status_ctx # line: 34
  File "/opt/homebrew/anaconda3/lib/python3.12/site-packages/tensorflow/python/autograph/core/ag_ctx.py", line 21, in <module>
    from tensorflow.python.autograph.utils import ag_logging
  File "/opt/homebrew/anaconda3/lib/python3.12/site-packages/tensorflow/python/autograph/utils/__init__.py", line 17, in <module>
    from tensorflow.python.autograph.utils.context_managers import control_dependency_on_returns
  File "/opt/homebrew/anaconda3/lib/python3.12/site-packages/tensorflow/python/autograph/utils/context_managers.py", line 19, in <module>
    from tensorflow.python.framework import ops
  File "/opt/homebrew/anaconda3/lib/python3.12/site-packages/tensorflow/python/framework/ops.py", line 50, in <module>
    from tensorflow.python.eager import context
  File "/opt/homebrew/anaconda3/lib/python3.12/site-packages/tensorflow/python/eager/context.py", line 37, in <module>
    from tensorflow.python.eager import execute
  File "/opt/homebrew/anaconda3/lib/python3.12/site-packages/tensorflow/python/eager/execute.py", line 21, in <module>
    from tensorflow.python.framework import dtypes
  File "/opt/homebrew/anaconda3/lib/python3.12/site-packages/tensorflow/python/framework/dtypes.py", line 21, in <module>
    import ml_dtypes
  File "/opt/homebrew/anaconda3/lib/python3.12/site-packages/ml_dtypes/__init__.py", line 32, in <module>
    from ml_dtypes._finfo import finfo
  File "/opt/homebrew/anaconda3/lib/python3.12/site-packages/ml_dtypes/_finfo.py", line 19, in <module>
    from ml_dtypes._ml_dtypes_ext import bfloat16
Traceback (most recent call last):
  File "/opt/homebrew/anaconda3/lib/python3.12/site-packages/numpy/core/_multiarray_umath.py", line 46, in __getattr__
    raise ImportError(msg)
ImportError: 
A module that was compiled using NumPy 1.x cannot be run in
NumPy 2.3.4 as it may crash. To support both 1.x and 2.x
versions of NumPy, modules must be compiled with NumPy 2.0.
Some module may need to rebuild instead e.g. with 'pybind11>=2.12'.

If you are a user of the module, the easiest solution will be to
downgrade to 'numpy<2' or try to upgrade the affected module.
We expect that some modules will need time to support NumPy 2.


ImportError: numpy.core._multiarray_umath failed to import
Warning: GPflow not available or incompatible. Install with: pip install gpflow
SURGE workflow started.
Starting SURGE workflow for dataset data/datasets/NSTX-U/nstxu_equil_curated.pkl
[1/6] Loading dataset...
[2/6] Preparing splits and scalers...
[3/6] HPO for nstxu_rf_gamma_full (50 trials)...
[I 2026-04-01 02:49:17,357] A new study created in memory with name: nstxu_gamma_full_hpo-sklearn.random_forest
  [HPO] Trial 0 started...
  [HPO] Trial 0 finished in 5.8s (val_r2=0.7997)
[I 2026-04-01 02:49:23,173] Trial 0 finished with value: 0.7997063514478392 and parameters: {'n_estimators': 500, 'max_depth': 10, 'min_samples_leaf': 4}. Best is trial 0 with value: 0.7997063514478392.
    Trial 1/50 (best val_r2=0.7997)
  [HPO] Trial 1 started...
  [HPO] Trial 1 finished in 8.2s (val_r2=0.8503)
[I 2026-04-01 02:49:31,344] Trial 1 finished with value: 0.8502814576364683 and parameters: {'n_estimators': 600, 'max_depth': 24, 'min_samples_leaf': 2}. Best is trial 1 with value: 0.8502814576364683.
    Trial 2/50 (best val_r2=0.8503)
  [HPO] Trial 2 started...
  [HPO] Trial 2 finished in 5.0s (val_r2=0.8457)
[I 2026-04-01 02:49:36,397] Trial 2 finished with value: 0.845653689640541 and parameters: {'n_estimators': 450, 'max_depth': 20, 'min_samples_leaf': 3}. Best is trial 1 with value: 0.8502814576364683.
    Trial 3/50 (best val_r2=0.8503)
  [HPO] Trial 3 started...
  [HPO] Trial 3 finished in 3.7s (val_r2=0.7095)
[I 2026-04-01 02:49:40,112] Trial 3 finished with value: 0.7094683599418263 and parameters: {'n_estimators': 500, 'max_depth': 6, 'min_samples_leaf': 2}. Best is trial 1 with value: 0.8502814576364683.
    Trial 4/50 (best val_r2=0.8503)
  [HPO] Trial 4 started...
  [HPO] Trial 4 finished in 2.5s (val_r2=0.8461)
[I 2026-04-01 02:49:42,628] Trial 4 finished with value: 0.8461289344666777 and parameters: {'n_estimators': 200, 'max_depth': 22, 'min_samples_leaf': 2}. Best is trial 1 with value: 0.8502814576364683.
    Trial 5/50 (best val_r2=0.8503)
  [HPO] Trial 5 started...
  [HPO] Trial 5 finished in 5.5s (val_r2=0.8041)
[I 2026-04-01 02:49:48,165] Trial 5 finished with value: 0.8040680686867319 and parameters: {'n_estimators': 500, 'max_depth': 10, 'min_samples_leaf': 2}. Best is trial 1 with value: 0.8502814576364683.
    Trial 6/50 (best val_r2=0.8503)
  [HPO] Trial 6 started...
  [HPO] Trial 6 finished in 2.2s (val_r2=0.8168)
[I 2026-04-01 02:49:50,365] Trial 6 finished with value: 0.8168415754949392 and parameters: {'n_estimators': 200, 'max_depth': 12, 'min_samples_leaf': 4}. Best is trial 1 with value: 0.8502814576364683.
    Trial 7/50 (best val_r2=0.8503)
  [HPO] Trial 7 started...
  [HPO] Trial 7 finished in 2.9s (val_r2=0.8159)
[I 2026-04-01 02:49:53,254] Trial 7 finished with value: 0.8158876107277677 and parameters: {'n_estimators': 250, 'max_depth': 12, 'min_samples_leaf': 4}. Best is trial 1 with value: 0.8502814576364683.
    Trial 8/50 (best val_r2=0.8503)
  [HPO] Trial 8 started...
  [HPO] Trial 8 finished in 2.0s (val_r2=0.7415)
[I 2026-04-01 02:49:55,209] Trial 8 finished with value: 0.7415067499782777 and parameters: {'n_estimators': 200, 'max_depth': 7, 'min_samples_leaf': 3}. Best is trial 1 with value: 0.8502814576364683.
    Trial 9/50 (best val_r2=0.8503)
  [HPO] Trial 9 started...
  [HPO] Trial 9 finished in 3.6s (val_r2=0.7097)
[I 2026-04-01 02:49:58,791] Trial 9 finished with value: 0.7097160775467848 and parameters: {'n_estimators': 550, 'max_depth': 6, 'min_samples_leaf': 3}. Best is trial 1 with value: 0.8502814576364683.
    Trial 10/50 (best val_r2=0.8503)
  [HPO] Trial 10 started...
  [HPO] Trial 10 finished in 9.1s (val_r2=0.8490)
[I 2026-04-01 02:50:07,980] Trial 10 finished with value: 0.8489917658450825 and parameters: {'n_estimators': 600, 'max_depth': 18, 'min_samples_leaf': 1}. Best is trial 1 with value: 0.8502814576364683.
    Trial 11/50 (best val_r2=0.8503)
  [HPO] Trial 11 started...
  [HPO] Trial 11 finished in 9.0s (val_r2=0.8490)
[I 2026-04-01 02:50:17,044] Trial 11 finished with value: 0.8489917658450825 and parameters: {'n_estimators': 600, 'max_depth': 18, 'min_samples_leaf': 1}. Best is trial 1 with value: 0.8502814576364683.
    Trial 12/50 (best val_r2=0.8503)
  [HPO] Trial 12 started...
  [HPO] Trial 12 finished in 8.7s (val_r2=0.8531)
[I 2026-04-01 02:50:25,773] Trial 12 finished with value: 0.8530663789016047 and parameters: {'n_estimators': 600, 'max_depth': 24, 'min_samples_leaf': 1}. Best is trial 12 with value: 0.8530663789016047.
    Trial 13/50 (best val_r2=0.8531)
  [HPO] Trial 13 started...
  [HPO] Trial 13 finished in 5.7s (val_r2=0.8528)
[I 2026-04-01 02:50:31,508] Trial 13 finished with value: 0.8528061237910014 and parameters: {'n_estimators': 350, 'max_depth': 24, 'min_samples_leaf': 1}. Best is trial 12 with value: 0.8530663789016047.
    Trial 14/50 (best val_r2=0.8531)
  [HPO] Trial 14 started...
  [HPO] Trial 14 finished in 5.1s (val_r2=0.8528)
[I 2026-04-01 02:50:36,639] Trial 14 finished with value: 0.8528061237910014 and parameters: {'n_estimators': 350, 'max_depth': 24, 'min_samples_leaf': 1}. Best is trial 12 with value: 0.8530663789016047.
    Trial 15/50 (best val_r2=0.8531)
  [HPO] Trial 15 started...
  [HPO] Trial 15 finished in 5.2s (val_r2=0.8521)
[I 2026-04-01 02:50:41,862] Trial 15 finished with value: 0.8520703784688282 and parameters: {'n_estimators': 350, 'max_depth': 21, 'min_samples_leaf': 1}. Best is trial 12 with value: 0.8530663789016047.
    Trial 16/50 (best val_r2=0.8531)
  [HPO] Trial 16 started...
  [HPO] Trial 16 finished in 4.4s (val_r2=0.8427)
[I 2026-04-01 02:50:46,283] Trial 16 finished with value: 0.84268532564106 and parameters: {'n_estimators': 350, 'max_depth': 16, 'min_samples_leaf': 1}. Best is trial 12 with value: 0.8530663789016047.
    Trial 17/50 (best val_r2=0.8531)
  [HPO] Trial 17 started...
  [HPO] Trial 17 finished in 5.2s (val_r2=0.8521)
[I 2026-04-01 02:50:51,501] Trial 17 finished with value: 0.852108571411438 and parameters: {'n_estimators': 400, 'max_depth': 22, 'min_samples_leaf': 1}. Best is trial 12 with value: 0.8530663789016047.
    Trial 18/50 (best val_r2=0.8531)
  [HPO] Trial 18 started...
  [HPO] Trial 18 finished in 3.7s (val_r2=0.8461)
[I 2026-04-01 02:50:55,230] Trial 18 finished with value: 0.8460803154824125 and parameters: {'n_estimators': 300, 'max_depth': 19, 'min_samples_leaf': 2}. Best is trial 12 with value: 0.8530663789016047.
    Trial 19/50 (best val_r2=0.8531)
  [HPO] Trial 19 started...
  [HPO] Trial 19 finished in 4.9s (val_r2=0.8435)
[I 2026-04-01 02:51:00,134] Trial 19 finished with value: 0.8435137067785374 and parameters: {'n_estimators': 400, 'max_depth': 16, 'min_samples_leaf': 1}. Best is trial 12 with value: 0.8530663789016047.
    Trial 20/50 (best val_r2=0.8531)
  [HPO] Trial 20 started...
  [HPO] Trial 20 finished in 5.6s (val_r2=0.8501)
[I 2026-04-01 02:51:05,793] Trial 20 finished with value: 0.8500746532021903 and parameters: {'n_estimators': 450, 'max_depth': 24, 'min_samples_leaf': 2}. Best is trial 12 with value: 0.8530663789016047.
    Trial 21/50 (best val_r2=0.8531)
  [HPO] Trial 21 started...
  [HPO] Trial 21 finished in 4.9s (val_r2=0.8520)
[I 2026-04-01 02:51:10,699] Trial 21 finished with value: 0.8520067566083491 and parameters: {'n_estimators': 300, 'max_depth': 24, 'min_samples_leaf': 1}. Best is trial 12 with value: 0.8530663789016047.
    Trial 22/50 (best val_r2=0.8531)
  [HPO] Trial 22 started...
  [HPO] Trial 22 finished in 4.9s (val_r2=0.8515)
[I 2026-04-01 02:51:15,573] Trial 22 finished with value: 0.8515303603488484 and parameters: {'n_estimators': 350, 'max_depth': 22, 'min_samples_leaf': 1}. Best is trial 12 with value: 0.8530663789016047.
    Trial 23/50 (best val_r2=0.8531)
  [HPO] Trial 23 started...
  [HPO] Trial 23 finished in 4.2s (val_r2=0.8506)
[I 2026-04-01 02:51:19,781] Trial 23 finished with value: 0.8505595911311857 and parameters: {'n_estimators': 300, 'max_depth': 23, 'min_samples_leaf': 1}. Best is trial 12 with value: 0.8530663789016047.
    Trial 24/50 (best val_r2=0.8531)
  [HPO] Trial 24 started...
  [HPO] Trial 24 finished in 6.2s (val_r2=0.8503)
[I 2026-04-01 02:51:25,986] Trial 24 finished with value: 0.8503491962727425 and parameters: {'n_estimators': 450, 'max_depth': 20, 'min_samples_leaf': 1}. Best is trial 12 with value: 0.8530663789016047.
    Trial 25/50 (best val_r2=0.8531)
  [HPO] Trial 25 started...
  [HPO] Trial 25 finished in 4.4s (val_r2=0.8493)
[I 2026-04-01 02:51:30,354] Trial 25 finished with value: 0.8493273413618523 and parameters: {'n_estimators': 350, 'max_depth': 24, 'min_samples_leaf': 2}. Best is trial 12 with value: 0.8530663789016047.
    Trial 26/50 (best val_r2=0.8531)
  [HPO] Trial 26 started...
  [HPO] Trial 26 finished in 5.3s (val_r2=0.8525)
[I 2026-04-01 02:51:35,695] Trial 26 finished with value: 0.8524643257475503 and parameters: {'n_estimators': 400, 'max_depth': 21, 'min_samples_leaf': 1}. Best is trial 12 with value: 0.8530663789016047.
    Trial 27/50 (best val_r2=0.8531)
  [HPO] Trial 27 started...
  [HPO] Trial 27 finished in 3.9s (val_r2=0.8470)
[I 2026-04-01 02:51:39,587] Trial 27 finished with value: 0.847023627873535 and parameters: {'n_estimators': 250, 'max_depth': 22, 'min_samples_leaf': 2}. Best is trial 12 with value: 0.8530663789016047.
    Trial 28/50 (best val_r2=0.8531)
  [HPO] Trial 28 started...
  [HPO] Trial 28 finished in 5.3s (val_r2=0.8368)
[I 2026-04-01 02:51:44,874] Trial 28 finished with value: 0.8368356306777702 and parameters: {'n_estimators': 400, 'max_depth': 14, 'min_samples_leaf': 1}. Best is trial 12 with value: 0.8530663789016047.
    Trial 29/50 (best val_r2=0.8531)
  [HPO] Trial 29 started...
  [HPO] Trial 29 finished in 3.3s (val_r2=0.8415)
[I 2026-04-01 02:51:48,200] Trial 29 finished with value: 0.8414723179465842 and parameters: {'n_estimators': 250, 'max_depth': 18, 'min_samples_leaf': 3}. Best is trial 12 with value: 0.8530663789016047.
    Trial 30/50 (best val_r2=0.8531)
  [HPO] Trial 30 started...
  [HPO] Trial 30 finished in 7.5s (val_r2=0.8524)
[I 2026-04-01 02:51:55,754] Trial 30 finished with value: 0.8524315395804574 and parameters: {'n_estimators': 550, 'max_depth': 23, 'min_samples_leaf': 1}. Best is trial 12 with value: 0.8530663789016047.
    Trial 31/50 (best val_r2=0.8531)
  [HPO] Trial 31 started...
  [HPO] Trial 31 finished in 6.4s (val_r2=0.8503)
[I 2026-04-01 02:52:02,207] Trial 31 finished with value: 0.8502632951980005 and parameters: {'n_estimators': 400, 'max_depth': 20, 'min_samples_leaf': 1}. Best is trial 12 with value: 0.8530663789016047.
    Trial 32/50 (best val_r2=0.8531)
  [HPO] Trial 32 started...
  [HPO] Trial 32 finished in 5.9s (val_r2=0.8522)
[I 2026-04-01 02:52:08,131] Trial 32 finished with value: 0.8521800523893424 and parameters: {'n_estimators': 450, 'max_depth': 23, 'min_samples_leaf': 1}. Best is trial 12 with value: 0.8530663789016047.
    Trial 33/50 (best val_r2=0.8531)
  [HPO] Trial 33 started...
  [HPO] Trial 33 finished in 5.0s (val_r2=0.8521)
[I 2026-04-01 02:52:13,159] Trial 33 finished with value: 0.8520703784688282 and parameters: {'n_estimators': 350, 'max_depth': 21, 'min_samples_leaf': 1}. Best is trial 12 with value: 0.8530663789016047.
    Trial 34/50 (best val_r2=0.8531)
  [HPO] Trial 34 started...
  [HPO] Trial 34 finished in 4.9s (val_r2=0.8495)
[I 2026-04-01 02:52:18,063] Trial 34 finished with value: 0.8495378770607243 and parameters: {'n_estimators': 400, 'max_depth': 23, 'min_samples_leaf': 2}. Best is trial 12 with value: 0.8530663789016047.
    Trial 35/50 (best val_r2=0.8531)
  [HPO] Trial 35 started...
  [HPO] Trial 35 finished in 4.0s (val_r2=0.8520)
[I 2026-04-01 02:52:22,122] Trial 35 finished with value: 0.8520067566083491 and parameters: {'n_estimators': 300, 'max_depth': 24, 'min_samples_leaf': 1}. Best is trial 12 with value: 0.8530663789016047.
    Trial 36/50 (best val_r2=0.8531)
  [HPO] Trial 36 started...
  [HPO] Trial 36 finished in 5.5s (val_r2=0.8487)
[I 2026-04-01 02:52:27,675] Trial 36 finished with value: 0.8487384982957071 and parameters: {'n_estimators': 450, 'max_depth': 21, 'min_samples_leaf': 2}. Best is trial 12 with value: 0.8530663789016047.
    Trial 37/50 (best val_r2=0.8531)
  [HPO] Trial 37 started...
  [HPO] Trial 37 finished in 5.7s (val_r2=0.8485)
[I 2026-04-01 02:52:33,382] Trial 37 finished with value: 0.8484729271205703 and parameters: {'n_estimators': 500, 'max_depth': 20, 'min_samples_leaf': 2}. Best is trial 12 with value: 0.8530663789016047.
    Trial 38/50 (best val_r2=0.8531)
  [HPO] Trial 38 started...
  [HPO] Trial 38 finished in 7.9s (val_r2=0.8527)
[I 2026-04-01 02:52:41,329] Trial 38 finished with value: 0.8526650032605053 and parameters: {'n_estimators': 550, 'max_depth': 22, 'min_samples_leaf': 1}. Best is trial 12 with value: 0.8530663789016047.
    Trial 39/50 (best val_r2=0.8531)
  [HPO] Trial 39 started...
  [HPO] Trial 39 finished in 6.9s (val_r2=0.8500)
[I 2026-04-01 02:52:48,230] Trial 39 finished with value: 0.8500397675194393 and parameters: {'n_estimators': 550, 'max_depth': 24, 'min_samples_leaf': 2}. Best is trial 12 with value: 0.8530663789016047.
    Trial 40/50 (best val_r2=0.8531)
  [HPO] Trial 40 started...
  [HPO] Trial 40 finished in 6.1s (val_r2=0.8417)
[I 2026-04-01 02:52:54,358] Trial 40 finished with value: 0.8416658194818007 and parameters: {'n_estimators': 550, 'max_depth': 22, 'min_samples_leaf': 4}. Best is trial 12 with value: 0.8530663789016047.
    Trial 41/50 (best val_r2=0.8531)
  [HPO] Trial 41 started...
  [HPO] Trial 41 finished in 8.8s (val_r2=0.8526)
[I 2026-04-01 02:53:03,213] Trial 41 finished with value: 0.8526343753129021 and parameters: {'n_estimators': 600, 'max_depth': 23, 'min_samples_leaf': 1}. Best is trial 12 with value: 0.8530663789016047.
    Trial 42/50 (best val_r2=0.8531)
  [HPO] Trial 42 started...
  [HPO] Trial 42 finished in 7.2s (val_r2=0.8526)
[I 2026-04-01 02:53:10,464] Trial 42 finished with value: 0.852634375312902 and parameters: {'n_estimators': 600, 'max_depth': 23, 'min_samples_leaf': 1}. Best is trial 12 with value: 0.8530663789016047.
    Trial 43/50 (best val_r2=0.8531)
  [HPO] Trial 43 started...
  [HPO] Trial 43 finished in 8.8s (val_r2=0.8531)
[I 2026-04-01 02:53:19,300] Trial 43 finished with value: 0.8530663789016047 and parameters: {'n_estimators': 600, 'max_depth': 24, 'min_samples_leaf': 1}. Best is trial 12 with value: 0.8530663789016047.
    Trial 44/50 (best val_r2=0.8531)
  [HPO] Trial 44 started...
  [HPO] Trial 44 finished in 9.0s (val_r2=0.8531)
[I 2026-04-01 02:53:28,371] Trial 44 finished with value: 0.8530663789016047 and parameters: {'n_estimators': 600, 'max_depth': 24, 'min_samples_leaf': 1}. Best is trial 12 with value: 0.8530663789016047.
    Trial 45/50 (best val_r2=0.8531)
  [HPO] Trial 45 started...
  [HPO] Trial 45 finished in 8.3s (val_r2=0.8531)
[I 2026-04-01 02:53:36,719] Trial 45 finished with value: 0.8530663789016047 and parameters: {'n_estimators': 600, 'max_depth': 24, 'min_samples_leaf': 1}. Best is trial 12 with value: 0.8530663789016047.
    Trial 46/50 (best val_r2=0.8531)
  [HPO] Trial 46 started...
  [HPO] Trial 46 finished in 6.6s (val_r2=0.8136)
[I 2026-04-01 02:53:43,311] Trial 46 finished with value: 0.8135571977810729 and parameters: {'n_estimators': 600, 'max_depth': 11, 'min_samples_leaf': 3}. Best is trial 12 with value: 0.8530663789016047.
    Trial 47/50 (best val_r2=0.8531)
  [HPO] Trial 47 started...
  [HPO] Trial 47 finished in 5.7s (val_r2=0.7893)
[I 2026-04-01 02:53:49,031] Trial 47 finished with value: 0.7892638479346779 and parameters: {'n_estimators': 550, 'max_depth': 9, 'min_samples_leaf': 1}. Best is trial 12 with value: 0.8530663789016047.
    Trial 48/50 (best val_r2=0.8531)
  [HPO] Trial 48 started...
  [HPO] Trial 48 finished in 8.7s (val_r2=0.8527)
[I 2026-04-01 02:53:57,745] Trial 48 finished with value: 0.8527074623881176 and parameters: {'n_estimators': 500, 'max_depth': 24, 'min_samples_leaf': 1}. Best is trial 12 with value: 0.8530663789016047.
    Trial 49/50 (best val_r2=0.8531)
  [HPO] Trial 49 started...
  [HPO] Trial 49 finished in 9.7s (val_r2=0.8498)
[I 2026-04-01 02:54:07,458] Trial 49 finished with value: 0.8498104027280213 and parameters: {'n_estimators': 600, 'max_depth': 19, 'min_samples_leaf': 1}. Best is trial 12 with value: 0.8530663789016047.
    Trial 50/50 (best val_r2=0.8531)
[4/6] Training nstxu_rf_gamma_full...
[5/6] HPO for nstxu_mlp_gamma_full (50 trials)...
[I 2026-04-01 02:54:16,943] A new study created in memory with name: nstxu_gamma_full_hpo-torch.mlp
  [HPO] Trial 0 started...
  [HPO] Trial 0 finished in 23.9s (val_r2=0.9168)
[I 2026-04-01 02:54:40,827] Trial 0 finished with value: 0.9167833982131373 and parameters: {'hidden_layers_index': 3, 'dropout': 0.09501648801396492, 'learning_rate': 0.0025143428814176426, 'batch_size': 64, 'epochs': 153}. Best is trial 0 with value: 0.9167833982131373.
    Trial 1/50 (best val_r2=0.9168)
  [HPO] Trial 1 started...
  [HPO] Trial 1 finished in 29.6s (val_r2=0.9193)
[I 2026-04-01 02:55:10,433] Trial 1 finished with value: 0.9193439096411645 and parameters: {'hidden_layers_index': 3, 'dropout': 0.2566453379036277, 'learning_rate': 0.0016853391697173288, 'batch_size': 64, 'epochs': 183}. Best is trial 1 with value: 0.9193439096411645.
    Trial 2/50 (best val_r2=0.9193)
  [HPO] Trial 2 started...
  [HPO] Trial 2 finished in 20.9s (val_r2=0.9213)
[I 2026-04-01 02:55:31,340] Trial 2 finished with value: 0.9213428966424395 and parameters: {'hidden_layers_index': 1, 'dropout': 0.2719391806312388, 'learning_rate': 0.0002725285130250698, 'batch_size': 128, 'epochs': 194}. Best is trial 2 with value: 0.9213428966424395.
    Trial 3/50 (best val_r2=0.9213)
  [HPO] Trial 3 started...
  [HPO] Trial 3 finished in 15.3s (val_r2=0.9256)
[I 2026-04-01 02:55:46,625] Trial 3 finished with value: 0.9255515268849213 and parameters: {'hidden_layers_index': 0, 'dropout': 0.12775654655214583, 'learning_rate': 0.00362466400156375, 'batch_size': 128, 'epochs': 185}. Best is trial 3 with value: 0.9255515268849213.
    Trial 4/50 (best val_r2=0.9256)
  [HPO] Trial 4 started...
  [HPO] Trial 4 finished in 19.1s (val_r2=0.8798)
[I 2026-04-01 02:56:05,722] Trial 4 finished with value: 0.8797941229120193 and parameters: {'hidden_layers_index': 0, 'dropout': 0.29863089479757504, 'learning_rate': 0.0024043227611998323, 'batch_size': 64, 'epochs': 138}. Best is trial 3 with value: 0.9255515268849213.
    Trial 5/50 (best val_r2=0.9256)
  [HPO] Trial 5 started...
  [HPO] Trial 5 finished in 40.8s (val_r2=0.9096)
[I 2026-04-01 02:56:46,514] Trial 5 finished with value: 0.9096375497887004 and parameters: {'hidden_layers_index': 3, 'dropout': 4.81342779403704e-06, 'learning_rate': 0.0002627903447762754, 'batch_size': 32, 'epochs': 164}. Best is trial 3 with value: 0.9255515268849213.
    Trial 6/50 (best val_r2=0.9256)
  [HPO] Trial 6 started...
  [HPO] Trial 6 finished in 20.3s (val_r2=0.9072)
[I 2026-04-01 02:57:06,833] Trial 6 finished with value: 0.9071532387785863 and parameters: {'hidden_layers_index': 3, 'dropout': 0.09779028087919613, 'learning_rate': 0.0006001696958441087, 'batch_size': 128, 'epochs': 173}. Best is trial 3 with value: 0.9255515268849213.
    Trial 7/50 (best val_r2=0.9256)
  [HPO] Trial 7 started...
  [HPO] Trial 7 finished in 8.0s (val_r2=0.9147)
[I 2026-04-01 02:57:14,786] Trial 7 finished with value: 0.9146839673665237 and parameters: {'hidden_layers_index': 0, 'dropout': 0.27443403167492536, 'learning_rate': 0.0008540385215381805, 'batch_size': 128, 'epochs': 98}. Best is trial 3 with value: 0.9255515268849213.
    Trial 8/50 (best val_r2=0.9256)
  [HPO] Trial 8 started...
  [HPO] Trial 8 finished in 45.6s (val_r2=0.9056)
[I 2026-04-01 02:58:00,367] Trial 8 finished with value: 0.9055939275497146 and parameters: {'hidden_layers_index': 3, 'dropout': 0.27204200624185687, 'learning_rate': 0.0002533817781390946, 'batch_size': 32, 'epochs': 181}. Best is trial 3 with value: 0.9255515268849213.
    Trial 9/50 (best val_r2=0.9256)
  [HPO] Trial 9 started...
  [HPO] Trial 9 finished in 20.2s (val_r2=0.9177)
[I 2026-04-01 02:58:20,536] Trial 9 finished with value: 0.9176505861487412 and parameters: {'hidden_layers_index': 1, 'dropout': 0.057948395618530046, 'learning_rate': 0.0002110412997403752, 'batch_size': 128, 'epochs': 185}. Best is trial 3 with value: 0.9255515268849213.
    Trial 10/50 (best val_r2=0.9256)
  [HPO] Trial 10 started...
  [HPO] Trial 10 finished in 11.0s (val_r2=0.8984)
[I 2026-04-01 02:58:31,500] Trial 10 finished with value: 0.8983559163118924 and parameters: {'hidden_layers_index': 0, 'dropout': 0.3823249488402962, 'learning_rate': 0.004456699842352505, 'batch_size': 128, 'epochs': 130}. Best is trial 3 with value: 0.9255515268849213.
    Trial 11/50 (best val_r2=0.9256)
  [HPO] Trial 11 started...
  [HPO] Trial 11 finished in 21.8s (val_r2=0.9083)
[I 2026-04-01 02:58:53,292] Trial 11 finished with value: 0.9082802176685011 and parameters: {'hidden_layers_index': 1, 'dropout': 0.1722267222247885, 'learning_rate': 0.0001129472783262536, 'batch_size': 128, 'epochs': 199}. Best is trial 3 with value: 0.9255515268849213.
    Trial 12/50 (best val_r2=0.9256)
  [HPO] Trial 12 started...
  [HPO] Trial 12 finished in 20.9s (val_r2=0.9141)
[I 2026-04-01 02:59:14,236] Trial 12 finished with value: 0.9141139487209607 and parameters: {'hidden_layers_index': 1, 'dropout': 0.19052722890002746, 'learning_rate': 0.0005863026748034433, 'batch_size': 128, 'epochs': 197}. Best is trial 3 with value: 0.9255515268849213.
    Trial 13/50 (best val_r2=0.9256)
  [HPO] Trial 13 started...
  [HPO] Trial 13 finished in 10.6s (val_r2=0.9080)
[I 2026-04-01 02:59:24,871] Trial 13 finished with value: 0.9079906461989825 and parameters: {'hidden_layers_index': 2, 'dropout': 0.3699353955345667, 'learning_rate': 0.0011310537619692077, 'batch_size': 128, 'epochs': 110}. Best is trial 3 with value: 0.9255515268849213.
    Trial 14/50 (best val_r2=0.9256)
  [HPO] Trial 14 started...
  [HPO] Trial 14 finished in 15.1s (val_r2=0.9266)
[I 2026-04-01 02:59:39,939] Trial 14 finished with value: 0.9266024148169681 and parameters: {'hidden_layers_index': 2, 'dropout': 0.14497066608589476, 'learning_rate': 0.0004023041340627332, 'batch_size': 128, 'epochs': 157}. Best is trial 14 with value: 0.9266024148169681.
    Trial 15/50 (best val_r2=0.9266)
  [HPO] Trial 15 started...
  [HPO] Trial 15 finished in 40.9s (val_r2=0.8893)
[I 2026-04-01 03:00:20,861] Trial 15 finished with value: 0.889311461911029 and parameters: {'hidden_layers_index': 2, 'dropout': 0.13807908129855953, 'learning_rate': 0.004852893870767819, 'batch_size': 32, 'epochs': 156}. Best is trial 14 with value: 0.9266024148169681.
    Trial 16/50 (best val_r2=0.9266)
  [HPO] Trial 16 started...
  [HPO] Trial 16 finished in 13.1s (val_r2=0.9165)
[I 2026-04-01 03:00:33,972] Trial 16 finished with value: 0.9164921820911632 and parameters: {'hidden_layers_index': 2, 'dropout': 0.15060939744514368, 'learning_rate': 0.00041825262472089094, 'batch_size': 128, 'epochs': 122}. Best is trial 14 with value: 0.9266024148169681.
    Trial 17/50 (best val_r2=0.9266)
  [HPO] Trial 17 started...
  [HPO] Trial 17 finished in 14.7s (val_r2=0.8999)
[I 2026-04-01 03:00:48,635] Trial 17 finished with value: 0.8998723425344873 and parameters: {'hidden_layers_index': 2, 'dropout': 0.2313723190387554, 'learning_rate': 0.000109374785094605, 'batch_size': 128, 'epochs': 147}. Best is trial 14 with value: 0.9266024148169681.
    Trial 18/50 (best val_r2=0.9266)
  [HPO] Trial 18 started...
  [HPO] Trial 18 finished in 31.6s (val_r2=0.9117)
[I 2026-04-01 03:01:20,258] Trial 18 finished with value: 0.911683287127136 and parameters: {'hidden_layers_index': 0, 'dropout': 0.03873372523756294, 'learning_rate': 0.0012776148576520109, 'batch_size': 32, 'epochs': 166}. Best is trial 14 with value: 0.9266024148169681.
    Trial 19/50 (best val_r2=0.9266)
  [HPO] Trial 19 started...
  [HPO] Trial 19 finished in 12.1s (val_r2=0.9094)
[I 2026-04-01 03:01:32,389] Trial 19 finished with value: 0.909394211268046 and parameters: {'hidden_layers_index': 1, 'dropout': 0.11754395854733851, 'learning_rate': 0.000426724557167128, 'batch_size': 64, 'epochs': 83}. Best is trial 14 with value: 0.9266024148169681.
    Trial 20/50 (best val_r2=0.9266)
  [HPO] Trial 20 started...
  [HPO] Trial 20 finished in 16.4s (val_r2=0.9258)
[I 2026-04-01 03:01:48,798] Trial 20 finished with value: 0.9257530748654358 and parameters: {'hidden_layers_index': 2, 'dropout': 0.21855952706336462, 'learning_rate': 0.003075107170523633, 'batch_size': 128, 'epochs': 170}. Best is trial 14 with value: 0.9266024148169681.
    Trial 21/50 (best val_r2=0.9266)
  [HPO] Trial 21 started...
  [HPO] Trial 21 finished in 16.4s (val_r2=0.9167)
[I 2026-04-01 03:02:05,206] Trial 21 finished with value: 0.9166789950949439 and parameters: {'hidden_layers_index': 2, 'dropout': 0.21096437867600137, 'learning_rate': 0.0034892219218304074, 'batch_size': 128, 'epochs': 169}. Best is trial 14 with value: 0.9266024148169681.
    Trial 22/50 (best val_r2=0.9266)
  [HPO] Trial 22 started...
  [HPO] Trial 22 finished in 16.9s (val_r2=0.9167)
[I 2026-04-01 03:02:22,135] Trial 22 finished with value: 0.9166534522081237 and parameters: {'hidden_layers_index': 2, 'dropout': 0.16719439573175757, 'learning_rate': 0.002553758010365538, 'batch_size': 128, 'epochs': 176}. Best is trial 14 with value: 0.9266024148169681.
    Trial 23/50 (best val_r2=0.9266)
  [HPO] Trial 23 started...
  [HPO] Trial 23 finished in 14.3s (val_r2=0.9086)
[I 2026-04-01 03:02:36,395] Trial 23 finished with value: 0.9086391016029921 and parameters: {'hidden_layers_index': 2, 'dropout': 0.31894999640199256, 'learning_rate': 0.001829163339782865, 'batch_size': 128, 'epochs': 158}. Best is trial 14 with value: 0.9266024148169681.
    Trial 24/50 (best val_r2=0.9266)
  [HPO] Trial 24 started...
  [HPO] Trial 24 finished in 21.6s (val_r2=0.8988)
[I 2026-04-01 03:02:57,950] Trial 24 finished with value: 0.8988402146515343 and parameters: {'hidden_layers_index': 1, 'dropout': 0.21618032370355408, 'learning_rate': 0.0033983106382475827, 'batch_size': 128, 'epochs': 188}. Best is trial 14 with value: 0.9266024148169681.
    Trial 25/50 (best val_r2=0.9266)
  [HPO] Trial 25 started...
  [HPO] Trial 25 finished in 14.3s (val_r2=0.9060)
[I 2026-04-01 03:03:12,268] Trial 25 finished with value: 0.9060095877439309 and parameters: {'hidden_layers_index': 2, 'dropout': 0.07553271025877378, 'learning_rate': 0.000407328440971192, 'batch_size': 128, 'epochs': 148}. Best is trial 14 with value: 0.9266024148169681.
    Trial 26/50 (best val_r2=0.9266)
  [HPO] Trial 26 started...
  [HPO] Trial 26 finished in 16.9s (val_r2=0.8923)
[I 2026-04-01 03:03:29,211] Trial 26 finished with value: 0.8922750997148907 and parameters: {'hidden_layers_index': 1, 'dropout': 0.1831441350418438, 'learning_rate': 0.0009103467311757572, 'batch_size': 128, 'epochs': 163}. Best is trial 14 with value: 0.9266024148169681.
    Trial 27/50 (best val_r2=0.9266)
  [HPO] Trial 27 started...
  [HPO] Trial 27 finished in 13.7s (val_r2=0.9257)
[I 2026-04-01 03:03:42,907] Trial 27 finished with value: 0.9257161376205085 and parameters: {'hidden_layers_index': 2, 'dropout': 0.13432235336606593, 'learning_rate': 0.00016168073020855824, 'batch_size': 128, 'epochs': 139}. Best is trial 14 with value: 0.9266024148169681.
    Trial 28/50 (best val_r2=0.9266)
  [HPO] Trial 28 started...
  [HPO] Trial 28 finished in 19.1s (val_r2=0.9270)
[I 2026-04-01 03:04:02,020] Trial 28 finished with value: 0.9269874334943617 and parameters: {'hidden_layers_index': 2, 'dropout': 0.22801573581421428, 'learning_rate': 0.00015793485604923213, 'batch_size': 64, 'epochs': 138}. Best is trial 28 with value: 0.9269874334943617.
    Trial 29/50 (best val_r2=0.9270)
  [HPO] Trial 29 started...
  [HPO] Trial 29 finished in 20.4s (val_r2=0.9286)
[I 2026-04-01 03:04:22,433] Trial 29 finished with value: 0.9285870319067207 and parameters: {'hidden_layers_index': 3, 'dropout': 0.327557250836307, 'learning_rate': 0.00016051263887557264, 'batch_size': 64, 'epochs': 128}. Best is trial 29 with value: 0.9285870319067207.
    Trial 30/50 (best val_r2=0.9286)
  [HPO] Trial 30 started...
  [HPO] Trial 30 finished in 17.8s (val_r2=0.9106)
[I 2026-04-01 03:04:40,201] Trial 30 finished with value: 0.9106276964130238 and parameters: {'hidden_layers_index': 3, 'dropout': 0.344372826740942, 'learning_rate': 0.0001534979003897264, 'batch_size': 64, 'epochs': 120}. Best is trial 29 with value: 0.9285870319067207.
    Trial 31/50 (best val_r2=0.9286)
  [HPO] Trial 31 started...
  [HPO] Trial 31 finished in 19.9s (val_r2=0.8822)
[I 2026-04-01 03:05:00,089] Trial 31 finished with value: 0.8821923736662346 and parameters: {'hidden_layers_index': 3, 'dropout': 0.24571158336460852, 'learning_rate': 0.0001548666097438429, 'batch_size': 64, 'epochs': 128}. Best is trial 29 with value: 0.9285870319067207.
    Trial 32/50 (best val_r2=0.9286)
  [HPO] Trial 32 started...
  [HPO] Trial 32 finished in 22.2s (val_r2=0.9048)
[I 2026-04-01 03:05:22,252] Trial 32 finished with value: 0.9048245492422663 and parameters: {'hidden_layers_index': 3, 'dropout': 0.3102117276981622, 'learning_rate': 0.00032966072688139526, 'batch_size': 64, 'epochs': 147}. Best is trial 29 with value: 0.9285870319067207.
    Trial 33/50 (best val_r2=0.9286)
  [HPO] Trial 33 started...
  [HPO] Trial 33 finished in 18.5s (val_r2=0.9249)
[I 2026-04-01 03:05:40,804] Trial 33 finished with value: 0.9249254175310273 and parameters: {'hidden_layers_index': 2, 'dropout': 0.34632350250857785, 'learning_rate': 0.0001716568009349882, 'batch_size': 64, 'epochs': 134}. Best is trial 29 with value: 0.9285870319067207.
    Trial 34/50 (best val_r2=0.9286)
  [HPO] Trial 34 started...
  [HPO] Trial 34 finished in 17.1s (val_r2=0.9281)
[I 2026-04-01 03:05:57,951] Trial 34 finished with value: 0.928098551235134 and parameters: {'hidden_layers_index': 3, 'dropout': 0.23858658994398466, 'learning_rate': 0.00019891707166777678, 'batch_size': 64, 'epochs': 110}. Best is trial 29 with value: 0.9285870319067207.
    Trial 35/50 (best val_r2=0.9286)
  [HPO] Trial 35 started...
  [HPO] Trial 35 finished in 16.3s (val_r2=0.9210)
[I 2026-04-01 03:06:14,301] Trial 35 finished with value: 0.9209814763217142 and parameters: {'hidden_layers_index': 3, 'dropout': 0.2909001293056361, 'learning_rate': 0.0002120873270846106, 'batch_size': 64, 'epochs': 104}. Best is trial 29 with value: 0.9285870319067207.
    Trial 36/50 (best val_r2=0.9286)
  [HPO] Trial 36 started...
  [HPO] Trial 36 finished in 18.7s (val_r2=0.9285)
[I 2026-04-01 03:06:33,001] Trial 36 finished with value: 0.9285135906181164 and parameters: {'hidden_layers_index': 3, 'dropout': 0.25982350802207627, 'learning_rate': 0.0001281753295313515, 'batch_size': 64, 'epochs': 115}. Best is trial 29 with value: 0.9285870319067207.
    Trial 37/50 (best val_r2=0.9286)
  [HPO] Trial 37 started...
  [HPO] Trial 37 finished in 18.9s (val_r2=0.9240)
[I 2026-04-01 03:06:51,921] Trial 37 finished with value: 0.9239625722101384 and parameters: {'hidden_layers_index': 3, 'dropout': 0.2482115007028471, 'learning_rate': 0.0001285200139746272, 'batch_size': 64, 'epochs': 115}. Best is trial 29 with value: 0.9285870319067207.
    Trial 38/50 (best val_r2=0.9286)
  [HPO] Trial 38 started...
  [HPO] Trial 38 finished in 15.4s (val_r2=0.9227)
[I 2026-04-01 03:07:07,307] Trial 38 finished with value: 0.9227493547544201 and parameters: {'hidden_layers_index': 3, 'dropout': 0.3328857670443336, 'learning_rate': 0.00019881198479393432, 'batch_size': 64, 'epochs': 93}. Best is trial 29 with value: 0.9285870319067207.
    Trial 39/50 (best val_r2=0.9286)
  [HPO] Trial 39 started...
  [HPO] Trial 39 finished in 16.8s (val_r2=0.9161)
[I 2026-04-01 03:07:24,158] Trial 39 finished with value: 0.9160623175093693 and parameters: {'hidden_layers_index': 3, 'dropout': 0.2893004690593679, 'learning_rate': 0.00012452031439979467, 'batch_size': 64, 'epochs': 110}. Best is trial 29 with value: 0.9285870319067207.
    Trial 40/50 (best val_r2=0.9286)
  [HPO] Trial 40 started...
  [HPO] Trial 40 finished in 20.5s (val_r2=0.9226)
[I 2026-04-01 03:07:44,662] Trial 40 finished with value: 0.922604471989561 and parameters: {'hidden_layers_index': 3, 'dropout': 0.2638969823873965, 'learning_rate': 0.00030389971261228624, 'batch_size': 64, 'epochs': 124}. Best is trial 29 with value: 0.9285870319067207.
    Trial 41/50 (best val_r2=0.9286)
  [HPO] Trial 41 started...
  [HPO] Trial 41 finished in 22.9s (val_r2=0.9291)
[I 2026-04-01 03:08:07,620] Trial 41 finished with value: 0.9290641260820675 and parameters: {'hidden_layers_index': 3, 'dropout': 0.23391571282975834, 'learning_rate': 0.0002357167044496318, 'batch_size': 64, 'epochs': 143}. Best is trial 41 with value: 0.9290641260820675.
    Trial 42/50 (best val_r2=0.9291)
  [HPO] Trial 42 started...
  [HPO] Trial 42 finished in 18.0s (val_r2=0.9246)
[I 2026-04-01 03:08:25,661] Trial 42 finished with value: 0.9245745700346613 and parameters: {'hidden_layers_index': 3, 'dropout': 0.23548235083213295, 'learning_rate': 0.00024162400069268114, 'batch_size': 64, 'epochs': 116}. Best is trial 41 with value: 0.9290641260820675.
    Trial 43/50 (best val_r2=0.9291)
  [HPO] Trial 43 started...
  [HPO] Trial 43 finished in 20.3s (val_r2=0.9219)
[I 2026-04-01 03:08:45,946] Trial 43 finished with value: 0.9218890315393774 and parameters: {'hidden_layers_index': 3, 'dropout': 0.19986140986598389, 'learning_rate': 0.00010161026639991135, 'batch_size': 64, 'epochs': 134}. Best is trial 41 with value: 0.9290641260820675.
    Trial 44/50 (best val_r2=0.9291)
  [HPO] Trial 44 started...
  [HPO] Trial 44 finished in 16.4s (val_r2=0.9123)
[I 2026-04-01 03:09:02,358] Trial 44 finished with value: 0.9123186204709774 and parameters: {'hidden_layers_index': 3, 'dropout': 0.2634144467005916, 'learning_rate': 0.00018843701057840538, 'batch_size': 64, 'epochs': 99}. Best is trial 41 with value: 0.9290641260820675.
    Trial 45/50 (best val_r2=0.9291)
  [HPO] Trial 45 started...
  [HPO] Trial 45 finished in 23.8s (val_r2=0.9138)
[I 2026-04-01 03:09:26,162] Trial 45 finished with value: 0.913818710498412 and parameters: {'hidden_layers_index': 3, 'dropout': 0.2945383767599057, 'learning_rate': 0.0002501886890857008, 'batch_size': 64, 'epochs': 144}. Best is trial 41 with value: 0.9290641260820675.
    Trial 46/50 (best val_r2=0.9291)
  [HPO] Trial 46 started...
  [HPO] Trial 46 finished in 20.6s (val_r2=0.9192)
[I 2026-04-01 03:09:46,787] Trial 46 finished with value: 0.9191848526254386 and parameters: {'hidden_layers_index': 3, 'dropout': 0.23164845705076734, 'learning_rate': 0.00013478495277776642, 'batch_size': 64, 'epochs': 126}. Best is trial 41 with value: 0.9290641260820675.
    Trial 47/50 (best val_r2=0.9291)
  [HPO] Trial 47 started...
  [HPO] Trial 47 finished in 20.4s (val_r2=0.9091)
[I 2026-04-01 03:10:07,236] Trial 47 finished with value: 0.9090867189171437 and parameters: {'hidden_layers_index': 3, 'dropout': 0.36831640907921137, 'learning_rate': 0.0003266361980421055, 'batch_size': 64, 'epochs': 133}. Best is trial 41 with value: 0.9290641260820675.
    Trial 48/50 (best val_r2=0.9291)
  [HPO] Trial 48 started...
  [HPO] Trial 48 finished in 19.3s (val_r2=0.9109)
[I 2026-04-01 03:10:26,546] Trial 48 finished with value: 0.9108737176502096 and parameters: {'hidden_layers_index': 3, 'dropout': 0.275879794926969, 'learning_rate': 0.00014222860354752844, 'batch_size': 64, 'epochs': 108}. Best is trial 41 with value: 0.9290641260820675.
    Trial 49/50 (best val_r2=0.9291)
  [HPO] Trial 49 started...
  [HPO] Trial 49 finished in 38.5s (val_r2=0.9114)
[I 2026-04-01 03:11:05,072] Trial 49 finished with value: 0.9113868169308199 and parameters: {'hidden_layers_index': 3, 'dropout': 0.31291332580224823, 'learning_rate': 0.000528120202001764, 'batch_size': 32, 'epochs': 141}. Best is trial 41 with value: 0.9290641260820675.
    Trial 50/50 (best val_r2=0.9291)
[6/6] Training nstxu_mlp_gamma_full...
[6/6] Done. Artifacts in runs/nstxu_gamma_full_hpo
Workflow nstxu_gamma_full_hpo complete. Artifacts saved to runs/nstxu_gamma_full_hpo
{
  "run_tag": "nstxu_gamma_full_hpo",
  "dataset": {
    "file_path": "data/datasets/NSTX-U/nstxu_equil_curated.pkl",
    "n_rows": 10000,
    "n_inputs": 24,
    "n_outputs": 1,
    "output_groups": {},
    "profile_groups": {},
    "dataset_info": {
      "shape": [
        10000,
        33
      ],
      "n_input_variables": 31,
      "n_output_variables": 2,
      "n_output_groups": 0,
      "largest_output_group": 0,
      "largest_output_group_name": null
    }
  },
  "resources": {
    "scheduler": null,
    "n_cpus": 10,
    "n_gpus": 0,
    "gpu_type": null,
    "device": "cpu",
    "hostname": "asanche2-lt",
    "extras": {
      "platform": "macOS-26.3.1-arm64-arm-64bit"
    }
  },
  "splits": {
    "train": 6000,
    "val": 2000,
    "test": 2000
  },
  "scalers": {
    "input_scaler": "runs/nstxu_gamma_full_hpo/scalers/inputs.joblib",
    "output_scaler": "runs/nstxu_gamma_full_hpo/scalers/outputs.joblib"
  },
  "models": [
    {
      "name": "nstxu_rf_gamma_full",
      "backend": "sklearn",
      "params": {
        "n_estimators": 600,
        "max_depth": 24,
        "min_samples_leaf": 1
      },
      "metrics": {
        "train": {
          "r2": 0.9801428761023394,
          "rmse": 409.2755682172927,
          "mae": 141.8290287025702,
          "mape": 4903607302792.741
        },
        "val": {
          "r2": 0.8530663789016047,
          "rmse": 1089.405973368093,
          "mae": 368.12767991328076,
          "mape": 0.5829621952426632
        },
        "test": {
          "r2": 0.8039518126527113,
          "rmse": 1256.5544187996957,
          "mae": 433.17818465040887,
          "mape": 0.7139068753576371
        }
      },
      "timings": {
        "train_seconds": 8.718955541997275,
        "train_inference_seconds": 0.16742987500037998,
        "val_inference_seconds": 0.06469829200068489,
        "train_inference_per_sample": 2.7904979166729996e-05,
        "val_inference_per_sample": 3.234914600034244e-05,
        "test_inference_seconds": 0.0761783329944592,
        "test_inference_per_sample": 3.80891664972296e-05
      },
      "artifacts": {
        "model": "runs/nstxu_gamma_full_hpo/models/nstxu_rf_gamma_full.joblib",
        "predictions": {
          "train": "runs/nstxu_gamma_full_hpo/predictions/nstxu_rf_gamma_full_train.csv",
          "val": "runs/nstxu_gamma_full_hpo/predictions/nstxu_rf_gamma_full_val.csv",
          "test": "runs/nstxu_gamma_full_hpo/predictions/nstxu_rf_gamma_full_test.csv"
        },
        "hpo": "runs/nstxu_gamma_full_hpo/hpo/nstxu_rf_gamma_full_hpo.json"
      }
    },
    {
      "name": "nstxu_mlp_gamma_full",
      "backend": "pytorch",
      "params": {
        "hidden_layers": [
          384,
          256,
          128
        ],
        "dropout": 0.23391571282975834,
        "epochs": 143,
        "batch_size": 64,
        "learning_rate": 0.0002357167044496318,
        "mc_dropout_passes": 40,
        "activation": "relu"
      },
      "metrics": {
        "train": {
          "r2": 0.9850724649991892,
          "rmse": 354.85562709875325,
          "mae": 125.62493294773456,
          "mape": 624037124380121.1
        },
        "val": {
          "r2": 0.9176583157961157,
          "rmse": 815.5282962383562,
          "mae": 202.02862247169216,
          "mape": 0.8775592626425669
        },
        "test": {
          "r2": 0.9156039122243359,
          "rmse": 824.4437759979478,
          "mae": 208.5146195946507,
          "mape": 0.8847047144621393
        }
      },
      "timings": {
        "train_seconds": 23.4430773339991,
        "train_inference_seconds": 0.013425416997051798,
        "val_inference_seconds": 0.002370792004512623,
        "train_inference_per_sample": 2.237569499508633e-06,
        "val_inference_per_sample": 1.1853960022563116e-06,
        "test_inference_seconds": 0.0023597090039402246,
        "test_inference_per_sample": 1.1798545019701123e-06
      },
      "artifacts": {
        "model": "runs/nstxu_gamma_full_hpo/models/nstxu_mlp_gamma_full.joblib",
        "predictions": {
          "train": "runs/nstxu_gamma_full_hpo/predictions/nstxu_mlp_gamma_full_train.csv",
          "val": "runs/nstxu_gamma_full_hpo/predictions/nstxu_mlp_gamma_full_val.csv",
          "test": "runs/nstxu_gamma_full_hpo/predictions/nstxu_mlp_gamma_full_test.csv",
          "val_uq": "runs/nstxu_gamma_full_hpo/predictions/nstxu_mlp_gamma_full_val_uq.json"
        },
        "hpo": "runs/nstxu_gamma_full_hpo/hpo/nstxu_mlp_gamma_full_hpo.json"
      }
    }
  ],
  "registry": "Registered Models:",
  "artifacts": {
    "root": "runs/nstxu_gamma_full_hpo",
    "metrics": "runs/nstxu_gamma_full_hpo/metrics.json",
    "summary": "runs/nstxu_gamma_full_hpo/workflow_summary.json",
    "spec": "runs/nstxu_gamma_full_hpo/spec.yaml",
    "train_data_ranges": "runs/nstxu_gamma_full_hpo/train_data_ranges.json"
  }
}
>>> 2026-04-01T03:11:30-04:00 OK nstxu_gamma_full_hpo

>>> 2026-04-01T03:11:30-04:00 START nstxu_gamma_no_coils_hpo

A module that was compiled using NumPy 1.x cannot be run in
NumPy 2.3.4 as it may crash. To support both 1.x and 2.x
versions of NumPy, modules must be compiled with NumPy 2.0.
Some module may need to rebuild instead e.g. with 'pybind11>=2.12'.

If you are a user of the module, the easiest solution will be to
downgrade to 'numpy<2' or try to upgrade the affected module.
We expect that some modules will need time to support NumPy 2.

Traceback (most recent call last):  File "<frozen runpy>", line 198, in _run_module_as_main
  File "<frozen runpy>", line 88, in _run_code
  File "/Users/asanche2/repos/SURGE/examples/m3dc1_workflow.py", line 14, in <module>
    import surge  # noqa: F401 - ensures package initialization registers adapters
  File "/Users/asanche2/repos/SURGE/surge/__init__.py", line 10, in <module>
    from .model import GPFLOW_AVAILABLE, MODEL_REGISTRY, PYTORCH_AVAILABLE
  File "/Users/asanche2/repos/SURGE/surge/model/__init__.py", line 7, in <module>
    from .gpflow import GPFLOW_AVAILABLE, GPflowGPRAdapter, GPflowMultiKernelAdapter
  File "/Users/asanche2/repos/SURGE/surge/model/gpflow.py", line 7, in <module>
    from .gpflow_impl import GPFLOW_AVAILABLE, GPflowGPRModel, GPflowMultiKernelGPR
  File "/Users/asanche2/repos/SURGE/surge/model/gpflow_impl.py", line 11, in <module>
    import gpflow as gpf
  File "/opt/homebrew/anaconda3/lib/python3.12/site-packages/gpflow/__init__.py", line 17, in <module>
    from . import (
  File "/opt/homebrew/anaconda3/lib/python3.12/site-packages/gpflow/conditionals/__init__.py", line 1, in <module>
    from . import conditionals, multioutput, sample_conditionals
  File "/opt/homebrew/anaconda3/lib/python3.12/site-packages/gpflow/conditionals/conditionals.py", line 17, in <module>
    import tensorflow as tf
  File "/opt/homebrew/anaconda3/lib/python3.12/site-packages/tensorflow/__init__.py", line 45, in <module>
    from tensorflow._api.v2 import __internal__
  File "/opt/homebrew/anaconda3/lib/python3.12/site-packages/tensorflow/_api/v2/__internal__/__init__.py", line 8, in <module>
    from tensorflow._api.v2.__internal__ import autograph
  File "/opt/homebrew/anaconda3/lib/python3.12/site-packages/tensorflow/_api/v2/__internal__/autograph/__init__.py", line 8, in <module>
    from tensorflow.python.autograph.core.ag_ctx import control_status_ctx # line: 34
  File "/opt/homebrew/anaconda3/lib/python3.12/site-packages/tensorflow/python/autograph/core/ag_ctx.py", line 21, in <module>
    from tensorflow.python.autograph.utils import ag_logging
  File "/opt/homebrew/anaconda3/lib/python3.12/site-packages/tensorflow/python/autograph/utils/__init__.py", line 17, in <module>
    from tensorflow.python.autograph.utils.context_managers import control_dependency_on_returns
  File "/opt/homebrew/anaconda3/lib/python3.12/site-packages/tensorflow/python/autograph/utils/context_managers.py", line 19, in <module>
    from tensorflow.python.framework import ops
  File "/opt/homebrew/anaconda3/lib/python3.12/site-packages/tensorflow/python/framework/ops.py", line 46, in <module>
    from tensorflow.python import pywrap_tfe
  File "/opt/homebrew/anaconda3/lib/python3.12/site-packages/tensorflow/python/pywrap_tfe.py", line 25, in <module>
    from tensorflow.python._pywrap_tfe import *
Traceback (most recent call last):
  File "/opt/homebrew/anaconda3/lib/python3.12/site-packages/numpy/core/_multiarray_umath.py", line 46, in __getattr__
    raise ImportError(msg)
ImportError: 
A module that was compiled using NumPy 1.x cannot be run in
NumPy 2.3.4 as it may crash. To support both 1.x and 2.x
versions of NumPy, modules must be compiled with NumPy 2.0.
Some module may need to rebuild instead e.g. with 'pybind11>=2.12'.

If you are a user of the module, the easiest solution will be to
downgrade to 'numpy<2' or try to upgrade the affected module.
We expect that some modules will need time to support NumPy 2.


AttributeError: 'MessageFactory' object has no attribute 'GetPrototype'

A module that was compiled using NumPy 1.x cannot be run in
NumPy 2.3.4 as it may crash. To support both 1.x and 2.x
versions of NumPy, modules must be compiled with NumPy 2.0.
Some module may need to rebuild instead e.g. with 'pybind11>=2.12'.

If you are a user of the module, the easiest solution will be to
downgrade to 'numpy<2' or try to upgrade the affected module.
We expect that some modules will need time to support NumPy 2.

Traceback (most recent call last):  File "<frozen runpy>", line 198, in _run_module_as_main
  File "<frozen runpy>", line 88, in _run_code
  File "/Users/asanche2/repos/SURGE/examples/m3dc1_workflow.py", line 14, in <module>
    import surge  # noqa: F401 - ensures package initialization registers adapters
  File "/Users/asanche2/repos/SURGE/surge/__init__.py", line 10, in <module>
    from .model import GPFLOW_AVAILABLE, MODEL_REGISTRY, PYTORCH_AVAILABLE
  File "/Users/asanche2/repos/SURGE/surge/model/__init__.py", line 7, in <module>
    from .gpflow import GPFLOW_AVAILABLE, GPflowGPRAdapter, GPflowMultiKernelAdapter
  File "/Users/asanche2/repos/SURGE/surge/model/gpflow.py", line 7, in <module>
    from .gpflow_impl import GPFLOW_AVAILABLE, GPflowGPRModel, GPflowMultiKernelGPR
  File "/Users/asanche2/repos/SURGE/surge/model/gpflow_impl.py", line 11, in <module>
    import gpflow as gpf
  File "/opt/homebrew/anaconda3/lib/python3.12/site-packages/gpflow/__init__.py", line 17, in <module>
    from . import (
  File "/opt/homebrew/anaconda3/lib/python3.12/site-packages/gpflow/conditionals/__init__.py", line 1, in <module>
    from . import conditionals, multioutput, sample_conditionals
  File "/opt/homebrew/anaconda3/lib/python3.12/site-packages/gpflow/conditionals/conditionals.py", line 17, in <module>
    import tensorflow as tf
  File "/opt/homebrew/anaconda3/lib/python3.12/site-packages/tensorflow/__init__.py", line 45, in <module>
    from tensorflow._api.v2 import __internal__
  File "/opt/homebrew/anaconda3/lib/python3.12/site-packages/tensorflow/_api/v2/__internal__/__init__.py", line 8, in <module>
    from tensorflow._api.v2.__internal__ import autograph
  File "/opt/homebrew/anaconda3/lib/python3.12/site-packages/tensorflow/_api/v2/__internal__/autograph/__init__.py", line 8, in <module>
    from tensorflow.python.autograph.core.ag_ctx import control_status_ctx # line: 34
  File "/opt/homebrew/anaconda3/lib/python3.12/site-packages/tensorflow/python/autograph/core/ag_ctx.py", line 21, in <module>
    from tensorflow.python.autograph.utils import ag_logging
  File "/opt/homebrew/anaconda3/lib/python3.12/site-packages/tensorflow/python/autograph/utils/__init__.py", line 17, in <module>
    from tensorflow.python.autograph.utils.context_managers import control_dependency_on_returns
  File "/opt/homebrew/anaconda3/lib/python3.12/site-packages/tensorflow/python/autograph/utils/context_managers.py", line 19, in <module>
    from tensorflow.python.framework import ops
  File "/opt/homebrew/anaconda3/lib/python3.12/site-packages/tensorflow/python/framework/ops.py", line 49, in <module>
    from tensorflow.python.client import pywrap_tf_session
  File "/opt/homebrew/anaconda3/lib/python3.12/site-packages/tensorflow/python/client/pywrap_tf_session.py", line 19, in <module>
    from tensorflow.python.client._pywrap_tf_session import *
Traceback (most recent call last):
  File "/opt/homebrew/anaconda3/lib/python3.12/site-packages/numpy/core/_multiarray_umath.py", line 46, in __getattr__
    raise ImportError(msg)
ImportError: 
A module that was compiled using NumPy 1.x cannot be run in
NumPy 2.3.4 as it may crash. To support both 1.x and 2.x
versions of NumPy, modules must be compiled with NumPy 2.0.
Some module may need to rebuild instead e.g. with 'pybind11>=2.12'.

If you are a user of the module, the easiest solution will be to
downgrade to 'numpy<2' or try to upgrade the affected module.
We expect that some modules will need time to support NumPy 2.



A module that was compiled using NumPy 1.x cannot be run in
NumPy 2.3.4 as it may crash. To support both 1.x and 2.x
versions of NumPy, modules must be compiled with NumPy 2.0.
Some module may need to rebuild instead e.g. with 'pybind11>=2.12'.

If you are a user of the module, the easiest solution will be to
downgrade to 'numpy<2' or try to upgrade the affected module.
We expect that some modules will need time to support NumPy 2.

Traceback (most recent call last):  File "<frozen runpy>", line 198, in _run_module_as_main
  File "<frozen runpy>", line 88, in _run_code
  File "/Users/asanche2/repos/SURGE/examples/m3dc1_workflow.py", line 14, in <module>
    import surge  # noqa: F401 - ensures package initialization registers adapters
  File "/Users/asanche2/repos/SURGE/surge/__init__.py", line 10, in <module>
    from .model import GPFLOW_AVAILABLE, MODEL_REGISTRY, PYTORCH_AVAILABLE
  File "/Users/asanche2/repos/SURGE/surge/model/__init__.py", line 7, in <module>
    from .gpflow import GPFLOW_AVAILABLE, GPflowGPRAdapter, GPflowMultiKernelAdapter
  File "/Users/asanche2/repos/SURGE/surge/model/gpflow.py", line 7, in <module>
    from .gpflow_impl import GPFLOW_AVAILABLE, GPflowGPRModel, GPflowMultiKernelGPR
  File "/Users/asanche2/repos/SURGE/surge/model/gpflow_impl.py", line 11, in <module>
    import gpflow as gpf
  File "/opt/homebrew/anaconda3/lib/python3.12/site-packages/gpflow/__init__.py", line 17, in <module>
    from . import (
  File "/opt/homebrew/anaconda3/lib/python3.12/site-packages/gpflow/conditionals/__init__.py", line 1, in <module>
    from . import conditionals, multioutput, sample_conditionals
  File "/opt/homebrew/anaconda3/lib/python3.12/site-packages/gpflow/conditionals/conditionals.py", line 17, in <module>
    import tensorflow as tf
  File "/opt/homebrew/anaconda3/lib/python3.12/site-packages/tensorflow/__init__.py", line 45, in <module>
    from tensorflow._api.v2 import __internal__
  File "/opt/homebrew/anaconda3/lib/python3.12/site-packages/tensorflow/_api/v2/__internal__/__init__.py", line 8, in <module>
    from tensorflow._api.v2.__internal__ import autograph
  File "/opt/homebrew/anaconda3/lib/python3.12/site-packages/tensorflow/_api/v2/__internal__/autograph/__init__.py", line 8, in <module>
    from tensorflow.python.autograph.core.ag_ctx import control_status_ctx # line: 34
  File "/opt/homebrew/anaconda3/lib/python3.12/site-packages/tensorflow/python/autograph/core/ag_ctx.py", line 21, in <module>
    from tensorflow.python.autograph.utils import ag_logging
  File "/opt/homebrew/anaconda3/lib/python3.12/site-packages/tensorflow/python/autograph/utils/__init__.py", line 17, in <module>
    from tensorflow.python.autograph.utils.context_managers import control_dependency_on_returns
  File "/opt/homebrew/anaconda3/lib/python3.12/site-packages/tensorflow/python/autograph/utils/context_managers.py", line 19, in <module>
    from tensorflow.python.framework import ops
  File "/opt/homebrew/anaconda3/lib/python3.12/site-packages/tensorflow/python/framework/ops.py", line 50, in <module>
    from tensorflow.python.eager import context
  File "/opt/homebrew/anaconda3/lib/python3.12/site-packages/tensorflow/python/eager/context.py", line 37, in <module>
    from tensorflow.python.eager import execute
  File "/opt/homebrew/anaconda3/lib/python3.12/site-packages/tensorflow/python/eager/execute.py", line 21, in <module>
    from tensorflow.python.framework import dtypes
  File "/opt/homebrew/anaconda3/lib/python3.12/site-packages/tensorflow/python/framework/dtypes.py", line 21, in <module>
    import ml_dtypes
  File "/opt/homebrew/anaconda3/lib/python3.12/site-packages/ml_dtypes/__init__.py", line 32, in <module>
    from ml_dtypes._finfo import finfo
  File "/opt/homebrew/anaconda3/lib/python3.12/site-packages/ml_dtypes/_finfo.py", line 19, in <module>
    from ml_dtypes._ml_dtypes_ext import bfloat16
Traceback (most recent call last):
  File "/opt/homebrew/anaconda3/lib/python3.12/site-packages/numpy/core/_multiarray_umath.py", line 46, in __getattr__
    raise ImportError(msg)
ImportError: 
A module that was compiled using NumPy 1.x cannot be run in
NumPy 2.3.4 as it may crash. To support both 1.x and 2.x
versions of NumPy, modules must be compiled with NumPy 2.0.
Some module may need to rebuild instead e.g. with 'pybind11>=2.12'.

If you are a user of the module, the easiest solution will be to
downgrade to 'numpy<2' or try to upgrade the affected module.
We expect that some modules will need time to support NumPy 2.


ImportError: numpy.core._multiarray_umath failed to import
Warning: GPflow not available or incompatible. Install with: pip install gpflow
SURGE workflow started.
Starting SURGE workflow for dataset data/datasets/NSTX-U/nstxu_equil_curated.pkl
[1/6] Loading dataset...
[2/6] Preparing splits and scalers...
[3/6] HPO for nstxu_rf_gamma_nocoils (50 trials)...
[I 2026-04-01 03:11:36,026] A new study created in memory with name: nstxu_gamma_no_coils_hpo-sklearn.random_forest
  [HPO] Trial 0 started...
  [HPO] Trial 0 finished in 4.1s (val_r2=0.7911)
[I 2026-04-01 03:11:40,125] Trial 0 finished with value: 0.7911464035824836 and parameters: {'n_estimators': 500, 'max_depth': 10, 'min_samples_leaf': 4}. Best is trial 0 with value: 0.7911464035824836.
    Trial 1/50 (best val_r2=0.7911)
  [HPO] Trial 1 started...
  [HPO] Trial 1 finished in 7.8s (val_r2=0.8163)
[I 2026-04-01 03:11:47,944] Trial 1 finished with value: 0.816309099415177 and parameters: {'n_estimators': 600, 'max_depth': 24, 'min_samples_leaf': 2}. Best is trial 1 with value: 0.816309099415177.
    Trial 2/50 (best val_r2=0.8163)
  [HPO] Trial 2 started...
  [HPO] Trial 2 finished in 4.8s (val_r2=0.8102)
[I 2026-04-01 03:11:52,707] Trial 2 finished with value: 0.8101590670174567 and parameters: {'n_estimators': 450, 'max_depth': 20, 'min_samples_leaf': 3}. Best is trial 1 with value: 0.816309099415177.
    Trial 3/50 (best val_r2=0.8163)
  [HPO] Trial 3 started...
  [HPO] Trial 3 finished in 3.1s (val_r2=0.6748)
[I 2026-04-01 03:11:55,786] Trial 3 finished with value: 0.6748363945580609 and parameters: {'n_estimators': 500, 'max_depth': 6, 'min_samples_leaf': 2}. Best is trial 1 with value: 0.816309099415177.
    Trial 4/50 (best val_r2=0.8163)
  [HPO] Trial 4 started...
  [HPO] Trial 4 finished in 2.8s (val_r2=0.8151)
[I 2026-04-01 03:11:58,607] Trial 4 finished with value: 0.8150892649112887 and parameters: {'n_estimators': 200, 'max_depth': 22, 'min_samples_leaf': 2}. Best is trial 1 with value: 0.816309099415177.
    Trial 5/50 (best val_r2=0.8163)
  [HPO] Trial 5 started...
  [HPO] Trial 5 finished in 4.7s (val_r2=0.8003)
[I 2026-04-01 03:12:03,353] Trial 5 finished with value: 0.8003105270282556 and parameters: {'n_estimators': 500, 'max_depth': 10, 'min_samples_leaf': 2}. Best is trial 1 with value: 0.816309099415177.
    Trial 6/50 (best val_r2=0.8163)
  [HPO] Trial 6 started...
  [HPO] Trial 6 finished in 1.7s (val_r2=0.7986)
[I 2026-04-01 03:12:05,082] Trial 6 finished with value: 0.7986144297876312 and parameters: {'n_estimators': 200, 'max_depth': 12, 'min_samples_leaf': 4}. Best is trial 1 with value: 0.816309099415177.
    Trial 7/50 (best val_r2=0.8163)
  [HPO] Trial 7 started...
  [HPO] Trial 7 finished in 2.0s (val_r2=0.7991)
[I 2026-04-01 03:12:07,109] Trial 7 finished with value: 0.7990924289226782 and parameters: {'n_estimators': 250, 'max_depth': 12, 'min_samples_leaf': 4}. Best is trial 1 with value: 0.816309099415177.
    Trial 8/50 (best val_r2=0.8163)
  [HPO] Trial 8 started...
  [HPO] Trial 8 finished in 1.2s (val_r2=0.7304)
[I 2026-04-01 03:12:08,344] Trial 8 finished with value: 0.7304355064318226 and parameters: {'n_estimators': 200, 'max_depth': 7, 'min_samples_leaf': 3}. Best is trial 1 with value: 0.816309099415177.
    Trial 9/50 (best val_r2=0.8163)
  [HPO] Trial 9 started...
  [HPO] Trial 9 finished in 3.1s (val_r2=0.6736)
[I 2026-04-01 03:12:11,462] Trial 9 finished with value: 0.6736100624303714 and parameters: {'n_estimators': 550, 'max_depth': 6, 'min_samples_leaf': 3}. Best is trial 1 with value: 0.816309099415177.
    Trial 10/50 (best val_r2=0.8163)
  [HPO] Trial 10 started...
  [HPO] Trial 10 finished in 7.9s (val_r2=0.8224)
[I 2026-04-01 03:12:19,351] Trial 10 finished with value: 0.8223512404080559 and parameters: {'n_estimators': 600, 'max_depth': 18, 'min_samples_leaf': 1}. Best is trial 10 with value: 0.8223512404080559.
    Trial 11/50 (best val_r2=0.8224)
  [HPO] Trial 11 started...
  [HPO] Trial 11 finished in 6.7s (val_r2=0.8224)
[I 2026-04-01 03:12:26,055] Trial 11 finished with value: 0.8223512404080559 and parameters: {'n_estimators': 600, 'max_depth': 18, 'min_samples_leaf': 1}. Best is trial 10 with value: 0.8223512404080559.
    Trial 12/50 (best val_r2=0.8224)
  [HPO] Trial 12 started...
  [HPO] Trial 12 finished in 8.1s (val_r2=0.8222)
[I 2026-04-01 03:12:34,227] Trial 12 finished with value: 0.8221724240513767 and parameters: {'n_estimators': 600, 'max_depth': 17, 'min_samples_leaf': 1}. Best is trial 10 with value: 0.8223512404080559.
    Trial 13/50 (best val_r2=0.8224)
  [HPO] Trial 13 started...
  [HPO] Trial 13 finished in 4.0s (val_r2=0.8236)
[I 2026-04-01 03:12:38,244] Trial 13 finished with value: 0.8235665886764841 and parameters: {'n_estimators': 350, 'max_depth': 17, 'min_samples_leaf': 1}. Best is trial 13 with value: 0.8235665886764841.
    Trial 14/50 (best val_r2=0.8236)
  [HPO] Trial 14 started...
  [HPO] Trial 14 finished in 4.2s (val_r2=0.8231)
[I 2026-04-01 03:12:42,425] Trial 14 finished with value: 0.8231417488079708 and parameters: {'n_estimators': 350, 'max_depth': 15, 'min_samples_leaf': 1}. Best is trial 13 with value: 0.8235665886764841.
    Trial 15/50 (best val_r2=0.8236)
  [HPO] Trial 15 started...
  [HPO] Trial 15 finished in 5.1s (val_r2=0.8231)
[I 2026-04-01 03:12:47,575] Trial 15 finished with value: 0.8231417488079706 and parameters: {'n_estimators': 350, 'max_depth': 15, 'min_samples_leaf': 1}. Best is trial 13 with value: 0.8235665886764841.
    Trial 16/50 (best val_r2=0.8236)
  [HPO] Trial 16 started...
  [HPO] Trial 16 finished in 3.8s (val_r2=0.8223)
[I 2026-04-01 03:12:51,368] Trial 16 finished with value: 0.8223295931751432 and parameters: {'n_estimators': 350, 'max_depth': 14, 'min_samples_leaf': 1}. Best is trial 13 with value: 0.8235665886764841.
    Trial 17/50 (best val_r2=0.8236)
  [HPO] Trial 17 started...
  [HPO] Trial 17 finished in 3.6s (val_r2=0.8242)
[I 2026-04-01 03:12:54,951] Trial 17 finished with value: 0.8242186181455291 and parameters: {'n_estimators': 300, 'max_depth': 20, 'min_samples_leaf': 1}. Best is trial 17 with value: 0.8242186181455291.
    Trial 18/50 (best val_r2=0.8242)
  [HPO] Trial 18 started...
  [HPO] Trial 18 finished in 3.0s (val_r2=0.8165)
[I 2026-04-01 03:12:57,976] Trial 18 finished with value: 0.8165376801361781 and parameters: {'n_estimators': 300, 'max_depth': 21, 'min_samples_leaf': 2}. Best is trial 17 with value: 0.8242186181455291.
    Trial 19/50 (best val_r2=0.8242)
  [HPO] Trial 19 started...
  [HPO] Trial 19 finished in 4.6s (val_r2=0.8239)
[I 2026-04-01 03:13:02,686] Trial 19 finished with value: 0.8238781915905985 and parameters: {'n_estimators': 400, 'max_depth': 24, 'min_samples_leaf': 1}. Best is trial 17 with value: 0.8242186181455291.
    Trial 20/50 (best val_r2=0.8242)
  [HPO] Trial 20 started...
  [HPO] Trial 20 finished in 5.8s (val_r2=0.8167)
[I 2026-04-01 03:13:08,496] Trial 20 finished with value: 0.8167200868264031 and parameters: {'n_estimators': 400, 'max_depth': 24, 'min_samples_leaf': 2}. Best is trial 17 with value: 0.8242186181455291.
    Trial 21/50 (best val_r2=0.8242)
  [HPO] Trial 21 started...
  [HPO] Trial 21 finished in 4.0s (val_r2=0.8248)
[I 2026-04-01 03:13:12,495] Trial 21 finished with value: 0.8247704277660246 and parameters: {'n_estimators': 300, 'max_depth': 22, 'min_samples_leaf': 1}. Best is trial 21 with value: 0.8247704277660246.
    Trial 22/50 (best val_r2=0.8248)
  [HPO] Trial 22 started...
  [HPO] Trial 22 finished in 4.0s (val_r2=0.8248)
[I 2026-04-01 03:13:16,498] Trial 22 finished with value: 0.8247704277660246 and parameters: {'n_estimators': 300, 'max_depth': 22, 'min_samples_leaf': 1}. Best is trial 21 with value: 0.8247704277660246.
    Trial 23/50 (best val_r2=0.8248)
  [HPO] Trial 23 started...
  [HPO] Trial 23 finished in 3.7s (val_r2=0.8248)
[I 2026-04-01 03:13:20,254] Trial 23 finished with value: 0.8247704277660246 and parameters: {'n_estimators': 300, 'max_depth': 22, 'min_samples_leaf': 1}. Best is trial 21 with value: 0.8247704277660246.
    Trial 24/50 (best val_r2=0.8248)
  [HPO] Trial 24 started...
  [HPO] Trial 24 finished in 3.0s (val_r2=0.8245)
[I 2026-04-01 03:13:23,320] Trial 24 finished with value: 0.8245428481389361 and parameters: {'n_estimators': 250, 'max_depth': 22, 'min_samples_leaf': 1}. Best is trial 21 with value: 0.8247704277660246.
    Trial 25/50 (best val_r2=0.8248)
  [HPO] Trial 25 started...
  [HPO] Trial 25 finished in 3.3s (val_r2=0.8162)
[I 2026-04-01 03:13:26,642] Trial 25 finished with value: 0.816228230155706 and parameters: {'n_estimators': 300, 'max_depth': 22, 'min_samples_leaf': 2}. Best is trial 21 with value: 0.8247704277660246.
    Trial 26/50 (best val_r2=0.8248)
  [HPO] Trial 26 started...
  [HPO] Trial 26 finished in 2.7s (val_r2=0.8241)
[I 2026-04-01 03:13:29,394] Trial 26 finished with value: 0.8240818732522426 and parameters: {'n_estimators': 250, 'max_depth': 19, 'min_samples_leaf': 1}. Best is trial 21 with value: 0.8247704277660246.
    Trial 27/50 (best val_r2=0.8248)
  [HPO] Trial 27 started...
  [HPO] Trial 27 finished in 3.6s (val_r2=0.8166)
[I 2026-04-01 03:13:32,977] Trial 27 finished with value: 0.8165624628241106 and parameters: {'n_estimators': 300, 'max_depth': 23, 'min_samples_leaf': 2}. Best is trial 21 with value: 0.8247704277660246.
    Trial 28/50 (best val_r2=0.8248)
  [HPO] Trial 28 started...
  [HPO] Trial 28 finished in 2.8s (val_r2=0.8241)
[I 2026-04-01 03:13:35,846] Trial 28 finished with value: 0.8240639626090005 and parameters: {'n_estimators': 250, 'max_depth': 20, 'min_samples_leaf': 1}. Best is trial 21 with value: 0.8247704277660246.
    Trial 29/50 (best val_r2=0.8248)
  [HPO] Trial 29 started...
  [HPO] Trial 29 finished in 4.7s (val_r2=0.8099)
[I 2026-04-01 03:13:40,577] Trial 29 finished with value: 0.809913979815568 and parameters: {'n_estimators': 450, 'max_depth': 21, 'min_samples_leaf': 3}. Best is trial 21 with value: 0.8247704277660246.
    Trial 30/50 (best val_r2=0.8248)
  [HPO] Trial 30 started...
  [HPO] Trial 30 finished in 3.8s (val_r2=0.8240)
[I 2026-04-01 03:13:44,365] Trial 30 finished with value: 0.8240350694830597 and parameters: {'n_estimators': 300, 'max_depth': 23, 'min_samples_leaf': 1}. Best is trial 21 with value: 0.8247704277660246.
    Trial 31/50 (best val_r2=0.8248)
  [HPO] Trial 31 started...
  [HPO] Trial 31 finished in 3.7s (val_r2=0.8245)
[I 2026-04-01 03:13:48,065] Trial 31 finished with value: 0.8245428481389361 and parameters: {'n_estimators': 250, 'max_depth': 22, 'min_samples_leaf': 1}. Best is trial 21 with value: 0.8247704277660246.
    Trial 32/50 (best val_r2=0.8248)
  [HPO] Trial 32 started...
  [HPO] Trial 32 finished in 3.7s (val_r2=0.8236)
[I 2026-04-01 03:13:51,802] Trial 32 finished with value: 0.8235786624032375 and parameters: {'n_estimators': 250, 'max_depth': 23, 'min_samples_leaf': 1}. Best is trial 21 with value: 0.8247704277660246.
    Trial 33/50 (best val_r2=0.8248)
  [HPO] Trial 33 started...
  [HPO] Trial 33 finished in 4.2s (val_r2=0.8245)
[I 2026-04-01 03:13:56,020] Trial 33 finished with value: 0.8244624945233233 and parameters: {'n_estimators': 350, 'max_depth': 21, 'min_samples_leaf': 1}. Best is trial 21 with value: 0.8247704277660246.
    Trial 34/50 (best val_r2=0.8248)
  [HPO] Trial 34 started...
  [HPO] Trial 34 finished in 4.9s (val_r2=0.8171)
[I 2026-04-01 03:14:00,936] Trial 34 finished with value: 0.8170595987321034 and parameters: {'n_estimators': 400, 'max_depth': 19, 'min_samples_leaf': 2}. Best is trial 21 with value: 0.8247704277660246.
    Trial 35/50 (best val_r2=0.8248)
  [HPO] Trial 35 started...
  [HPO] Trial 35 finished in 3.3s (val_r2=0.8234)
[I 2026-04-01 03:14:04,269] Trial 35 finished with value: 0.8234068891909319 and parameters: {'n_estimators': 200, 'max_depth': 24, 'min_samples_leaf': 1}. Best is trial 21 with value: 0.8247704277660246.
    Trial 36/50 (best val_r2=0.8248)
  [HPO] Trial 36 started...
  [HPO] Trial 36 finished in 3.3s (val_r2=0.8159)
[I 2026-04-01 03:14:07,569] Trial 36 finished with value: 0.8159488822247336 and parameters: {'n_estimators': 300, 'max_depth': 20, 'min_samples_leaf': 2}. Best is trial 21 with value: 0.8247704277660246.
    Trial 37/50 (best val_r2=0.8248)
  [HPO] Trial 37 started...
  [HPO] Trial 37 finished in 2.7s (val_r2=0.8153)
[I 2026-04-01 03:14:10,291] Trial 37 finished with value: 0.8152782348471888 and parameters: {'n_estimators': 250, 'max_depth': 22, 'min_samples_leaf': 2}. Best is trial 21 with value: 0.8247704277660246.
    Trial 38/50 (best val_r2=0.8248)
  [HPO] Trial 38 started...
  [HPO] Trial 38 finished in 3.2s (val_r2=0.8235)
[I 2026-04-01 03:14:13,525] Trial 38 finished with value: 0.8235483556921026 and parameters: {'n_estimators': 200, 'max_depth': 19, 'min_samples_leaf': 1}. Best is trial 21 with value: 0.8247704277660246.
    Trial 39/50 (best val_r2=0.8248)
  [HPO] Trial 39 started...
  [HPO] Trial 39 finished in 6.0s (val_r2=0.8236)
[I 2026-04-01 03:14:19,577] Trial 39 finished with value: 0.8236346050587039 and parameters: {'n_estimators': 450, 'max_depth': 21, 'min_samples_leaf': 1}. Best is trial 21 with value: 0.8247704277660246.
    Trial 40/50 (best val_r2=0.8248)
  [HPO] Trial 40 started...
  [HPO] Trial 40 finished in 2.9s (val_r2=0.8036)
[I 2026-04-01 03:14:22,491] Trial 40 finished with value: 0.8036012191176218 and parameters: {'n_estimators': 300, 'max_depth': 17, 'min_samples_leaf': 4}. Best is trial 21 with value: 0.8247704277660246.
    Trial 41/50 (best val_r2=0.8248)
  [HPO] Trial 41 started...
  [HPO] Trial 41 finished in 3.1s (val_r2=0.8245)
[I 2026-04-01 03:14:25,673] Trial 41 finished with value: 0.8245428481389361 and parameters: {'n_estimators': 250, 'max_depth': 22, 'min_samples_leaf': 1}. Best is trial 21 with value: 0.8247704277660246.
    Trial 42/50 (best val_r2=0.8248)
  [HPO] Trial 42 started...
  [HPO] Trial 42 finished in 3.5s (val_r2=0.8236)
[I 2026-04-01 03:14:29,202] Trial 42 finished with value: 0.8235786624032375 and parameters: {'n_estimators': 250, 'max_depth': 23, 'min_samples_leaf': 1}. Best is trial 21 with value: 0.8247704277660246.
    Trial 43/50 (best val_r2=0.8248)
  [HPO] Trial 43 started...
  [HPO] Trial 43 finished in 2.3s (val_r2=0.8243)
[I 2026-04-01 03:14:31,497] Trial 43 finished with value: 0.8242556160602177 and parameters: {'n_estimators': 200, 'max_depth': 22, 'min_samples_leaf': 1}. Best is trial 21 with value: 0.8247704277660246.
    Trial 44/50 (best val_r2=0.8248)
  [HPO] Trial 44 started...
  [HPO] Trial 44 finished in 2.8s (val_r2=0.8235)
[I 2026-04-01 03:14:34,348] Trial 44 finished with value: 0.8235373922654786 and parameters: {'n_estimators': 250, 'max_depth': 24, 'min_samples_leaf': 1}. Best is trial 21 with value: 0.8247704277660246.
    Trial 45/50 (best val_r2=0.8248)
  [HPO] Trial 45 started...
  [HPO] Trial 45 finished in 3.2s (val_r2=0.8165)
[I 2026-04-01 03:14:37,587] Trial 45 finished with value: 0.8165376801361781 and parameters: {'n_estimators': 300, 'max_depth': 21, 'min_samples_leaf': 2}. Best is trial 21 with value: 0.8247704277660246.
    Trial 46/50 (best val_r2=0.8248)
  [HPO] Trial 46 started...
  [HPO] Trial 46 finished in 2.2s (val_r2=0.8131)
[I 2026-04-01 03:14:39,834] Trial 46 finished with value: 0.8131378978067278 and parameters: {'n_estimators': 250, 'max_depth': 11, 'min_samples_leaf': 1}. Best is trial 21 with value: 0.8247704277660246.
    Trial 47/50 (best val_r2=0.8248)
  [HPO] Trial 47 started...
  [HPO] Trial 47 finished in 2.8s (val_r2=0.7842)
[I 2026-04-01 03:14:42,592] Trial 47 finished with value: 0.7842287279655805 and parameters: {'n_estimators': 350, 'max_depth': 9, 'min_samples_leaf': 3}. Best is trial 21 with value: 0.8247704277660246.
    Trial 48/50 (best val_r2=0.8248)
  [HPO] Trial 48 started...
  [HPO] Trial 48 finished in 2.1s (val_r2=0.8233)
[I 2026-04-01 03:14:44,764] Trial 48 finished with value: 0.8232919609624407 and parameters: {'n_estimators': 200, 'max_depth': 18, 'min_samples_leaf': 1}. Best is trial 21 with value: 0.8247704277660246.
    Trial 49/50 (best val_r2=0.8248)
  [HPO] Trial 49 started...
  [HPO] Trial 49 finished in 3.8s (val_r2=0.8245)
[I 2026-04-01 03:14:48,574] Trial 49 finished with value: 0.8245290983879903 and parameters: {'n_estimators': 350, 'max_depth': 20, 'min_samples_leaf': 1}. Best is trial 21 with value: 0.8247704277660246.
    Trial 50/50 (best val_r2=0.8248)
[4/6] Training nstxu_rf_gamma_nocoils...
[5/6] HPO for nstxu_mlp_gamma_nocoils (50 trials)...
[I 2026-04-01 03:14:52,519] A new study created in memory with name: nstxu_gamma_no_coils_hpo-torch.mlp
  [HPO] Trial 0 started...
  [HPO] Trial 0 finished in 30.5s (val_r2=0.8965)
[I 2026-04-01 03:15:22,995] Trial 0 finished with value: 0.896549864223635 and parameters: {'hidden_layers_index': 3, 'dropout': 0.09501648801396492, 'learning_rate': 0.0025143428814176426, 'batch_size': 64, 'epochs': 153}. Best is trial 0 with value: 0.896549864223635.
    Trial 1/50 (best val_r2=0.8965)
  [HPO] Trial 1 started...
  [HPO] Trial 1 finished in 33.4s (val_r2=0.9039)
[I 2026-04-01 03:15:56,448] Trial 1 finished with value: 0.9039108230098194 and parameters: {'hidden_layers_index': 3, 'dropout': 0.2566453379036277, 'learning_rate': 0.0016853391697173288, 'batch_size': 64, 'epochs': 183}. Best is trial 1 with value: 0.9039108230098194.
    Trial 2/50 (best val_r2=0.9039)
  [HPO] Trial 2 started...
  [HPO] Trial 2 finished in 28.1s (val_r2=0.9188)
[I 2026-04-01 03:16:24,522] Trial 2 finished with value: 0.9188189210548874 and parameters: {'hidden_layers_index': 1, 'dropout': 0.2719391806312388, 'learning_rate': 0.0002725285130250698, 'batch_size': 128, 'epochs': 194}. Best is trial 2 with value: 0.9188189210548874.
    Trial 3/50 (best val_r2=0.9188)
  [HPO] Trial 3 started...
  [HPO] Trial 3 finished in 18.2s (val_r2=0.9165)
[I 2026-04-01 03:16:42,705] Trial 3 finished with value: 0.916521837443717 and parameters: {'hidden_layers_index': 0, 'dropout': 0.12775654655214583, 'learning_rate': 0.00362466400156375, 'batch_size': 128, 'epochs': 185}. Best is trial 2 with value: 0.9188189210548874.
    Trial 4/50 (best val_r2=0.9188)
  [HPO] Trial 4 started...
  [HPO] Trial 4 finished in 19.6s (val_r2=0.8993)
[I 2026-04-01 03:17:02,274] Trial 4 finished with value: 0.8993353105667529 and parameters: {'hidden_layers_index': 0, 'dropout': 0.29863089479757504, 'learning_rate': 0.0024043227611998323, 'batch_size': 64, 'epochs': 138}. Best is trial 2 with value: 0.9188189210548874.
    Trial 5/50 (best val_r2=0.9188)
  [HPO] Trial 5 started...
  [HPO] Trial 5 finished in 49.9s (val_r2=0.9156)
[I 2026-04-01 03:17:52,189] Trial 5 finished with value: 0.9156345234417523 and parameters: {'hidden_layers_index': 3, 'dropout': 4.81342779403704e-06, 'learning_rate': 0.0002627903447762754, 'batch_size': 32, 'epochs': 164}. Best is trial 2 with value: 0.9188189210548874.
    Trial 6/50 (best val_r2=0.9188)
  [HPO] Trial 6 started...
  [HPO] Trial 6 finished in 25.1s (val_r2=0.9179)
[I 2026-04-01 03:18:17,255] Trial 6 finished with value: 0.9178924529481706 and parameters: {'hidden_layers_index': 3, 'dropout': 0.09779028087919613, 'learning_rate': 0.0006001696958441087, 'batch_size': 128, 'epochs': 173}. Best is trial 2 with value: 0.9188189210548874.
    Trial 7/50 (best val_r2=0.9188)
  [HPO] Trial 7 started...
  [HPO] Trial 7 finished in 9.2s (val_r2=0.9127)
[I 2026-04-01 03:18:26,449] Trial 7 finished with value: 0.9126884557136854 and parameters: {'hidden_layers_index': 0, 'dropout': 0.27443403167492536, 'learning_rate': 0.0008540385215381805, 'batch_size': 128, 'epochs': 98}. Best is trial 2 with value: 0.9188189210548874.
    Trial 8/50 (best val_r2=0.9188)
  [HPO] Trial 8 started...
  [HPO] Trial 8 finished in 56.5s (val_r2=0.9281)
[I 2026-04-01 03:19:22,934] Trial 8 finished with value: 0.9280958634739949 and parameters: {'hidden_layers_index': 3, 'dropout': 0.27204200624185687, 'learning_rate': 0.0002533817781390946, 'batch_size': 32, 'epochs': 181}. Best is trial 8 with value: 0.9280958634739949.
    Trial 9/50 (best val_r2=0.9281)
  [HPO] Trial 9 started...
  [HPO] Trial 9 finished in 25.2s (val_r2=0.9171)
[I 2026-04-01 03:19:48,099] Trial 9 finished with value: 0.9170975513244892 and parameters: {'hidden_layers_index': 1, 'dropout': 0.057948395618530046, 'learning_rate': 0.0002110412997403752, 'batch_size': 128, 'epochs': 185}. Best is trial 8 with value: 0.9280958634739949.
    Trial 10/50 (best val_r2=0.9281)
  [HPO] Trial 10 started...
  [HPO] Trial 10 finished in 35.4s (val_r2=0.9060)
[I 2026-04-01 03:20:23,452] Trial 10 finished with value: 0.9059733120902109 and parameters: {'hidden_layers_index': 2, 'dropout': 0.38658227712975657, 'learning_rate': 0.00010575648042945282, 'batch_size': 32, 'epochs': 119}. Best is trial 8 with value: 0.9280958634739949.
    Trial 11/50 (best val_r2=0.9281)
  [HPO] Trial 11 started...
  [HPO] Trial 11 finished in 51.2s (val_r2=0.9134)
[I 2026-04-01 03:21:14,685] Trial 11 finished with value: 0.9133858244530575 and parameters: {'hidden_layers_index': 1, 'dropout': 0.1892843825713042, 'learning_rate': 0.00034682945681412103, 'batch_size': 32, 'epochs': 199}. Best is trial 8 with value: 0.9280958634739949.
    Trial 12/50 (best val_r2=0.9281)
  [HPO] Trial 12 started...
  [HPO] Trial 12 finished in 51.8s (val_r2=0.9285)
[I 2026-04-01 03:22:06,470] Trial 12 finished with value: 0.9284702560488269 and parameters: {'hidden_layers_index': 2, 'dropout': 0.34833555022829726, 'learning_rate': 0.00012574860425370763, 'batch_size': 32, 'epochs': 197}. Best is trial 12 with value: 0.9284702560488269.
    Trial 13/50 (best val_r2=0.9285)
  [HPO] Trial 13 started...
  [HPO] Trial 13 finished in 44.8s (val_r2=0.9168)
[I 2026-04-01 03:22:51,225] Trial 13 finished with value: 0.9167843269538353 and parameters: {'hidden_layers_index': 2, 'dropout': 0.380572239779309, 'learning_rate': 0.00010511600031981292, 'batch_size': 32, 'epochs': 145}. Best is trial 12 with value: 0.9284702560488269.
    Trial 14/50 (best val_r2=0.9285)
  [HPO] Trial 14 started...
  [HPO] Trial 14 finished in 45.1s (val_r2=0.9231)
[I 2026-04-01 03:23:36,316] Trial 14 finished with value: 0.9231125217271833 and parameters: {'hidden_layers_index': 2, 'dropout': 0.32817412047478267, 'learning_rate': 0.00015761469105343365, 'batch_size': 32, 'epochs': 164}. Best is trial 12 with value: 0.9284702560488269.
    Trial 15/50 (best val_r2=0.9285)
  [HPO] Trial 15 started...
  [HPO] Trial 15 finished in 37.2s (val_r2=0.9206)
[I 2026-04-01 03:24:13,500] Trial 15 finished with value: 0.9206043177428024 and parameters: {'hidden_layers_index': 2, 'dropout': 0.21134217155466217, 'learning_rate': 0.0004532852903572962, 'batch_size': 32, 'epochs': 128}. Best is trial 12 with value: 0.9284702560488269.
    Trial 16/50 (best val_r2=0.9285)
  [HPO] Trial 16 started...
  [HPO] Trial 16 finished in 28.6s (val_r2=0.8527)
[I 2026-04-01 03:24:42,116] Trial 16 finished with value: 0.8526809217911979 and parameters: {'hidden_layers_index': 3, 'dropout': 0.3361854302726742, 'learning_rate': 0.0009321112815392703, 'batch_size': 32, 'epochs': 94}. Best is trial 12 with value: 0.9284702560488269.
    Trial 17/50 (best val_r2=0.9285)
  [HPO] Trial 17 started...
  [HPO] Trial 17 finished in 48.7s (val_r2=0.9470)
[I 2026-04-01 03:25:30,780] Trial 17 finished with value: 0.946992650860156 and parameters: {'hidden_layers_index': 2, 'dropout': 0.220243055525559, 'learning_rate': 0.000165965865427942, 'batch_size': 32, 'epochs': 172}. Best is trial 17 with value: 0.946992650860156.
    Trial 18/50 (best val_r2=0.9470)
  [HPO] Trial 18 started...
  [HPO] Trial 18 finished in 46.0s (val_r2=0.9276)
[I 2026-04-01 03:26:16,767] Trial 18 finished with value: 0.927589758758349 and parameters: {'hidden_layers_index': 2, 'dropout': 0.1778123841509459, 'learning_rate': 0.0001608692117539947, 'batch_size': 32, 'epochs': 163}. Best is trial 17 with value: 0.946992650860156.
    Trial 19/50 (best val_r2=0.9470)
  [HPO] Trial 19 started...
  [HPO] Trial 19 finished in 53.7s (val_r2=0.9221)
[I 2026-04-01 03:27:10,458] Trial 19 finished with value: 0.9220660970653061 and parameters: {'hidden_layers_index': 1, 'dropout': 0.21445714604244803, 'learning_rate': 0.0001616025745103953, 'batch_size': 32, 'epochs': 199}. Best is trial 17 with value: 0.946992650860156.
    Trial 20/50 (best val_r2=0.9470)
  [HPO] Trial 20 started...
  [HPO] Trial 20 finished in 24.3s (val_r2=0.9157)
[I 2026-04-01 03:27:34,720] Trial 20 finished with value: 0.9157482713972356 and parameters: {'hidden_layers_index': 2, 'dropout': 0.34945668847960953, 'learning_rate': 0.0012113885863359482, 'batch_size': 64, 'epochs': 171}. Best is trial 17 with value: 0.946992650860156.
    Trial 21/50 (best val_r2=0.9470)
  [HPO] Trial 21 started...
  [HPO] Trial 21 finished in 50.3s (val_r2=0.9130)
[I 2026-04-01 03:28:25,058] Trial 21 finished with value: 0.9130306106426284 and parameters: {'hidden_layers_index': 3, 'dropout': 0.24233845673629184, 'learning_rate': 0.00044713470644930234, 'batch_size': 32, 'epochs': 186}. Best is trial 17 with value: 0.946992650860156.
    Trial 22/50 (best val_r2=0.9470)
  [HPO] Trial 22 started...
  [HPO] Trial 22 finished in 40.2s (val_r2=0.9192)
[I 2026-04-01 03:29:05,260] Trial 22 finished with value: 0.9191639010208141 and parameters: {'hidden_layers_index': 2, 'dropout': 0.30647317575381205, 'learning_rate': 0.00013294429063129954, 'batch_size': 32, 'epochs': 174}. Best is trial 17 with value: 0.946992650860156.
    Trial 23/50 (best val_r2=0.9470)
  [HPO] Trial 23 started...
  [HPO] Trial 23 finished in 19.6s (val_r2=0.9280)
[I 2026-04-01 03:46:23,045] Trial 23 finished with value: 0.9279948607317663 and parameters: {'hidden_layers_index': 2, 'dropout': 0.15540892709116538, 'learning_rate': 0.0002122297785506036, 'batch_size': 32, 'epochs': 80}. Best is trial 17 with value: 0.946992650860156.
    Trial 24/50 (best val_r2=0.9470)
  [HPO] Trial 24 started...
  [HPO] Trial 24 finished in 71.4s (val_r2=0.9237)
[I 2026-04-01 05:28:56,861] Trial 24 finished with value: 0.9236837851180884 and parameters: {'hidden_layers_index': 3, 'dropout': 0.24801735540383174, 'learning_rate': 0.0002241729017787857, 'batch_size': 32, 'epochs': 150}. Best is trial 17 with value: 0.946992650860156.
    Trial 25/50 (best val_r2=0.9470)
  [HPO] Trial 25 started...
  [HPO] Trial 25 finished in 109.7s (val_r2=0.9183)
[I 2026-04-01 07:19:23,700] Trial 25 finished with value: 0.9183280633589282 and parameters: {'hidden_layers_index': 1, 'dropout': 0.30052493222094484, 'learning_rate': 0.0003725415807303442, 'batch_size': 32, 'epochs': 192}. Best is trial 17 with value: 0.946992650860156.
    Trial 26/50 (best val_r2=0.9470)
  [HPO] Trial 26 started...
  [HPO] Trial 26 finished in 118.8s (val_r2=0.9372)
[I 2026-04-01 08:49:53,863] Trial 26 finished with value: 0.9371558773148646 and parameters: {'hidden_layers_index': 2, 'dropout': 0.354592921725612, 'learning_rate': 0.00012829322029828076, 'batch_size': 32, 'epochs': 179}. Best is trial 17 with value: 0.946992650860156.
    Trial 27/50 (best val_r2=0.9470)
  [HPO] Trial 27 started...
  [HPO] Trial 27 finished in 44.2s (val_r2=0.9180)
[I 2026-04-01 09:08:14,183] Trial 27 finished with value: 0.9180201463636075 and parameters: {'hidden_layers_index': 2, 'dropout': 0.39869250092397046, 'learning_rate': 0.0001276197880235552, 'batch_size': 32, 'epochs': 158}. Best is trial 17 with value: 0.946992650860156.
    Trial 28/50 (best val_r2=0.9470)
  [HPO] Trial 28 started...
  [HPO] Trial 28 finished in 47.5s (val_r2=0.9127)
[I 2026-04-01 09:09:01,644] Trial 28 finished with value: 0.9126653783415385 and parameters: {'hidden_layers_index': 1, 'dropout': 0.3502468015832697, 'learning_rate': 0.00016298738368306065, 'batch_size': 32, 'epochs': 175}. Best is trial 17 with value: 0.946992650860156.
    Trial 29/50 (best val_r2=0.9470)
  [HPO] Trial 29 started...
  [HPO] Trial 29 finished in 37.1s (val_r2=0.9168)
[I 2026-04-01 09:09:38,776] Trial 29 finished with value: 0.9167983250552179 and parameters: {'hidden_layers_index': 2, 'dropout': 0.3593279942262057, 'learning_rate': 0.00010225886068022386, 'batch_size': 64, 'epochs': 155}. Best is trial 17 with value: 0.946992650860156.
    Trial 30/50 (best val_r2=0.9470)
  [HPO] Trial 30 started...
  [HPO] Trial 30 finished in 45.1s (val_r2=0.8863)
[I 2026-04-01 09:10:23,900] Trial 30 finished with value: 0.8862898219776489 and parameters: {'hidden_layers_index': 2, 'dropout': 0.31614941678631125, 'learning_rate': 0.0003093028287822899, 'batch_size': 64, 'epochs': 190}. Best is trial 17 with value: 0.946992650860156.
    Trial 31/50 (best val_r2=0.9470)
  [HPO] Trial 31 started...
  [HPO] Trial 31 finished in 72.5s (val_r2=0.9026)
[I 2026-04-01 09:11:36,443] Trial 31 finished with value: 0.9026328651366411 and parameters: {'hidden_layers_index': 3, 'dropout': 0.2333570265985998, 'learning_rate': 0.00019868159447334084, 'batch_size': 32, 'epochs': 178}. Best is trial 17 with value: 0.946992650860156.
    Trial 32/50 (best val_r2=0.9470)
  [HPO] Trial 32 started...
  [HPO] Trial 32 finished in 72.3s (val_r2=0.8980)
[I 2026-04-01 09:12:48,790] Trial 32 finished with value: 0.8980214856329335 and parameters: {'hidden_layers_index': 3, 'dropout': 0.2953967652832854, 'learning_rate': 0.00012914641073311228, 'batch_size': 32, 'epochs': 200}. Best is trial 17 with value: 0.946992650860156.
    Trial 33/50 (best val_r2=0.9470)
  [HPO] Trial 33 started...
  [HPO] Trial 33 finished in 68.2s (val_r2=0.9292)
[I 2026-04-01 09:13:56,976] Trial 33 finished with value: 0.9291731325888546 and parameters: {'hidden_layers_index': 3, 'dropout': 0.2739826153699815, 'learning_rate': 0.0002696346523042349, 'batch_size': 32, 'epochs': 180}. Best is trial 17 with value: 0.946992650860156.
    Trial 34/50 (best val_r2=0.9470)
  [HPO] Trial 34 started...
  [HPO] Trial 34 finished in 46.6s (val_r2=0.9243)
[I 2026-04-01 09:14:43,570] Trial 34 finished with value: 0.9242644676509457 and parameters: {'hidden_layers_index': 2, 'dropout': 0.3695521139190069, 'learning_rate': 0.00018202186856109242, 'batch_size': 32, 'epochs': 168}. Best is trial 17 with value: 0.946992650860156.
    Trial 35/50 (best val_r2=0.9470)
  [HPO] Trial 35 started...
  [HPO] Trial 35 finished in 27.7s (val_r2=0.9046)
[I 2026-04-01 09:15:11,290] Trial 35 finished with value: 0.9046128850080524 and parameters: {'hidden_layers_index': 1, 'dropout': 0.2750390184577407, 'learning_rate': 0.00013442219324883806, 'batch_size': 128, 'epochs': 190}. Best is trial 17 with value: 0.946992650860156.
    Trial 36/50 (best val_r2=0.9470)
  [HPO] Trial 36 started...
  [HPO] Trial 36 finished in 36.3s (val_r2=0.9261)
[I 2026-04-01 09:15:47,619] Trial 36 finished with value: 0.9260507510785396 and parameters: {'hidden_layers_index': 3, 'dropout': 0.22427384229200423, 'learning_rate': 0.0005351408808492003, 'batch_size': 64, 'epochs': 180}. Best is trial 17 with value: 0.946992650860156.
    Trial 37/50 (best val_r2=0.9470)
  [HPO] Trial 37 started...
  [HPO] Trial 37 finished in 43.5s (val_r2=0.9200)
[I 2026-04-01 09:16:31,110] Trial 37 finished with value: 0.92001551241474 and parameters: {'hidden_layers_index': 2, 'dropout': 0.327844745956639, 'learning_rate': 0.0002453680237612221, 'batch_size': 32, 'epochs': 136}. Best is trial 17 with value: 0.946992650860156.
    Trial 38/50 (best val_r2=0.9470)
  [HPO] Trial 38 started...
  [HPO] Trial 38 finished in 63.3s (val_r2=0.9134)
[I 2026-04-01 09:17:34,431] Trial 38 finished with value: 0.9133703548373171 and parameters: {'hidden_layers_index': 3, 'dropout': 0.16353239059971422, 'learning_rate': 0.0003104123302260354, 'batch_size': 32, 'epochs': 195}. Best is trial 17 with value: 0.946992650860156.
    Trial 39/50 (best val_r2=0.9470)
  [HPO] Trial 39 started...
  [HPO] Trial 39 finished in 19.6s (val_r2=0.8978)
[I 2026-04-01 09:17:54,031] Trial 39 finished with value: 0.8977786141438303 and parameters: {'hidden_layers_index': 0, 'dropout': 0.2588084739131953, 'learning_rate': 0.0022565069590731526, 'batch_size': 128, 'epochs': 186}. Best is trial 17 with value: 0.946992650860156.
    Trial 40/50 (best val_r2=0.9470)
  [HPO] Trial 40 started...
  [HPO] Trial 40 finished in 48.7s (val_r2=0.9331)
[I 2026-04-01 09:18:42,739] Trial 40 finished with value: 0.9331012484191985 and parameters: {'hidden_layers_index': 2, 'dropout': 0.12407984348294167, 'learning_rate': 0.0001312200130209642, 'batch_size': 32, 'epochs': 159}. Best is trial 17 with value: 0.946992650860156.
    Trial 41/50 (best val_r2=0.9470)
  [HPO] Trial 41 started...
  [HPO] Trial 41 finished in 57.4s (val_r2=0.9206)
[I 2026-04-01 09:19:40,130] Trial 41 finished with value: 0.9205794867320102 and parameters: {'hidden_layers_index': 2, 'dropout': 0.12245066933985205, 'learning_rate': 0.00011898908675143643, 'batch_size': 32, 'epochs': 160}. Best is trial 17 with value: 0.946992650860156.
    Trial 42/50 (best val_r2=0.9470)
  [HPO] Trial 42 started...
  [HPO] Trial 42 finished in 43.5s (val_r2=0.8985)
[I 2026-04-01 09:20:23,670] Trial 42 finished with value: 0.8984841075554124 and parameters: {'hidden_layers_index': 2, 'dropout': 0.07348782444806902, 'learning_rate': 0.0038054607920970083, 'batch_size': 32, 'epochs': 151}. Best is trial 17 with value: 0.946992650860156.
    Trial 43/50 (best val_r2=0.9470)
  [HPO] Trial 43 started...
  [HPO] Trial 43 finished in 47.3s (val_r2=0.9199)
[I 2026-04-01 09:21:11,024] Trial 43 finished with value: 0.9198946780236525 and parameters: {'hidden_layers_index': 1, 'dropout': 0.1382395963123195, 'learning_rate': 0.0001822506747467335, 'batch_size': 32, 'epochs': 169}. Best is trial 17 with value: 0.946992650860156.
    Trial 44/50 (best val_r2=0.9470)
  [HPO] Trial 44 started...
  [HPO] Trial 44 finished in 53.2s (val_r2=0.9210)
[I 2026-04-01 09:22:04,202] Trial 44 finished with value: 0.9210020827900998 and parameters: {'hidden_layers_index': 2, 'dropout': 0.1924473707832749, 'learning_rate': 0.00010004268926639342, 'batch_size': 32, 'epochs': 180}. Best is trial 17 with value: 0.946992650860156.
    Trial 45/50 (best val_r2=0.9470)
  [HPO] Trial 45 started...
  [HPO] Trial 45 finished in 20.6s (val_r2=0.9325)
[I 2026-04-01 09:22:24,824] Trial 45 finished with value: 0.9324695668009649 and parameters: {'hidden_layers_index': 2, 'dropout': 0.010425489907670504, 'learning_rate': 0.00015131506368390506, 'batch_size': 128, 'epochs': 167}. Best is trial 17 with value: 0.946992650860156.
    Trial 46/50 (best val_r2=0.9470)
  [HPO] Trial 46 started...
  [HPO] Trial 46 finished in 23.9s (val_r2=0.9242)
[I 2026-04-01 09:22:48,743] Trial 46 finished with value: 0.9241661836695861 and parameters: {'hidden_layers_index': 3, 'dropout': 0.004082607702290325, 'learning_rate': 0.0002559266463067438, 'batch_size': 128, 'epochs': 141}. Best is trial 17 with value: 0.946992650860156.
    Trial 47/50 (best val_r2=0.9470)
  [HPO] Trial 47 started...
  [HPO] Trial 47 finished in 24.8s (val_r2=0.9072)
[I 2026-04-01 09:23:13,585] Trial 47 finished with value: 0.9072486434585121 and parameters: {'hidden_layers_index': 1, 'dropout': 0.028001027650751565, 'learning_rate': 0.00013882772747844609, 'batch_size': 128, 'epochs': 167}. Best is trial 17 with value: 0.946992650860156.
    Trial 48/50 (best val_r2=0.9470)
  [HPO] Trial 48 started...
  [HPO] Trial 48 finished in 20.3s (val_r2=0.9356)
[I 2026-04-01 09:23:33,878] Trial 48 finished with value: 0.9355999231881607 and parameters: {'hidden_layers_index': 2, 'dropout': 0.09930904607182477, 'learning_rate': 0.0001828697677052875, 'batch_size': 128, 'epochs': 157}. Best is trial 17 with value: 0.946992650860156.
    Trial 49/50 (best val_r2=0.9470)
  [HPO] Trial 49 started...
  [HPO] Trial 49 finished in 18.8s (val_r2=0.9316)
[I 2026-04-01 09:23:52,674] Trial 49 finished with value: 0.9316214899477611 and parameters: {'hidden_layers_index': 2, 'dropout': 0.07615099514044454, 'learning_rate': 0.00015215394331164226, 'batch_size': 128, 'epochs': 145}. Best is trial 17 with value: 0.946992650860156.
    Trial 50/50 (best val_r2=0.9470)
[6/6] Training nstxu_mlp_gamma_nocoils...
[6/6] Done. Artifacts in runs/nstxu_gamma_no_coils_hpo
Workflow nstxu_gamma_no_coils_hpo complete. Artifacts saved to runs/nstxu_gamma_no_coils_hpo
{
  "run_tag": "nstxu_gamma_no_coils_hpo",
  "dataset": {
    "file_path": "data/datasets/NSTX-U/nstxu_equil_curated.pkl",
    "n_rows": 10000,
    "n_inputs": 20,
    "n_outputs": 1,
    "output_groups": {},
    "profile_groups": {},
    "dataset_info": {
      "shape": [
        10000,
        33
      ],
      "n_input_variables": 31,
      "n_output_variables": 2,
      "n_output_groups": 0,
      "largest_output_group": 0,
      "largest_output_group_name": null
    }
  },
  "resources": {
    "scheduler": null,
    "n_cpus": 10,
    "n_gpus": 0,
    "gpu_type": null,
    "device": "cpu",
    "hostname": "asanche2-lt",
    "extras": {
      "platform": "macOS-26.3.1-arm64-arm-64bit"
    }
  },
  "splits": {
    "train": 6000,
    "val": 2000,
    "test": 2000
  },
  "scalers": {
    "input_scaler": "runs/nstxu_gamma_no_coils_hpo/scalers/inputs.joblib",
    "output_scaler": "runs/nstxu_gamma_no_coils_hpo/scalers/outputs.joblib"
  },
  "models": [
    {
      "name": "nstxu_rf_gamma_nocoils",
      "backend": "sklearn",
      "params": {
        "n_estimators": 300,
        "max_depth": 22,
        "min_samples_leaf": 1
      },
      "metrics": {
        "train": {
          "r2": 0.9764790764813619,
          "rmse": 445.4355062002278,
          "mae": 170.7237789860443,
          "mape": 160287406965193.66
        },
        "val": {
          "r2": 0.8247704277660246,
          "rmse": 1189.687399451499,
          "mae": 445.58729353943545,
          "mape": 0.7540714929369818
        },
        "test": {
          "r2": 0.7802729554244363,
          "rmse": 1330.275655138926,
          "mae": 496.664452754573,
          "mape": 0.8537933022278295
        }
      },
      "timings": {
        "train_seconds": 3.615051000000676,
        "train_inference_seconds": 0.06128733300283784,
        "val_inference_seconds": 0.0398915420009871,
        "train_inference_per_sample": 1.0214555500472973e-05,
        "val_inference_per_sample": 1.994577100049355e-05,
        "test_inference_seconds": 0.05203270800120663,
        "test_inference_per_sample": 2.6016354000603316e-05
      },
      "artifacts": {
        "model": "runs/nstxu_gamma_no_coils_hpo/models/nstxu_rf_gamma_nocoils.joblib",
        "predictions": {
          "train": "runs/nstxu_gamma_no_coils_hpo/predictions/nstxu_rf_gamma_nocoils_train.csv",
          "val": "runs/nstxu_gamma_no_coils_hpo/predictions/nstxu_rf_gamma_nocoils_val.csv",
          "test": "runs/nstxu_gamma_no_coils_hpo/predictions/nstxu_rf_gamma_nocoils_test.csv"
        },
        "hpo": "runs/nstxu_gamma_no_coils_hpo/hpo/nstxu_rf_gamma_nocoils_hpo.json"
      }
    },
    {
      "name": "nstxu_mlp_gamma_nocoils",
      "backend": "pytorch",
      "params": {
        "hidden_layers": [
          256,
          256,
          128
        ],
        "dropout": 0.220243055525559,
        "epochs": 172,
        "batch_size": 32,
        "learning_rate": 0.000165965865427942,
        "mc_dropout_passes": 40,
        "activation": "relu"
      },
      "metrics": {
        "train": {
          "r2": 0.9855642268883975,
          "rmse": 348.96162542518266,
          "mae": 161.8556554979931,
          "mape": 1457770815760456.0
        },
        "val": {
          "r2": 0.9269198735560148,
          "rmse": 768.2964145620483,
          "mae": 240.36258194877072,
          "mape": 1.1850434776496168
        },
        "test": {
          "r2": 0.9280791085345821,
          "rmse": 761.0749311866152,
          "mae": 237.05476221132784,
          "mape": 1.1183836437637993
        }
      },
      "timings": {
        "train_seconds": 55.99455908300297,
        "train_inference_seconds": 0.009571582995704375,
        "val_inference_seconds": 0.0036392499969224446,
        "train_inference_per_sample": 1.5952638326173958e-06,
        "val_inference_per_sample": 1.8196249984612223e-06,
        "test_inference_seconds": 0.0029141660052118823,
        "test_inference_per_sample": 1.457083002605941e-06
      },
      "artifacts": {
        "model": "runs/nstxu_gamma_no_coils_hpo/models/nstxu_mlp_gamma_nocoils.joblib",
        "predictions": {
          "train": "runs/nstxu_gamma_no_coils_hpo/predictions/nstxu_mlp_gamma_nocoils_train.csv",
          "val": "runs/nstxu_gamma_no_coils_hpo/predictions/nstxu_mlp_gamma_nocoils_val.csv",
          "test": "runs/nstxu_gamma_no_coils_hpo/predictions/nstxu_mlp_gamma_nocoils_test.csv",
          "val_uq": "runs/nstxu_gamma_no_coils_hpo/predictions/nstxu_mlp_gamma_nocoils_val_uq.json"
        },
        "hpo": "runs/nstxu_gamma_no_coils_hpo/hpo/nstxu_mlp_gamma_nocoils_hpo.json"
      }
    }
  ],
  "registry": "Registered Models:",
  "artifacts": {
    "root": "runs/nstxu_gamma_no_coils_hpo",
    "metrics": "runs/nstxu_gamma_no_coils_hpo/metrics.json",
    "summary": "runs/nstxu_gamma_no_coils_hpo/workflow_summary.json",
    "spec": "runs/nstxu_gamma_no_coils_hpo/spec.yaml",
    "train_data_ranges": "runs/nstxu_gamma_no_coils_hpo/train_data_ranges.json"
  }
}
>>> 2026-04-01T09:24:51-04:00 OK nstxu_gamma_no_coils_hpo

>>> 2026-04-01T09:24:51-04:00 START nstxu_t3_coils_shape_gamma_hpo

A module that was compiled using NumPy 1.x cannot be run in
NumPy 2.3.4 as it may crash. To support both 1.x and 2.x
versions of NumPy, modules must be compiled with NumPy 2.0.
Some module may need to rebuild instead e.g. with 'pybind11>=2.12'.

If you are a user of the module, the easiest solution will be to
downgrade to 'numpy<2' or try to upgrade the affected module.
We expect that some modules will need time to support NumPy 2.

Traceback (most recent call last):  File "<frozen runpy>", line 198, in _run_module_as_main
  File "<frozen runpy>", line 88, in _run_code
  File "/Users/asanche2/repos/SURGE/examples/m3dc1_workflow.py", line 14, in <module>
    import surge  # noqa: F401 - ensures package initialization registers adapters
  File "/Users/asanche2/repos/SURGE/surge/__init__.py", line 10, in <module>
    from .model import GPFLOW_AVAILABLE, MODEL_REGISTRY, PYTORCH_AVAILABLE
  File "/Users/asanche2/repos/SURGE/surge/model/__init__.py", line 7, in <module>
    from .gpflow import GPFLOW_AVAILABLE, GPflowGPRAdapter, GPflowMultiKernelAdapter
  File "/Users/asanche2/repos/SURGE/surge/model/gpflow.py", line 7, in <module>
    from .gpflow_impl import GPFLOW_AVAILABLE, GPflowGPRModel, GPflowMultiKernelGPR
  File "/Users/asanche2/repos/SURGE/surge/model/gpflow_impl.py", line 11, in <module>
    import gpflow as gpf
  File "/opt/homebrew/anaconda3/lib/python3.12/site-packages/gpflow/__init__.py", line 17, in <module>
    from . import (
  File "/opt/homebrew/anaconda3/lib/python3.12/site-packages/gpflow/conditionals/__init__.py", line 1, in <module>
    from . import conditionals, multioutput, sample_conditionals
  File "/opt/homebrew/anaconda3/lib/python3.12/site-packages/gpflow/conditionals/conditionals.py", line 17, in <module>
    import tensorflow as tf
  File "/opt/homebrew/anaconda3/lib/python3.12/site-packages/tensorflow/__init__.py", line 45, in <module>
    from tensorflow._api.v2 import __internal__
  File "/opt/homebrew/anaconda3/lib/python3.12/site-packages/tensorflow/_api/v2/__internal__/__init__.py", line 8, in <module>
    from tensorflow._api.v2.__internal__ import autograph
  File "/opt/homebrew/anaconda3/lib/python3.12/site-packages/tensorflow/_api/v2/__internal__/autograph/__init__.py", line 8, in <module>
    from tensorflow.python.autograph.core.ag_ctx import control_status_ctx # line: 34
  File "/opt/homebrew/anaconda3/lib/python3.12/site-packages/tensorflow/python/autograph/core/ag_ctx.py", line 21, in <module>
    from tensorflow.python.autograph.utils import ag_logging
  File "/opt/homebrew/anaconda3/lib/python3.12/site-packages/tensorflow/python/autograph/utils/__init__.py", line 17, in <module>
    from tensorflow.python.autograph.utils.context_managers import control_dependency_on_returns
  File "/opt/homebrew/anaconda3/lib/python3.12/site-packages/tensorflow/python/autograph/utils/context_managers.py", line 19, in <module>
    from tensorflow.python.framework import ops
  File "/opt/homebrew/anaconda3/lib/python3.12/site-packages/tensorflow/python/framework/ops.py", line 46, in <module>
    from tensorflow.python import pywrap_tfe
  File "/opt/homebrew/anaconda3/lib/python3.12/site-packages/tensorflow/python/pywrap_tfe.py", line 25, in <module>
    from tensorflow.python._pywrap_tfe import *
Traceback (most recent call last):
  File "/opt/homebrew/anaconda3/lib/python3.12/site-packages/numpy/core/_multiarray_umath.py", line 46, in __getattr__
    raise ImportError(msg)
ImportError: 
A module that was compiled using NumPy 1.x cannot be run in
NumPy 2.3.4 as it may crash. To support both 1.x and 2.x
versions of NumPy, modules must be compiled with NumPy 2.0.
Some module may need to rebuild instead e.g. with 'pybind11>=2.12'.

If you are a user of the module, the easiest solution will be to
downgrade to 'numpy<2' or try to upgrade the affected module.
We expect that some modules will need time to support NumPy 2.


AttributeError: 'MessageFactory' object has no attribute 'GetPrototype'

A module that was compiled using NumPy 1.x cannot be run in
NumPy 2.3.4 as it may crash. To support both 1.x and 2.x
versions of NumPy, modules must be compiled with NumPy 2.0.
Some module may need to rebuild instead e.g. with 'pybind11>=2.12'.

If you are a user of the module, the easiest solution will be to
downgrade to 'numpy<2' or try to upgrade the affected module.
We expect that some modules will need time to support NumPy 2.

Traceback (most recent call last):  File "<frozen runpy>", line 198, in _run_module_as_main
  File "<frozen runpy>", line 88, in _run_code
  File "/Users/asanche2/repos/SURGE/examples/m3dc1_workflow.py", line 14, in <module>
    import surge  # noqa: F401 - ensures package initialization registers adapters
  File "/Users/asanche2/repos/SURGE/surge/__init__.py", line 10, in <module>
    from .model import GPFLOW_AVAILABLE, MODEL_REGISTRY, PYTORCH_AVAILABLE
  File "/Users/asanche2/repos/SURGE/surge/model/__init__.py", line 7, in <module>
    from .gpflow import GPFLOW_AVAILABLE, GPflowGPRAdapter, GPflowMultiKernelAdapter
  File "/Users/asanche2/repos/SURGE/surge/model/gpflow.py", line 7, in <module>
    from .gpflow_impl import GPFLOW_AVAILABLE, GPflowGPRModel, GPflowMultiKernelGPR
  File "/Users/asanche2/repos/SURGE/surge/model/gpflow_impl.py", line 11, in <module>
    import gpflow as gpf
  File "/opt/homebrew/anaconda3/lib/python3.12/site-packages/gpflow/__init__.py", line 17, in <module>
    from . import (
  File "/opt/homebrew/anaconda3/lib/python3.12/site-packages/gpflow/conditionals/__init__.py", line 1, in <module>
    from . import conditionals, multioutput, sample_conditionals
  File "/opt/homebrew/anaconda3/lib/python3.12/site-packages/gpflow/conditionals/conditionals.py", line 17, in <module>
    import tensorflow as tf
  File "/opt/homebrew/anaconda3/lib/python3.12/site-packages/tensorflow/__init__.py", line 45, in <module>
    from tensorflow._api.v2 import __internal__
  File "/opt/homebrew/anaconda3/lib/python3.12/site-packages/tensorflow/_api/v2/__internal__/__init__.py", line 8, in <module>
    from tensorflow._api.v2.__internal__ import autograph
  File "/opt/homebrew/anaconda3/lib/python3.12/site-packages/tensorflow/_api/v2/__internal__/autograph/__init__.py", line 8, in <module>
    from tensorflow.python.autograph.core.ag_ctx import control_status_ctx # line: 34
  File "/opt/homebrew/anaconda3/lib/python3.12/site-packages/tensorflow/python/autograph/core/ag_ctx.py", line 21, in <module>
    from tensorflow.python.autograph.utils import ag_logging
  File "/opt/homebrew/anaconda3/lib/python3.12/site-packages/tensorflow/python/autograph/utils/__init__.py", line 17, in <module>
    from tensorflow.python.autograph.utils.context_managers import control_dependency_on_returns
  File "/opt/homebrew/anaconda3/lib/python3.12/site-packages/tensorflow/python/autograph/utils/context_managers.py", line 19, in <module>
    from tensorflow.python.framework import ops
  File "/opt/homebrew/anaconda3/lib/python3.12/site-packages/tensorflow/python/framework/ops.py", line 49, in <module>
    from tensorflow.python.client import pywrap_tf_session
  File "/opt/homebrew/anaconda3/lib/python3.12/site-packages/tensorflow/python/client/pywrap_tf_session.py", line 19, in <module>
    from tensorflow.python.client._pywrap_tf_session import *
Traceback (most recent call last):
  File "/opt/homebrew/anaconda3/lib/python3.12/site-packages/numpy/core/_multiarray_umath.py", line 46, in __getattr__
    raise ImportError(msg)
ImportError: 
A module that was compiled using NumPy 1.x cannot be run in
NumPy 2.3.4 as it may crash. To support both 1.x and 2.x
versions of NumPy, modules must be compiled with NumPy 2.0.
Some module may need to rebuild instead e.g. with 'pybind11>=2.12'.

If you are a user of the module, the easiest solution will be to
downgrade to 'numpy<2' or try to upgrade the affected module.
We expect that some modules will need time to support NumPy 2.



A module that was compiled using NumPy 1.x cannot be run in
NumPy 2.3.4 as it may crash. To support both 1.x and 2.x
versions of NumPy, modules must be compiled with NumPy 2.0.
Some module may need to rebuild instead e.g. with 'pybind11>=2.12'.

If you are a user of the module, the easiest solution will be to
downgrade to 'numpy<2' or try to upgrade the affected module.
We expect that some modules will need time to support NumPy 2.

Traceback (most recent call last):  File "<frozen runpy>", line 198, in _run_module_as_main
  File "<frozen runpy>", line 88, in _run_code
  File "/Users/asanche2/repos/SURGE/examples/m3dc1_workflow.py", line 14, in <module>
    import surge  # noqa: F401 - ensures package initialization registers adapters
  File "/Users/asanche2/repos/SURGE/surge/__init__.py", line 10, in <module>
    from .model import GPFLOW_AVAILABLE, MODEL_REGISTRY, PYTORCH_AVAILABLE
  File "/Users/asanche2/repos/SURGE/surge/model/__init__.py", line 7, in <module>
    from .gpflow import GPFLOW_AVAILABLE, GPflowGPRAdapter, GPflowMultiKernelAdapter
  File "/Users/asanche2/repos/SURGE/surge/model/gpflow.py", line 7, in <module>
    from .gpflow_impl import GPFLOW_AVAILABLE, GPflowGPRModel, GPflowMultiKernelGPR
  File "/Users/asanche2/repos/SURGE/surge/model/gpflow_impl.py", line 11, in <module>
    import gpflow as gpf
  File "/opt/homebrew/anaconda3/lib/python3.12/site-packages/gpflow/__init__.py", line 17, in <module>
    from . import (
  File "/opt/homebrew/anaconda3/lib/python3.12/site-packages/gpflow/conditionals/__init__.py", line 1, in <module>
    from . import conditionals, multioutput, sample_conditionals
  File "/opt/homebrew/anaconda3/lib/python3.12/site-packages/gpflow/conditionals/conditionals.py", line 17, in <module>
    import tensorflow as tf
  File "/opt/homebrew/anaconda3/lib/python3.12/site-packages/tensorflow/__init__.py", line 45, in <module>
    from tensorflow._api.v2 import __internal__
  File "/opt/homebrew/anaconda3/lib/python3.12/site-packages/tensorflow/_api/v2/__internal__/__init__.py", line 8, in <module>
    from tensorflow._api.v2.__internal__ import autograph
  File "/opt/homebrew/anaconda3/lib/python3.12/site-packages/tensorflow/_api/v2/__internal__/autograph/__init__.py", line 8, in <module>
    from tensorflow.python.autograph.core.ag_ctx import control_status_ctx # line: 34
  File "/opt/homebrew/anaconda3/lib/python3.12/site-packages/tensorflow/python/autograph/core/ag_ctx.py", line 21, in <module>
    from tensorflow.python.autograph.utils import ag_logging
  File "/opt/homebrew/anaconda3/lib/python3.12/site-packages/tensorflow/python/autograph/utils/__init__.py", line 17, in <module>
    from tensorflow.python.autograph.utils.context_managers import control_dependency_on_returns
  File "/opt/homebrew/anaconda3/lib/python3.12/site-packages/tensorflow/python/autograph/utils/context_managers.py", line 19, in <module>
    from tensorflow.python.framework import ops
  File "/opt/homebrew/anaconda3/lib/python3.12/site-packages/tensorflow/python/framework/ops.py", line 50, in <module>
    from tensorflow.python.eager import context
  File "/opt/homebrew/anaconda3/lib/python3.12/site-packages/tensorflow/python/eager/context.py", line 37, in <module>
    from tensorflow.python.eager import execute
  File "/opt/homebrew/anaconda3/lib/python3.12/site-packages/tensorflow/python/eager/execute.py", line 21, in <module>
    from tensorflow.python.framework import dtypes
  File "/opt/homebrew/anaconda3/lib/python3.12/site-packages/tensorflow/python/framework/dtypes.py", line 21, in <module>
    import ml_dtypes
  File "/opt/homebrew/anaconda3/lib/python3.12/site-packages/ml_dtypes/__init__.py", line 32, in <module>
    from ml_dtypes._finfo import finfo
  File "/opt/homebrew/anaconda3/lib/python3.12/site-packages/ml_dtypes/_finfo.py", line 19, in <module>
    from ml_dtypes._ml_dtypes_ext import bfloat16
Traceback (most recent call last):
  File "/opt/homebrew/anaconda3/lib/python3.12/site-packages/numpy/core/_multiarray_umath.py", line 46, in __getattr__
    raise ImportError(msg)
ImportError: 
A module that was compiled using NumPy 1.x cannot be run in
NumPy 2.3.4 as it may crash. To support both 1.x and 2.x
versions of NumPy, modules must be compiled with NumPy 2.0.
Some module may need to rebuild instead e.g. with 'pybind11>=2.12'.

If you are a user of the module, the easiest solution will be to
downgrade to 'numpy<2' or try to upgrade the affected module.
We expect that some modules will need time to support NumPy 2.


ImportError: numpy.core._multiarray_umath failed to import
Warning: GPflow not available or incompatible. Install with: pip install gpflow
SURGE workflow started.
Starting SURGE workflow for dataset data/datasets/NSTX-U/nstxu_equil_curated.pkl
[1/6] Loading dataset...
[2/6] Preparing splits and scalers...
[3/6] HPO for nstxu_t3_rf_gamma (50 trials)...
[I 2026-04-01 09:24:58,359] A new study created in memory with name: nstxu_t3_coils_shape_gamma_hpo-sklearn.random_forest
  [HPO] Trial 0 started...
  [HPO] Trial 0 finished in 6.0s (val_r2=0.7997)
[I 2026-04-01 09:25:04,316] Trial 0 finished with value: 0.7997063514478392 and parameters: {'n_estimators': 500, 'max_depth': 10, 'min_samples_leaf': 4}. Best is trial 0 with value: 0.7997063514478392.
    Trial 1/50 (best val_r2=0.7997)
  [HPO] Trial 1 started...
  [HPO] Trial 1 finished in 8.8s (val_r2=0.8503)
[I 2026-04-01 09:25:13,146] Trial 1 finished with value: 0.8502814576364683 and parameters: {'n_estimators': 600, 'max_depth': 24, 'min_samples_leaf': 2}. Best is trial 1 with value: 0.8502814576364683.
    Trial 2/50 (best val_r2=0.8503)
  [HPO] Trial 2 started...
  [HPO] Trial 2 finished in 6.1s (val_r2=0.8457)
[I 2026-04-01 09:25:19,295] Trial 2 finished with value: 0.845653689640541 and parameters: {'n_estimators': 450, 'max_depth': 20, 'min_samples_leaf': 3}. Best is trial 1 with value: 0.8502814576364683.
    Trial 3/50 (best val_r2=0.8503)
  [HPO] Trial 3 started...
  [HPO] Trial 3 finished in 4.3s (val_r2=0.7095)
[I 2026-04-01 09:25:23,614] Trial 3 finished with value: 0.7094683599418264 and parameters: {'n_estimators': 500, 'max_depth': 6, 'min_samples_leaf': 2}. Best is trial 1 with value: 0.8502814576364683.
    Trial 4/50 (best val_r2=0.8503)
  [HPO] Trial 4 started...
  [HPO] Trial 4 finished in 3.0s (val_r2=0.8461)
[I 2026-04-01 09:25:26,604] Trial 4 finished with value: 0.8461289344666777 and parameters: {'n_estimators': 200, 'max_depth': 22, 'min_samples_leaf': 2}. Best is trial 1 with value: 0.8502814576364683.
    Trial 5/50 (best val_r2=0.8503)
  [HPO] Trial 5 started...
  [HPO] Trial 5 finished in 5.4s (val_r2=0.8041)
[I 2026-04-01 09:25:32,008] Trial 5 finished with value: 0.804068068686732 and parameters: {'n_estimators': 500, 'max_depth': 10, 'min_samples_leaf': 2}. Best is trial 1 with value: 0.8502814576364683.
    Trial 6/50 (best val_r2=0.8503)
  [HPO] Trial 6 started...
  [HPO] Trial 6 finished in 2.8s (val_r2=0.8168)
[I 2026-04-01 09:25:34,784] Trial 6 finished with value: 0.8168415754949392 and parameters: {'n_estimators': 200, 'max_depth': 12, 'min_samples_leaf': 4}. Best is trial 1 with value: 0.8502814576364683.
    Trial 7/50 (best val_r2=0.8503)
  [HPO] Trial 7 started...
  [HPO] Trial 7 finished in 3.2s (val_r2=0.8159)
[I 2026-04-01 09:25:37,942] Trial 7 finished with value: 0.8158876107277677 and parameters: {'n_estimators': 250, 'max_depth': 12, 'min_samples_leaf': 4}. Best is trial 1 with value: 0.8502814576364683.
    Trial 8/50 (best val_r2=0.8503)
  [HPO] Trial 8 started...
  [HPO] Trial 8 finished in 1.8s (val_r2=0.7415)
[I 2026-04-01 09:25:39,704] Trial 8 finished with value: 0.7415067499782777 and parameters: {'n_estimators': 200, 'max_depth': 7, 'min_samples_leaf': 3}. Best is trial 1 with value: 0.8502814576364683.
    Trial 9/50 (best val_r2=0.8503)
  [HPO] Trial 9 started...
  [HPO] Trial 9 finished in 4.3s (val_r2=0.7097)
[I 2026-04-01 09:25:43,963] Trial 9 finished with value: 0.7097160775467848 and parameters: {'n_estimators': 550, 'max_depth': 6, 'min_samples_leaf': 3}. Best is trial 1 with value: 0.8502814576364683.
    Trial 10/50 (best val_r2=0.8503)
  [HPO] Trial 10 started...
  [HPO] Trial 10 finished in 9.0s (val_r2=0.8490)
[I 2026-04-01 09:25:53,039] Trial 10 finished with value: 0.8489917658450825 and parameters: {'n_estimators': 600, 'max_depth': 18, 'min_samples_leaf': 1}. Best is trial 1 with value: 0.8502814576364683.
    Trial 11/50 (best val_r2=0.8503)
  [HPO] Trial 11 started...
  [HPO] Trial 11 finished in 9.3s (val_r2=0.8490)
[I 2026-04-01 09:26:02,390] Trial 11 finished with value: 0.8489917658450825 and parameters: {'n_estimators': 600, 'max_depth': 18, 'min_samples_leaf': 1}. Best is trial 1 with value: 0.8502814576364683.
    Trial 12/50 (best val_r2=0.8503)
  [HPO] Trial 12 started...
  [HPO] Trial 12 finished in 9.8s (val_r2=0.8531)
[I 2026-04-01 09:26:12,284] Trial 12 finished with value: 0.8530663789016047 and parameters: {'n_estimators': 600, 'max_depth': 24, 'min_samples_leaf': 1}. Best is trial 12 with value: 0.8530663789016047.
    Trial 13/50 (best val_r2=0.8531)
  [HPO] Trial 13 started...
  [HPO] Trial 13 finished in 5.2s (val_r2=0.8528)
[I 2026-04-01 09:26:17,469] Trial 13 finished with value: 0.8528061237910014 and parameters: {'n_estimators': 350, 'max_depth': 24, 'min_samples_leaf': 1}. Best is trial 12 with value: 0.8530663789016047.
    Trial 14/50 (best val_r2=0.8531)
  [HPO] Trial 14 started...
  [HPO] Trial 14 finished in 5.2s (val_r2=0.8528)
[I 2026-04-01 09:26:22,714] Trial 14 finished with value: 0.8528061237910014 and parameters: {'n_estimators': 350, 'max_depth': 24, 'min_samples_leaf': 1}. Best is trial 12 with value: 0.8530663789016047.
    Trial 15/50 (best val_r2=0.8531)
  [HPO] Trial 15 started...
  [HPO] Trial 15 finished in 5.1s (val_r2=0.8521)
[I 2026-04-01 09:26:27,831] Trial 15 finished with value: 0.8520703784688282 and parameters: {'n_estimators': 350, 'max_depth': 21, 'min_samples_leaf': 1}. Best is trial 12 with value: 0.8530663789016047.
    Trial 16/50 (best val_r2=0.8531)
  [HPO] Trial 16 started...
  [HPO] Trial 16 finished in 5.5s (val_r2=0.8427)
[I 2026-04-01 09:26:33,412] Trial 16 finished with value: 0.84268532564106 and parameters: {'n_estimators': 350, 'max_depth': 16, 'min_samples_leaf': 1}. Best is trial 12 with value: 0.8530663789016047.
    Trial 17/50 (best val_r2=0.8531)
  [HPO] Trial 17 started...
  [HPO] Trial 17 finished in 6.7s (val_r2=0.8521)
[I 2026-04-01 09:26:40,091] Trial 17 finished with value: 0.852108571411438 and parameters: {'n_estimators': 400, 'max_depth': 22, 'min_samples_leaf': 1}. Best is trial 12 with value: 0.8530663789016047.
    Trial 18/50 (best val_r2=0.8531)
  [HPO] Trial 18 started...
  [HPO] Trial 18 finished in 4.5s (val_r2=0.8461)
[I 2026-04-01 09:26:44,577] Trial 18 finished with value: 0.8460803154824125 and parameters: {'n_estimators': 300, 'max_depth': 19, 'min_samples_leaf': 2}. Best is trial 12 with value: 0.8530663789016047.
    Trial 19/50 (best val_r2=0.8531)
  [HPO] Trial 19 started...
  [HPO] Trial 19 finished in 5.6s (val_r2=0.8435)
[I 2026-04-01 09:26:50,179] Trial 19 finished with value: 0.8435137067785374 and parameters: {'n_estimators': 400, 'max_depth': 16, 'min_samples_leaf': 1}. Best is trial 12 with value: 0.8530663789016047.
    Trial 20/50 (best val_r2=0.8531)
  [HPO] Trial 20 started...
  [HPO] Trial 20 finished in 6.3s (val_r2=0.8501)
[I 2026-04-01 09:26:56,449] Trial 20 finished with value: 0.8500746532021903 and parameters: {'n_estimators': 450, 'max_depth': 24, 'min_samples_leaf': 2}. Best is trial 12 with value: 0.8530663789016047.
    Trial 21/50 (best val_r2=0.8531)
  [HPO] Trial 21 started...
  [HPO] Trial 21 finished in 5.1s (val_r2=0.8520)
[I 2026-04-01 09:27:01,542] Trial 21 finished with value: 0.8520067566083491 and parameters: {'n_estimators': 300, 'max_depth': 24, 'min_samples_leaf': 1}. Best is trial 12 with value: 0.8530663789016047.
    Trial 22/50 (best val_r2=0.8531)
  [HPO] Trial 22 started...
  [HPO] Trial 22 finished in 5.4s (val_r2=0.8515)
[I 2026-04-01 09:27:06,949] Trial 22 finished with value: 0.8515303603488484 and parameters: {'n_estimators': 350, 'max_depth': 22, 'min_samples_leaf': 1}. Best is trial 12 with value: 0.8530663789016047.
    Trial 23/50 (best val_r2=0.8531)
  [HPO] Trial 23 started...
  [HPO] Trial 23 finished in 4.9s (val_r2=0.8506)
[I 2026-04-01 09:27:11,879] Trial 23 finished with value: 0.8505595911311857 and parameters: {'n_estimators': 300, 'max_depth': 23, 'min_samples_leaf': 1}. Best is trial 12 with value: 0.8530663789016047.
    Trial 24/50 (best val_r2=0.8531)
  [HPO] Trial 24 started...
  [HPO] Trial 24 finished in 6.7s (val_r2=0.8503)
[I 2026-04-01 09:27:18,590] Trial 24 finished with value: 0.8503491962727425 and parameters: {'n_estimators': 450, 'max_depth': 20, 'min_samples_leaf': 1}. Best is trial 12 with value: 0.8530663789016047.
    Trial 25/50 (best val_r2=0.8531)
  [HPO] Trial 25 started...
  [HPO] Trial 25 finished in 4.8s (val_r2=0.8493)
[I 2026-04-01 09:27:23,443] Trial 25 finished with value: 0.8493273413618523 and parameters: {'n_estimators': 350, 'max_depth': 24, 'min_samples_leaf': 2}. Best is trial 12 with value: 0.8530663789016047.
    Trial 26/50 (best val_r2=0.8531)
  [HPO] Trial 26 started...
  [HPO] Trial 26 finished in 6.3s (val_r2=0.8525)
[I 2026-04-01 09:27:29,808] Trial 26 finished with value: 0.8524643257475503 and parameters: {'n_estimators': 400, 'max_depth': 21, 'min_samples_leaf': 1}. Best is trial 12 with value: 0.8530663789016047.
    Trial 27/50 (best val_r2=0.8531)
  [HPO] Trial 27 started...
  [HPO] Trial 27 finished in 4.1s (val_r2=0.8470)
[I 2026-04-01 09:27:33,930] Trial 27 finished with value: 0.847023627873535 and parameters: {'n_estimators': 250, 'max_depth': 22, 'min_samples_leaf': 2}. Best is trial 12 with value: 0.8530663789016047.
    Trial 28/50 (best val_r2=0.8531)
  [HPO] Trial 28 started...
  [HPO] Trial 28 finished in 5.5s (val_r2=0.8368)
[I 2026-04-01 09:27:39,400] Trial 28 finished with value: 0.8368356306777702 and parameters: {'n_estimators': 400, 'max_depth': 14, 'min_samples_leaf': 1}. Best is trial 12 with value: 0.8530663789016047.
    Trial 29/50 (best val_r2=0.8531)
  [HPO] Trial 29 started...
  [HPO] Trial 29 finished in 3.2s (val_r2=0.8415)
[I 2026-04-01 09:27:42,623] Trial 29 finished with value: 0.8414723179465842 and parameters: {'n_estimators': 250, 'max_depth': 18, 'min_samples_leaf': 3}. Best is trial 12 with value: 0.8530663789016047.
    Trial 30/50 (best val_r2=0.8531)
  [HPO] Trial 30 started...
  [HPO] Trial 30 finished in 8.2s (val_r2=0.8524)
[I 2026-04-01 09:27:50,800] Trial 30 finished with value: 0.8524315395804574 and parameters: {'n_estimators': 550, 'max_depth': 23, 'min_samples_leaf': 1}. Best is trial 12 with value: 0.8530663789016047.
    Trial 31/50 (best val_r2=0.8531)
  [HPO] Trial 31 started...
  [HPO] Trial 31 finished in 6.3s (val_r2=0.8503)
[I 2026-04-01 09:27:57,120] Trial 31 finished with value: 0.8502632951980005 and parameters: {'n_estimators': 400, 'max_depth': 20, 'min_samples_leaf': 1}. Best is trial 12 with value: 0.8530663789016047.
    Trial 32/50 (best val_r2=0.8531)
  [HPO] Trial 32 started...
  [HPO] Trial 32 finished in 7.8s (val_r2=0.8522)
[I 2026-04-01 09:28:04,957] Trial 32 finished with value: 0.8521800523893424 and parameters: {'n_estimators': 450, 'max_depth': 23, 'min_samples_leaf': 1}. Best is trial 12 with value: 0.8530663789016047.
    Trial 33/50 (best val_r2=0.8531)
  [HPO] Trial 33 started...
  [HPO] Trial 33 finished in 5.2s (val_r2=0.8521)
[I 2026-04-01 09:28:10,197] Trial 33 finished with value: 0.8520703784688282 and parameters: {'n_estimators': 350, 'max_depth': 21, 'min_samples_leaf': 1}. Best is trial 12 with value: 0.8530663789016047.
    Trial 34/50 (best val_r2=0.8531)
  [HPO] Trial 34 started...
  [HPO] Trial 34 finished in 5.5s (val_r2=0.8495)
[I 2026-04-01 09:28:15,755] Trial 34 finished with value: 0.8495378770607243 and parameters: {'n_estimators': 400, 'max_depth': 23, 'min_samples_leaf': 2}. Best is trial 12 with value: 0.8530663789016047.
    Trial 35/50 (best val_r2=0.8531)
  [HPO] Trial 35 started...
  [HPO] Trial 35 finished in 4.8s (val_r2=0.8520)
[I 2026-04-01 09:28:20,591] Trial 35 finished with value: 0.8520067566083491 and parameters: {'n_estimators': 300, 'max_depth': 24, 'min_samples_leaf': 1}. Best is trial 12 with value: 0.8530663789016047.
    Trial 36/50 (best val_r2=0.8531)
  [HPO] Trial 36 started...
  [HPO] Trial 36 finished in 6.1s (val_r2=0.8487)
[I 2026-04-01 09:28:26,669] Trial 36 finished with value: 0.8487384982957071 and parameters: {'n_estimators': 450, 'max_depth': 21, 'min_samples_leaf': 2}. Best is trial 12 with value: 0.8530663789016047.
    Trial 37/50 (best val_r2=0.8531)
  [HPO] Trial 37 started...
  [HPO] Trial 37 finished in 7.2s (val_r2=0.8485)
[I 2026-04-01 09:28:33,851] Trial 37 finished with value: 0.8484729271205703 and parameters: {'n_estimators': 500, 'max_depth': 20, 'min_samples_leaf': 2}. Best is trial 12 with value: 0.8530663789016047.
    Trial 38/50 (best val_r2=0.8531)
  [HPO] Trial 38 started...
  [HPO] Trial 38 finished in 8.5s (val_r2=0.8527)
[I 2026-04-01 09:28:42,385] Trial 38 finished with value: 0.8526650032605053 and parameters: {'n_estimators': 550, 'max_depth': 22, 'min_samples_leaf': 1}. Best is trial 12 with value: 0.8530663789016047.
    Trial 39/50 (best val_r2=0.8531)
  [HPO] Trial 39 started...
  [HPO] Trial 39 finished in 7.9s (val_r2=0.8500)
[I 2026-04-01 09:28:50,349] Trial 39 finished with value: 0.8500397675194393 and parameters: {'n_estimators': 550, 'max_depth': 24, 'min_samples_leaf': 2}. Best is trial 12 with value: 0.8530663789016047.
    Trial 40/50 (best val_r2=0.8531)
  [HPO] Trial 40 started...
  [HPO] Trial 40 finished in 8.1s (val_r2=0.8417)
[I 2026-04-01 09:28:58,453] Trial 40 finished with value: 0.8416658194818007 and parameters: {'n_estimators': 550, 'max_depth': 22, 'min_samples_leaf': 4}. Best is trial 12 with value: 0.8530663789016047.
    Trial 41/50 (best val_r2=0.8531)
  [HPO] Trial 41 started...
  [HPO] Trial 41 finished in 11.7s (val_r2=0.8526)
[I 2026-04-01 09:29:10,261] Trial 41 finished with value: 0.8526343753129021 and parameters: {'n_estimators': 600, 'max_depth': 23, 'min_samples_leaf': 1}. Best is trial 12 with value: 0.8530663789016047.
    Trial 42/50 (best val_r2=0.8531)
  [HPO] Trial 42 started...
  [HPO] Trial 42 finished in 13.6s (val_r2=0.8526)
[I 2026-04-01 09:29:23,903] Trial 42 finished with value: 0.8526343753129021 and parameters: {'n_estimators': 600, 'max_depth': 23, 'min_samples_leaf': 1}. Best is trial 12 with value: 0.8530663789016047.
    Trial 43/50 (best val_r2=0.8531)
  [HPO] Trial 43 started...
  [HPO] Trial 43 finished in 10.7s (val_r2=0.8531)
[I 2026-04-01 09:29:34,617] Trial 43 finished with value: 0.8530663789016047 and parameters: {'n_estimators': 600, 'max_depth': 24, 'min_samples_leaf': 1}. Best is trial 12 with value: 0.8530663789016047.
    Trial 44/50 (best val_r2=0.8531)
  [HPO] Trial 44 started...
  [HPO] Trial 44 finished in 10.2s (val_r2=0.8531)
[I 2026-04-01 09:29:44,896] Trial 44 finished with value: 0.8530663789016047 and parameters: {'n_estimators': 600, 'max_depth': 24, 'min_samples_leaf': 1}. Best is trial 12 with value: 0.8530663789016047.
    Trial 45/50 (best val_r2=0.8531)
  [HPO] Trial 45 started...
  [HPO] Trial 45 finished in 9.5s (val_r2=0.8531)
[I 2026-04-01 09:29:54,480] Trial 45 finished with value: 0.8530663789016047 and parameters: {'n_estimators': 600, 'max_depth': 24, 'min_samples_leaf': 1}. Best is trial 12 with value: 0.8530663789016047.
    Trial 46/50 (best val_r2=0.8531)
  [HPO] Trial 46 started...
  [HPO] Trial 46 finished in 7.2s (val_r2=0.8136)
[I 2026-04-01 09:30:01,672] Trial 46 finished with value: 0.8135571977810729 and parameters: {'n_estimators': 600, 'max_depth': 11, 'min_samples_leaf': 3}. Best is trial 12 with value: 0.8530663789016047.
    Trial 47/50 (best val_r2=0.8531)
  [HPO] Trial 47 started...
  [HPO] Trial 47 finished in 5.7s (val_r2=0.7893)
[I 2026-04-01 09:30:07,392] Trial 47 finished with value: 0.7892638479346779 and parameters: {'n_estimators': 550, 'max_depth': 9, 'min_samples_leaf': 1}. Best is trial 12 with value: 0.8530663789016047.
    Trial 48/50 (best val_r2=0.8531)
  [HPO] Trial 48 started...
  [HPO] Trial 48 finished in 8.0s (val_r2=0.8527)
[I 2026-04-01 09:30:15,408] Trial 48 finished with value: 0.8527074623881176 and parameters: {'n_estimators': 500, 'max_depth': 24, 'min_samples_leaf': 1}. Best is trial 12 with value: 0.8530663789016047.
    Trial 49/50 (best val_r2=0.8531)
  [HPO] Trial 49 started...
  [HPO] Trial 49 finished in 8.8s (val_r2=0.8498)
[I 2026-04-01 09:30:24,297] Trial 49 finished with value: 0.8498104027280213 and parameters: {'n_estimators': 600, 'max_depth': 19, 'min_samples_leaf': 1}. Best is trial 12 with value: 0.8530663789016047.
    Trial 50/50 (best val_r2=0.8531)
[4/6] Training nstxu_t3_rf_gamma...
[5/6] HPO for nstxu_t3_mlp_gamma (50 trials)...
[I 2026-04-01 09:30:34,292] A new study created in memory with name: nstxu_t3_coils_shape_gamma_hpo-torch.mlp
  [HPO] Trial 0 started...
  [HPO] Trial 0 finished in 26.3s (val_r2=0.9045)
[I 2026-04-01 09:31:00,628] Trial 0 finished with value: 0.9045098924218151 and parameters: {'hidden_layers_index': 3, 'dropout': 0.09501648801396492, 'learning_rate': 0.0025143428814176426, 'batch_size': 64, 'epochs': 153}. Best is trial 0 with value: 0.9045098924218151.
    Trial 1/50 (best val_r2=0.9045)
  [HPO] Trial 1 started...
  [HPO] Trial 1 finished in 35.3s (val_r2=0.8991)
[I 2026-04-01 09:31:35,939] Trial 1 finished with value: 0.8990663562580941 and parameters: {'hidden_layers_index': 3, 'dropout': 0.2566453379036277, 'learning_rate': 0.0016853391697173288, 'batch_size': 64, 'epochs': 183}. Best is trial 0 with value: 0.9045098924218151.
    Trial 2/50 (best val_r2=0.9045)
  [HPO] Trial 2 started...
  [HPO] Trial 2 finished in 28.3s (val_r2=0.9230)
[I 2026-04-01 09:32:04,268] Trial 2 finished with value: 0.9229976451973176 and parameters: {'hidden_layers_index': 1, 'dropout': 0.2719391806312388, 'learning_rate': 0.0002725285130250698, 'batch_size': 128, 'epochs': 194}. Best is trial 2 with value: 0.9229976451973176.
    Trial 3/50 (best val_r2=0.9230)
  [HPO] Trial 3 started...
  [HPO] Trial 3 finished in 18.5s (val_r2=0.8927)
[I 2026-04-01 09:32:22,728] Trial 3 finished with value: 0.892664436240697 and parameters: {'hidden_layers_index': 0, 'dropout': 0.12775654655214583, 'learning_rate': 0.00362466400156375, 'batch_size': 128, 'epochs': 185}. Best is trial 2 with value: 0.9229976451973176.
    Trial 4/50 (best val_r2=0.9230)
  [HPO] Trial 4 started...
  [HPO] Trial 4 finished in 17.7s (val_r2=0.8905)
[I 2026-04-01 09:32:40,441] Trial 4 finished with value: 0.8905083738557212 and parameters: {'hidden_layers_index': 0, 'dropout': 0.29863089479757504, 'learning_rate': 0.0024043227611998323, 'batch_size': 64, 'epochs': 138}. Best is trial 2 with value: 0.9229976451973176.
    Trial 5/50 (best val_r2=0.9230)
  [HPO] Trial 5 started...
  [HPO] Trial 5 finished in 45.5s (val_r2=0.9063)
[I 2026-04-01 09:33:25,964] Trial 5 finished with value: 0.906305484427827 and parameters: {'hidden_layers_index': 3, 'dropout': 4.81342779403704e-06, 'learning_rate': 0.0002627903447762754, 'batch_size': 32, 'epochs': 164}. Best is trial 2 with value: 0.9229976451973176.
    Trial 6/50 (best val_r2=0.9230)
  [HPO] Trial 6 started...
  [HPO] Trial 6 finished in 22.6s (val_r2=0.8914)
[I 2026-04-01 09:33:48,549] Trial 6 finished with value: 0.8913787714950685 and parameters: {'hidden_layers_index': 3, 'dropout': 0.09779028087919613, 'learning_rate': 0.0006001696958441087, 'batch_size': 128, 'epochs': 173}. Best is trial 2 with value: 0.9229976451973176.
    Trial 7/50 (best val_r2=0.9230)
  [HPO] Trial 7 started...
  [HPO] Trial 7 finished in 9.1s (val_r2=0.9094)
[I 2026-04-01 09:33:57,626] Trial 7 finished with value: 0.9093600836386236 and parameters: {'hidden_layers_index': 0, 'dropout': 0.27443403167492536, 'learning_rate': 0.0008540385215381805, 'batch_size': 128, 'epochs': 98}. Best is trial 2 with value: 0.9229976451973176.
    Trial 8/50 (best val_r2=0.9230)
  [HPO] Trial 8 started...
  [HPO] Trial 8 finished in 56.3s (val_r2=0.9225)
[I 2026-04-01 09:34:53,902] Trial 8 finished with value: 0.9225164342576658 and parameters: {'hidden_layers_index': 3, 'dropout': 0.27204200624185687, 'learning_rate': 0.0002533817781390946, 'batch_size': 32, 'epochs': 181}. Best is trial 2 with value: 0.9229976451973176.
    Trial 9/50 (best val_r2=0.9230)
  [HPO] Trial 9 started...
  [HPO] Trial 9 finished in 24.2s (val_r2=0.9158)
[I 2026-04-01 09:35:18,134] Trial 9 finished with value: 0.9157982100997935 and parameters: {'hidden_layers_index': 1, 'dropout': 0.057948395618530046, 'learning_rate': 0.0002110412997403752, 'batch_size': 128, 'epochs': 185}. Best is trial 2 with value: 0.9229976451973176.
    Trial 10/50 (best val_r2=0.9230)
  [HPO] Trial 10 started...
  [HPO] Trial 10 finished in 16.0s (val_r2=0.8610)
[I 2026-04-01 09:35:34,098] Trial 10 finished with value: 0.8609740680015409 and parameters: {'hidden_layers_index': 1, 'dropout': 0.38657081357624046, 'learning_rate': 0.00010575648042945282, 'batch_size': 128, 'epochs': 126}. Best is trial 2 with value: 0.9229976451973176.
    Trial 11/50 (best val_r2=0.9230)
  [HPO] Trial 11 started...
  [HPO] Trial 11 finished in 50.4s (val_r2=0.9103)
[I 2026-04-01 09:36:24,541] Trial 11 finished with value: 0.9103286612025441 and parameters: {'hidden_layers_index': 2, 'dropout': 0.1892843825713042, 'learning_rate': 0.00034682945681412103, 'batch_size': 32, 'epochs': 199}. Best is trial 2 with value: 0.9229976451973176.
    Trial 12/50 (best val_r2=0.9230)
  [HPO] Trial 12 started...
  [HPO] Trial 12 finished in 51.4s (val_r2=0.9274)
[I 2026-04-01 09:37:15,937] Trial 12 finished with value: 0.9273674974789048 and parameters: {'hidden_layers_index': 2, 'dropout': 0.34833555022829726, 'learning_rate': 0.00012574860425370763, 'batch_size': 32, 'epochs': 197}. Best is trial 12 with value: 0.9273674974789048.
    Trial 13/50 (best val_r2=0.9274)
  [HPO] Trial 13 started...
  [HPO] Trial 13 finished in 59.9s (val_r2=0.9319)
[I 2026-04-01 09:38:15,802] Trial 13 finished with value: 0.9318791482924578 and parameters: {'hidden_layers_index': 2, 'dropout': 0.380572239779309, 'learning_rate': 0.00010511600031981292, 'batch_size': 32, 'epochs': 200}. Best is trial 13 with value: 0.9318791482924578.
    Trial 14/50 (best val_r2=0.9319)
  [HPO] Trial 14 started...
  [HPO] Trial 14 finished in 31.1s (val_r2=0.9026)
[I 2026-04-01 09:38:46,867] Trial 14 finished with value: 0.902594157000955 and parameters: {'hidden_layers_index': 2, 'dropout': 0.399873086806622, 'learning_rate': 0.00010285123093616504, 'batch_size': 32, 'epochs': 109}. Best is trial 13 with value: 0.9318791482924578.
    Trial 15/50 (best val_r2=0.9319)
  [HPO] Trial 15 started...
  [HPO] Trial 15 finished in 43.4s (val_r2=0.9129)
[I 2026-04-01 09:39:30,284] Trial 15 finished with value: 0.9128801012678904 and parameters: {'hidden_layers_index': 2, 'dropout': 0.33072636109310677, 'learning_rate': 0.00016113759048656562, 'batch_size': 32, 'epochs': 159}. Best is trial 13 with value: 0.9318791482924578.
    Trial 16/50 (best val_r2=0.9319)
  [HPO] Trial 16 started...
  [HPO] Trial 16 finished in 58.3s (val_r2=0.9106)
[I 2026-04-01 09:40:28,549] Trial 16 finished with value: 0.9106033473522095 and parameters: {'hidden_layers_index': 2, 'dropout': 0.3483639711674471, 'learning_rate': 0.0006998030118198035, 'batch_size': 32, 'epochs': 198}. Best is trial 13 with value: 0.9318791482924578.
    Trial 17/50 (best val_r2=0.9319)
  [HPO] Trial 17 started...
  [HPO] Trial 17 finished in 45.4s (val_r2=0.9139)
[I 2026-04-01 09:41:13,956] Trial 17 finished with value: 0.913901342801216 and parameters: {'hidden_layers_index': 2, 'dropout': 0.1843132397317376, 'learning_rate': 0.0004341990225146959, 'batch_size': 32, 'epochs': 142}. Best is trial 13 with value: 0.9318791482924578.
    Trial 18/50 (best val_r2=0.9319)
  [HPO] Trial 18 started...
  [HPO] Trial 18 finished in 44.2s (val_r2=0.9150)
[I 2026-04-01 09:41:58,122] Trial 18 finished with value: 0.9149630964237899 and parameters: {'hidden_layers_index': 1, 'dropout': 0.3502215421445802, 'learning_rate': 0.00015034882567393305, 'batch_size': 32, 'epochs': 167}. Best is trial 13 with value: 0.9318791482924578.
    Trial 19/50 (best val_r2=0.9319)
  [HPO] Trial 19 started...
  [HPO] Trial 19 finished in 23.3s (val_r2=0.9162)
[I 2026-04-01 09:42:21,437] Trial 19 finished with value: 0.9161768452259651 and parameters: {'hidden_layers_index': 2, 'dropout': 0.237994167437379, 'learning_rate': 0.0011359549279588823, 'batch_size': 32, 'epochs': 83}. Best is trial 13 with value: 0.9318791482924578.
    Trial 20/50 (best val_r2=0.9319)
  [HPO] Trial 20 started...
  [HPO] Trial 20 finished in 37.1s (val_r2=0.9245)
[I 2026-04-01 09:42:58,552] Trial 20 finished with value: 0.9245099798037544 and parameters: {'hidden_layers_index': 1, 'dropout': 0.315212554987843, 'learning_rate': 0.00015861121571972528, 'batch_size': 32, 'epochs': 148}. Best is trial 13 with value: 0.9318791482924578.
    Trial 21/50 (best val_r2=0.9319)
  [HPO] Trial 21 started...
  [HPO] Trial 21 finished in 30.5s (val_r2=0.9122)
[I 2026-04-01 09:43:29,072] Trial 21 finished with value: 0.9122139492559801 and parameters: {'hidden_layers_index': 1, 'dropout': 0.32128255479069207, 'learning_rate': 0.00015372458377363582, 'batch_size': 32, 'epochs': 121}. Best is trial 13 with value: 0.9318791482924578.
    Trial 22/50 (best val_r2=0.9319)
  [HPO] Trial 22 started...
  [HPO] Trial 22 finished in 38.5s (val_r2=0.9201)
[I 2026-04-01 09:44:07,605] Trial 22 finished with value: 0.9201208215346715 and parameters: {'hidden_layers_index': 2, 'dropout': 0.3691316500457003, 'learning_rate': 0.0001061909007015667, 'batch_size': 32, 'epochs': 144}. Best is trial 13 with value: 0.9318791482924578.
    Trial 23/50 (best val_r2=0.9319)
  [HPO] Trial 23 started...
  [HPO] Trial 23 finished in 56.6s (val_r2=0.9096)
[I 2026-04-01 09:45:04,230] Trial 23 finished with value: 0.9095629875396378 and parameters: {'hidden_layers_index': 1, 'dropout': 0.3069742992909313, 'learning_rate': 0.0001822763516528011, 'batch_size': 32, 'epochs': 177}. Best is trial 13 with value: 0.9318791482924578.
    Trial 24/50 (best val_r2=0.9319)
  [HPO] Trial 24 started...
  [HPO] Trial 24 finished in 58.8s (val_r2=0.8769)
[I 2026-04-01 09:46:03,071] Trial 24 finished with value: 0.8769116128160375 and parameters: {'hidden_layers_index': 2, 'dropout': 0.2244780231990166, 'learning_rate': 0.0004332536989162386, 'batch_size': 32, 'epochs': 192}. Best is trial 13 with value: 0.9318791482924578.
    Trial 25/50 (best val_r2=0.9319)
  [HPO] Trial 25 started...
  [HPO] Trial 25 finished in 29.5s (val_r2=0.9075)
[I 2026-04-01 09:46:32,557] Trial 25 finished with value: 0.907489971247489 and parameters: {'hidden_layers_index': 1, 'dropout': 0.36188881541655565, 'learning_rate': 0.0001282694881087145, 'batch_size': 64, 'epochs': 155}. Best is trial 13 with value: 0.9318791482924578.
    Trial 26/50 (best val_r2=0.9319)
  [HPO] Trial 26 started...
  [HPO] Trial 26 finished in 48.7s (val_r2=0.9080)
[I 2026-04-01 09:47:21,223] Trial 26 finished with value: 0.9080263919545026 and parameters: {'hidden_layers_index': 2, 'dropout': 0.3967465339837763, 'learning_rate': 0.00020639135110712704, 'batch_size': 32, 'epochs': 168}. Best is trial 13 with value: 0.9318791482924578.
    Trial 27/50 (best val_r2=0.9319)
  [HPO] Trial 27 started...
  [HPO] Trial 27 finished in 34.4s (val_r2=0.9063)
[I 2026-04-01 09:47:55,663] Trial 27 finished with value: 0.9063217204985231 and parameters: {'hidden_layers_index': 1, 'dropout': 0.30180897971336396, 'learning_rate': 0.00013282467075745967, 'batch_size': 32, 'epochs': 128}. Best is trial 13 with value: 0.9318791482924578.
    Trial 28/50 (best val_r2=0.9319)
  [HPO] Trial 28 started...
  [HPO] Trial 28 finished in 47.7s (val_r2=0.9159)
[I 2026-04-01 09:48:43,326] Trial 28 finished with value: 0.9159230295200127 and parameters: {'hidden_layers_index': 0, 'dropout': 0.33659192883752465, 'learning_rate': 0.0003592043446018778, 'batch_size': 32, 'epochs': 190}. Best is trial 13 with value: 0.9318791482924578.
    Trial 29/50 (best val_r2=0.9319)
  [HPO] Trial 29 started...
  [HPO] Trial 29 finished in 33.4s (val_r2=0.9310)
[I 2026-04-01 09:49:16,760] Trial 29 finished with value: 0.9309931721604396 and parameters: {'hidden_layers_index': 3, 'dropout': 0.3675102312971087, 'learning_rate': 0.00019717680085852544, 'batch_size': 64, 'epochs': 147}. Best is trial 13 with value: 0.9318791482924578.
    Trial 30/50 (best val_r2=0.9319)
  [HPO] Trial 30 started...
  [HPO] Trial 30 finished in 23.0s (val_r2=0.9345)
[I 2026-04-01 09:49:39,725] Trial 30 finished with value: 0.934516217926489 and parameters: {'hidden_layers_index': 3, 'dropout': 0.15724503090056438, 'learning_rate': 0.00010015467146279554, 'batch_size': 64, 'epochs': 110}. Best is trial 30 with value: 0.934516217926489.
    Trial 31/50 (best val_r2=0.9345)
  [HPO] Trial 31 started...
  [HPO] Trial 31 finished in 23.7s (val_r2=0.9255)
[I 2026-04-01 09:50:03,430] Trial 31 finished with value: 0.9254662422770433 and parameters: {'hidden_layers_index': 3, 'dropout': 0.16110176850125085, 'learning_rate': 0.00010006658905593455, 'batch_size': 64, 'epochs': 110}. Best is trial 30 with value: 0.934516217926489.
    Trial 32/50 (best val_r2=0.9345)
  [HPO] Trial 32 started...
  [HPO] Trial 32 finished in 16.2s (val_r2=0.9268)
[I 2026-04-01 09:50:19,672] Trial 32 finished with value: 0.92680594226169 and parameters: {'hidden_layers_index': 3, 'dropout': 0.13168624222054123, 'learning_rate': 0.00012741851174394666, 'batch_size': 64, 'epochs': 81}. Best is trial 30 with value: 0.934516217926489.
    Trial 33/50 (best val_r2=0.9345)
  [HPO] Trial 33 started...
  [HPO] Trial 33 finished in 19.4s (val_r2=0.9021)
[I 2026-04-01 09:50:39,053] Trial 33 finished with value: 0.9021038262337873 and parameters: {'hidden_layers_index': 3, 'dropout': 0.21976064297686265, 'learning_rate': 0.0002226531900427231, 'batch_size': 64, 'epochs': 92}. Best is trial 30 with value: 0.934516217926489.
    Trial 34/50 (best val_r2=0.9345)
  [HPO] Trial 34 started...
  [HPO] Trial 34 finished in 22.8s (val_r2=0.9088)
[I 2026-04-01 09:51:01,837] Trial 34 finished with value: 0.9088470935413776 and parameters: {'hidden_layers_index': 3, 'dropout': 0.3738374311516809, 'learning_rate': 0.00018478132702804938, 'batch_size': 64, 'epochs': 113}. Best is trial 30 with value: 0.934516217926489.
    Trial 35/50 (best val_r2=0.9345)
  [HPO] Trial 35 started...
  [HPO] Trial 35 finished in 28.1s (val_r2=0.9287)
[I 2026-04-01 09:51:29,912] Trial 35 finished with value: 0.9286631056472907 and parameters: {'hidden_layers_index': 3, 'dropout': 0.1542591577931375, 'learning_rate': 0.00012740627477852453, 'batch_size': 64, 'epochs': 133}. Best is trial 30 with value: 0.934516217926489.
    Trial 36/50 (best val_r2=0.9345)
  [HPO] Trial 36 started...
  [HPO] Trial 36 finished in 27.0s (val_r2=0.9025)
[I 2026-04-01 09:51:56,886] Trial 36 finished with value: 0.9025191379718557 and parameters: {'hidden_layers_index': 3, 'dropout': 0.1547012053846247, 'learning_rate': 0.00030238448589050177, 'batch_size': 64, 'epochs': 136}. Best is trial 30 with value: 0.934516217926489.
    Trial 37/50 (best val_r2=0.9345)
  [HPO] Trial 37 started...
  [HPO] Trial 37 finished in 21.4s (val_r2=0.8721)
[I 2026-04-01 09:52:18,311] Trial 37 finished with value: 0.8721033089697501 and parameters: {'hidden_layers_index': 3, 'dropout': 0.08127462411855677, 'learning_rate': 0.0012628343504195699, 'batch_size': 64, 'epochs': 101}. Best is trial 30 with value: 0.934516217926489.
    Trial 38/50 (best val_r2=0.9345)
  [HPO] Trial 38 started...
  [HPO] Trial 38 finished in 25.9s (val_r2=0.9143)
[I 2026-04-01 09:52:44,213] Trial 38 finished with value: 0.9142983227320807 and parameters: {'hidden_layers_index': 3, 'dropout': 0.10472841637531671, 'learning_rate': 0.00012821286505858786, 'batch_size': 64, 'epochs': 131}. Best is trial 30 with value: 0.934516217926489.
    Trial 39/50 (best val_r2=0.9345)
  [HPO] Trial 39 started...
  [HPO] Trial 39 finished in 24.6s (val_r2=0.9164)
[I 2026-04-01 09:53:08,791] Trial 39 finished with value: 0.9163588251067969 and parameters: {'hidden_layers_index': 3, 'dropout': 0.042867983937287524, 'learning_rate': 0.0023928888859833563, 'batch_size': 64, 'epochs': 119}. Best is trial 30 with value: 0.934516217926489.
    Trial 40/50 (best val_r2=0.9345)
  [HPO] Trial 40 started...
  [HPO] Trial 40 finished in 27.2s (val_r2=0.9151)
[I 2026-04-01 09:53:36,014] Trial 40 finished with value: 0.9150811969438145 and parameters: {'hidden_layers_index': 3, 'dropout': 0.14880680269512273, 'learning_rate': 0.0002469214174987752, 'batch_size': 64, 'epochs': 135}. Best is trial 30 with value: 0.934516217926489.
    Trial 41/50 (best val_r2=0.9345)
  [HPO] Trial 41 started...
  [HPO] Trial 41 finished in 37.9s (val_r2=0.9214)
[I 2026-04-01 09:54:13,940] Trial 41 finished with value: 0.9214316030105684 and parameters: {'hidden_layers_index': 3, 'dropout': 0.17788832725118892, 'learning_rate': 0.00011621014763133885, 'batch_size': 64, 'epochs': 186}. Best is trial 30 with value: 0.934516217926489.
    Trial 42/50 (best val_r2=0.9345)
  [HPO] Trial 42 started...
  [HPO] Trial 42 finished in 28.2s (val_r2=0.9321)
[I 2026-04-01 09:54:42,118] Trial 42 finished with value: 0.9320504358846616 and parameters: {'hidden_layers_index': 2, 'dropout': 0.12116955922533101, 'learning_rate': 0.00018268265694115448, 'batch_size': 64, 'epochs': 150}. Best is trial 30 with value: 0.934516217926489.
    Trial 43/50 (best val_r2=0.9345)
  [HPO] Trial 43 started...
  [HPO] Trial 43 finished in 30.6s (val_r2=0.9278)
[I 2026-04-01 09:55:12,723] Trial 43 finished with value: 0.9278040275950173 and parameters: {'hidden_layers_index': 3, 'dropout': 0.1190230428939246, 'learning_rate': 0.00018011973501154405, 'batch_size': 64, 'epochs': 155}. Best is trial 30 with value: 0.934516217926489.
    Trial 44/50 (best val_r2=0.9345)
  [HPO] Trial 44 started...
  [HPO] Trial 44 finished in 31.2s (val_r2=0.8429)
[I 2026-04-01 09:55:43,912] Trial 44 finished with value: 0.8429206355023519 and parameters: {'hidden_layers_index': 3, 'dropout': 0.20661204035110758, 'learning_rate': 0.004497344494645187, 'batch_size': 64, 'epochs': 150}. Best is trial 30 with value: 0.934516217926489.
    Trial 45/50 (best val_r2=0.9345)
  [HPO] Trial 45 started...
  [HPO] Trial 45 finished in 29.4s (val_r2=0.9105)
[I 2026-04-01 09:56:13,356] Trial 45 finished with value: 0.910456382653251 and parameters: {'hidden_layers_index': 2, 'dropout': 0.08119050655723938, 'learning_rate': 0.0003024452369132137, 'batch_size': 64, 'epochs': 160}. Best is trial 30 with value: 0.934516217926489.
    Trial 46/50 (best val_r2=0.9345)
  [HPO] Trial 46 started...
  [HPO] Trial 46 finished in 19.7s (val_r2=0.9239)
[I 2026-04-01 09:56:33,067] Trial 46 finished with value: 0.9239419982331455 and parameters: {'hidden_layers_index': 3, 'dropout': 0.25173236954206907, 'learning_rate': 0.00014973258891014103, 'batch_size': 128, 'epochs': 119}. Best is trial 30 with value: 0.934516217926489.
    Trial 47/50 (best val_r2=0.9345)
  [HPO] Trial 47 started...
  [HPO] Trial 47 finished in 18.1s (val_r2=0.9090)
[I 2026-04-01 09:56:51,155] Trial 47 finished with value: 0.9090001500985347 and parameters: {'hidden_layers_index': 2, 'dropout': 0.13982658518015326, 'learning_rate': 0.00018481817726351504, 'batch_size': 64, 'epochs': 104}. Best is trial 30 with value: 0.934516217926489.
    Trial 48/50 (best val_r2=0.9345)
  [HPO] Trial 48 started...
  [HPO] Trial 48 finished in 16.0s (val_r2=0.9208)
[I 2026-04-01 09:57:07,119] Trial 48 finished with value: 0.9207520836107737 and parameters: {'hidden_layers_index': 2, 'dropout': 0.1716509621873212, 'learning_rate': 0.00021714190372952794, 'batch_size': 64, 'epochs': 95}. Best is trial 30 with value: 0.934516217926489.
    Trial 49/50 (best val_r2=0.9345)
  [HPO] Trial 49 started...
  [HPO] Trial 49 finished in 23.1s (val_r2=0.9185)
[I 2026-04-01 09:57:30,251] Trial 49 finished with value: 0.9185227118822641 and parameters: {'hidden_layers_index': 3, 'dropout': 0.11382011548698716, 'learning_rate': 0.00047228242347482175, 'batch_size': 128, 'epochs': 143}. Best is trial 30 with value: 0.934516217926489.
    Trial 50/50 (best val_r2=0.9345)
[6/6] Training nstxu_t3_mlp_gamma...
[6/6] Done. Artifacts in runs/nstxu_t3_coils_shape_gamma_hpo
Workflow nstxu_t3_coils_shape_gamma_hpo complete. Artifacts saved to runs/nstxu_t3_coils_shape_gamma_hpo
{
  "run_tag": "nstxu_t3_coils_shape_gamma_hpo",
  "dataset": {
    "file_path": "data/datasets/NSTX-U/nstxu_equil_curated.pkl",
    "n_rows": 10000,
    "n_inputs": 24,
    "n_outputs": 1,
    "output_groups": {},
    "profile_groups": {},
    "dataset_info": {
      "shape": [
        10000,
        33
      ],
      "n_input_variables": 31,
      "n_output_variables": 2,
      "n_output_groups": 0,
      "largest_output_group": 0,
      "largest_output_group_name": null
    }
  },
  "resources": {
    "scheduler": null,
    "n_cpus": 10,
    "n_gpus": 0,
    "gpu_type": null,
    "device": "cpu",
    "hostname": "asanche2-lt",
    "extras": {
      "platform": "macOS-26.3.1-arm64-arm-64bit"
    }
  },
  "splits": {
    "train": 6000,
    "val": 2000,
    "test": 2000
  },
  "scalers": {
    "input_scaler": "runs/nstxu_t3_coils_shape_gamma_hpo/scalers/inputs.joblib",
    "output_scaler": "runs/nstxu_t3_coils_shape_gamma_hpo/scalers/outputs.joblib"
  },
  "models": [
    {
      "name": "nstxu_t3_rf_gamma",
      "backend": "sklearn",
      "params": {
        "n_estimators": 600,
        "max_depth": 24,
        "min_samples_leaf": 1
      },
      "metrics": {
        "train": {
          "r2": 0.9801428761023394,
          "rmse": 409.2755682172927,
          "mae": 141.8290287025702,
          "mape": 4903607302792.741
        },
        "val": {
          "r2": 0.8530663789016047,
          "rmse": 1089.405973368093,
          "mae": 368.12767991328076,
          "mape": 0.5829621952426635
        },
        "test": {
          "r2": 0.8039518126527113,
          "rmse": 1256.5544187996957,
          "mae": 433.1781846504088,
          "mape": 0.713906875357637
        }
      },
      "timings": {
        "train_seconds": 9.004782707997947,
        "train_inference_seconds": 0.21528083400335163,
        "val_inference_seconds": 0.10799662500357954,
        "train_inference_per_sample": 3.5880139000558604e-05,
        "val_inference_per_sample": 5.399831250178977e-05,
        "test_inference_seconds": 0.11081108300277265,
        "test_inference_per_sample": 5.540554150138632e-05
      },
      "artifacts": {
        "model": "runs/nstxu_t3_coils_shape_gamma_hpo/models/nstxu_t3_rf_gamma.joblib",
        "predictions": {
          "train": "runs/nstxu_t3_coils_shape_gamma_hpo/predictions/nstxu_t3_rf_gamma_train.csv",
          "val": "runs/nstxu_t3_coils_shape_gamma_hpo/predictions/nstxu_t3_rf_gamma_val.csv",
          "test": "runs/nstxu_t3_coils_shape_gamma_hpo/predictions/nstxu_t3_rf_gamma_test.csv"
        },
        "hpo": "runs/nstxu_t3_coils_shape_gamma_hpo/hpo/nstxu_t3_rf_gamma_hpo.json"
      }
    },
    {
      "name": "nstxu_t3_mlp_gamma",
      "backend": "pytorch",
      "params": {
        "hidden_layers": [
          384,
          256,
          128
        ],
        "dropout": 0.15724503090056438,
        "epochs": 110,
        "batch_size": 64,
        "learning_rate": 0.00010015467146279554,
        "mc_dropout_passes": 40,
        "activation": "relu"
      },
      "metrics": {
        "train": {
          "r2": 0.9741565947350702,
          "rmse": 466.9092913735679,
          "mae": 192.66199640573709,
          "mape": 1137013587124246.5
        },
        "val": {
          "r2": 0.921284119313591,
          "rmse": 797.3708242152791,
          "mae": 260.0550076795751,
          "mape": 1.0344812133567056
        },
        "test": {
          "r2": 0.9069437746991432,
          "rmse": 865.7103348226431,
          "mae": 272.41496260130464,
          "mape": 1.0464264740872014
        }
      },
      "timings": {
        "train_seconds": 22.242087624996202,
        "train_inference_seconds": 0.015410874999361113,
        "val_inference_seconds": 0.0046332909987540916,
        "train_inference_per_sample": 2.5684791665601853e-06,
        "val_inference_per_sample": 2.3166454993770457e-06,
        "test_inference_seconds": 0.004140290999202989,
        "test_inference_per_sample": 2.0701454996014945e-06
      },
      "artifacts": {
        "model": "runs/nstxu_t3_coils_shape_gamma_hpo/models/nstxu_t3_mlp_gamma.joblib",
        "predictions": {
          "train": "runs/nstxu_t3_coils_shape_gamma_hpo/predictions/nstxu_t3_mlp_gamma_train.csv",
          "val": "runs/nstxu_t3_coils_shape_gamma_hpo/predictions/nstxu_t3_mlp_gamma_val.csv",
          "test": "runs/nstxu_t3_coils_shape_gamma_hpo/predictions/nstxu_t3_mlp_gamma_test.csv",
          "val_uq": "runs/nstxu_t3_coils_shape_gamma_hpo/predictions/nstxu_t3_mlp_gamma_val_uq.json"
        },
        "hpo": "runs/nstxu_t3_coils_shape_gamma_hpo/hpo/nstxu_t3_mlp_gamma_hpo.json"
      }
    }
  ],
  "registry": "Registered Models:",
  "artifacts": {
    "root": "runs/nstxu_t3_coils_shape_gamma_hpo",
    "metrics": "runs/nstxu_t3_coils_shape_gamma_hpo/metrics.json",
    "summary": "runs/nstxu_t3_coils_shape_gamma_hpo/workflow_summary.json",
    "spec": "runs/nstxu_t3_coils_shape_gamma_hpo/spec.yaml",
    "train_data_ranges": "runs/nstxu_t3_coils_shape_gamma_hpo/train_data_ranges.json"
  }
}
>>> 2026-04-01T09:57:55-04:00 OK nstxu_t3_coils_shape_gamma_hpo
======== 2026-04-01T09:57:55-04:00 queue end =========
Metrics: python scripts/nstxu/collect_nstxu_metrics.py
