key,family,relL2_spectrum_fno48_floor6_smooth1_qc_peak4_fieldloss,relL2_spectrum_fno48_floor6_smooth1_qc_peak4,relL2_spectrum_fno48_floor6_smooth1_qc_peak4_fieldloss_smooth05,relL2_alpha_spectrum_fno48_floor6_smooth1_qc_peak4_fieldloss,relL2_alpha_spectrum_fno48_floor6_smooth1_qc_peak4,relL2_alpha_spectrum_fno48_floor6_smooth1_qc_peak4_fieldloss_smooth05,patR2_spectrum_fno48_floor6_smooth1_qc_peak4_fieldloss,patR2_spectrum_fno48_floor6_smooth1_qc_peak4,patR2_spectrum_fno48_floor6_smooth1_qc_peak4_fieldloss_smooth05,crf_spectrum_fno48_floor6_smooth1_qc_peak4_fieldloss,crf_spectrum_fno48_floor6_smooth1_qc_peak4,crf_spectrum_fno48_floor6_smooth1_qc_peak4_fieldloss_smooth05,winner
run10_sparc_1300,sparc_1300,0.473958,0.468011,0.414163,0.473958,0.467559,0.414148,0.969102,0.980066,0.955570,0.911237,0.835203,0.888346,spectrum_fno48_floor6_smooth1_qc_peak4_fieldloss_smooth05
run10_sparc_1302,sparc_1302,1.725874,2.010591,1.280312,0.891510,0.958201,0.738746,0.915161,0.931316,0.871647,0.876751,0.565947,0.872135,spectrum_fno48_floor6_smooth1_qc_peak4_fieldloss_smooth05
run10_sparc_1305,sparc_1305,1.033249,1.359383,0.553644,0.767044,0.832664,0.403439,0.908107,0.913037,0.832695,0.770080,0.543004,0.677953,spectrum_fno48_floor6_smooth1_qc_peak4_fieldloss_smooth05
run10_sparc_1306,sparc_1306,0.987921,1.060983,0.813847,0.789869,0.787666,0.731231,0.882125,0.896296,0.807905,0.938200,0.881919,0.573693,spectrum_fno48_floor6_smooth1_qc_peak4_fieldloss_smooth05
run10_sparc_1307,sparc_1307,0.623549,0.694049,0.367233,0.612457,0.680527,0.328343,0.880310,0.907545,0.822242,0.975480,0.950186,0.820508,spectrum_fno48_floor6_smooth1_qc_peak4_fieldloss_smooth05
run10_sparc_1319,sparc_1319,0.634834,0.789359,0.411628,0.623362,0.754848,0.411164,0.885322,0.875940,0.762297,0.938039,0.698815,0.745834,spectrum_fno48_floor6_smooth1_qc_peak4_fieldloss_smooth05
run10_sparc_1360,sparc_1360,0.518886,0.804488,0.362654,0.514780,0.749382,0.361205,0.896313,0.891935,0.788278,0.924466,0.891672,0.693767,spectrum_fno48_floor6_smooth1_qc_peak4_fieldloss_smooth05
run10_sparc_1361,sparc_1361,0.493879,0.816923,0.395088,0.492533,0.745036,0.392979,0.890172,0.881799,0.760553,0.933963,0.903984,0.676679,spectrum_fno48_floor6_smooth1_qc_peak4_fieldloss_smooth05
run10_sparc_1364,sparc_1364,0.549323,0.645901,0.358543,0.549138,0.644044,0.358543,0.882216,0.887226,0.714533,0.834555,0.600333,0.670535,spectrum_fno48_floor6_smooth1_qc_peak4_fieldloss_smooth05
run10_sparc_1407,sparc_1407,1.154886,1.323896,0.961708,0.874880,0.837334,0.828235,0.898102,0.924528,0.836669,0.889174,0.875175,0.457463,spectrum_fno48_floor6_smooth1_qc_peak4_fieldloss_smooth05
run10_sparc_1412,sparc_1412,0.525755,0.773905,0.149606,0.525721,0.770780,0.140522,0.892217,0.889862,0.883418,0.821221,0.443581,0.481708,spectrum_fno48_floor6_smooth1_qc_peak4_fieldloss_smooth05
run10_sparc_1420,sparc_1420,0.739863,0.858817,0.633682,0.739625,0.852000,0.579513,0.893103,0.884180,0.738359,0.854617,0.799323,0.662457,spectrum_fno48_floor6_smooth1_qc_peak4_fieldloss_smooth05
run10_sparc_1440,sparc_1440,0.977739,1.525237,0.548301,0.898255,0.882251,0.417178,0.865319,0.864623,0.809515,0.675039,0.860264,0.527643,spectrum_fno48_floor6_smooth1_qc_peak4_fieldloss_smooth05
run10_sparc_1441,sparc_1441,0.968591,1.452417,0.526508,0.898970,0.876183,0.408657,0.870424,0.871650,0.813479,0.722492,0.854401,0.554131,spectrum_fno48_floor6_smooth1_qc_peak4_fieldloss_smooth05
run10_sparc_1515,sparc_1515,0.927250,0.970241,0.852010,0.916113,0.945840,0.851938,0.825221,0.815760,0.723296,0.978456,0.916321,0.759928,spectrum_fno48_floor6_smooth1_qc_peak4_fieldloss_smooth05
run11_sparc_1308,sparc_1308,0.857397,0.912532,0.676917,0.837433,0.877834,0.676533,0.782450,0.835405,0.720611,0.956224,0.888503,0.695421,spectrum_fno48_floor6_smooth1_qc_peak4_fieldloss_smooth05
run11_sparc_1309,sparc_1309,0.660678,1.023566,0.425267,0.623271,0.850380,0.423650,0.877333,0.882779,0.701477,0.808812,0.872677,0.723008,spectrum_fno48_floor6_smooth1_qc_peak4_fieldloss_smooth05
run11_sparc_1310,sparc_1310,0.594817,0.905658,0.394183,0.593553,0.827202,0.392441,0.890412,0.886648,0.832788,0.829530,0.797830,0.690622,spectrum_fno48_floor6_smooth1_qc_peak4_fieldloss_smooth05
run11_sparc_1316,sparc_1316,0.545703,0.834315,0.405622,0.539862,0.799520,0.397664,0.888340,0.876221,0.763305,0.962973,0.752481,0.770953,spectrum_fno48_floor6_smooth1_qc_peak4_fieldloss_smooth05
run11_sparc_1349,sparc_1349,0.552024,0.845251,0.380074,0.551906,0.826833,0.380072,0.883970,0.888750,0.760399,0.834328,0.727920,0.601381,spectrum_fno48_floor6_smooth1_qc_peak4_fieldloss_smooth05
run11_sparc_1350,sparc_1350,0.583290,1.029436,0.514501,0.572802,0.867233,0.506926,0.913589,0.893539,0.851824,0.870739,0.901279,0.344021,spectrum_fno48_floor6_smooth1_qc_peak4_fieldloss_smooth05
run11_sparc_1361,sparc_1361,0.474578,0.583330,0.313481,0.471525,0.574852,0.310567,0.888673,0.886129,0.765080,0.843154,0.747147,0.748640,spectrum_fno48_floor6_smooth1_qc_peak4_fieldloss_smooth05
run11_sparc_1401,sparc_1401,0.497916,0.562898,0.540170,0.497907,0.552123,0.535105,0.892668,0.909477,0.832251,0.941488,0.925076,0.817256,spectrum_fno48_floor6_smooth1_qc_peak4_fieldloss
run11_sparc_1407,sparc_1407,0.796767,0.868676,0.463386,0.707571,0.742678,0.458774,0.923240,0.923399,0.845804,0.875368,0.801450,0.744810,spectrum_fno48_floor6_smooth1_qc_peak4_fieldloss_smooth05
run11_sparc_1410,sparc_1410,0.559885,1.054115,0.365233,0.558264,0.867885,0.362754,0.893651,0.893949,0.804010,0.818720,0.846851,0.684818,spectrum_fno48_floor6_smooth1_qc_peak4_fieldloss_smooth05
run11_sparc_1413,sparc_1413,0.567479,0.984902,0.401502,0.567464,0.854648,0.397278,0.893327,0.886621,0.837957,0.870144,0.853805,0.667237,spectrum_fno48_floor6_smooth1_qc_peak4_fieldloss_smooth05
run11_sparc_1414,sparc_1414,0.545394,0.847389,0.398327,0.543904,0.807055,0.391688,0.881157,0.881977,0.809769,0.847589,0.826176,0.680012,spectrum_fno48_floor6_smooth1_qc_peak4_fieldloss_smooth05
run11_sparc_1421,sparc_1421,0.600257,0.755865,0.494687,0.585491,0.741396,0.488276,0.886007,0.857872,0.736597,0.768431,0.888328,0.896294,spectrum_fno48_floor6_smooth1_qc_peak4_fieldloss_smooth05
run11_sparc_1425,sparc_1425,0.994843,1.311207,0.871227,0.748528,0.892052,0.592110,0.890737,0.735911,0.722354,0.822659,0.713322,0.737835,spectrum_fno48_floor6_smooth1_qc_peak4_fieldloss_smooth05
run11_sparc_1427,sparc_1427,0.844520,0.954139,0.641363,0.718496,0.814251,0.618832,0.622592,0.741548,0.633597,0.978710,0.948504,0.877216,spectrum_fno48_floor6_smooth1_qc_peak4_fieldloss_smooth05
run11_sparc_1429,sparc_1429,0.776570,0.785166,0.707712,0.774681,0.780048,0.699857,0.866658,0.860571,0.779081,0.973031,0.856216,0.881385,spectrum_fno48_floor6_smooth1_qc_peak4_fieldloss_smooth05
run11_sparc_1503,sparc_1503,0.555272,0.948372,0.404656,0.554248,0.764955,0.404481,0.919632,0.907067,0.875137,0.886285,0.886046,0.730515,spectrum_fno48_floor6_smooth1_qc_peak4_fieldloss_smooth05
run11_sparc_1515,sparc_1515,0.538569,0.635945,0.366318,0.538106,0.635545,0.363654,0.889351,0.879998,0.821856,0.841596,0.324720,0.628438,spectrum_fno48_floor6_smooth1_qc_peak4_fieldloss_smooth05
run11_sparc_1519,sparc_1519,0.537793,0.779615,0.405683,0.535151,0.750890,0.405294,0.856214,0.842153,0.601827,0.856705,0.884174,0.612638,spectrum_fno48_floor6_smooth1_qc_peak4_fieldloss_smooth05
run11_sparc_1520,sparc_1520,0.510811,0.669329,0.361278,0.510802,0.645511,0.324313,0.869658,0.885385,0.741839,0.774560,0.830988,0.691054,spectrum_fno48_floor6_smooth1_qc_peak4_fieldloss_smooth05
run11_sparc_1521,sparc_1521,0.654748,0.851567,0.436900,0.637299,0.791243,0.433728,0.877297,0.874224,0.680714,0.733594,0.864011,0.682868,spectrum_fno48_floor6_smooth1_qc_peak4_fieldloss_smooth05
run12_sparc_1300,sparc_1300,0.391896,0.414612,0.454082,0.391765,0.411106,0.445179,0.984914,0.991262,0.985055,0.969198,0.923728,0.955004,spectrum_fno48_floor6_smooth1_qc_peak4_fieldloss
run12_sparc_1301,sparc_1301,0.640432,0.627342,0.647695,0.624450,0.619993,0.647416,0.951808,0.951394,0.920216,0.844912,0.914491,0.903142,spectrum_fno48_floor6_smooth1_qc_peak4
run12_sparc_1308,sparc_1308,0.959965,1.118520,0.659996,0.739005,0.790862,0.564998,0.929784,0.929904,0.845742,0.827083,0.808322,0.643764,spectrum_fno48_floor6_smooth1_qc_peak4_fieldloss_smooth05
run12_sparc_1313,sparc_1313,0.593981,0.656968,0.357951,0.565444,0.604727,0.348929,0.896982,0.900990,0.846205,0.950137,0.691554,0.623012,spectrum_fno48_floor6_smooth1_qc_peak4_fieldloss_smooth05
run12_sparc_1314,sparc_1314,0.598456,0.638866,0.351406,0.563309,0.594111,0.344059,0.896367,0.901795,0.850043,0.952157,0.684592,0.577772,spectrum_fno48_floor6_smooth1_qc_peak4_fieldloss_smooth05
run12_sparc_1316,sparc_1316,0.552794,0.599565,0.353026,0.550619,0.578918,0.346375,0.896400,0.900629,0.778960,0.974485,0.734590,0.636665,spectrum_fno48_floor6_smooth1_qc_peak4_fieldloss_smooth05
run12_sparc_1319,sparc_1319,0.529319,0.626470,0.329572,0.526318,0.606104,0.323904,0.908744,0.908965,0.873931,0.896090,0.833698,0.645704,spectrum_fno48_floor6_smooth1_qc_peak4_fieldloss_smooth05
run12_sparc_1350,sparc_1350,0.593982,0.656990,0.357952,0.565442,0.604740,0.348929,0.896983,0.900990,0.846210,0.950155,0.691434,0.623008,spectrum_fno48_floor6_smooth1_qc_peak4_fieldloss_smooth05
run12_sparc_1357,sparc_1357,0.554027,0.736210,0.348215,0.538355,0.671582,0.347917,0.880211,0.874721,0.809249,0.891620,0.778645,0.766548,spectrum_fno48_floor6_smooth1_qc_peak4_fieldloss_smooth05
run12_sparc_1360,sparc_1360,0.487979,0.601817,0.331976,0.482793,0.600816,0.310555,0.903784,0.906528,0.798139,0.919298,0.912464,0.617709,spectrum_fno48_floor6_smooth1_qc_peak4_fieldloss_smooth05
run12_sparc_1361,sparc_1361,0.457601,0.571598,0.292460,0.457555,0.559597,0.289842,0.906609,0.908108,0.803926,0.920390,0.934345,0.759445,spectrum_fno48_floor6_smooth1_qc_peak4_fieldloss_smooth05
run12_sparc_1362,sparc_1362,0.448083,0.566142,0.282394,0.443673,0.535859,0.279904,0.906237,0.905744,0.784433,0.954653,0.942989,0.818455,spectrum_fno48_floor6_smooth1_qc_peak4_fieldloss_smooth05
run12_sparc_1407,sparc_1407,0.774609,0.953902,0.477628,0.706637,0.770126,0.475535,0.928504,0.937950,0.880871,0.912369,0.878982,0.741562,spectrum_fno48_floor6_smooth1_qc_peak4_fieldloss_smooth05
run12_sparc_1408,sparc_1408,0.798165,0.975467,0.461964,0.707352,0.767374,0.412881,0.919593,0.928454,0.876430,0.848485,0.838206,0.700713,spectrum_fno48_floor6_smooth1_qc_peak4_fieldloss_smooth05
run12_sparc_1410,sparc_1410,0.645993,0.797967,0.530868,0.645547,0.685303,0.505181,0.896387,0.896745,0.754118,0.958982,0.941173,0.891896,spectrum_fno48_floor6_smooth1_qc_peak4_fieldloss_smooth05
run12_sparc_1414,sparc_1414,0.559504,0.606344,0.342221,0.550010,0.591727,0.339819,0.927580,0.926476,0.862773,0.882474,0.707753,0.601215,spectrum_fno48_floor6_smooth1_qc_peak4_fieldloss_smooth05
run12_sparc_1421,sparc_1421,0.550496,0.656969,0.384503,0.543253,0.624883,0.384288,0.902037,0.903686,0.786899,0.876076,0.658392,0.591697,spectrum_fno48_floor6_smooth1_qc_peak4_fieldloss_smooth05
run12_sparc_1428,sparc_1428,0.905671,1.032507,0.649679,0.727200,0.778691,0.540553,0.838801,0.772120,0.728829,0.879522,0.712521,0.718050,spectrum_fno48_floor6_smooth1_qc_peak4_fieldloss_smooth05
run12_sparc_1504,sparc_1504,0.750788,0.821828,0.375547,0.708154,0.734404,0.373557,0.881908,0.881758,0.838465,0.918493,0.848255,0.689518,spectrum_fno48_floor6_smooth1_qc_peak4_fieldloss_smooth05
run12_sparc_1507,sparc_1507,0.843967,1.096960,0.479197,0.707245,0.786806,0.447135,0.927579,0.938146,0.876910,0.845225,0.885337,0.729722,spectrum_fno48_floor6_smooth1_qc_peak4_fieldloss_smooth05
run12_sparc_1509,sparc_1509,1.054292,0.886651,0.541483,0.696759,0.688196,0.447591,0.916571,0.921441,0.853188,0.888925,0.854860,0.658980,spectrum_fno48_floor6_smooth1_qc_peak4_fieldloss_smooth05
run12_sparc_1516,sparc_1516,0.517744,0.575326,0.313849,0.517115,0.565945,0.305614,0.915221,0.910010,0.823845,0.879569,0.784109,0.703631,spectrum_fno48_floor6_smooth1_qc_peak4_fieldloss_smooth05
run12_sparc_1521,sparc_1521,0.529944,0.655781,0.365123,0.519728,0.623719,0.364202,0.894810,0.894281,0.760027,0.861746,0.753958,0.610459,spectrum_fno48_floor6_smooth1_qc_peak4_fieldloss_smooth05
run12_sparc_1522,sparc_1522,0.511696,0.639269,0.332980,0.504549,0.608194,0.331419,0.904728,0.903547,0.795135,0.872874,0.764078,0.735752,spectrum_fno48_floor6_smooth1_qc_peak4_fieldloss_smooth05
run12_sparc_1528,sparc_1528,0.658220,0.838390,0.402142,0.650218,0.767693,0.396340,0.919022,0.930002,0.880279,0.881339,0.678775,0.718985,spectrum_fno48_floor6_smooth1_qc_peak4_fieldloss_smooth05
run13_sparc_1304,sparc_1304,0.887040,1.099672,0.615933,0.776623,0.883996,0.592369,0.891119,0.890898,0.820504,0.973385,0.961918,0.767373,spectrum_fno48_floor6_smooth1_qc_peak4_fieldloss_smooth05
run13_sparc_1306,sparc_1306,0.991850,1.091385,1.020853,0.885102,0.926306,0.908983,0.830017,0.769378,0.698792,0.942454,0.947713,0.882588,spectrum_fno48_floor6_smooth1_qc_peak4_fieldloss
run13_sparc_1313,sparc_1313,0.646173,1.140691,0.383928,0.605011,0.876075,0.383788,0.915985,0.898481,0.904306,0.755052,0.879791,0.572944,spectrum_fno48_floor6_smooth1_qc_peak4_fieldloss_smooth05
run13_sparc_1353,sparc_1353,0.574429,0.921286,0.370661,0.569010,0.839989,0.370543,0.882626,0.884662,0.761289,0.804008,0.813465,0.563149,spectrum_fno48_floor6_smooth1_qc_peak4_fieldloss_smooth05
run13_sparc_1365,sparc_1365,0.498865,0.815368,0.341877,0.492377,0.726499,0.341098,0.861310,0.862119,0.700376,0.870768,0.929010,0.707382,spectrum_fno48_floor6_smooth1_qc_peak4_fieldloss_smooth05
run13_sparc_1400,sparc_1400,1.482577,1.242271,1.754186,0.998627,0.999978,0.977738,0.963573,0.969164,0.962255,0.965568,0.926281,0.957374,spectrum_fno48_floor6_smooth1_qc_peak4
run13_sparc_1407,sparc_1407,1.367603,1.546895,0.818389,0.869819,0.890639,0.664373,0.909855,0.911549,0.835644,0.924108,0.728334,0.647810,spectrum_fno48_floor6_smooth1_qc_peak4_fieldloss_smooth05
run13_sparc_1410,sparc_1410,0.544388,0.959493,0.429897,0.544130,0.956470,0.429777,0.893161,0.902176,0.892780,0.614104,0.252165,0.849801,spectrum_fno48_floor6_smooth1_qc_peak4_fieldloss_smooth05
run13_sparc_1413,sparc_1413,0.538520,0.955240,0.413974,0.538162,0.951624,0.413813,0.922526,0.931415,0.917908,0.651648,0.251430,0.830004,spectrum_fno48_floor6_smooth1_qc_peak4_fieldloss_smooth05
run13_sparc_1417,sparc_1417,0.582613,0.913535,0.422951,0.581404,0.892777,0.415921,0.926644,0.939628,0.905180,0.650219,0.242498,0.777456,spectrum_fno48_floor6_smooth1_qc_peak4_fieldloss_smooth05
run13_sparc_1421,sparc_1421,0.606630,0.723359,0.464937,0.606160,0.707224,0.460158,0.902120,0.837510,0.855076,0.790937,0.472096,0.868813,spectrum_fno48_floor6_smooth1_qc_peak4_fieldloss_smooth05
run13_sparc_1422,sparc_1422,0.547192,0.873685,0.410373,0.546140,0.789186,0.402242,0.869910,0.913147,0.846437,0.738183,0.190663,0.776346,spectrum_fno48_floor6_smooth1_qc_peak4_fieldloss_smooth05
run13_sparc_1425,sparc_1425,0.766873,0.794778,0.626987,0.766727,0.782759,0.626421,-0.183376,0.300505,0.205752,0.989257,0.985160,0.888762,spectrum_fno48_floor6_smooth1_qc_peak4_fieldloss_smooth05
run13_sparc_1501,sparc_1501,0.676103,0.662122,0.526193,0.675349,0.660145,0.526191,0.856025,0.888079,0.825351,0.950287,0.925410,0.811546,spectrum_fno48_floor6_smooth1_qc_peak4_fieldloss_smooth05
run13_sparc_1510,sparc_1510,0.545263,0.960610,0.451438,0.543507,0.958342,0.448952,0.900347,0.923864,0.903253,0.841167,0.251352,0.753953,spectrum_fno48_floor6_smooth1_qc_peak4_fieldloss_smooth05
run13_sparc_1514,sparc_1514,0.559033,0.954035,0.436371,0.551968,0.950989,0.431421,0.905186,0.940773,0.903602,0.797652,0.251309,0.842817,spectrum_fno48_floor6_smooth1_qc_peak4_fieldloss_smooth05
run13_sparc_1523,sparc_1523,0.833436,0.829825,0.853924,0.832933,0.798178,0.844740,0.619954,0.757151,0.534115,0.889932,0.556851,0.883957,spectrum_fno48_floor6_smooth1_qc_peak4
run13_sparc_1527,sparc_1527,1.082617,1.063572,1.023144,0.798774,0.818216,0.724465,0.872083,0.885083,0.804929,0.916016,0.844278,0.690401,spectrum_fno48_floor6_smooth1_qc_peak4_fieldloss_smooth05
run14_sparc_1305,sparc_1305,0.687374,0.673063,0.572123,0.675001,0.665031,0.567586,0.918315,0.919688,0.842034,0.952244,0.928707,0.798898,spectrum_fno48_floor6_smooth1_qc_peak4_fieldloss_smooth05
run14_sparc_1306,sparc_1306,0.706512,0.739499,0.639764,0.628463,0.694922,0.603293,0.901668,0.888547,0.770085,0.882683,0.802624,0.670243,spectrum_fno48_floor6_smooth1_qc_peak4_fieldloss_smooth05
run14_sparc_1307,sparc_1307,0.666359,0.712742,0.643558,0.654288,0.684529,0.642564,0.890711,0.894272,0.766270,0.929999,0.903637,0.750116,spectrum_fno48_floor6_smooth1_qc_peak4_fieldloss_smooth05
run14_sparc_1309,sparc_1309,1.476352,1.540902,1.466605,0.926335,0.958745,0.944989,0.853933,0.829802,0.686418,0.930147,0.929179,0.859624,spectrum_fno48_floor6_smooth1_qc_peak4_fieldloss_smooth05
run14_sparc_1315,sparc_1315,0.801747,0.812811,0.747590,0.800970,0.812108,0.747242,0.909206,0.911267,0.806365,0.958484,0.932064,0.837554,spectrum_fno48_floor6_smooth1_qc_peak4_fieldloss_smooth05
run14_sparc_1358,sparc_1358,0.712683,0.719543,0.751024,0.622446,0.630986,0.617315,0.909362,0.914092,0.795830,0.852183,0.757462,0.663268,spectrum_fno48_floor6_smooth1_qc_peak4_fieldloss
run14_sparc_1359,sparc_1359,0.774465,0.771345,0.581442,0.686595,0.700112,0.540356,0.888407,0.897056,0.814835,0.907928,0.859038,0.575605,spectrum_fno48_floor6_smooth1_qc_peak4_fieldloss_smooth05
run14_sparc_1364,sparc_1364,0.809103,0.916679,0.627168,0.719028,0.839468,0.621667,0.902238,0.902168,0.796089,0.947450,0.913148,0.753786,spectrum_fno48_floor6_smooth1_qc_peak4_fieldloss_smooth05
run14_sparc_1404,sparc_1404,0.728851,0.696524,0.637707,0.702949,0.649781,0.598113,0.922755,0.934194,0.862915,0.924249,0.924528,0.796122,spectrum_fno48_floor6_smooth1_qc_peak4_fieldloss_smooth05
run14_sparc_1411,sparc_1411,0.677826,0.701943,0.505034,0.677686,0.701871,0.504973,0.910439,0.910421,0.847093,0.934575,0.869888,0.800486,spectrum_fno48_floor6_smooth1_qc_peak4_fieldloss_smooth05
run14_sparc_1415,sparc_1415,0.783333,0.831603,0.690182,0.783333,0.829932,0.674056,0.887185,0.897672,0.812889,0.972266,0.963237,0.798538,spectrum_fno48_floor6_smooth1_qc_peak4_fieldloss_smooth05
run14_sparc_1424,sparc_1424,0.736261,0.760440,0.771490,0.716010,0.733511,0.759891,0.873965,0.884487,0.783717,0.915237,0.872107,0.766145,spectrum_fno48_floor6_smooth1_qc_peak4_fieldloss
run14_sparc_1428,sparc_1428,0.699832,0.757075,0.766085,0.684627,0.685240,0.702414,0.894275,0.903294,0.834314,0.959155,0.939550,0.870495,spectrum_fno48_floor6_smooth1_qc_peak4_fieldloss
run14_sparc_1429,sparc_1429,0.795917,0.808231,0.766072,0.773705,0.769271,0.741587,0.921637,0.928463,0.873974,0.965166,0.969831,0.879020,spectrum_fno48_floor6_smooth1_qc_peak4_fieldloss_smooth05
run14_sparc_1504,sparc_1504,0.686932,0.652820,0.601324,0.686795,0.650483,0.594096,0.920817,0.933409,0.860973,0.923602,0.904790,0.738309,spectrum_fno48_floor6_smooth1_qc_peak4_fieldloss_smooth05
run14_sparc_1505,sparc_1505,0.677938,0.670977,0.642117,0.672724,0.665555,0.627455,0.919130,0.918206,0.837575,0.969439,0.955307,0.821215,spectrum_fno48_floor6_smooth1_qc_peak4_fieldloss_smooth05
run14_sparc_1510,sparc_1510,0.716972,0.789455,0.607118,0.705803,0.761593,0.605077,0.915477,0.920231,0.842528,0.894830,0.837523,0.733733,spectrum_fno48_floor6_smooth1_qc_peak4_fieldloss_smooth05
run14_sparc_1514,sparc_1514,0.636552,0.673521,0.440437,0.622072,0.652407,0.440311,0.918871,0.923789,0.829604,0.924481,0.844886,0.620910,spectrum_fno48_floor6_smooth1_qc_peak4_fieldloss_smooth05
run14_sparc_1518,sparc_1518,0.574705,0.627354,0.406320,0.566807,0.615880,0.398914,0.909507,0.915857,0.812949,0.913227,0.821909,0.586970,spectrum_fno48_floor6_smooth1_qc_peak4_fieldloss_smooth05
run14_sparc_1519,sparc_1519,0.839228,0.794984,0.890513,0.693482,0.678828,0.644523,0.872360,0.888124,0.758699,0.949827,0.966263,0.801269,spectrum_fno48_floor6_smooth1_qc_peak4
run14_sparc_1520,sparc_1520,0.891578,0.845113,0.811507,0.793335,0.767542,0.733271,0.856448,0.884698,0.763863,0.957969,0.935093,0.799928,spectrum_fno48_floor6_smooth1_qc_peak4_fieldloss_smooth05
run14_sparc_1522,sparc_1522,1.259000,1.398347,1.269193,0.864910,0.899808,0.889824,0.847744,0.861590,0.727076,0.962385,0.978001,0.877649,spectrum_fno48_floor6_smooth1_qc_peak4_fieldloss
run14_sparc_1593,sparc_1593,0.573788,0.592924,0.367695,0.557080,0.588763,0.366498,0.948675,0.956729,0.924132,0.938752,0.819645,0.708843,spectrum_fno48_floor6_smooth1_qc_peak4_fieldloss_smooth05
run15_sparc_1301,sparc_1301,0.519763,0.562529,0.590283,0.518895,0.561088,0.589365,0.857243,0.895480,0.814970,0.868916,0.845806,0.864548,spectrum_fno48_floor6_smooth1_qc_peak4_fieldloss
run15_sparc_1307,sparc_1307,0.946658,1.163701,0.810051,0.886129,0.914321,0.726370,0.860878,0.849704,0.732132,0.956587,0.924886,0.704399,spectrum_fno48_floor6_smooth1_qc_peak4_fieldloss_smooth05
run15_sparc_1314,sparc_1314,0.537914,0.558714,0.355341,0.503041,0.506639,0.333020,0.918720,0.919011,0.858822,0.898359,0.762461,0.647113,spectrum_fno48_floor6_smooth1_qc_peak4_fieldloss_smooth05
run15_sparc_1317,sparc_1317,0.510020,0.535215,0.333501,0.489103,0.512491,0.333498,0.908439,0.911877,0.801644,0.893968,0.718804,0.602349,spectrum_fno48_floor6_smooth1_qc_peak4_fieldloss_smooth05
run15_sparc_1318,sparc_1318,0.480657,0.494577,0.312627,0.470312,0.492080,0.310305,0.926967,0.928857,0.879552,0.873628,0.603492,0.575013,spectrum_fno48_floor6_smooth1_qc_peak4_fieldloss_smooth05
run15_sparc_1349,sparc_1349,0.478670,0.609153,0.298558,0.455193,0.554345,0.298311,0.905658,0.905389,0.781543,0.936071,0.872733,0.631426,spectrum_fno48_floor6_smooth1_qc_peak4_fieldloss_smooth05
run15_sparc_1350,sparc_1350,0.553232,0.565869,0.345400,0.503695,0.510363,0.331936,0.918056,0.919531,0.865632,0.884885,0.786623,0.665834,spectrum_fno48_floor6_smooth1_qc_peak4_fieldloss_smooth05
run15_sparc_1351,sparc_1351,0.525712,0.556610,0.343250,0.499739,0.506175,0.333660,0.909855,0.911333,0.782320,0.871625,0.817068,0.724956,spectrum_fno48_floor6_smooth1_qc_peak4_fieldloss_smooth05
run15_sparc_1363,sparc_1363,0.441163,0.521838,0.327783,0.439173,0.504632,0.327669,0.889080,0.890511,0.737933,0.961030,0.805812,0.721676,spectrum_fno48_floor6_smooth1_qc_peak4_fieldloss_smooth05
run15_sparc_1408,sparc_1408,0.841940,0.903142,0.536957,0.747693,0.820025,0.528848,0.811970,0.737819,0.606110,0.986511,0.982100,0.888723,spectrum_fno48_floor6_smooth1_qc_peak4_fieldloss_smooth05
run15_sparc_1414,sparc_1414,0.536934,0.562536,0.371278,0.536229,0.558558,0.371092,0.916828,0.912861,0.810594,0.888325,0.802152,0.524171,spectrum_fno48_floor6_smooth1_qc_peak4_fieldloss_smooth05
run15_sparc_1418,sparc_1418,0.471615,0.521032,0.339890,0.471533,0.520143,0.339207,0.905773,0.907538,0.769653,0.941043,0.619824,0.709251,spectrum_fno48_floor6_smooth1_qc_peak4_fieldloss_smooth05
run15_sparc_1440,sparc_1440,0.517266,0.894766,0.371720,0.516780,0.802966,0.333146,0.889674,0.866290,0.877190,0.976511,0.942139,0.917986,spectrum_fno48_floor6_smooth1_qc_peak4_fieldloss_smooth05
run15_sparc_1503,sparc_1503,0.696458,0.742514,0.747265,0.586330,0.742102,0.660157,0.889474,0.886294,0.713087,0.968957,0.813018,0.885983,spectrum_fno48_floor6_smooth1_qc_peak4_fieldloss
run15_sparc_1506,sparc_1506,0.548579,1.083373,0.546297,0.548098,0.835134,0.542511,0.852880,0.662437,0.586223,0.979407,0.973762,0.917706,spectrum_fno48_floor6_smooth1_qc_peak4_fieldloss_smooth05
run15_sparc_1513,sparc_1513,0.577184,0.634225,0.354510,0.525773,0.546790,0.343824,0.925713,0.925891,0.832163,0.907144,0.768329,0.598660,spectrum_fno48_floor6_smooth1_qc_peak4_fieldloss_smooth05
run15_sparc_1526,sparc_1526,0.555603,0.599679,0.501036,0.551617,0.597177,0.468129,0.891207,0.871301,0.775367,0.935096,0.862474,0.777965,spectrum_fno48_floor6_smooth1_qc_peak4_fieldloss_smooth05
run15_sparc_1530,sparc_1530,0.521833,0.544635,0.460719,0.516353,0.532503,0.460658,0.887433,0.899857,0.867087,0.992439,0.990654,0.956645,spectrum_fno48_floor6_smooth1_qc_peak4_fieldloss_smooth05
run16_sparc_1304,sparc_1304,0.641663,0.744286,0.529650,0.637836,0.705739,0.525564,0.936271,0.940732,0.880120,0.885846,0.792997,0.850529,spectrum_fno48_floor6_smooth1_qc_peak4_fieldloss_smooth05
run16_sparc_1307,sparc_1307,0.965112,0.995518,0.777145,0.687737,0.737240,0.674140,0.925180,0.920684,0.853623,0.922197,0.830009,0.815552,spectrum_fno48_floor6_smooth1_qc_peak4_fieldloss_smooth05
run16_sparc_1309,sparc_1309,1.087268,1.463850,1.156897,0.683627,0.702551,0.655781,0.930322,0.926468,0.863099,0.942086,0.822449,0.769536,spectrum_fno48_floor6_smooth1_qc_peak4_fieldloss
run16_sparc_1310,sparc_1310,0.614770,0.564742,0.760326,0.543136,0.500989,0.516530,0.925159,0.929616,0.845420,0.907399,0.816240,0.729144,spectrum_fno48_floor6_smooth1_qc_peak4
run16_sparc_1311,sparc_1311,0.526328,0.485009,0.414690,0.522977,0.483474,0.399394,0.922250,0.931677,0.847457,0.752526,0.659031,0.556772,spectrum_fno48_floor6_smooth1_qc_peak4_fieldloss_smooth05
run16_sparc_1313,sparc_1313,0.556769,1.112942,0.392757,0.512955,0.637153,0.362704,0.871964,0.914929,0.892658,0.799755,0.821496,0.804718,spectrum_fno48_floor6_smooth1_qc_peak4_fieldloss_smooth05
run16_sparc_1318,sparc_1318,0.708998,1.408439,0.733326,0.694534,0.715571,0.601242,0.906838,0.922178,0.857045,0.765907,0.726708,0.815393,spectrum_fno48_floor6_smooth1_qc_peak4_fieldloss
run16_sparc_1353,sparc_1353,0.575224,1.139388,0.656608,0.563819,0.640640,0.567830,0.872921,0.887081,0.813660,0.826772,0.866588,0.819497,spectrum_fno48_floor6_smooth1_qc_peak4_fieldloss
run16_sparc_1359,sparc_1359,0.553381,1.165254,0.492836,0.553296,0.672862,0.444165,0.901160,0.916828,0.846320,0.966308,0.835524,0.742952,spectrum_fno48_floor6_smooth1_qc_peak4_fieldloss_smooth05
run16_sparc_1362,sparc_1362,0.624908,0.781674,0.806764,0.623299,0.663904,0.678876,0.892102,0.911624,0.809741,0.908653,0.815864,0.761803,spectrum_fno48_floor6_smooth1_qc_peak4_fieldloss
run16_sparc_1364,sparc_1364,0.755188,0.968721,0.716834,0.716805,0.727087,0.635267,0.889783,0.880118,0.801069,0.948368,0.808699,0.668913,spectrum_fno48_floor6_smooth1_qc_peak4_fieldloss_smooth05
run16_sparc_1365,sparc_1365,0.672641,1.081922,0.650218,0.672615,0.741571,0.635043,0.839735,0.885097,0.747438,0.943882,0.874866,0.759505,spectrum_fno48_floor6_smooth1_qc_peak4_fieldloss_smooth05
run16_sparc_1401,sparc_1401,0.732677,0.808705,0.358547,0.690372,0.745450,0.344567,0.933441,0.942849,0.894045,0.944379,0.755399,0.735311,spectrum_fno48_floor6_smooth1_qc_peak4_fieldloss_smooth05
run16_sparc_1405,sparc_1405,0.616991,0.727618,0.426876,0.598667,0.651824,0.423240,0.944917,0.947358,0.876723,0.894176,0.813535,0.752929,spectrum_fno48_floor6_smooth1_qc_peak4_fieldloss_smooth05
run16_sparc_1406,sparc_1406,0.701160,0.816134,0.373961,0.624738,0.678668,0.370882,0.946705,0.935933,0.882020,0.918181,0.846004,0.773299,spectrum_fno48_floor6_smooth1_qc_peak4_fieldloss_smooth05
run16_sparc_1408,sparc_1408,0.587736,0.718275,0.579632,0.566834,0.592040,0.497836,0.924260,0.924415,0.874630,0.728120,0.772979,0.747727,spectrum_fno48_floor6_smooth1_qc_peak4_fieldloss_smooth05
run16_sparc_1410,sparc_1410,0.626087,0.520631,0.577478,0.592472,0.474283,0.520094,0.928464,0.932270,0.856452,0.888433,0.577858,0.838985,spectrum_fno48_floor6_smooth1_qc_peak4
run16_sparc_1421,sparc_1421,0.771313,1.385003,0.966805,0.596641,0.658028,0.619235,0.865798,0.921745,0.819250,0.889996,0.789501,0.875420,spectrum_fno48_floor6_smooth1_qc_peak4_fieldloss
run16_sparc_1424,sparc_1424,0.853663,1.036817,0.746448,0.754474,0.770884,0.718642,0.943099,0.949481,0.897016,0.903121,0.846787,0.820956,spectrum_fno48_floor6_smooth1_qc_peak4_fieldloss_smooth05
run16_sparc_1426,sparc_1426,1.179567,1.045830,0.611202,0.637034,0.682590,0.395162,0.946894,0.944162,0.886540,0.907147,0.729866,0.757373,spectrum_fno48_floor6_smooth1_qc_peak4_fieldloss_smooth05
run16_sparc_1427,sparc_1427,0.815715,0.824961,0.581699,0.685370,0.771733,0.548569,0.697732,0.718278,0.702490,0.966338,0.825405,0.827348,spectrum_fno48_floor6_smooth1_qc_peak4_fieldloss_smooth05
run16_sparc_1428,sparc_1428,1.130180,1.056841,0.410010,0.711898,0.781115,0.402045,0.882026,0.844106,0.585187,0.895265,0.866638,0.806305,spectrum_fno48_floor6_smooth1_qc_peak4_fieldloss_smooth05
run16_sparc_1429,sparc_1429,1.033738,1.259299,0.766288,0.734100,0.820227,0.539464,0.903277,0.902766,0.790898,0.929600,0.927290,0.848338,spectrum_fno48_floor6_smooth1_qc_peak4_fieldloss_smooth05
run16_sparc_1504,sparc_1504,0.664910,0.898363,0.428499,0.618859,0.683262,0.417780,0.942545,0.945502,0.886507,0.793271,0.678768,0.816857,spectrum_fno48_floor6_smooth1_qc_peak4_fieldloss_smooth05
run16_sparc_1512,sparc_1512,0.614402,0.567621,0.351363,0.612794,0.522927,0.350536,0.897278,0.916881,0.862249,0.872883,0.639540,0.791348,spectrum_fno48_floor6_smooth1_qc_peak4_fieldloss_smooth05
run16_sparc_1519,sparc_1519,0.580536,0.515267,0.570800,0.500665,0.502292,0.479188,0.914578,0.929694,0.847178,0.944188,0.797148,0.871767,spectrum_fno48_floor6_smooth1_qc_peak4
run16_sparc_1524,sparc_1524,0.756411,1.129204,0.698000,0.566064,0.658774,0.502631,0.886763,0.894956,0.790806,0.791476,0.727566,0.687388,spectrum_fno48_floor6_smooth1_qc_peak4_fieldloss_smooth05
run16_sparc_1525,sparc_1525,0.720652,0.900534,0.457614,0.676253,0.723339,0.454411,0.951992,0.952294,0.904784,0.859545,0.654297,0.639829,spectrum_fno48_floor6_smooth1_qc_peak4_fieldloss_smooth05
run16_sparc_1529,sparc_1529,0.840757,1.127833,0.954566,0.739132,0.773521,0.782181,0.531295,0.587025,0.415308,0.980568,0.979704,0.932001,spectrum_fno48_floor6_smooth1_qc_peak4_fieldloss
run17_sparc_1356,sparc_1356,0.503710,0.655631,0.292472,0.484052,0.580127,0.292464,0.923159,0.923742,0.816975,0.924814,0.745960,0.531659,spectrum_fno48_floor6_smooth1_qc_peak4_fieldloss_smooth05
run17_sparc_1361,sparc_1361,0.450132,0.564295,0.293497,0.431624,0.507183,0.292770,0.896318,0.899908,0.768669,0.906207,0.882664,0.684738,spectrum_fno48_floor6_smooth1_qc_peak4_fieldloss_smooth05
run17_sparc_1365,sparc_1365,0.427865,0.552609,0.275756,0.426359,0.521641,0.273491,0.894490,0.899821,0.747355,0.918786,0.923241,0.728843,spectrum_fno48_floor6_smooth1_qc_peak4_fieldloss_smooth05
run17_sparc_1403,sparc_1403,0.590751,0.793326,0.486562,0.576143,0.754125,0.466853,0.916237,0.915653,0.856289,0.953579,0.750723,0.758329,spectrum_fno48_floor6_smooth1_qc_peak4_fieldloss_smooth05
run17_sparc_1412,sparc_1412,0.552981,0.650375,0.351243,0.531488,0.588399,0.348255,0.932361,0.930042,0.885097,0.912155,0.727198,0.551426,spectrum_fno48_floor6_smooth1_qc_peak4_fieldloss_smooth05
run17_sparc_1414,sparc_1414,0.576881,0.633487,0.373049,0.528761,0.583176,0.368512,0.933263,0.931710,0.856924,0.927693,0.861021,0.804351,spectrum_fno48_floor6_smooth1_qc_peak4_fieldloss_smooth05
run17_sparc_1418,sparc_1418,0.499766,0.565598,0.321935,0.482102,0.539125,0.319840,0.920048,0.923859,0.811399,0.916178,0.834597,0.647450,spectrum_fno48_floor6_smooth1_qc_peak4_fieldloss_smooth05
run17_sparc_1420,sparc_1420,0.495228,0.555069,0.326141,0.489251,0.518313,0.316754,0.916854,0.919120,0.799454,0.889777,0.774755,0.546276,spectrum_fno48_floor6_smooth1_qc_peak4_fieldloss_smooth05
run17_sparc_1428,sparc_1428,0.768424,0.781939,0.696543,0.729039,0.739996,0.669219,0.892552,0.884318,0.800590,0.968263,0.854247,0.852248,spectrum_fno48_floor6_smooth1_qc_peak4_fieldloss_smooth05
run17_sparc_1500,sparc_1500,0.562668,0.482153,0.540011,0.511361,0.449787,0.407076,0.990878,0.993962,0.990308,0.951870,0.672224,0.966081,spectrum_fno48_floor6_smooth1_qc_peak4
run17_sparc_1501,sparc_1501,0.650262,0.777194,0.764082,0.649647,0.756056,0.759376,0.885807,0.859425,0.799557,0.956738,0.977258,0.910779,spectrum_fno48_floor6_smooth1_qc_peak4_fieldloss
run17_sparc_1508,sparc_1508,1.365144,1.634607,0.664152,0.841450,0.921767,0.565741,0.775456,0.865083,0.799965,0.931019,0.856033,0.768002,spectrum_fno48_floor6_smooth1_qc_peak4_fieldloss_smooth05
run17_sparc_1512,sparc_1512,0.599609,0.646253,0.338304,0.529780,0.575339,0.332208,0.934083,0.936496,0.876953,0.883747,0.801117,0.684748,spectrum_fno48_floor6_smooth1_qc_peak4_fieldloss_smooth05
run18_sparc_1303,sparc_1303,0.588699,0.636086,0.390337,0.552897,0.632194,0.380695,0.929491,0.924996,0.877684,0.940354,0.652690,0.866008,spectrum_fno48_floor6_smooth1_qc_peak4_fieldloss_smooth05
run18_sparc_1305,sparc_1305,0.753169,0.862386,0.443937,0.720918,0.778082,0.442972,0.929359,0.928815,0.856233,0.916143,0.885983,0.554764,spectrum_fno48_floor6_smooth1_qc_peak4_fieldloss_smooth05
run18_sparc_1311,sparc_1311,0.661248,0.651359,0.419371,0.649036,0.640356,0.371727,0.928969,0.930133,0.874834,0.871325,0.733738,0.644776,spectrum_fno48_floor6_smooth1_qc_peak4_fieldloss_smooth05
run18_sparc_1319,sparc_1319,0.621462,0.676507,0.340020,0.621347,0.672612,0.327114,0.935082,0.938962,0.906050,0.798822,0.873612,0.574894,spectrum_fno48_floor6_smooth1_qc_peak4_fieldloss_smooth05
run18_sparc_1354,sparc_1354,0.664586,0.644069,0.371800,0.663808,0.642805,0.347796,0.921538,0.922952,0.838891,0.929423,0.833995,0.641348,spectrum_fno48_floor6_smooth1_qc_peak4_fieldloss_smooth05
run18_sparc_1359,sparc_1359,0.657685,0.701995,0.366238,0.657680,0.698877,0.354905,0.935950,0.934542,0.875765,0.902851,0.814242,0.645157,spectrum_fno48_floor6_smooth1_qc_peak4_fieldloss_smooth05
run18_sparc_1361,sparc_1361,0.649765,0.685024,0.371872,0.647653,0.682055,0.352901,0.929371,0.929639,0.865700,0.879417,0.794402,0.624409,spectrum_fno48_floor6_smooth1_qc_peak4_fieldloss_smooth05
run18_sparc_1401,sparc_1401,0.560910,0.730257,0.366982,0.539895,0.646543,0.364352,0.951288,0.957755,0.922594,0.944548,0.879231,0.861716,spectrum_fno48_floor6_smooth1_qc_peak4_fieldloss_smooth05
run18_sparc_1413,sparc_1413,0.625427,0.625366,0.390371,0.605625,0.601665,0.343329,0.939246,0.940614,0.876490,0.862153,0.755600,0.631933,spectrum_fno48_floor6_smooth1_qc_peak4_fieldloss_smooth05
run18_sparc_1419,sparc_1419,0.638500,0.662684,0.395401,0.630142,0.660766,0.353207,0.932465,0.932260,0.870701,0.930167,0.746898,0.671030,spectrum_fno48_floor6_smooth1_qc_peak4_fieldloss_smooth05
run18_sparc_1421,sparc_1421,0.630169,0.652909,0.390640,0.617566,0.648064,0.361285,0.935428,0.940822,0.871231,0.905607,0.761094,0.640796,spectrum_fno48_floor6_smooth1_qc_peak4_fieldloss_smooth05
run18_sparc_1425,sparc_1425,0.699531,0.715210,0.372542,0.694747,0.692557,0.371575,0.923209,0.928747,0.858864,0.924158,0.657929,0.650041,spectrum_fno48_floor6_smooth1_qc_peak4_fieldloss_smooth05
run18_sparc_1426,sparc_1426,0.680476,0.720347,0.388333,0.665843,0.701495,0.388322,0.927238,0.925162,0.858950,0.892597,0.806983,0.539230,spectrum_fno48_floor6_smooth1_qc_peak4_fieldloss_smooth05
run18_sparc_1428,sparc_1428,0.850878,0.780984,0.712308,0.830461,0.777575,0.709073,0.904589,0.880872,0.818880,0.913265,0.949407,0.706396,spectrum_fno48_floor6_smooth1_qc_peak4_fieldloss_smooth05
run18_sparc_1440,sparc_1440,0.824109,1.023299,0.549371,0.746398,0.822641,0.513871,0.929424,0.932088,0.859324,0.894529,0.899543,0.675049,spectrum_fno48_floor6_smooth1_qc_peak4_fieldloss_smooth05
run18_sparc_1441,sparc_1441,0.808353,1.029775,0.540227,0.744136,0.822384,0.512344,0.927654,0.931974,0.858266,0.891930,0.899979,0.691232,spectrum_fno48_floor6_smooth1_qc_peak4_fieldloss_smooth05
run18_sparc_1522,sparc_1522,0.627534,0.639817,0.370417,0.626633,0.637818,0.358832,0.922767,0.927951,0.844138,0.829285,0.699777,0.575771,spectrum_fno48_floor6_smooth1_qc_peak4_fieldloss_smooth05
run18_sparc_1530,sparc_1530,0.670333,0.968114,0.674557,0.612432,0.737642,0.635322,0.838138,0.894953,0.801115,0.931961,0.926179,0.691545,spectrum_fno48_floor6_smooth1_qc_peak4_fieldloss
run19_sparc_1305,sparc_1305,0.705994,0.956653,0.394687,0.635206,0.743362,0.394222,0.890273,0.891589,0.840948,0.885291,0.659571,0.632826,spectrum_fno48_floor6_smooth1_qc_peak4_fieldloss_smooth05
run19_sparc_1306,sparc_1306,1.312301,1.170554,0.621182,0.900463,0.905638,0.566573,0.863833,0.872170,0.819341,0.934269,0.914307,0.617844,spectrum_fno48_floor6_smooth1_qc_peak4_fieldloss_smooth05
run19_sparc_1315,sparc_1315,0.495091,0.544769,0.303387,0.474058,0.512789,0.302354,0.927429,0.928409,0.851543,0.923852,0.665742,0.622222,spectrum_fno48_floor6_smooth1_qc_peak4_fieldloss_smooth05
run19_sparc_1317,sparc_1317,0.486541,0.547086,0.306608,0.479653,0.546917,0.282839,0.931734,0.928350,0.869511,0.900636,0.636797,0.587228,spectrum_fno48_floor6_smooth1_qc_peak4_fieldloss_smooth05
run19_sparc_1319,sparc_1319,0.476884,0.553245,0.276678,0.476007,0.540923,0.268794,0.926284,0.924516,0.870268,0.906831,0.761883,0.768717,spectrum_fno48_floor6_smooth1_qc_peak4_fieldloss_smooth05
run19_sparc_1352,sparc_1352,0.488657,0.534628,0.335526,0.479905,0.516852,0.334844,0.920261,0.919911,0.787685,0.906165,0.690079,0.769211,spectrum_fno48_floor6_smooth1_qc_peak4_fieldloss_smooth05
run19_sparc_1360,sparc_1360,0.433915,0.535155,0.296662,0.433902,0.521605,0.288743,0.911157,0.911954,0.807312,0.892237,0.887777,0.747674,spectrum_fno48_floor6_smooth1_qc_peak4_fieldloss_smooth05
run19_sparc_1364,sparc_1364,0.476126,0.612515,0.345889,0.474458,0.603338,0.342679,0.888677,0.889718,0.740386,0.914551,0.885920,0.652884,spectrum_fno48_floor6_smooth1_qc_peak4_fieldloss_smooth05
run19_sparc_1406,sparc_1406,0.800074,0.891070,0.302564,0.683857,0.762138,0.287097,0.919901,0.923567,0.858281,0.864032,0.591414,0.615448,spectrum_fno48_floor6_smooth1_qc_peak4_fieldloss_smooth05
run19_sparc_1416,sparc_1416,0.500318,0.629439,0.327042,0.490153,0.560562,0.303643,0.922883,0.926319,0.801043,0.960871,0.626462,0.634565,spectrum_fno48_floor6_smooth1_qc_peak4_fieldloss_smooth05
run19_sparc_1417,sparc_1417,0.488673,0.597696,0.305935,0.481715,0.565113,0.295729,0.918122,0.922288,0.812684,0.952148,0.723439,0.669055,spectrum_fno48_floor6_smooth1_qc_peak4_fieldloss_smooth05
run19_sparc_1428,sparc_1428,0.607846,0.743874,0.526727,0.595439,0.706638,0.495574,0.904583,0.900915,0.802174,0.952472,0.870475,0.830872,spectrum_fno48_floor6_smooth1_qc_peak4_fieldloss_smooth05
run19_sparc_1440,sparc_1440,0.764103,0.892386,0.233578,0.667268,0.749523,0.230630,0.888868,0.897549,0.909915,0.831198,0.694497,0.428907,spectrum_fno48_floor6_smooth1_qc_peak4_fieldloss_smooth05
run19_sparc_1503,sparc_1503,0.986046,1.167190,0.469338,0.603966,0.786042,0.352700,0.904188,0.921151,0.875482,0.897458,0.736353,0.716544,spectrum_fno48_floor6_smooth1_qc_peak4_fieldloss_smooth05
run19_sparc_1505,sparc_1505,0.641164,0.763050,0.640843,0.641107,0.726968,0.639564,0.844825,0.869009,0.783065,0.967797,0.908451,0.833774,spectrum_fno48_floor6_smooth1_qc_peak4_fieldloss_smooth05
run19_sparc_1511,sparc_1511,0.510442,0.534092,0.309874,0.510409,0.532487,0.309739,0.938128,0.936148,0.900057,0.889564,0.636808,0.536603,spectrum_fno48_floor6_smooth1_qc_peak4_fieldloss_smooth05
run19_sparc_1514,sparc_1514,0.489862,0.542292,0.313359,0.487160,0.535671,0.309008,0.923698,0.931073,0.853779,0.915359,0.571976,0.681063,spectrum_fno48_floor6_smooth1_qc_peak4_fieldloss_smooth05
run19_sparc_1517,sparc_1517,0.489257,0.610397,0.293590,0.474159,0.558782,0.290687,0.926280,0.927178,0.844818,0.908727,0.861561,0.755494,spectrum_fno48_floor6_smooth1_qc_peak4_fieldloss_smooth05
run19_sparc_1522,sparc_1522,0.595132,0.662247,0.551589,0.592112,0.633275,0.549157,0.926883,0.930248,0.806553,0.761226,0.833030,0.589605,spectrum_fno48_floor6_smooth1_qc_peak4_fieldloss_smooth05
run19_sparc_1530,sparc_1530,0.665030,0.484114,0.618955,0.650263,0.466716,0.613262,0.765987,0.896457,0.812317,0.996578,0.995142,0.980273,spectrum_fno48_floor6_smooth1_qc_peak4
run1_sparc_1300,sparc_1300,0.249317,0.429005,0.224609,0.249315,0.345733,0.160787,0.993104,0.995935,0.996094,0.803309,0.574283,0.918787,spectrum_fno48_floor6_smooth1_qc_peak4_fieldloss_smooth05
run1_sparc_1303,sparc_1303,0.567400,0.561462,0.456345,0.562926,0.561177,0.454060,0.923896,0.924064,0.861007,0.881971,0.801846,0.532189,spectrum_fno48_floor6_smooth1_qc_peak4_fieldloss_smooth05
run1_sparc_1308,sparc_1308,0.533716,0.704324,0.627359,0.528940,0.664347,0.624829,0.858399,0.817039,0.615300,0.882597,0.959942,0.842312,spectrum_fno48_floor6_smooth1_qc_peak4_fieldloss
run1_sparc_1310,sparc_1310,0.528890,0.550829,0.352344,0.527673,0.546704,0.351501,0.929795,0.924383,0.868743,0.921498,0.788491,0.585408,spectrum_fno48_floor6_smooth1_qc_peak4_fieldloss_smooth05
run1_sparc_1313,sparc_1313,0.543165,0.532411,0.359857,0.533172,0.518153,0.354676,0.933789,0.931157,0.886299,0.915473,0.816966,0.559624,spectrum_fno48_floor6_smooth1_qc_peak4_fieldloss_smooth05
run1_sparc_1315,sparc_1315,0.532864,0.524923,0.390663,0.532770,0.517725,0.367390,0.931725,0.931381,0.857928,0.847304,0.776252,0.666183,spectrum_fno48_floor6_smooth1_qc_peak4_fieldloss_smooth05
run1_sparc_1318,sparc_1318,0.504442,0.550603,0.324763,0.488638,0.520847,0.322166,0.939468,0.938634,0.905880,0.876832,0.846640,0.684560,spectrum_fno48_floor6_smooth1_qc_peak4_fieldloss_smooth05
run1_sparc_1349,sparc_1349,0.531658,0.594851,0.367481,0.525599,0.579318,0.366557,0.923130,0.923415,0.821509,0.869767,0.912410,0.713752,spectrum_fno48_floor6_smooth1_qc_peak4_fieldloss_smooth05
run1_sparc_1350,sparc_1350,0.543165,0.532411,0.359857,0.533172,0.518153,0.354676,0.933789,0.931157,0.886299,0.915473,0.816966,0.559624,spectrum_fno48_floor6_smooth1_qc_peak4_fieldloss_smooth05
run1_sparc_1353,sparc_1353,0.570731,0.651563,0.385100,0.531886,0.597103,0.378802,0.917168,0.915832,0.819558,0.847168,0.918177,0.645674,spectrum_fno48_floor6_smooth1_qc_peak4_fieldloss_smooth05
run1_sparc_1359,sparc_1359,0.556557,0.599155,0.402997,0.556054,0.585628,0.402969,0.912809,0.916736,0.813559,0.929072,0.840841,0.544860,spectrum_fno48_floor6_smooth1_qc_peak4_fieldloss_smooth05
run1_sparc_1361,sparc_1361,0.541128,0.585629,0.382544,0.539985,0.566498,0.378691,0.926883,0.924209,0.830969,0.862198,0.729369,0.483682,spectrum_fno48_floor6_smooth1_qc_peak4_fieldloss_smooth05
run1_sparc_1363,sparc_1363,0.617381,0.743822,0.714915,0.597809,0.706981,0.687128,0.917093,0.915926,0.810804,0.848904,0.907512,0.620721,spectrum_fno48_floor6_smooth1_qc_peak4_fieldloss
run1_sparc_1365,sparc_1365,0.609040,0.619999,0.448910,0.602738,0.610751,0.448785,0.924330,0.927633,0.827878,0.908631,0.830460,0.478692,spectrum_fno48_floor6_smooth1_qc_peak4_fieldloss_smooth05
run1_sparc_1400,sparc_1400,0.369225,0.426875,0.191738,0.332627,0.369284,0.190061,0.992752,0.994406,0.995104,0.878752,0.778763,0.721959,spectrum_fno48_floor6_smooth1_qc_peak4_fieldloss_smooth05
run1_sparc_1401,sparc_1401,0.962386,1.015739,0.993702,0.863239,0.895587,0.910244,0.811129,0.824943,0.766915,0.984430,0.984653,0.954784,spectrum_fno48_floor6_smooth1_qc_peak4_fieldloss
run1_sparc_1403,sparc_1403,0.571822,0.553745,0.462111,0.563865,0.551212,0.449012,0.931831,0.934070,0.897598,0.914660,0.719735,0.675629,spectrum_fno48_floor6_smooth1_qc_peak4_fieldloss_smooth05
run1_sparc_1411,sparc_1411,0.581646,0.576298,0.394112,0.571506,0.565799,0.393840,0.924008,0.925077,0.832616,0.909829,0.895368,0.678432,spectrum_fno48_floor6_smooth1_qc_peak4_fieldloss_smooth05
run1_sparc_1414,sparc_1414,0.554127,0.604112,0.358178,0.549629,0.590333,0.356056,0.932443,0.933878,0.856284,0.951983,0.831560,0.588511,spectrum_fno48_floor6_smooth1_qc_peak4_fieldloss_smooth05
run1_sparc_1422,sparc_1422,0.717310,0.728913,0.787163,0.692121,0.707271,0.768435,0.906134,0.914488,0.805467,0.888361,0.872564,0.601026,spectrum_fno48_floor6_smooth1_qc_peak4_fieldloss
run1_sparc_1423,sparc_1423,0.643241,0.712288,0.529200,0.640139,0.687188,0.529144,0.884610,0.884980,0.771301,0.927120,0.792584,0.614778,spectrum_fno48_floor6_smooth1_qc_peak4_fieldloss_smooth05
run1_sparc_1507,sparc_1507,0.515017,0.559860,0.388662,0.514853,0.559492,0.377989,0.919658,0.921240,0.834400,0.886169,0.852602,0.748014,spectrum_fno48_floor6_smooth1_qc_peak4_fieldloss_smooth05
run1_sparc_1511,sparc_1511,0.598202,0.612789,0.439889,0.581254,0.590952,0.439383,0.918784,0.918086,0.827266,0.895452,0.840838,0.541376,spectrum_fno48_floor6_smooth1_qc_peak4_fieldloss_smooth05
run1_sparc_1519,sparc_1519,0.523794,0.539927,0.382865,0.523707,0.539919,0.381678,0.903740,0.909434,0.795093,0.902113,0.748777,0.718668,spectrum_fno48_floor6_smooth1_qc_peak4_fieldloss_smooth05
run1_sparc_1523,sparc_1523,0.887118,0.887050,0.811590,0.832010,0.843489,0.778966,0.791500,0.767740,0.659651,0.914322,0.805686,0.617411,spectrum_fno48_floor6_smooth1_qc_peak4_fieldloss_smooth05
run1_sparc_1524,sparc_1524,1.003447,0.987003,0.827974,0.822418,0.816901,0.786807,0.866186,0.858860,0.709111,0.924027,0.866388,0.677754,spectrum_fno48_floor6_smooth1_qc_peak4_fieldloss_smooth05
run1_sparc_1526,sparc_1526,0.680618,0.699236,0.594853,0.680522,0.698518,0.592504,0.879883,0.868751,0.777096,0.973875,0.941031,0.835169,spectrum_fno48_floor6_smooth1_qc_peak4_fieldloss_smooth05
run1_sparc_1527,sparc_1527,0.541420,0.574234,0.464171,0.541394,0.567404,0.464171,0.923241,0.925545,0.850182,0.924411,0.834637,0.673309,spectrum_fno48_floor6_smooth1_qc_peak4_fieldloss_smooth05
run20_sparc_1302,sparc_1302,0.578910,0.714250,0.625477,0.572437,0.630281,0.625213,0.905276,0.910286,0.807507,0.961508,0.939536,0.914210,spectrum_fno48_floor6_smooth1_qc_peak4_fieldloss
run20_sparc_1304,sparc_1304,0.662678,0.713749,0.560195,0.606800,0.606011,0.514267,0.906655,0.918407,0.816513,0.951138,0.906123,0.794075,spectrum_fno48_floor6_smooth1_qc_peak4_fieldloss_smooth05
run20_sparc_1311,sparc_1311,0.595729,0.632968,0.450025,0.590071,0.629437,0.449462,0.921954,0.926903,0.854468,0.934808,0.651940,0.609517,spectrum_fno48_floor6_smooth1_qc_peak4_fieldloss_smooth05
run20_sparc_1315,sparc_1315,0.627366,0.638570,0.458025,0.585699,0.591797,0.452371,0.925454,0.926983,0.831294,0.890308,0.846138,0.609331,spectrum_fno48_floor6_smooth1_qc_peak4_fieldloss_smooth05
run20_sparc_1317,sparc_1317,0.528437,0.586552,0.377133,0.522665,0.569600,0.376766,0.928542,0.931148,0.857603,0.907156,0.853381,0.660393,spectrum_fno48_floor6_smooth1_qc_peak4_fieldloss_smooth05
run20_sparc_1319,sparc_1319,0.534364,0.600687,0.367265,0.528607,0.585150,0.364623,0.919996,0.927066,0.874341,0.907124,0.876693,0.643078,spectrum_fno48_floor6_smooth1_qc_peak4_fieldloss_smooth05
run20_sparc_1403,sparc_1403,0.570436,0.591039,0.501008,0.557487,0.582439,0.465471,0.928205,0.931690,0.892837,0.970762,0.899892,0.799512,spectrum_fno48_floor6_smooth1_qc_peak4_fieldloss_smooth05
run20_sparc_1405,sparc_1405,0.508281,0.614894,0.407559,0.504766,0.583493,0.407137,0.895966,0.877994,0.757003,0.931519,0.884957,0.633660,spectrum_fno48_floor6_smooth1_qc_peak4_fieldloss_smooth05
run20_sparc_1408,sparc_1408,0.532885,0.646234,0.416511,0.532850,0.642189,0.403641,0.903348,0.910593,0.818644,0.929664,0.901981,0.790347,spectrum_fno48_floor6_smooth1_qc_peak4_fieldloss_smooth05
run20_sparc_1411,sparc_1411,0.593444,0.617501,0.448356,0.590392,0.613791,0.446757,0.922408,0.926892,0.868439,0.896970,0.753434,0.499113,spectrum_fno48_floor6_smooth1_qc_peak4_fieldloss_smooth05
run20_sparc_1412,sparc_1412,0.576643,0.616870,0.404058,0.571637,0.602166,0.401012,0.931971,0.929535,0.885805,0.870573,0.817145,0.549494,spectrum_fno48_floor6_smooth1_qc_peak4_fieldloss_smooth05
run20_sparc_1419,sparc_1419,0.475653,0.639876,0.372763,0.459100,0.569001,0.370302,0.893079,0.901699,0.778051,0.898902,0.919455,0.601714,spectrum_fno48_floor6_smooth1_qc_peak4_fieldloss_smooth05
run20_sparc_1421,sparc_1421,0.589424,0.610868,0.543000,0.571286,0.597956,0.522155,0.917277,0.918197,0.834200,0.871639,0.834371,0.532179,spectrum_fno48_floor6_smooth1_qc_peak4_fieldloss_smooth05
run20_sparc_1502,sparc_1502,0.602001,0.587400,0.573070,0.570962,0.586090,0.535934,0.918657,0.913969,0.826863,0.880881,0.851392,0.702202,spectrum_fno48_floor6_smooth1_qc_peak4_fieldloss_smooth05
run20_sparc_1510,sparc_1510,0.645967,0.661260,0.452601,0.611021,0.631317,0.435622,0.919646,0.926222,0.865728,0.892127,0.794291,0.602040,spectrum_fno48_floor6_smooth1_qc_peak4_fieldloss_smooth05
run20_sparc_1520,sparc_1520,0.527385,0.585945,0.413931,0.527285,0.581875,0.412629,0.911065,0.918388,0.812694,0.814976,0.921005,0.775587,spectrum_fno48_floor6_smooth1_qc_peak4_fieldloss_smooth05
run20_sparc_1522,sparc_1522,0.642133,0.717538,0.568886,0.618181,0.676847,0.563571,0.909588,0.919052,0.809425,0.873719,0.853729,0.649839,spectrum_fno48_floor6_smooth1_qc_peak4_fieldloss_smooth05
run20_sparc_1523,sparc_1523,0.842756,0.767641,0.672898,0.757150,0.742929,0.660234,0.887106,0.895508,0.761606,0.882776,0.839220,0.664833,spectrum_fno48_floor6_smooth1_qc_peak4_fieldloss_smooth05
run21_sparc_1303,sparc_1303,0.598808,0.628694,0.480079,0.598258,0.624977,0.479184,0.926152,0.933080,0.862979,0.939793,0.911501,0.726456,spectrum_fno48_floor6_smooth1_qc_peak4_fieldloss_smooth05
run21_sparc_1306,sparc_1306,0.676235,0.699866,0.588095,0.675357,0.699853,0.588095,0.878319,0.896070,0.769039,0.948221,0.958875,0.699999,spectrum_fno48_floor6_smooth1_qc_peak4_fieldloss_smooth05
run21_sparc_1307,sparc_1307,1.309791,1.523670,1.205923,0.888388,0.866856,0.816651,0.655798,0.678170,0.568599,0.983665,0.982361,0.926152,spectrum_fno48_floor6_smooth1_qc_peak4_fieldloss_smooth05
run21_sparc_1308,sparc_1308,1.271153,1.356049,1.091626,0.892589,0.874693,0.859177,0.641844,0.661814,0.575552,0.975965,0.971036,0.905074,spectrum_fno48_floor6_smooth1_qc_peak4_fieldloss_smooth05
run21_sparc_1311,sparc_1311,0.656415,0.751556,0.450984,0.614340,0.677700,0.447267,0.886829,0.886920,0.808241,0.918615,0.660030,0.571842,spectrum_fno48_floor6_smooth1_qc_peak4_fieldloss_smooth05
run21_sparc_1351,sparc_1351,0.578296,0.652461,0.470065,0.576521,0.647458,0.468576,0.902265,0.896428,0.779505,0.929879,0.856142,0.719869,spectrum_fno48_floor6_smooth1_qc_peak4_fieldloss_smooth05
run21_sparc_1353,sparc_1353,0.597633,0.665895,0.426662,0.588576,0.643532,0.423515,0.907068,0.908434,0.807341,0.909829,0.914881,0.654208,spectrum_fno48_floor6_smooth1_qc_peak4_fieldloss_smooth05
run21_sparc_1362,sparc_1362,0.597133,0.710851,0.393789,0.551368,0.626400,0.393717,0.907661,0.909701,0.813979,0.938727,0.881884,0.704605,spectrum_fno48_floor6_smooth1_qc_peak4_fieldloss_smooth05
run21_sparc_1403,sparc_1403,0.585918,0.632715,0.455413,0.585446,0.631960,0.455083,0.927388,0.932796,0.906436,0.927980,0.911055,0.752064,spectrum_fno48_floor6_smooth1_qc_peak4_fieldloss_smooth05
run21_sparc_1404,sparc_1404,0.570163,0.674309,0.472723,0.567808,0.622569,0.471828,0.923616,0.928974,0.830038,0.941186,0.898420,0.533985,spectrum_fno48_floor6_smooth1_qc_peak4_fieldloss_smooth05
run21_sparc_1406,sparc_1406,0.536162,0.590536,0.435167,0.535257,0.586056,0.406313,0.930164,0.934972,0.856202,0.925047,0.877366,0.643623,spectrum_fno48_floor6_smooth1_qc_peak4_fieldloss_smooth05
run21_sparc_1412,sparc_1412,0.634614,0.730104,0.431632,0.593517,0.651378,0.417421,0.919893,0.918602,0.860601,0.913414,0.620719,0.541484,spectrum_fno48_floor6_smooth1_qc_peak4_fieldloss_smooth05
run21_sparc_1417,sparc_1417,0.616459,0.743598,0.398679,0.581862,0.714964,0.397889,0.925433,0.918397,0.839622,0.932354,0.721205,0.464384,spectrum_fno48_floor6_smooth1_qc_peak4_fieldloss_smooth05
run21_sparc_1426,sparc_1426,0.617190,0.661754,0.691935,0.616369,0.661456,0.680621,0.913171,0.909815,0.766879,0.957604,0.955863,0.879279,spectrum_fno48_floor6_smooth1_qc_peak4_fieldloss
run21_sparc_1429,sparc_1429,0.728604,0.870785,0.790050,0.686865,0.749468,0.667157,0.898466,0.878841,0.838910,0.948411,0.933987,0.850212,spectrum_fno48_floor6_smooth1_qc_peak4_fieldloss
run21_sparc_1430,sparc_1430,0.904007,0.866140,0.896847,0.884372,0.837805,0.877130,0.806841,0.876956,0.828328,0.992242,0.983861,0.939770,spectrum_fno48_floor6_smooth1_qc_peak4
run21_sparc_1507,sparc_1507,0.653367,0.704181,0.567298,0.653251,0.687655,0.566727,0.900878,0.911246,0.810804,0.966167,0.909143,0.735227,spectrum_fno48_floor6_smooth1_qc_peak4_fieldloss_smooth05
run21_sparc_1516,sparc_1516,0.573825,0.710961,0.399321,0.566937,0.674813,0.399316,0.924529,0.916831,0.830651,0.843269,0.711781,0.602397,spectrum_fno48_floor6_smooth1_qc_peak4_fieldloss_smooth05
run21_sparc_1517,sparc_1517,0.550514,0.675103,0.386157,0.543610,0.660897,0.386070,0.911182,0.892758,0.818080,0.902812,0.756328,0.661703,spectrum_fno48_floor6_smooth1_qc_peak4_fieldloss_smooth05
run21_sparc_1524,sparc_1524,2.191402,1.541736,2.250954,0.991883,0.992489,0.993854,-0.644257,-0.123010,-0.115715,0.983633,0.982654,0.838335,spectrum_fno48_floor6_smooth1_qc_peak4
run21_sparc_1526,sparc_1526,0.685256,0.694888,0.745505,0.675533,0.670337,0.740018,0.905069,0.909023,0.771662,0.963037,0.945828,0.871075,spectrum_fno48_floor6_smooth1_qc_peak4_fieldloss
run22_sparc_1300,sparc_1300,0.377777,0.552899,0.330513,0.372485,0.552584,0.254161,0.986100,0.991364,0.990067,0.729775,0.756765,0.850935,spectrum_fno48_floor6_smooth1_qc_peak4_fieldloss_smooth05
run22_sparc_1305,sparc_1305,0.727288,0.720105,0.563561,0.690346,0.691397,0.563228,0.890827,0.919909,0.848374,0.969796,0.938257,0.895286,spectrum_fno48_floor6_smooth1_qc_peak4_fieldloss_smooth05
run22_sparc_1310,sparc_1310,0.634841,0.946350,0.491866,0.633193,0.945249,0.491361,0.900078,0.838512,0.726334,0.847090,0.251419,0.803062,spectrum_fno48_floor6_smooth1_qc_peak4_fieldloss_smooth05
run22_sparc_1319,sparc_1319,0.600051,0.893715,0.404316,0.589821,0.829023,0.403596,0.912488,0.884407,0.875831,0.785279,0.736432,0.497938,spectrum_fno48_floor6_smooth1_qc_peak4_fieldloss_smooth05
run22_sparc_1351,sparc_1351,0.802965,0.986869,0.462220,0.784364,0.977276,0.461442,0.778012,0.468609,0.669057,0.681178,0.250863,0.896829,spectrum_fno48_floor6_smooth1_qc_peak4_fieldloss_smooth05
run22_sparc_1354,sparc_1354,1.064793,1.166704,0.999591,0.981402,0.998258,0.962652,0.842781,0.774175,0.716921,0.980287,0.888446,0.912097,spectrum_fno48_floor6_smooth1_qc_peak4_fieldloss_smooth05
run22_sparc_1360,sparc_1360,0.499262,0.824817,0.325564,0.496460,0.772814,0.317821,0.893313,0.864697,0.763212,0.901297,0.940194,0.755884,spectrum_fno48_floor6_smooth1_qc_peak4_fieldloss_smooth05
run22_sparc_1363,sparc_1363,0.593348,1.003230,0.343620,0.563754,0.867518,0.343312,0.884224,0.870352,0.761003,0.908289,0.845648,0.604345,spectrum_fno48_floor6_smooth1_qc_peak4_fieldloss_smooth05
run22_sparc_1402,sparc_1402,0.687631,0.785939,0.711378,0.682262,0.730991,0.685889,0.873997,0.870675,0.805252,0.891017,0.851777,0.605335,spectrum_fno48_floor6_smooth1_qc_peak4_fieldloss
run22_sparc_1409,sparc_1409,0.589763,0.964762,0.480314,0.565663,0.964751,0.443352,0.868522,0.871701,0.836540,0.835371,0.252120,0.839560,spectrum_fno48_floor6_smooth1_qc_peak4_fieldloss_smooth05
run22_sparc_1414,sparc_1414,0.588649,0.942209,0.424842,0.522154,0.939841,0.407145,0.896175,0.859027,0.895989,0.681532,0.250829,0.881126,spectrum_fno48_floor6_smooth1_qc_peak4_fieldloss_smooth05
run22_sparc_1426,sparc_1426,1.216729,1.396997,0.933094,0.838466,0.881394,0.716266,0.866162,0.861194,0.762358,0.898080,0.592226,0.672061,spectrum_fno48_floor6_smooth1_qc_peak4_fieldloss_smooth05
run22_sparc_1428,sparc_1428,0.816428,0.990967,0.815898,0.705082,0.911326,0.719714,0.388667,0.318033,0.338923,0.982453,0.908032,0.885649,spectrum_fno48_floor6_smooth1_qc_peak4_fieldloss_smooth05
run22_sparc_1502,sparc_1502,0.692996,0.784637,0.726745,0.688277,0.731532,0.696170,0.880363,0.878160,0.807855,0.887619,0.817641,0.590654,spectrum_fno48_floor6_smooth1_qc_peak4_fieldloss
run22_sparc_1505,sparc_1505,0.770662,0.801941,0.588424,0.739884,0.747530,0.588304,0.925435,0.913731,0.845562,0.941215,0.867446,0.786593,spectrum_fno48_floor6_smooth1_qc_peak4_fieldloss_smooth05
run22_sparc_1506,sparc_1506,0.963466,0.922024,0.636513,0.727220,0.721990,0.520388,0.885579,0.926885,0.855078,0.947567,0.881618,0.800021,spectrum_fno48_floor6_smooth1_qc_peak4_fieldloss_smooth05
run22_sparc_1511,sparc_1511,0.600714,0.959793,0.469007,0.564739,0.959554,0.447739,0.914829,0.904864,0.924311,0.635653,0.250866,0.854025,spectrum_fno48_floor6_smooth1_qc_peak4_fieldloss_smooth05
run22_sparc_1519,sparc_1519,1.288109,1.353127,0.735926,0.870332,0.899318,0.665752,0.730520,0.789491,0.530476,0.987561,0.982443,0.910169,spectrum_fno48_floor6_smooth1_qc_peak4_fieldloss_smooth05
run22_sparc_1521,sparc_1521,0.652423,0.804003,0.501653,0.651243,0.770930,0.455750,0.780342,0.821728,0.628931,0.978404,0.960306,0.890728,spectrum_fno48_floor6_smooth1_qc_peak4_fieldloss_smooth05
run22_sparc_1524,sparc_1524,1.895123,1.694401,0.901978,0.991330,0.990872,0.743078,0.098680,-0.006432,0.449166,0.982238,0.982777,0.866984,spectrum_fno48_floor6_smooth1_qc_peak4_fieldloss_smooth05
run23_sparc_1300,sparc_1300,0.481579,0.538443,0.450800,0.481427,0.521043,0.434675,0.971223,0.982185,0.966430,0.843285,0.782034,0.768018,spectrum_fno48_floor6_smooth1_qc_peak4_fieldloss_smooth05
run23_sparc_1303,sparc_1303,0.563413,0.633340,0.419679,0.561810,0.633109,0.390206,0.921969,0.932694,0.880247,0.949168,0.738247,0.879894,spectrum_fno48_floor6_smooth1_qc_peak4_fieldloss_smooth05
run23_sparc_1304,sparc_1304,1.626828,1.752862,1.430097,0.966700,0.925439,0.944924,0.893198,0.901657,0.821851,0.955640,0.939635,0.802345,spectrum_fno48_floor6_smooth1_qc_peak4_fieldloss_smooth05
run23_sparc_1307,sparc_1307,0.747356,0.772135,0.527705,0.676875,0.673748,0.510861,0.927701,0.920150,0.832805,0.907704,0.772964,0.701673,spectrum_fno48_floor6_smooth1_qc_peak4_fieldloss_smooth05
run23_sparc_1319,sparc_1319,0.643707,0.691364,0.317660,0.640396,0.674343,0.316766,0.933124,0.931886,0.902600,0.833460,0.777471,0.604372,spectrum_fno48_floor6_smooth1_qc_peak4_fieldloss_smooth05
run23_sparc_1351,sparc_1351,0.646524,0.641434,0.335449,0.645310,0.639617,0.335300,0.927665,0.931857,0.860892,0.912192,0.805514,0.586870,spectrum_fno48_floor6_smooth1_qc_peak4_fieldloss_smooth05
run23_sparc_1357,sparc_1357,0.638148,0.649384,0.369346,0.637562,0.649364,0.369154,0.928624,0.926472,0.859296,0.827557,0.659446,0.707788,spectrum_fno48_floor6_smooth1_qc_peak4_fieldloss_smooth05
run23_sparc_1364,sparc_1364,0.720278,0.789229,0.412887,0.711134,0.750538,0.412035,0.919370,0.918196,0.841686,0.908371,0.774563,0.686345,spectrum_fno48_floor6_smooth1_qc_peak4_fieldloss_smooth05
run23_sparc_1365,sparc_1365,0.630663,0.674475,0.323880,0.620719,0.651126,0.322120,0.924198,0.923049,0.849724,0.932808,0.817996,0.680323,spectrum_fno48_floor6_smooth1_qc_peak4_fieldloss_smooth05
run23_sparc_1405,sparc_1405,0.843970,0.885315,0.450193,0.772587,0.818854,0.449623,0.929104,0.924880,0.858150,0.895761,0.848572,0.539943,spectrum_fno48_floor6_smooth1_qc_peak4_fieldloss_smooth05
run23_sparc_1413,sparc_1413,0.652169,0.633927,0.396539,0.639260,0.626011,0.351665,0.943127,0.945402,0.873264,0.906408,0.725727,0.624155,spectrum_fno48_floor6_smooth1_qc_peak4_fieldloss_smooth05
run23_sparc_1416,sparc_1416,0.621870,0.612941,0.365378,0.620646,0.612211,0.334359,0.932901,0.934413,0.869637,0.895940,0.731886,0.565125,spectrum_fno48_floor6_smooth1_qc_peak4_fieldloss_smooth05
run23_sparc_1417,sparc_1417,0.666185,0.658823,0.397641,0.650741,0.653501,0.351249,0.927300,0.926884,0.863527,0.892203,0.779051,0.578211,spectrum_fno48_floor6_smooth1_qc_peak4_fieldloss_smooth05
run23_sparc_1423,sparc_1423,0.669864,0.787505,0.470618,0.663753,0.736091,0.469137,0.929738,0.928839,0.862301,0.900041,0.692565,0.627289,spectrum_fno48_floor6_smooth1_qc_peak4_fieldloss_smooth05
run23_sparc_1424,sparc_1424,0.655578,0.747934,0.462093,0.655570,0.733780,0.453489,0.920937,0.918621,0.851768,0.762324,0.562145,0.657327,spectrum_fno48_floor6_smooth1_qc_peak4_fieldloss_smooth05
run23_sparc_1430,sparc_1430,1.028270,1.034958,0.531418,0.771906,0.788872,0.515408,0.567778,0.655796,0.466054,0.958657,0.899184,0.783320,spectrum_fno48_floor6_smooth1_qc_peak4_fieldloss_smooth05
run23_sparc_1440,sparc_1440,0.791549,1.039880,0.448693,0.715379,0.817678,0.448673,0.936189,0.937346,0.908268,0.863953,0.854063,0.535657,spectrum_fno48_floor6_smooth1_qc_peak4_fieldloss_smooth05
run23_sparc_1500,sparc_1500,0.434400,0.506334,0.384953,0.433373,0.479734,0.369972,0.978192,0.986053,0.973539,0.759983,0.756901,0.821050,spectrum_fno48_floor6_smooth1_qc_peak4_fieldloss_smooth05
run23_sparc_1515,sparc_1515,0.647177,0.632605,0.371895,0.644171,0.631712,0.351974,0.930746,0.931557,0.857854,0.937075,0.808504,0.716460,spectrum_fno48_floor6_smooth1_qc_peak4_fieldloss_smooth05
run23_sparc_1517,sparc_1517,0.619948,0.623221,0.359950,0.618959,0.623193,0.338354,0.927023,0.928465,0.862470,0.868620,0.778354,0.617119,spectrum_fno48_floor6_smooth1_qc_peak4_fieldloss_smooth05
run23_sparc_1519,sparc_1519,0.639919,0.655399,0.391412,0.639894,0.654515,0.371812,0.930423,0.931871,0.861357,0.879375,0.687327,0.642519,spectrum_fno48_floor6_smooth1_qc_peak4_fieldloss_smooth05
run23_sparc_1521,sparc_1521,0.653955,0.682243,0.382350,0.647884,0.679683,0.359674,0.934831,0.934562,0.871858,0.892203,0.754592,0.623619,spectrum_fno48_floor6_smooth1_qc_peak4_fieldloss_smooth05
run23_sparc_1528,sparc_1528,0.884696,0.888812,0.521817,0.783379,0.751667,0.508557,0.909280,0.925257,0.856825,0.924747,0.819811,0.738941,spectrum_fno48_floor6_smooth1_qc_peak4_fieldloss_smooth05
run23_sparc_1530,sparc_1530,0.695877,0.911320,0.907886,0.654526,0.787215,0.800547,0.804405,0.882948,0.783005,0.966859,0.924157,0.745261,spectrum_fno48_floor6_smooth1_qc_peak4_fieldloss
run24_sparc_1306,sparc_1306,1.304074,1.733457,1.024484,0.879988,0.928559,0.752898,0.843310,0.865690,0.776841,0.951892,0.909676,0.775789,spectrum_fno48_floor6_smooth1_qc_peak4_fieldloss_smooth05
run24_sparc_1307,sparc_1307,0.944846,1.045107,0.792883,0.818907,0.837543,0.720184,0.882398,0.883671,0.781156,0.935187,0.943137,0.795370,spectrum_fno48_floor6_smooth1_qc_peak4_fieldloss_smooth05
run24_sparc_1308,sparc_1308,1.042545,1.006025,0.858470,0.832429,0.849725,0.729761,0.866960,0.853205,0.726962,0.948159,0.950191,0.814296,spectrum_fno48_floor6_smooth1_qc_peak4_fieldloss_smooth05
run24_sparc_1314,sparc_1314,0.502819,0.674550,0.316514,0.498746,0.627604,0.304610,0.910512,0.910676,0.905616,0.874851,0.703592,0.645417,spectrum_fno48_floor6_smooth1_qc_peak4_fieldloss_smooth05
run24_sparc_1317,sparc_1317,0.462809,0.737453,0.304468,0.461752,0.649990,0.293402,0.913941,0.915471,0.846326,0.818340,0.745517,0.612755,spectrum_fno48_floor6_smooth1_qc_peak4_fieldloss_smooth05
run24_sparc_1351,sparc_1351,0.513495,0.724417,0.332874,0.503512,0.630985,0.327929,0.907864,0.908329,0.775141,0.855115,0.774382,0.682955,spectrum_fno48_floor6_smooth1_qc_peak4_fieldloss_smooth05
run24_sparc_1362,sparc_1362,0.440341,0.615546,0.317342,0.439543,0.596732,0.295510,0.885594,0.889594,0.737092,0.900318,0.832017,0.739287,spectrum_fno48_floor6_smooth1_qc_peak4_fieldloss_smooth05
run24_sparc_1404,sparc_1404,0.995001,1.526345,0.762060,0.792346,0.884711,0.573176,0.912556,0.900577,0.844521,0.885160,0.687136,0.669537,spectrum_fno48_floor6_smooth1_qc_peak4_fieldloss_smooth05
run24_sparc_1409,sparc_1409,0.703086,0.797510,0.630861,0.695568,0.775066,0.627409,0.886914,0.881726,0.741729,0.921951,0.826437,0.736900,spectrum_fno48_floor6_smooth1_qc_peak4_fieldloss_smooth05
run24_sparc_1412,sparc_1412,0.482865,0.763393,0.321550,0.476691,0.636057,0.315282,0.890373,0.907933,0.790281,0.884119,0.733202,0.623180,spectrum_fno48_floor6_smooth1_qc_peak4_fieldloss_smooth05
run24_sparc_1414,sparc_1414,0.480460,0.692948,0.309963,0.478120,0.613975,0.296976,0.898571,0.913391,0.821946,0.919558,0.748077,0.605231,spectrum_fno48_floor6_smooth1_qc_peak4_fieldloss_smooth05
run24_sparc_1416,sparc_1416,0.462996,0.663993,0.309476,0.462328,0.631949,0.288389,0.908831,0.925643,0.853724,0.908919,0.817212,0.629971,spectrum_fno48_floor6_smooth1_qc_peak4_fieldloss_smooth05
run24_sparc_1424,sparc_1424,1.025817,1.211239,0.563237,0.828055,0.882710,0.526680,0.830008,0.859133,0.752037,0.835513,0.708618,0.570731,spectrum_fno48_floor6_smooth1_qc_peak4_fieldloss_smooth05
run24_sparc_1425,sparc_1425,1.719884,2.154954,1.373636,0.920716,0.951678,0.847280,0.742185,0.703869,0.602860,0.962349,0.824445,0.762235,spectrum_fno48_floor6_smooth1_qc_peak4_fieldloss_smooth05
run24_sparc_1426,sparc_1426,0.710013,1.092858,0.660275,0.694623,0.833415,0.609599,0.759452,0.734600,0.666634,0.984073,0.977765,0.880766,spectrum_fno48_floor6_smooth1_qc_peak4_fieldloss_smooth05
run24_sparc_1504,sparc_1504,0.958895,1.185172,0.823476,0.761781,0.876429,0.582175,0.864141,0.898474,0.822121,0.949118,0.790614,0.818076,spectrum_fno48_floor6_smooth1_qc_peak4_fieldloss_smooth05
run24_sparc_1505,sparc_1505,1.043312,1.427668,0.800650,0.793552,0.898941,0.613721,0.926768,0.917420,0.857431,0.886934,0.741421,0.652405,spectrum_fno48_floor6_smooth1_qc_peak4_fieldloss_smooth05
run24_sparc_1509,sparc_1509,0.560848,0.718846,0.397620,0.542411,0.684120,0.385865,0.903817,0.902761,0.736697,0.944493,0.841080,0.820505,spectrum_fno48_floor6_smooth1_qc_peak4_fieldloss_smooth05
run24_sparc_1512,sparc_1512,0.508267,0.709818,0.306073,0.493821,0.639800,0.303176,0.904316,0.919348,0.874157,0.955279,0.777836,0.730130,spectrum_fno48_floor6_smooth1_qc_peak4_fieldloss_smooth05
run24_sparc_1513,sparc_1513,0.494174,0.654721,0.334171,0.493683,0.611386,0.304644,0.915181,0.922071,0.837220,0.913790,0.597122,0.643410,spectrum_fno48_floor6_smooth1_qc_peak4_fieldloss_smooth05
run24_sparc_1523,sparc_1523,0.723857,0.810686,0.797133,0.667495,0.721371,0.703260,0.907532,0.901540,0.764132,0.842238,0.790157,0.514546,spectrum_fno48_floor6_smooth1_qc_peak4_fieldloss
run25_sparc_1302,sparc_1302,0.688475,0.801645,0.536709,0.642316,0.692728,0.519103,0.901796,0.900961,0.859205,0.930608,0.807732,0.852197,spectrum_fno48_floor6_smooth1_qc_peak4_fieldloss_smooth05
run25_sparc_1307,sparc_1307,0.947809,1.126500,0.617019,0.687721,0.727494,0.507176,0.923981,0.938616,0.874228,0.947625,0.922469,0.741185,spectrum_fno48_floor6_smooth1_qc_peak4_fieldloss_smooth05
run25_sparc_1316,sparc_1316,0.545622,0.616167,0.358329,0.542071,0.605519,0.355006,0.850539,0.869660,0.701815,0.969482,0.717934,0.732005,spectrum_fno48_floor6_smooth1_qc_peak4_fieldloss_smooth05
run25_sparc_1349,sparc_1349,0.467817,0.595289,0.309832,0.467611,0.574019,0.307433,0.897041,0.899458,0.794123,0.873670,0.923691,0.708801,spectrum_fno48_floor6_smooth1_qc_peak4_fieldloss_smooth05
run25_sparc_1350,sparc_1350,0.563644,0.584993,0.346491,0.548585,0.559797,0.345583,0.916411,0.910580,0.913737,0.903038,0.609140,0.553502,spectrum_fno48_floor6_smooth1_qc_peak4_fieldloss_smooth05
run25_sparc_1351,sparc_1351,0.561204,0.598255,0.352895,0.553226,0.583903,0.352478,0.909649,0.909322,0.791919,0.932514,0.768930,0.652972,spectrum_fno48_floor6_smooth1_qc_peak4_fieldloss_smooth05
run25_sparc_1356,sparc_1356,0.571480,0.678466,0.392927,0.565418,0.662542,0.388509,0.887594,0.894800,0.802548,0.903038,0.823494,0.625649,spectrum_fno48_floor6_smooth1_qc_peak4_fieldloss_smooth05
run25_sparc_1358,sparc_1358,0.486069,0.580822,0.300445,0.482304,0.568339,0.298864,0.881281,0.898395,0.780084,0.915662,0.908934,0.609175,spectrum_fno48_floor6_smooth1_qc_peak4_fieldloss_smooth05
run25_sparc_1359,sparc_1359,0.475219,0.601712,0.303504,0.475053,0.588329,0.299507,0.906998,0.909392,0.819627,0.913071,0.921153,0.639588,spectrum_fno48_floor6_smooth1_qc_peak4_fieldloss_smooth05
run25_sparc_1360,sparc_1360,0.469834,0.605342,0.296972,0.468860,0.590807,0.293019,0.894412,0.899443,0.809171,0.886741,0.932974,0.723725,spectrum_fno48_floor6_smooth1_qc_peak4_fieldloss_smooth05
run25_sparc_1365,sparc_1365,0.478109,0.579449,0.295969,0.478109,0.571300,0.288918,0.906645,0.906290,0.804141,0.892609,0.905469,0.647460,spectrum_fno48_floor6_smooth1_qc_peak4_fieldloss_smooth05
run25_sparc_1400,sparc_1400,0.530933,0.518761,0.390509,0.523663,0.514390,0.371597,0.984286,0.992453,0.988007,0.910428,0.759165,0.802833,spectrum_fno48_floor6_smooth1_qc_peak4_fieldloss_smooth05
run25_sparc_1411,sparc_1411,0.611103,0.702048,0.424387,0.579650,0.632737,0.391027,0.914788,0.909285,0.814886,0.910187,0.740889,0.826840,spectrum_fno48_floor6_smooth1_qc_peak4_fieldloss_smooth05
run25_sparc_1413,sparc_1413,0.569145,0.598862,0.328757,0.552507,0.574294,0.328567,0.919117,0.922224,0.880405,0.867322,0.727371,0.584299,spectrum_fno48_floor6_smooth1_qc_peak4_fieldloss_smooth05
run25_sparc_1418,sparc_1418,0.538151,0.596669,0.332538,0.534575,0.590313,0.332422,0.904199,0.905714,0.789042,0.945941,0.930491,0.682975,spectrum_fno48_floor6_smooth1_qc_peak4_fieldloss_smooth05
run25_sparc_1421,sparc_1421,0.543125,0.685987,0.412093,0.535737,0.654664,0.406416,0.878909,0.881798,0.743640,0.928678,0.769935,0.650172,spectrum_fno48_floor6_smooth1_qc_peak4_fieldloss_smooth05
run25_sparc_1423,sparc_1423,0.926090,1.226585,0.584889,0.746938,0.803280,0.484097,0.940055,0.945806,0.898951,0.947757,0.789214,0.615064,spectrum_fno48_floor6_smooth1_qc_peak4_fieldloss_smooth05
run25_sparc_1428,sparc_1428,1.234727,1.278370,0.911596,0.776971,0.819138,0.600700,0.927729,0.925633,0.849332,0.902338,0.818659,0.612214,spectrum_fno48_floor6_smooth1_qc_peak4_fieldloss_smooth05
run25_sparc_1500,sparc_1500,0.501075,0.500719,0.351356,0.497206,0.496187,0.323851,0.984200,0.992212,0.989101,0.890394,0.753060,0.813873,spectrum_fno48_floor6_smooth1_qc_peak4_fieldloss_smooth05
run25_sparc_1503,sparc_1503,1.488440,1.641279,1.103463,0.837264,0.870796,0.657813,0.939801,0.942962,0.879764,0.858871,0.824139,0.763390,spectrum_fno48_floor6_smooth1_qc_peak4_fieldloss_smooth05
run25_sparc_1505,sparc_1505,0.917203,1.135667,0.409579,0.705199,0.782345,0.387089,0.936575,0.934153,0.871233,0.921703,0.806056,0.728177,spectrum_fno48_floor6_smooth1_qc_peak4_fieldloss_smooth05
run25_sparc_1511,sparc_1511,0.561055,0.634680,0.355325,0.551312,0.621328,0.354842,0.924628,0.925030,0.886578,0.935412,0.732370,0.597746,spectrum_fno48_floor6_smooth1_qc_peak4_fieldloss_smooth05
run25_sparc_1513,sparc_1513,0.547215,0.579188,0.339202,0.544242,0.575568,0.337616,0.917610,0.919444,0.831000,0.914025,0.678820,0.577226,spectrum_fno48_floor6_smooth1_qc_peak4_fieldloss_smooth05
run25_sparc_1514,sparc_1514,0.548993,0.592141,0.322323,0.545397,0.589376,0.318485,0.914854,0.916858,0.813486,0.908985,0.751169,0.552575,spectrum_fno48_floor6_smooth1_qc_peak4_fieldloss_smooth05
run25_sparc_1515,sparc_1515,0.539262,0.580709,0.311309,0.537720,0.569799,0.308092,0.913596,0.915502,0.819916,0.932819,0.732843,0.487606,spectrum_fno48_floor6_smooth1_qc_peak4_fieldloss_smooth05
run25_sparc_1523,sparc_1523,0.468263,0.729903,0.312849,0.467572,0.660783,0.308612,0.894151,0.897771,0.772179,0.917076,0.867992,0.640605,spectrum_fno48_floor6_smooth1_qc_peak4_fieldloss_smooth05
run25_sparc_1525,sparc_1525,0.910809,1.148445,0.544491,0.721947,0.816046,0.445214,0.946533,0.946657,0.896821,0.742164,0.787529,0.618284,spectrum_fno48_floor6_smooth1_qc_peak4_fieldloss_smooth05
run25_sparc_1527,sparc_1527,0.998834,1.303077,0.578948,0.781995,0.860772,0.476213,0.917751,0.886980,0.864299,0.948872,0.918340,0.838999,spectrum_fno48_floor6_smooth1_qc_peak4_fieldloss_smooth05
run26_sparc_1305,sparc_1305,1.083283,1.394205,0.671699,0.805549,0.856661,0.523794,0.923219,0.884117,0.775543,0.921930,0.847865,0.730833,spectrum_fno48_floor6_smooth1_qc_peak4_fieldloss_smooth05
run26_sparc_1314,sparc_1314,0.550498,0.607363,0.333666,0.538085,0.573509,0.327078,0.907557,0.907798,0.856860,0.929192,0.565982,0.608090,spectrum_fno48_floor6_smooth1_qc_peak4_fieldloss_smooth05
run26_sparc_1351,sparc_1351,0.528420,0.579764,0.336091,0.524412,0.576349,0.323852,0.906545,0.903941,0.771939,0.919227,0.766566,0.674404,spectrum_fno48_floor6_smooth1_qc_peak4_fieldloss_smooth05
run26_sparc_1353,sparc_1353,0.492425,0.588059,0.324857,0.491494,0.581635,0.320161,0.898100,0.898435,0.761954,0.906787,0.890240,0.649513,spectrum_fno48_floor6_smooth1_qc_peak4_fieldloss_smooth05
run26_sparc_1403,sparc_1403,0.705414,0.816279,0.526185,0.685507,0.706153,0.509679,0.943702,0.951405,0.919730,0.861115,0.777554,0.704376,spectrum_fno48_floor6_smooth1_qc_peak4_fieldloss_smooth05
run26_sparc_1414,sparc_1414,0.541917,0.605580,0.331589,0.541574,0.592191,0.327100,0.919134,0.920984,0.847255,0.903890,0.647805,0.649260,spectrum_fno48_floor6_smooth1_qc_peak4_fieldloss_smooth05
run26_sparc_1416,sparc_1416,0.552608,0.603325,0.341561,0.551795,0.596416,0.335384,0.911093,0.910286,0.841541,0.930621,0.669097,0.544806,spectrum_fno48_floor6_smooth1_qc_peak4_fieldloss_smooth05
run26_sparc_1429,sparc_1429,1.109739,0.990388,0.827273,0.797532,0.793270,0.662601,0.880161,0.865210,0.791492,0.893935,0.780664,0.739791,spectrum_fno48_floor6_smooth1_qc_peak4_fieldloss_smooth05
run26_sparc_1441,sparc_1441,0.911706,1.271880,0.361208,0.730781,0.843988,0.345600,0.906972,0.913646,0.909211,0.859586,0.883476,0.656352,spectrum_fno48_floor6_smooth1_qc_peak4_fieldloss_smooth05
run26_sparc_1505,sparc_1505,0.951078,1.096201,0.572026,0.815450,0.852600,0.500177,0.920452,0.919107,0.810142,0.897090,0.788268,0.775048,spectrum_fno48_floor6_smooth1_qc_peak4_fieldloss_smooth05
run26_sparc_1507,sparc_1507,0.953955,1.347519,0.499314,0.790020,0.874630,0.457867,0.929493,0.923724,0.852432,0.888585,0.800019,0.569580,spectrum_fno48_floor6_smooth1_qc_peak4_fieldloss_smooth05
run26_sparc_1510,sparc_1510,0.608979,0.947189,0.403450,0.602552,0.774340,0.382626,0.897872,0.868703,0.826053,0.911938,0.938996,0.834580,spectrum_fno48_floor6_smooth1_qc_peak4_fieldloss_smooth05
run26_sparc_1516,sparc_1516,0.544822,0.615242,0.320763,0.532054,0.588683,0.320753,0.914677,0.913814,0.831947,0.962441,0.597305,0.605964,spectrum_fno48_floor6_smooth1_qc_peak4_fieldloss_smooth05
run26_sparc_1520,sparc_1520,0.579225,0.662237,0.413007,0.561952,0.622858,0.412545,0.897021,0.899469,0.744562,0.912282,0.720124,0.655724,spectrum_fno48_floor6_smooth1_qc_peak4_fieldloss_smooth05
run27_sparc_1302,sparc_1302,0.788174,0.744997,0.772362,0.787893,0.744877,0.772174,0.854047,0.859623,0.759685,0.978716,0.972326,0.886156,spectrum_fno48_floor6_smooth1_qc_peak4
run27_sparc_1306,sparc_1306,0.772071,0.743842,0.742009,0.732722,0.683652,0.707468,0.711009,0.662336,0.698177,0.940904,0.933189,0.856315,spectrum_fno48_floor6_smooth1_qc_peak4_fieldloss_smooth05
run27_sparc_1308,sparc_1308,0.817266,0.976590,0.763824,0.693799,0.854126,0.761792,0.697844,0.620888,0.423920,0.987812,0.976813,0.902786,spectrum_fno48_floor6_smooth1_qc_peak4_fieldloss_smooth05
run27_sparc_1310,sparc_1310,0.544972,0.674996,0.353000,0.515219,0.622602,0.348913,0.911586,0.913471,0.848694,0.958222,0.789276,0.643209,spectrum_fno48_floor6_smooth1_qc_peak4_fieldloss_smooth05
run27_sparc_1354,sparc_1354,0.549364,0.611044,0.414994,0.543334,0.596173,0.409118,0.850343,0.845930,0.705309,0.942416,0.937884,0.845536,spectrum_fno48_floor6_smooth1_qc_peak4_fieldloss_smooth05
run27_sparc_1358,sparc_1358,0.450129,0.578671,0.318875,0.449856,0.554887,0.309372,0.907465,0.907667,0.791711,0.916587,0.911166,0.698774,spectrum_fno48_floor6_smooth1_qc_peak4_fieldloss_smooth05
run27_sparc_1405,sparc_1405,0.622385,0.982301,0.546471,0.579478,0.896351,0.516291,0.823707,0.369732,0.709954,0.982875,0.979022,0.898501,spectrum_fno48_floor6_smooth1_qc_peak4_fieldloss_smooth05
run27_sparc_1408,sparc_1408,1.030623,1.046462,0.565611,0.788443,0.846260,0.527819,0.901993,0.896983,0.835967,0.927761,0.853324,0.742794,spectrum_fno48_floor6_smooth1_qc_peak4_fieldloss_smooth05
run27_sparc_1414,sparc_1414,0.501962,0.615922,0.337974,0.501750,0.585228,0.323968,0.922755,0.926345,0.831031,0.896962,0.849771,0.627299,spectrum_fno48_floor6_smooth1_qc_peak4_fieldloss_smooth05
run27_sparc_1416,sparc_1416,0.484472,0.633132,0.303039,0.471750,0.582336,0.299378,0.922861,0.925652,0.832642,0.935842,0.842065,0.592714,spectrum_fno48_floor6_smooth1_qc_peak4_fieldloss_smooth05
run27_sparc_1441,sparc_1441,0.715458,0.925394,0.434810,0.683607,0.852175,0.430500,0.896161,0.869135,0.886267,0.859395,0.868561,0.782560,spectrum_fno48_floor6_smooth1_qc_peak4_fieldloss_smooth05
run27_sparc_1520,sparc_1520,0.494278,0.613003,0.424970,0.483387,0.557653,0.422276,0.915398,0.921503,0.807782,0.744457,0.876274,0.617282,spectrum_fno48_floor6_smooth1_qc_peak4_fieldloss_smooth05
run27_sparc_1530,sparc_1530,0.786379,0.774592,1.024833,0.776033,0.729927,0.839332,0.800705,0.938749,0.880404,0.995392,0.972183,0.926278,spectrum_fno48_floor6_smooth1_qc_peak4
run27_sparc_1593,sparc_1593,0.585657,0.663749,0.436590,0.581998,0.660164,0.415298,0.931906,0.931610,0.898143,0.903906,0.810453,0.705349,spectrum_fno48_floor6_smooth1_qc_peak4_fieldloss_smooth05
run28_sparc_1304,sparc_1304,0.629417,0.626931,0.594548,0.616664,0.624584,0.566118,0.924838,0.934335,0.851767,0.955286,0.922200,0.788685,spectrum_fno48_floor6_smooth1_qc_peak4_fieldloss_smooth05
run28_sparc_1306,sparc_1306,0.564123,0.599255,0.513723,0.564049,0.599229,0.513580,0.923441,0.925586,0.838390,0.945058,0.911190,0.652909,spectrum_fno48_floor6_smooth1_qc_peak4_fieldloss_smooth05
run28_sparc_1311,sparc_1311,0.609249,0.591854,0.433478,0.593229,0.579569,0.425333,0.893241,0.905970,0.827791,0.895199,0.760968,0.600637,spectrum_fno48_floor6_smooth1_qc_peak4_fieldloss_smooth05
run28_sparc_1316,sparc_1316,0.662561,0.628808,0.539233,0.628820,0.602368,0.535739,0.918889,0.916337,0.825500,0.840525,0.867399,0.566962,spectrum_fno48_floor6_smooth1_qc_peak4_fieldloss_smooth05
run28_sparc_1317,sparc_1317,0.598387,0.610668,0.432085,0.596493,0.610477,0.431330,0.924378,0.929427,0.850032,0.883134,0.811175,0.556687,spectrum_fno48_floor6_smooth1_qc_peak4_fieldloss_smooth05
run28_sparc_1352,sparc_1352,0.698760,0.677393,0.703623,0.685325,0.663392,0.660311,0.912750,0.913468,0.821240,0.891411,0.875468,0.521125,spectrum_fno48_floor6_smooth1_qc_peak4
run28_sparc_1355,sparc_1355,0.697052,0.724142,0.674758,0.652678,0.656838,0.599127,0.918088,0.916755,0.818836,0.868083,0.822985,0.584725,spectrum_fno48_floor6_smooth1_qc_peak4_fieldloss_smooth05
run28_sparc_1361,sparc_1361,0.737330,0.794941,0.465514,0.639954,0.693369,0.465209,0.908176,0.903980,0.815617,0.957045,0.905282,0.658543,spectrum_fno48_floor6_smooth1_qc_peak4_fieldloss_smooth05
run28_sparc_1406,sparc_1406,0.580148,0.653691,0.506973,0.565103,0.648258,0.494737,0.932028,0.933691,0.855765,0.950439,0.951048,0.729078,spectrum_fno48_floor6_smooth1_qc_peak4_fieldloss_smooth05
run28_sparc_1418,sparc_1418,0.668608,0.710357,0.515817,0.608305,0.663179,0.449649,0.907419,0.913974,0.818424,0.929180,0.852936,0.660485,spectrum_fno48_floor6_smooth1_qc_peak4_fieldloss_smooth05
run28_sparc_1420,sparc_1420,0.844008,0.773122,0.708187,0.782802,0.735716,0.672011,0.863558,0.885489,0.759869,0.955787,0.949585,0.638765,spectrum_fno48_floor6_smooth1_qc_peak4_fieldloss_smooth05
run28_sparc_1423,sparc_1423,0.689417,0.712949,0.690481,0.665069,0.679614,0.671712,0.884214,0.886437,0.790548,0.932475,0.886250,0.719900,spectrum_fno48_floor6_smooth1_qc_peak4_fieldloss
run28_sparc_1506,sparc_1506,0.549188,0.619176,0.481167,0.542479,0.617821,0.473076,0.935049,0.939008,0.854754,0.933467,0.923018,0.516690,spectrum_fno48_floor6_smooth1_qc_peak4_fieldloss_smooth05
run28_sparc_1516,sparc_1516,0.560791,0.599445,0.432766,0.555509,0.594514,0.415280,0.896446,0.909235,0.822059,0.892100,0.794313,0.630688,spectrum_fno48_floor6_smooth1_qc_peak4_fieldloss_smooth05
run28_sparc_1525,sparc_1525,0.625426,0.634817,0.534033,0.609965,0.626781,0.499149,0.933848,0.936924,0.863674,0.939018,0.946218,0.839810,spectrum_fno48_floor6_smooth1_qc_peak4_fieldloss_smooth05
run28_sparc_1527,sparc_1527,0.689964,0.755693,0.587907,0.662080,0.685195,0.577173,0.929403,0.923047,0.860809,0.937832,0.930484,0.811087,spectrum_fno48_floor6_smooth1_qc_peak4_fieldloss_smooth05
run28_sparc_1528,sparc_1528,0.662928,0.697373,0.628287,0.604892,0.661229,0.587722,0.927954,0.936510,0.881092,0.911489,0.913775,0.752241,spectrum_fno48_floor6_smooth1_qc_peak4_fieldloss_smooth05
run29_sparc_1300,sparc_1300,0.512053,0.547259,0.557494,0.511476,0.538359,0.521955,0.968718,0.983467,0.972611,0.973752,0.923750,0.897636,spectrum_fno48_floor6_smooth1_qc_peak4_fieldloss
run29_sparc_1305,sparc_1305,0.948935,1.091087,0.575622,0.766067,0.819762,0.541553,0.935620,0.931140,0.855759,0.870993,0.823426,0.659332,spectrum_fno48_floor6_smooth1_qc_peak4_fieldloss_smooth05
run29_sparc_1308,sparc_1308,1.140572,1.476625,1.030644,0.720370,0.786223,0.609364,0.908394,0.905812,0.818779,0.892886,0.821188,0.657339,spectrum_fno48_floor6_smooth1_qc_peak4_fieldloss_smooth05
run29_sparc_1310,sparc_1310,0.537004,0.750240,0.357766,0.513691,0.648286,0.357196,0.914353,0.907825,0.827580,0.967918,0.720209,0.637541,spectrum_fno48_floor6_smooth1_qc_peak4_fieldloss_smooth05
run29_sparc_1314,sparc_1314,0.537666,0.705946,0.349619,0.521203,0.628917,0.345803,0.902927,0.897004,0.869168,0.932820,0.775912,0.559455,spectrum_fno48_floor6_smooth1_qc_peak4_fieldloss_smooth05
run29_sparc_1315,sparc_1315,0.555351,0.729404,0.355530,0.530058,0.636241,0.353966,0.900450,0.892479,0.789706,0.919414,0.782492,0.640107,spectrum_fno48_floor6_smooth1_qc_peak4_fieldloss_smooth05
run29_sparc_1316,sparc_1316,0.535895,0.734746,0.374941,0.515537,0.635534,0.374233,0.897154,0.892002,0.736458,0.917727,0.795021,0.620857,spectrum_fno48_floor6_smooth1_qc_peak4_fieldloss_smooth05
run29_sparc_1349,sparc_1349,0.486185,0.656640,0.344572,0.477425,0.612506,0.342840,0.883117,0.881277,0.738069,0.890776,0.895169,0.668716,spectrum_fno48_floor6_smooth1_qc_peak4_fieldloss_smooth05
run29_sparc_1354,sparc_1354,0.505964,0.630363,0.349289,0.492377,0.575864,0.342256,0.871388,0.866814,0.719964,0.893797,0.878094,0.676931,spectrum_fno48_floor6_smooth1_qc_peak4_fieldloss_smooth05
run29_sparc_1361,sparc_1361,0.528189,0.774039,0.305671,0.503604,0.634857,0.304644,0.883521,0.880915,0.738457,0.902736,0.907088,0.665582,spectrum_fno48_floor6_smooth1_qc_peak4_fieldloss_smooth05
run29_sparc_1363,sparc_1363,0.528496,0.783404,0.377505,0.503702,0.641778,0.377272,0.886547,0.883904,0.718964,0.886059,0.897974,0.646392,spectrum_fno48_floor6_smooth1_qc_peak4_fieldloss_smooth05
run29_sparc_1365,sparc_1365,0.520284,0.741664,0.306544,0.507807,0.673252,0.303842,0.876169,0.867983,0.726287,0.908210,0.895729,0.648845,spectrum_fno48_floor6_smooth1_qc_peak4_fieldloss_smooth05
run29_sparc_1401,sparc_1401,0.598681,0.668315,0.579753,0.596778,0.610748,0.578595,0.928819,0.930798,0.877694,0.967551,0.970260,0.884921,spectrum_fno48_floor6_smooth1_qc_peak4_fieldloss_smooth05
run29_sparc_1403,sparc_1403,0.411513,0.603110,0.270550,0.407804,0.517926,0.265567,0.935863,0.937372,0.897603,0.978318,0.898209,0.928721,spectrum_fno48_floor6_smooth1_qc_peak4_fieldloss_smooth05
run29_sparc_1408,sparc_1408,0.840101,1.176776,0.828477,0.757882,0.824471,0.643674,0.919340,0.923111,0.850626,0.806298,0.728293,0.698673,spectrum_fno48_floor6_smooth1_qc_peak4_fieldloss_smooth05
run29_sparc_1416,sparc_1416,0.520372,0.715644,0.341904,0.518497,0.646423,0.326076,0.911398,0.906497,0.819167,0.912269,0.885357,0.652464,spectrum_fno48_floor6_smooth1_qc_peak4_fieldloss_smooth05
run29_sparc_1418,sparc_1418,0.546549,0.760704,0.321841,0.529576,0.662530,0.316122,0.891991,0.887883,0.779701,0.904197,0.905829,0.629986,spectrum_fno48_floor6_smooth1_qc_peak4_fieldloss_smooth05
run29_sparc_1419,sparc_1419,0.516655,0.808729,0.321295,0.516459,0.714376,0.314631,0.871036,0.874434,0.670828,0.956444,0.954256,0.539744,spectrum_fno48_floor6_smooth1_qc_peak4_fieldloss_smooth05
run29_sparc_1429,sparc_1429,0.732131,1.006286,0.670596,0.631362,0.839485,0.567150,0.752104,0.706830,0.589376,0.956971,0.881508,0.863127,spectrum_fno48_floor6_smooth1_qc_peak4_fieldloss_smooth05
run29_sparc_1501,sparc_1501,0.726925,0.769718,0.617294,0.722694,0.749680,0.615831,0.857620,0.905653,0.847372,0.939527,0.932429,0.858319,spectrum_fno48_floor6_smooth1_qc_peak4_fieldloss_smooth05
run29_sparc_1507,sparc_1507,0.925241,1.070886,0.487580,0.736654,0.807424,0.487579,0.862807,0.873177,0.811064,0.976241,0.958300,0.879609,spectrum_fno48_floor6_smooth1_qc_peak4_fieldloss_smooth05
run29_sparc_1509,sparc_1509,0.533251,0.719490,0.385563,0.523943,0.654004,0.385143,0.901565,0.901112,0.778677,0.946783,0.817570,0.601156,spectrum_fno48_floor6_smooth1_qc_peak4_fieldloss_smooth05
run29_sparc_1517,sparc_1517,0.523075,0.722495,0.314213,0.518313,0.650790,0.305316,0.903157,0.901609,0.836631,0.965408,0.839449,0.667843,spectrum_fno48_floor6_smooth1_qc_peak4_fieldloss_smooth05
run29_sparc_1528,sparc_1528,0.905273,0.948529,0.764488,0.771331,0.830610,0.706029,0.864808,0.863313,0.798529,0.896055,0.686672,0.742257,spectrum_fno48_floor6_smooth1_qc_peak4_fieldloss_smooth05
run29_sparc_1593,sparc_1593,0.408617,0.634659,0.256682,0.401906,0.541515,0.255309,0.927398,0.920945,0.881888,0.922600,0.805119,0.721547,spectrum_fno48_floor6_smooth1_qc_peak4_fieldloss_smooth05
run2_sparc_1302,sparc_1302,0.734647,0.785799,0.770486,0.681983,0.683143,0.733273,0.844325,0.875886,0.762492,0.967626,0.947835,0.893584,spectrum_fno48_floor6_smooth1_qc_peak4_fieldloss
run2_sparc_1304,sparc_1304,0.589118,0.640281,0.481842,0.584369,0.607582,0.479543,0.881851,0.889777,0.781923,0.953890,0.945531,0.806991,spectrum_fno48_floor6_smooth1_qc_peak4_fieldloss_smooth05
run2_sparc_1306,sparc_1306,0.779462,0.899133,0.729432,0.764882,0.822443,0.710387,0.888181,0.878859,0.767687,0.926121,0.904953,0.848203,spectrum_fno48_floor6_smooth1_qc_peak4_fieldloss_smooth05
run2_sparc_1307,sparc_1307,0.627192,0.746577,0.550726,0.619023,0.732491,0.545864,0.881397,0.856720,0.732586,0.937015,0.939449,0.851001,spectrum_fno48_floor6_smooth1_qc_peak4_fieldloss_smooth05
run2_sparc_1308,sparc_1308,0.860416,0.893202,0.839498,0.857828,0.877321,0.837619,0.875025,0.864142,0.682055,0.950666,0.912930,0.828936,spectrum_fno48_floor6_smooth1_qc_peak4_fieldloss_smooth05
run2_sparc_1317,sparc_1317,0.550203,0.674705,0.343863,0.535013,0.616044,0.343858,0.926260,0.926591,0.872565,0.909101,0.775692,0.669591,spectrum_fno48_floor6_smooth1_qc_peak4_fieldloss_smooth05
run2_sparc_1319,sparc_1319,0.544944,0.686416,0.350317,0.534180,0.616363,0.350225,0.926806,0.929327,0.873897,0.849448,0.771445,0.685148,spectrum_fno48_floor6_smooth1_qc_peak4_fieldloss_smooth05
run2_sparc_1352,sparc_1352,0.577797,0.564684,0.495994,0.577595,0.562976,0.494173,0.924696,0.922847,0.811938,0.870608,0.777170,0.607540,spectrum_fno48_floor6_smooth1_qc_peak4_fieldloss_smooth05
run2_sparc_1401,sparc_1401,0.802063,0.929029,0.612901,0.794893,0.892830,0.612600,0.794081,0.792931,0.790790,0.978952,0.981426,0.898530,spectrum_fno48_floor6_smooth1_qc_peak4_fieldloss_smooth05
run2_sparc_1403,sparc_1403,0.700544,0.776846,0.523087,0.657549,0.696335,0.497007,0.914938,0.925114,0.904698,0.942896,0.731415,0.771074,spectrum_fno48_floor6_smooth1_qc_peak4_fieldloss_smooth05
run2_sparc_1404,sparc_1404,0.577615,0.704206,0.547189,0.565087,0.607637,0.496244,0.887056,0.879145,0.786487,0.964269,0.937993,0.785857,spectrum_fno48_floor6_smooth1_qc_peak4_fieldloss_smooth05
run2_sparc_1406,sparc_1406,0.494315,0.539413,0.346308,0.483869,0.539245,0.339400,0.916719,0.920362,0.826513,0.956437,0.717052,0.616439,spectrum_fno48_floor6_smooth1_qc_peak4_fieldloss_smooth05
run2_sparc_1408,sparc_1408,0.950611,0.967990,0.894770,0.853995,0.867823,0.812913,0.729707,0.777657,0.705393,0.992893,0.962167,0.900942,spectrum_fno48_floor6_smooth1_qc_peak4_fieldloss_smooth05
run2_sparc_1412,sparc_1412,0.577142,0.637286,0.410391,0.566718,0.618856,0.404796,0.931623,0.932221,0.875487,0.930509,0.736823,0.499449,spectrum_fno48_floor6_smooth1_qc_peak4_fieldloss_smooth05
run2_sparc_1414,sparc_1414,0.575969,0.668218,0.409929,0.562996,0.634595,0.409856,0.919643,0.919140,0.825801,0.957404,0.756212,0.581318,spectrum_fno48_floor6_smooth1_qc_peak4_fieldloss_smooth05
run2_sparc_1415,sparc_1415,0.570525,0.689335,0.405739,0.548356,0.647357,0.405738,0.925793,0.924274,0.828214,0.936463,0.797591,0.521872,spectrum_fno48_floor6_smooth1_qc_peak4_fieldloss_smooth05
run2_sparc_1421,sparc_1421,0.531064,0.665966,0.469269,0.531062,0.625040,0.464371,0.914261,0.920721,0.808965,0.869903,0.791733,0.654663,spectrum_fno48_floor6_smooth1_qc_peak4_fieldloss_smooth05
run2_sparc_1501,sparc_1501,0.834444,0.950176,0.706032,0.828210,0.919138,0.686145,0.822841,0.818054,0.826193,0.973068,0.979399,0.860339,spectrum_fno48_floor6_smooth1_qc_peak4_fieldloss_smooth05
run2_sparc_1506,sparc_1506,0.543231,0.565073,0.434003,0.534550,0.564043,0.419782,0.902332,0.908212,0.799694,0.962685,0.819893,0.749446,spectrum_fno48_floor6_smooth1_qc_peak4_fieldloss_smooth05
run2_sparc_1509,sparc_1509,0.630905,0.661306,0.582417,0.629641,0.660437,0.580992,0.902555,0.914018,0.820115,0.933657,0.764549,0.603930,spectrum_fno48_floor6_smooth1_qc_peak4_fieldloss_smooth05
run2_sparc_1514,sparc_1514,0.569695,0.626511,0.409275,0.566521,0.623859,0.408344,0.920403,0.924832,0.839730,0.873018,0.777288,0.563011,spectrum_fno48_floor6_smooth1_qc_peak4_fieldloss_smooth05
run2_sparc_1516,sparc_1516,0.548820,0.646580,0.376846,0.520434,0.605369,0.376700,0.920851,0.924093,0.830929,0.907501,0.753345,0.451603,spectrum_fno48_floor6_smooth1_qc_peak4_fieldloss_smooth05
run2_sparc_1520,sparc_1520,0.518263,0.673351,0.435926,0.516295,0.620664,0.435820,0.922668,0.922916,0.823280,0.775921,0.824611,0.637125,spectrum_fno48_floor6_smooth1_qc_peak4_fieldloss_smooth05
run2_sparc_1521,sparc_1521,0.667565,0.752654,0.613432,0.657675,0.667461,0.608708,0.899652,0.909708,0.791123,0.856522,0.868736,0.709746,spectrum_fno48_floor6_smooth1_qc_peak4_fieldloss_smooth05
run2_sparc_1523,sparc_1523,0.712213,0.780470,0.818156,0.679266,0.720527,0.750814,0.899998,0.907041,0.782459,0.862187,0.781329,0.537474,spectrum_fno48_floor6_smooth1_qc_peak4_fieldloss
run2_sparc_1525,sparc_1525,0.672646,0.710990,0.565877,0.655292,0.653207,0.565877,0.895827,0.872592,0.775462,0.973622,0.959143,0.899480,spectrum_fno48_floor6_smooth1_qc_peak4_fieldloss_smooth05
run30_sparc_1301,sparc_1301,0.622614,0.574657,0.601766,0.566294,0.554929,0.552927,0.950844,0.955335,0.922569,0.965110,0.952660,0.917893,spectrum_fno48_floor6_smooth1_qc_peak4
run30_sparc_1304,sparc_1304,0.905078,1.219751,0.470706,0.786304,0.863769,0.428712,0.892405,0.904312,0.811029,0.888345,0.906645,0.564138,spectrum_fno48_floor6_smooth1_qc_peak4_fieldloss_smooth05
run30_sparc_1314,sparc_1314,0.570392,0.592696,0.338110,0.559454,0.581442,0.331077,0.897910,0.896854,0.851662,0.904903,0.800121,0.539054,spectrum_fno48_floor6_smooth1_qc_peak4_fieldloss_smooth05
run30_sparc_1350,sparc_1350,0.579265,0.592146,0.336010,0.560951,0.579383,0.331221,0.903537,0.901772,0.863516,0.918923,0.780765,0.521990,spectrum_fno48_floor6_smooth1_qc_peak4_fieldloss_smooth05
run30_sparc_1352,sparc_1352,0.590522,0.611239,0.379007,0.568106,0.595494,0.378999,0.881214,0.884616,0.719579,0.940632,0.760892,0.582902,spectrum_fno48_floor6_smooth1_qc_peak4_fieldloss_smooth05
run30_sparc_1355,sparc_1355,0.500061,0.595090,0.309171,0.490733,0.574201,0.308694,0.875574,0.874758,0.693017,0.899015,0.905587,0.668586,spectrum_fno48_floor6_smooth1_qc_peak4_fieldloss_smooth05
run30_sparc_1359,sparc_1359,0.497294,0.600780,0.311294,0.490490,0.580508,0.308379,0.889555,0.894024,0.764526,0.947088,0.855622,0.666697,spectrum_fno48_floor6_smooth1_qc_peak4_fieldloss_smooth05
run30_sparc_1363,sparc_1363,0.521633,0.677235,0.338881,0.510504,0.630735,0.337576,0.861215,0.861660,0.667762,0.928989,0.881051,0.648701,spectrum_fno48_floor6_smooth1_qc_peak4_fieldloss_smooth05
run30_sparc_1407,sparc_1407,1.029493,1.421874,0.505037,0.799234,0.881381,0.478002,0.934183,0.925089,0.850495,0.863604,0.835936,0.552100,spectrum_fno48_floor6_smooth1_qc_peak4_fieldloss_smooth05
run30_sparc_1409,sparc_1409,0.953086,0.832558,0.457821,0.730157,0.719078,0.417995,0.888233,0.881045,0.757263,0.933228,0.898632,0.727043,spectrum_fno48_floor6_smooth1_qc_peak4_fieldloss_smooth05
run30_sparc_1411,sparc_1411,0.590592,0.674998,0.331524,0.563706,0.625935,0.330594,0.907751,0.904244,0.821843,0.960520,0.733500,0.688233,spectrum_fno48_floor6_smooth1_qc_peak4_fieldloss_smooth05
run30_sparc_1424,sparc_1424,1.263631,1.554375,0.699347,0.822030,0.891403,0.584684,0.934397,0.921593,0.859284,0.884770,0.899891,0.684133,spectrum_fno48_floor6_smooth1_qc_peak4_fieldloss_smooth05
run30_sparc_1426,sparc_1426,0.971072,0.958103,0.516081,0.766377,0.740883,0.440712,0.936029,0.935966,0.881415,0.860695,0.717658,0.605615,spectrum_fno48_floor6_smooth1_qc_peak4_fieldloss_smooth05
run30_sparc_1504,sparc_1504,0.907315,0.965797,0.469557,0.802939,0.841815,0.461834,0.891657,0.894920,0.852014,0.965395,0.928717,0.745838,spectrum_fno48_floor6_smooth1_qc_peak4_fieldloss_smooth05
run30_sparc_1505,sparc_1505,1.145963,1.276919,0.525413,0.820262,0.855594,0.458471,0.915681,0.908445,0.828864,0.933438,0.826434,0.736362,spectrum_fno48_floor6_smooth1_qc_peak4_fieldloss_smooth05
run30_sparc_1508,sparc_1508,0.866654,1.067748,0.466246,0.734166,0.791056,0.445655,0.918407,0.919336,0.842704,0.904525,0.884599,0.701602,spectrum_fno48_floor6_smooth1_qc_peak4_fieldloss_smooth05
run30_sparc_1522,sparc_1522,0.511482,0.972617,0.330969,0.510989,0.765566,0.322304,0.874064,0.872608,0.688196,0.865473,0.849994,0.587574,spectrum_fno48_floor6_smooth1_qc_peak4_fieldloss_smooth05
run30_sparc_1528,sparc_1528,0.814369,1.159475,0.491683,0.726264,0.902711,0.435247,0.895750,0.869590,0.747987,0.868585,0.740870,0.692041,spectrum_fno48_floor6_smooth1_qc_peak4_fieldloss_smooth05
run31_sparc_1301,sparc_1301,1.153770,1.098169,1.248637,0.878344,0.869644,0.946141,0.871698,0.891357,0.833173,0.993207,0.990994,0.977456,spectrum_fno48_floor6_smooth1_qc_peak4
run31_sparc_1304,sparc_1304,0.594622,0.615023,0.468028,0.594234,0.613867,0.455067,0.909218,0.901008,0.841893,0.914516,0.879829,0.719796,spectrum_fno48_floor6_smooth1_qc_peak4_fieldloss_smooth05
run31_sparc_1309,sparc_1309,0.936272,0.949432,0.959994,0.908735,0.918704,0.911068,0.334617,0.221903,0.265203,0.975657,0.970436,0.844374,spectrum_fno48_floor6_smooth1_qc_peak4_fieldloss
run31_sparc_1361,sparc_1361,0.703909,0.724527,0.538274,0.661376,0.676471,0.523644,0.922623,0.926215,0.823661,0.820188,0.717736,0.645631,spectrum_fno48_floor6_smooth1_qc_peak4_fieldloss_smooth05
run31_sparc_1401,sparc_1401,1.081879,1.096710,0.838513,0.868984,0.854608,0.718637,0.887962,0.900469,0.913318,0.990799,0.986981,0.950478,spectrum_fno48_floor6_smooth1_qc_peak4_fieldloss_smooth05
run31_sparc_1403,sparc_1403,0.615256,0.625675,0.412979,0.589998,0.611914,0.409733,0.936806,0.940756,0.901052,0.889322,0.795345,0.653447,spectrum_fno48_floor6_smooth1_qc_peak4_fieldloss_smooth05
run31_sparc_1406,sparc_1406,0.648371,0.659431,0.715952,0.607918,0.648708,0.688910,0.919780,0.922665,0.825693,0.944248,0.928851,0.880229,spectrum_fno48_floor6_smooth1_qc_peak4_fieldloss
run31_sparc_1412,sparc_1412,0.631843,0.606454,0.462247,0.609769,0.598991,0.460696,0.924626,0.925864,0.843619,0.934242,0.835147,0.688468,spectrum_fno48_floor6_smooth1_qc_peak4_fieldloss_smooth05
run31_sparc_1413,sparc_1413,0.691158,0.614912,0.468273,0.613252,0.600024,0.458097,0.925420,0.927134,0.842982,0.922514,0.839533,0.683705,spectrum_fno48_floor6_smooth1_qc_peak4_fieldloss_smooth05
run31_sparc_1418,sparc_1418,0.631587,0.768414,0.511291,0.599528,0.699376,0.498592,0.929012,0.928306,0.832286,0.930532,0.833376,0.728512,spectrum_fno48_floor6_smooth1_qc_peak4_fieldloss_smooth05
run31_sparc_1421,sparc_1421,0.754885,0.732169,0.676676,0.747006,0.718456,0.645775,0.888659,0.895817,0.759769,0.924123,0.935021,0.776293,spectrum_fno48_floor6_smooth1_qc_peak4_fieldloss_smooth05
run31_sparc_1426,sparc_1426,0.726751,0.699714,0.681222,0.680404,0.678231,0.669185,0.903805,0.899133,0.821390,0.901478,0.891457,0.722330,spectrum_fno48_floor6_smooth1_qc_peak4_fieldloss_smooth05
run31_sparc_1440,sparc_1440,0.635131,0.609312,0.519326,0.625174,0.609185,0.518041,0.918462,0.928827,0.830110,0.927547,0.889586,0.660847,spectrum_fno48_floor6_smooth1_qc_peak4_fieldloss_smooth05
run31_sparc_1441,sparc_1441,0.653757,0.618108,0.538810,0.642232,0.617637,0.537853,0.913066,0.925661,0.827953,0.938168,0.896320,0.668686,spectrum_fno48_floor6_smooth1_qc_peak4_fieldloss_smooth05
run31_sparc_1500,sparc_1500,0.362615,0.451563,0.237382,0.358107,0.392972,0.234108,0.990081,0.991631,0.991280,0.979154,0.891796,0.967753,spectrum_fno48_floor6_smooth1_qc_peak4_fieldloss_smooth05
run31_sparc_1501,sparc_1501,0.843560,0.825639,0.640170,0.799067,0.782554,0.634967,0.862649,0.898741,0.886274,0.992393,0.986726,0.941342,spectrum_fno48_floor6_smooth1_qc_peak4_fieldloss_smooth05
run31_sparc_1502,sparc_1502,0.574025,0.745881,0.336700,0.573556,0.718957,0.336030,0.918747,0.920373,0.922677,0.907203,0.947829,0.778869,spectrum_fno48_floor6_smooth1_qc_peak4_fieldloss_smooth05
run31_sparc_1507,sparc_1507,0.515687,0.597263,0.390957,0.515678,0.590833,0.370451,0.909984,0.922321,0.830377,0.918901,0.903578,0.581285,spectrum_fno48_floor6_smooth1_qc_peak4_fieldloss_smooth05
run31_sparc_1513,sparc_1513,0.666014,0.659640,0.517916,0.666012,0.654350,0.517057,0.926755,0.928648,0.833187,0.940449,0.822810,0.584169,spectrum_fno48_floor6_smooth1_qc_peak4_fieldloss_smooth05
run31_sparc_1525,sparc_1525,0.598748,0.668082,0.551308,0.590182,0.643459,0.512832,0.917936,0.904421,0.841513,0.920652,0.906627,0.717905,spectrum_fno48_floor6_smooth1_qc_peak4_fieldloss_smooth05
run31_sparc_1528,sparc_1528,0.736432,0.734196,0.765105,0.702076,0.702960,0.760817,0.914219,0.915697,0.844037,0.954532,0.935865,0.854666,spectrum_fno48_floor6_smooth1_qc_peak4
run31_sparc_1530,sparc_1530,1.037485,0.631002,0.404586,0.987884,0.548876,0.385298,0.117388,0.960259,0.932692,0.996337,0.642087,0.929398,spectrum_fno48_floor6_smooth1_qc_peak4_fieldloss_smooth05
run31_sparc_1593,sparc_1593,0.541462,0.591042,0.460281,0.541295,0.588108,0.425252,0.941987,0.944270,0.896680,0.924793,0.860030,0.882227,spectrum_fno48_floor6_smooth1_qc_peak4_fieldloss_smooth05
run32_sparc_1300,sparc_1300,0.272062,0.681408,0.700215,0.242328,0.635288,0.685839,0.993886,0.992572,0.989205,0.750053,0.442031,0.960105,spectrum_fno48_floor6_smooth1_qc_peak4_fieldloss
run32_sparc_1302,sparc_1302,0.861734,0.885424,0.751715,0.795861,0.793470,0.691555,0.879897,0.860031,0.817355,0.973324,0.938781,0.820596,spectrum_fno48_floor6_smooth1_qc_peak4_fieldloss_smooth05
run32_sparc_1305,sparc_1305,0.618226,0.659925,0.526859,0.614260,0.655538,0.523457,0.913411,0.903018,0.816281,0.921811,0.909134,0.619883,spectrum_fno48_floor6_smooth1_qc_peak4_fieldloss_smooth05
run32_sparc_1315,sparc_1315,0.540435,0.608739,0.341180,0.536497,0.593094,0.340597,0.914457,0.917753,0.823346,0.908430,0.869656,0.584561,spectrum_fno48_floor6_smooth1_qc_peak4_fieldloss_smooth05
run32_sparc_1353,sparc_1353,0.491798,0.647169,0.390414,0.491527,0.633524,0.384009,0.920836,0.925870,0.825694,0.926867,0.918841,0.534005,spectrum_fno48_floor6_smooth1_qc_peak4_fieldloss_smooth05
run32_sparc_1355,sparc_1355,0.542031,0.582283,0.436495,0.537567,0.558929,0.436180,0.891677,0.897056,0.768698,0.837720,0.870226,0.661988,spectrum_fno48_floor6_smooth1_qc_peak4_fieldloss_smooth05
run32_sparc_1358,sparc_1358,0.543690,0.530845,0.390345,0.526535,0.521177,0.386382,0.915395,0.921430,0.817009,0.868918,0.799498,0.626478,spectrum_fno48_floor6_smooth1_qc_peak4_fieldloss_smooth05
run32_sparc_1402,sparc_1402,0.538701,0.655506,0.383430,0.538479,0.649274,0.381197,0.933433,0.936704,0.909762,0.910365,0.869284,0.803413,spectrum_fno48_floor6_smooth1_qc_peak4_fieldloss_smooth05
run32_sparc_1422,sparc_1422,0.822813,0.884167,0.882755,0.772765,0.783816,0.799192,0.857704,0.878174,0.731527,0.948652,0.908401,0.796258,spectrum_fno48_floor6_smooth1_qc_peak4_fieldloss
run32_sparc_1501,sparc_1501,0.737794,0.746494,0.673972,0.735270,0.745779,0.672131,0.869723,0.919953,0.877031,0.974612,0.976916,0.828032,spectrum_fno48_floor6_smooth1_qc_peak4_fieldloss_smooth05
run32_sparc_1507,sparc_1507,0.580227,0.676759,0.446056,0.569196,0.631225,0.444665,0.919743,0.919375,0.828999,0.937912,0.789377,0.562631,spectrum_fno48_floor6_smooth1_qc_peak4_fieldloss_smooth05
run32_sparc_1517,sparc_1517,0.508411,0.550122,0.363533,0.508257,0.549723,0.344981,0.919335,0.926898,0.827447,0.839477,0.883584,0.674808,spectrum_fno48_floor6_smooth1_qc_peak4_fieldloss_smooth05
run32_sparc_1524,sparc_1524,0.919763,0.875747,0.828111,0.831598,0.829346,0.784188,0.819043,0.817563,0.650750,0.930342,0.911574,0.735937,spectrum_fno48_floor6_smooth1_qc_peak4_fieldloss_smooth05
run32_sparc_1526,sparc_1526,0.640920,0.749943,0.565325,0.640385,0.706340,0.563629,0.882734,0.871428,0.780650,0.951352,0.944420,0.703772,spectrum_fno48_floor6_smooth1_qc_peak4_fieldloss_smooth05
run32_sparc_1529,sparc_1529,0.649687,0.624931,0.563209,0.647411,0.624860,0.561102,0.880898,0.913762,0.837392,0.972565,0.971521,0.850896,spectrum_fno48_floor6_smooth1_qc_peak4_fieldloss_smooth05
run33_sparc_1303,sparc_1303,0.667902,0.992703,0.355526,0.622349,0.836943,0.341996,0.925821,0.935543,0.884997,0.917895,0.764960,0.746625,spectrum_fno48_floor6_smooth1_qc_peak4_fieldloss_smooth05
run33_sparc_1308,sparc_1308,0.687353,0.776493,0.556834,0.687244,0.756543,0.553491,0.924756,0.923223,0.829274,0.949616,0.879694,0.769134,spectrum_fno48_floor6_smooth1_qc_peak4_fieldloss_smooth05
run33_sparc_1310,sparc_1310,0.727372,0.918248,0.507144,0.626637,0.804957,0.466007,0.890454,0.885702,0.815971,0.872134,0.804213,0.651925,spectrum_fno48_floor6_smooth1_qc_peak4_fieldloss_smooth05
run33_sparc_1351,sparc_1351,0.595928,0.738445,0.424245,0.578317,0.725920,0.421330,0.880758,0.882915,0.757640,0.941270,0.618464,0.657197,spectrum_fno48_floor6_smooth1_qc_peak4_fieldloss_smooth05
run33_sparc_1361,sparc_1361,0.474115,0.782397,0.347761,0.468100,0.712478,0.347194,0.896301,0.886989,0.763825,0.892520,0.865221,0.713104,spectrum_fno48_floor6_smooth1_qc_peak4_fieldloss_smooth05
run33_sparc_1363,sparc_1363,0.515775,0.733881,0.425287,0.515659,0.697419,0.425220,0.890842,0.888195,0.714667,0.858826,0.892197,0.796748,spectrum_fno48_floor6_smooth1_qc_peak4_fieldloss_smooth05
run33_sparc_1411,sparc_1411,0.643628,0.793846,0.449635,0.592514,0.731845,0.439267,0.894976,0.892178,0.752705,0.874158,0.815478,0.648007,spectrum_fno48_floor6_smooth1_qc_peak4_fieldloss_smooth05
run33_sparc_1420,sparc_1420,0.556366,0.697838,0.452098,0.554992,0.664045,0.452066,0.894917,0.884302,0.722569,0.944967,0.918772,0.660572,spectrum_fno48_floor6_smooth1_qc_peak4_fieldloss_smooth05
run33_sparc_1425,sparc_1425,1.535639,1.444921,0.880857,0.795749,0.823282,0.576202,0.947616,0.927465,0.870229,0.934826,0.894431,0.807749,spectrum_fno48_floor6_smooth1_qc_peak4_fieldloss_smooth05
run33_sparc_1440,sparc_1440,0.967024,1.298698,0.569085,0.726580,0.810980,0.447385,0.937245,0.945516,0.892108,0.915118,0.843290,0.705946,spectrum_fno48_floor6_smooth1_qc_peak4_fieldloss_smooth05
run33_sparc_1441,sparc_1441,0.929264,1.260213,0.545143,0.720049,0.807191,0.440625,0.937954,0.946196,0.891975,0.916822,0.842593,0.713956,spectrum_fno48_floor6_smooth1_qc_peak4_fieldloss_smooth05
run33_sparc_1502,sparc_1502,0.765583,0.863679,0.564180,0.696924,0.756292,0.543392,0.940221,0.940516,0.922626,0.817562,0.755816,0.697299,spectrum_fno48_floor6_smooth1_qc_peak4_fieldloss_smooth05
run33_sparc_1503,sparc_1503,0.701204,1.246761,0.421941,0.661361,0.857407,0.397430,0.938690,0.937609,0.884430,0.847668,0.802955,0.787316,spectrum_fno48_floor6_smooth1_qc_peak4_fieldloss_smooth05
run33_sparc_1506,sparc_1506,0.908755,1.119035,0.514886,0.728065,0.770844,0.450389,0.936529,0.940703,0.870651,0.928233,0.846113,0.776484,spectrum_fno48_floor6_smooth1_qc_peak4_fieldloss_smooth05
run33_sparc_1511,sparc_1511,0.609097,0.780199,0.413764,0.570005,0.722738,0.401786,0.903715,0.902856,0.844169,0.873759,0.784295,0.686266,spectrum_fno48_floor6_smooth1_qc_peak4_fieldloss_smooth05
run33_sparc_1512,sparc_1512,0.615774,0.757004,0.407613,0.568574,0.719480,0.401367,0.896902,0.894265,0.801626,0.893378,0.763289,0.689025,spectrum_fno48_floor6_smooth1_qc_peak4_fieldloss_smooth05
run33_sparc_1521,sparc_1521,0.619031,0.749635,0.351846,0.591398,0.694022,0.351647,0.866953,0.871914,0.704290,0.949065,0.807140,0.607677,spectrum_fno48_floor6_smooth1_qc_peak4_fieldloss_smooth05
run33_sparc_1529,sparc_1529,0.983980,1.254270,0.711366,0.777506,0.923130,0.593278,0.855851,0.818346,0.737573,0.895476,0.826921,0.691180,spectrum_fno48_floor6_smooth1_qc_peak4_fieldloss_smooth05
run34_sparc_1315,sparc_1315,0.662822,0.709338,0.547698,0.614387,0.643172,0.497727,0.923420,0.932494,0.857810,0.962692,0.812142,0.754800,spectrum_fno48_floor6_smooth1_qc_peak4_fieldloss_smooth05
run34_sparc_1349,sparc_1349,0.629959,0.720294,0.635055,0.618902,0.609004,0.634047,0.812328,0.859527,0.821549,0.979319,0.894575,0.824215,spectrum_fno48_floor6_smooth1_qc_peak4_fieldloss
run34_sparc_1360,sparc_1360,0.489730,0.602185,0.317782,0.464355,0.598594,0.317498,0.924850,0.934601,0.871612,0.979351,0.905583,0.896180,spectrum_fno48_floor6_smooth1_qc_peak4_fieldloss_smooth05
run34_sparc_1363,sparc_1363,0.734075,0.917404,0.553701,0.713650,0.787188,0.551116,0.916266,0.911898,0.823990,0.900156,0.874592,0.746285,spectrum_fno48_floor6_smooth1_qc_peak4_fieldloss_smooth05
run34_sparc_1400,sparc_1400,0.475169,0.496857,0.396557,0.474825,0.496695,0.375182,0.978863,0.987635,0.980237,0.792216,0.725674,0.761174,spectrum_fno48_floor6_smooth1_qc_peak4_fieldloss_smooth05
run34_sparc_1401,sparc_1401,0.800362,0.964609,0.630870,0.709963,0.831055,0.523191,0.943076,0.940335,0.896968,0.817330,0.739686,0.585114,spectrum_fno48_floor6_smooth1_qc_peak4_fieldloss_smooth05
run34_sparc_1406,sparc_1406,0.697071,0.681504,0.561595,0.673677,0.662447,0.541379,0.945243,0.942659,0.880120,0.868167,0.762232,0.693892,spectrum_fno48_floor6_smooth1_qc_peak4_fieldloss_smooth05
run34_sparc_1415,sparc_1415,0.584353,0.559107,0.480602,0.561053,0.557708,0.471218,0.921416,0.936657,0.866420,0.966392,0.914721,0.842081,spectrum_fno48_floor6_smooth1_qc_peak4_fieldloss_smooth05
run34_sparc_1417,sparc_1417,0.527496,1.071197,0.575618,0.516210,0.645355,0.498085,0.920685,0.898072,0.834738,0.910373,0.851489,0.843339,spectrum_fno48_floor6_smooth1_qc_peak4_fieldloss
run34_sparc_1423,sparc_1423,0.868521,1.080232,0.761838,0.707838,0.711511,0.648811,0.950413,0.950960,0.893975,0.887441,0.844991,0.649294,spectrum_fno48_floor6_smooth1_qc_peak4_fieldloss_smooth05
run34_sparc_1515,sparc_1515,0.542020,0.620493,0.466636,0.538176,0.581296,0.448184,0.929735,0.940140,0.867646,0.966197,0.869559,0.809901,spectrum_fno48_floor6_smooth1_qc_peak4_fieldloss_smooth05
run35_sparc_1307,sparc_1307,0.725394,1.057285,1.105744,0.653586,0.823684,0.746706,0.764148,0.817386,0.583729,0.969000,0.964644,0.913832,spectrum_fno48_floor6_smooth1_qc_peak4_fieldloss
run35_sparc_1315,sparc_1315,0.541399,0.660521,0.384008,0.536194,0.639647,0.378608,0.930862,0.928690,0.870327,0.895303,0.874211,0.645408,spectrum_fno48_floor6_smooth1_qc_peak4_fieldloss_smooth05
run35_sparc_1317,sparc_1317,0.636074,0.627492,0.370820,0.594626,0.598310,0.369363,0.931487,0.933464,0.878769,0.901204,0.812864,0.668442,spectrum_fno48_floor6_smooth1_qc_peak4_fieldloss_smooth05
run35_sparc_1351,sparc_1351,0.582899,0.624720,0.422850,0.549472,0.583721,0.422509,0.931077,0.932295,0.839761,0.860299,0.859869,0.727511,spectrum_fno48_floor6_smooth1_qc_peak4_fieldloss_smooth05
run35_sparc_1357,sparc_1357,0.673194,0.624610,0.962511,0.660627,0.617904,0.836537,0.909632,0.907513,0.792015,0.900313,0.809758,0.686358,spectrum_fno48_floor6_smooth1_qc_peak4
run35_sparc_1400,sparc_1400,0.344420,0.412993,0.384600,0.314329,0.367311,0.369055,0.992580,0.993906,0.992552,0.926801,0.935274,0.979535,spectrum_fno48_floor6_smooth1_qc_peak4_fieldloss
run35_sparc_1404,sparc_1404,0.499221,0.558621,0.401198,0.497959,0.551811,0.400147,0.934501,0.938716,0.848836,0.914858,0.925037,0.760761,spectrum_fno48_floor6_smooth1_qc_peak4_fieldloss_smooth05
run35_sparc_1407,sparc_1407,0.574063,0.660554,0.424561,0.566151,0.619405,0.420719,0.912212,0.914638,0.823701,0.901954,0.848777,0.558605,spectrum_fno48_floor6_smooth1_qc_peak4_fieldloss_smooth05
run35_sparc_1409,sparc_1409,0.739354,0.777823,0.612638,0.721286,0.762241,0.612621,0.883766,0.890826,0.797211,0.898333,0.802091,0.566363,spectrum_fno48_floor6_smooth1_qc_peak4_fieldloss_smooth05
run35_sparc_1412,sparc_1412,0.597505,0.628797,0.428980,0.584180,0.605269,0.425359,0.933411,0.927831,0.845375,0.951256,0.880893,0.746131,spectrum_fno48_floor6_smooth1_qc_peak4_fieldloss_smooth05
run35_sparc_1413,sparc_1413,0.600732,0.622945,0.414657,0.577868,0.593381,0.414585,0.935642,0.929790,0.848873,0.950400,0.884937,0.720513,spectrum_fno48_floor6_smooth1_qc_peak4_fieldloss_smooth05
run35_sparc_1415,sparc_1415,0.589964,0.659890,0.397832,0.559078,0.623037,0.395217,0.928215,0.928406,0.840901,0.928086,0.721698,0.518644,spectrum_fno48_floor6_smooth1_qc_peak4_fieldloss_smooth05
run35_sparc_1419,sparc_1419,0.758754,0.712214,0.760202,0.729301,0.694851,0.705264,0.885132,0.892558,0.747945,0.922159,0.910022,0.716862,spectrum_fno48_floor6_smooth1_qc_peak4
run35_sparc_1421,sparc_1421,0.634553,0.681155,0.733380,0.629260,0.673653,0.677394,0.890965,0.888501,0.784867,0.909479,0.908961,0.639760,spectrum_fno48_floor6_smooth1_qc_peak4_fieldloss
run35_sparc_1427,sparc_1427,0.654590,0.696896,0.575076,0.644546,0.685878,0.575068,0.880941,0.899445,0.805417,0.937009,0.894027,0.744853,spectrum_fno48_floor6_smooth1_qc_peak4_fieldloss_smooth05
run35_sparc_1430,sparc_1430,0.835033,0.826520,0.643052,0.833785,0.826455,0.635891,0.787374,0.898279,0.838078,0.991681,0.988123,0.924462,spectrum_fno48_floor6_smooth1_qc_peak4_fieldloss_smooth05
run35_sparc_1440,sparc_1440,0.566286,0.640207,0.451653,0.565360,0.636502,0.429615,0.932230,0.936664,0.914806,0.805446,0.797792,0.709562,spectrum_fno48_floor6_smooth1_qc_peak4_fieldloss_smooth05
run35_sparc_1501,sparc_1501,0.854058,0.826831,0.815752,0.820506,0.783224,0.797037,0.881054,0.900618,0.874998,0.985430,0.982238,0.928450,spectrum_fno48_floor6_smooth1_qc_peak4_fieldloss_smooth05
run35_sparc_1515,sparc_1515,0.537674,0.590729,0.367342,0.534781,0.590459,0.364453,0.930831,0.929651,0.845897,0.867325,0.785072,0.627775,spectrum_fno48_floor6_smooth1_qc_peak4_fieldloss_smooth05
run35_sparc_1518,sparc_1518,0.547803,0.615222,0.357507,0.532255,0.575894,0.357276,0.915812,0.914750,0.814773,0.829314,0.838507,0.778647,spectrum_fno48_floor6_smooth1_qc_peak4_fieldloss_smooth05
run35_sparc_1519,sparc_1519,0.767123,0.718620,0.734857,0.721127,0.686666,0.688981,0.919565,0.916723,0.805421,0.894146,0.912346,0.701727,spectrum_fno48_floor6_smooth1_qc_peak4
run35_sparc_1520,sparc_1520,0.610872,0.691811,0.533252,0.586555,0.671389,0.532787,0.917656,0.918465,0.821441,0.786805,0.889644,0.471291,spectrum_fno48_floor6_smooth1_qc_peak4_fieldloss_smooth05
run35_sparc_1522,sparc_1522,0.825743,0.828078,0.858156,0.766434,0.787724,0.791544,0.867105,0.869021,0.732437,0.893611,0.821391,0.641613,spectrum_fno48_floor6_smooth1_qc_peak4_fieldloss
run35_sparc_1525,sparc_1525,0.621649,0.630207,0.547313,0.617043,0.629645,0.542139,0.889879,0.905065,0.800370,0.934951,0.882714,0.726603,spectrum_fno48_floor6_smooth1_qc_peak4_fieldloss_smooth05
run36_sparc_1302,sparc_1302,0.679038,1.101275,0.489632,0.634290,0.810130,0.478837,0.908885,0.906843,0.860802,0.947460,0.795512,0.778338,spectrum_fno48_floor6_smooth1_qc_peak4_fieldloss_smooth05
run36_sparc_1306,sparc_1306,1.405048,1.483417,0.996788,0.904289,0.915124,0.760799,0.915001,0.910575,0.806989,0.906400,0.921585,0.715006,spectrum_fno48_floor6_smooth1_qc_peak4_fieldloss_smooth05
run36_sparc_1307,sparc_1307,0.847689,1.014798,0.671940,0.739905,0.776534,0.590871,0.901679,0.906355,0.829396,0.967810,0.943069,0.819660,spectrum_fno48_floor6_smooth1_qc_peak4_fieldloss_smooth05
run36_sparc_1353,sparc_1353,0.495306,0.690947,0.348479,0.493001,0.641787,0.344866,0.875421,0.884001,0.735606,0.907699,0.923102,0.631135,spectrum_fno48_floor6_smooth1_qc_peak4_fieldloss_smooth05
run36_sparc_1355,sparc_1355,0.518137,0.595535,0.333185,0.507317,0.565719,0.332013,0.899503,0.900503,0.757778,0.926920,0.827597,0.692915,spectrum_fno48_floor6_smooth1_qc_peak4_fieldloss_smooth05
run36_sparc_1358,sparc_1358,0.530293,0.615993,0.343418,0.512161,0.578632,0.343389,0.889017,0.889270,0.740009,0.914509,0.860046,0.703394,spectrum_fno48_floor6_smooth1_qc_peak4_fieldloss_smooth05
run36_sparc_1364,sparc_1364,0.509839,0.757208,0.390787,0.504258,0.715543,0.388325,0.878780,0.878671,0.728859,0.889527,0.910608,0.692093,spectrum_fno48_floor6_smooth1_qc_peak4_fieldloss_smooth05
run36_sparc_1400,sparc_1400,0.412093,0.472854,0.415367,0.411421,0.463703,0.414412,0.985320,0.990272,0.984493,0.900684,0.901453,0.870259,spectrum_fno48_floor6_smooth1_qc_peak4_fieldloss
run36_sparc_1414,sparc_1414,0.583823,0.670441,0.340770,0.557730,0.640064,0.338939,0.905601,0.905509,0.833288,0.899456,0.653509,0.588808,spectrum_fno48_floor6_smooth1_qc_peak4_fieldloss_smooth05
run36_sparc_1417,sparc_1417,0.559125,0.635985,0.339017,0.552178,0.621264,0.334860,0.906019,0.907391,0.818691,0.911653,0.720995,0.554875,spectrum_fno48_floor6_smooth1_qc_peak4_fieldloss_smooth05
run36_sparc_1426,sparc_1426,0.948506,1.245307,0.485806,0.747630,0.802523,0.415851,0.923015,0.915492,0.863229,0.866086,0.817381,0.650446,spectrum_fno48_floor6_smooth1_qc_peak4_fieldloss_smooth05
run36_sparc_1502,sparc_1502,0.670629,1.075844,0.410381,0.618718,0.790461,0.406560,0.870152,0.881038,0.893338,0.956949,0.778121,0.817744,spectrum_fno48_floor6_smooth1_qc_peak4_fieldloss_smooth05
run36_sparc_1507,sparc_1507,1.122314,1.474549,0.811359,0.824415,0.901176,0.702404,0.912996,0.917231,0.840588,0.884593,0.821742,0.599014,spectrum_fno48_floor6_smooth1_qc_peak4_fieldloss_smooth05
run36_sparc_1513,sparc_1513,0.557858,0.619722,0.342889,0.553597,0.609179,0.340605,0.912343,0.911836,0.826617,0.945646,0.631748,0.604526,spectrum_fno48_floor6_smooth1_qc_peak4_fieldloss_smooth05
run36_sparc_1522,sparc_1522,0.539608,0.821376,0.354435,0.509490,0.674904,0.353110,0.889860,0.895821,0.737048,0.843826,0.881497,0.634315,spectrum_fno48_floor6_smooth1_qc_peak4_fieldloss_smooth05
run36_sparc_1523,sparc_1523,0.524076,0.871476,0.363485,0.517043,0.711399,0.363365,0.891533,0.890313,0.727967,0.880715,0.866184,0.585832,spectrum_fno48_floor6_smooth1_qc_peak4_fieldloss_smooth05
run36_sparc_1525,sparc_1525,1.065665,1.159941,0.617454,0.790331,0.803907,0.516711,0.940009,0.930399,0.873153,0.836322,0.678972,0.576530,spectrum_fno48_floor6_smooth1_qc_peak4_fieldloss_smooth05
run36_sparc_1527,sparc_1527,0.931832,1.177958,0.474787,0.808607,0.859974,0.467648,0.910935,0.842538,0.839657,0.899219,0.847360,0.748782,spectrum_fno48_floor6_smooth1_qc_peak4_fieldloss_smooth05
run36_sparc_1529,sparc_1529,1.219469,1.253567,1.049284,0.889417,0.885507,0.809051,0.787918,0.808041,0.728908,0.924836,0.920283,0.736153,spectrum_fno48_floor6_smooth1_qc_peak4_fieldloss_smooth05
run36_sparc_1530,sparc_1530,0.755930,0.703492,0.690621,0.753454,0.696769,0.690420,0.893056,0.917453,0.906829,0.983590,0.976769,0.939324,spectrum_fno48_floor6_smooth1_qc_peak4_fieldloss_smooth05
run37_sparc_1300,sparc_1300,0.688700,0.706768,0.702355,0.638300,0.657237,0.629930,0.921823,0.959689,0.938278,0.913013,0.864337,0.862217,spectrum_fno48_floor6_smooth1_qc_peak4_fieldloss
run37_sparc_1305,sparc_1305,0.888149,0.895405,0.484142,0.713042,0.722127,0.456799,0.924855,0.927750,0.846897,0.908803,0.784653,0.590600,spectrum_fno48_floor6_smooth1_qc_peak4_fieldloss_smooth05
run37_sparc_1306,sparc_1306,0.831703,0.903207,0.687137,0.754000,0.765397,0.623319,0.860323,0.870940,0.791744,0.956455,0.934509,0.766918,spectrum_fno48_floor6_smooth1_qc_peak4_fieldloss_smooth05
run37_sparc_1313,sparc_1313,0.671850,0.688775,0.417333,0.647077,0.673674,0.374487,0.941498,0.944075,0.894942,0.940848,0.810940,0.675222,spectrum_fno48_floor6_smooth1_qc_peak4_fieldloss_smooth05
run37_sparc_1314,sparc_1314,0.661634,0.677447,0.413831,0.641702,0.665227,0.369738,0.941893,0.945189,0.894447,0.948771,0.811365,0.685522,spectrum_fno48_floor6_smooth1_qc_peak4_fieldloss_smooth05
run37_sparc_1317,sparc_1317,0.682301,0.680822,0.439892,0.680290,0.674076,0.397599,0.915206,0.926463,0.880502,0.926852,0.814914,0.751964,spectrum_fno48_floor6_smooth1_qc_peak4_fieldloss_smooth05
run37_sparc_1318,sparc_1318,0.675942,0.678371,0.421693,0.675023,0.670145,0.380347,0.929551,0.935522,0.907455,0.890511,0.724953,0.744419,spectrum_fno48_floor6_smooth1_qc_peak4_fieldloss_smooth05
run37_sparc_1359,sparc_1359,0.661597,0.691356,0.393604,0.654501,0.690457,0.366137,0.934468,0.935367,0.879157,0.891030,0.764721,0.683029,spectrum_fno48_floor6_smooth1_qc_peak4_fieldloss_smooth05
run37_sparc_1364,sparc_1364,0.706601,0.741375,0.431192,0.698906,0.740276,0.399603,0.929678,0.933092,0.853745,0.905930,0.786640,0.640922,spectrum_fno48_floor6_smooth1_qc_peak4_fieldloss_smooth05
run37_sparc_1400,sparc_1400,0.650750,0.617010,0.586255,0.650348,0.616879,0.579851,0.947114,0.969381,0.952455,0.941448,0.852748,0.874536,spectrum_fno48_floor6_smooth1_qc_peak4_fieldloss_smooth05
run37_sparc_1402,sparc_1402,0.767145,0.685954,0.298151,0.545325,0.630067,0.255504,0.928127,0.938595,0.927557,0.955368,0.877977,0.903128,spectrum_fno48_floor6_smooth1_qc_peak4_fieldloss_smooth05
run37_sparc_1403,sparc_1403,0.828880,0.997923,0.397926,0.739810,0.777570,0.397867,0.902214,0.916415,0.887390,0.943380,0.847516,0.845120,spectrum_fno48_floor6_smooth1_qc_peak4_fieldloss_smooth05
run37_sparc_1406,sparc_1406,0.875535,0.953271,0.455267,0.742636,0.792531,0.446086,0.934459,0.938975,0.871646,0.907098,0.900363,0.726405,spectrum_fno48_floor6_smooth1_qc_peak4_fieldloss_smooth05
run37_sparc_1407,sparc_1407,0.742594,0.886375,0.446081,0.713404,0.766183,0.445531,0.929854,0.932022,0.858857,0.869421,0.828371,0.618010,spectrum_fno48_floor6_smooth1_qc_peak4_fieldloss_smooth05
run37_sparc_1408,sparc_1408,0.700214,0.726219,0.467983,0.698633,0.715406,0.467408,0.920457,0.928829,0.852949,0.923624,0.920133,0.663338,spectrum_fno48_floor6_smooth1_qc_peak4_fieldloss_smooth05
run37_sparc_1413,sparc_1413,0.682676,0.723843,0.437310,0.668526,0.712492,0.383388,0.939739,0.942277,0.887752,0.930134,0.824697,0.693081,spectrum_fno48_floor6_smooth1_qc_peak4_fieldloss_smooth05
run37_sparc_1414,sparc_1414,0.665635,0.694709,0.424507,0.637564,0.677852,0.373756,0.940191,0.943947,0.881614,0.914833,0.798465,0.640070,spectrum_fno48_floor6_smooth1_qc_peak4_fieldloss_smooth05
run37_sparc_1423,sparc_1423,0.672603,0.725462,0.413009,0.672586,0.704323,0.372387,0.907934,0.910277,0.850794,0.860007,0.805305,0.606431,spectrum_fno48_floor6_smooth1_qc_peak4_fieldloss_smooth05
run37_sparc_1425,sparc_1425,0.661208,0.683139,0.349273,0.661208,0.681397,0.344898,0.930398,0.933438,0.873280,0.860206,0.666722,0.474128,spectrum_fno48_floor6_smooth1_qc_peak4_fieldloss_smooth05
run37_sparc_1500,sparc_1500,0.575263,0.548628,0.531204,0.573510,0.547478,0.531203,0.959694,0.976979,0.957645,0.921399,0.862967,0.864414,spectrum_fno48_floor6_smooth1_qc_peak4_fieldloss_smooth05
run37_sparc_1501,sparc_1501,1.040001,1.086836,0.584388,0.767688,0.846936,0.523180,0.925425,0.930974,0.885581,0.923043,0.910177,0.811949,spectrum_fno48_floor6_smooth1_qc_peak4_fieldloss_smooth05
run37_sparc_1505,sparc_1505,0.788259,0.803351,0.455434,0.705759,0.719317,0.452973,0.922535,0.918304,0.852141,0.899562,0.837837,0.636307,spectrum_fno48_floor6_smooth1_qc_peak4_fieldloss_smooth05
run37_sparc_1511,sparc_1511,0.689171,0.731701,0.464062,0.661033,0.711404,0.387677,0.939339,0.940451,0.893289,0.923624,0.866986,0.672399,spectrum_fno48_floor6_smooth1_qc_peak4_fieldloss_smooth05
run37_sparc_1517,sparc_1517,0.672483,0.693219,0.415273,0.660044,0.685283,0.382320,0.931833,0.933275,0.863557,0.875918,0.808671,0.630425,spectrum_fno48_floor6_smooth1_qc_peak4_fieldloss_smooth05
run37_sparc_1520,sparc_1520,0.680219,0.697758,0.417285,0.666895,0.693369,0.383350,0.935447,0.933124,0.866071,0.914491,0.843770,0.675585,spectrum_fno48_floor6_smooth1_qc_peak4_fieldloss_smooth05
run37_sparc_1528,sparc_1528,0.689953,0.645625,0.402029,0.679579,0.639604,0.393040,0.896072,0.897757,0.805337,0.928918,0.767262,0.742106,spectrum_fno48_floor6_smooth1_qc_peak4_fieldloss_smooth05
run38_sparc_1300,sparc_1300,0.402097,0.418647,0.308146,0.397722,0.403255,0.290054,0.984033,0.975845,0.983603,0.882050,0.604993,0.912430,spectrum_fno48_floor6_smooth1_qc_peak4_fieldloss_smooth05
run38_sparc_1308,sparc_1308,0.632040,0.883307,0.433076,0.604731,0.770710,0.428213,0.907302,0.902518,0.822031,0.908699,0.929810,0.626876,spectrum_fno48_floor6_smooth1_qc_peak4_fieldloss_smooth05
run38_sparc_1309,sparc_1309,0.529624,0.628075,0.392831,0.526886,0.614544,0.389826,0.910926,0.907534,0.744699,0.903866,0.882514,0.790094,spectrum_fno48_floor6_smooth1_qc_peak4_fieldloss_smooth05
run38_sparc_1310,sparc_1310,0.532697,0.580982,0.360986,0.514772,0.559094,0.353655,0.897997,0.913761,0.798064,0.869761,0.647185,0.723482,spectrum_fno48_floor6_smooth1_qc_peak4_fieldloss_smooth05
run38_sparc_1311,sparc_1311,0.534171,0.550916,0.387382,0.521037,0.540639,0.367743,0.897464,0.914596,0.791045,0.889022,0.580656,0.757036,spectrum_fno48_floor6_smooth1_qc_peak4_fieldloss_smooth05
run38_sparc_1350,sparc_1350,0.492587,0.518665,0.331221,0.483592,0.497466,0.322802,0.919395,0.924601,0.905228,0.838237,0.687241,0.745281,spectrum_fno48_floor6_smooth1_qc_peak4_fieldloss_smooth05
run38_sparc_1351,sparc_1351,0.503997,0.519388,0.339329,0.478849,0.491445,0.332440,0.926123,0.923438,0.806267,0.909424,0.779795,0.732540,spectrum_fno48_floor6_smooth1_qc_peak4_fieldloss_smooth05
run38_sparc_1353,sparc_1353,0.436098,0.552040,0.289616,0.432569,0.552040,0.280630,0.900295,0.901463,0.761085,0.891985,0.827327,0.700684,spectrum_fno48_floor6_smooth1_qc_peak4_fieldloss_smooth05
run38_sparc_1354,sparc_1354,0.490734,0.545533,0.342389,0.489879,0.545530,0.336827,0.857466,0.878375,0.742887,0.937282,0.815556,0.784862,spectrum_fno48_floor6_smooth1_qc_peak4_fieldloss_smooth05
run38_sparc_1357,sparc_1357,0.505332,0.578343,0.331894,0.502859,0.567926,0.331893,0.906767,0.907056,0.775404,0.908707,0.750230,0.633057,spectrum_fno48_floor6_smooth1_qc_peak4_fieldloss_smooth05
run38_sparc_1359,sparc_1359,0.418092,0.518727,0.286112,0.417935,0.505805,0.286112,0.907456,0.914892,0.807221,0.904420,0.860425,0.602404,spectrum_fno48_floor6_smooth1_qc_peak4_fieldloss_smooth05
run38_sparc_1362,sparc_1362,0.418363,0.511772,0.290111,0.416981,0.505384,0.286843,0.884663,0.889330,0.764790,0.898399,0.877258,0.772260,spectrum_fno48_floor6_smooth1_qc_peak4_fieldloss_smooth05
run38_sparc_1402,sparc_1402,0.670463,0.836551,0.353656,0.598648,0.623499,0.352636,0.892890,0.927577,0.941794,0.950840,0.887299,0.736815,spectrum_fno48_floor6_smooth1_qc_peak4_fieldloss_smooth05
run38_sparc_1414,sparc_1414,0.563370,0.576426,0.390430,0.524036,0.534671,0.380574,0.930408,0.931505,0.868723,0.778604,0.575792,0.383702,spectrum_fno48_floor6_smooth1_qc_peak4_fieldloss_smooth05
run38_sparc_1423,sparc_1423,1.458270,1.798826,1.456487,0.872873,0.906056,0.837714,0.793186,0.801371,0.669620,0.949659,0.859056,0.901124,spectrum_fno48_floor6_smooth1_qc_peak4_fieldloss_smooth05
run38_sparc_1426,sparc_1426,0.805271,1.022807,0.649092,0.689992,0.826207,0.630315,0.656045,0.407982,0.545851,0.978587,0.968470,0.910360,spectrum_fno48_floor6_smooth1_qc_peak4_fieldloss_smooth05
run38_sparc_1503,sparc_1503,0.709825,1.129050,0.473804,0.520691,0.800103,0.424731,0.903660,0.887617,0.836071,0.960722,0.933708,0.793504,spectrum_fno48_floor6_smooth1_qc_peak4_fieldloss_smooth05
run38_sparc_1513,sparc_1513,0.584600,0.606049,0.385824,0.508764,0.552388,0.367585,0.936254,0.937172,0.842694,0.892528,0.619788,0.785068,spectrum_fno48_floor6_smooth1_qc_peak4_fieldloss_smooth05
run38_sparc_1514,sparc_1514,0.564558,0.585245,0.378051,0.503283,0.542298,0.375537,0.930916,0.930016,0.822045,0.861736,0.676679,0.756633,spectrum_fno48_floor6_smooth1_qc_peak4_fieldloss_smooth05
run38_sparc_1515,sparc_1515,0.541619,0.560789,0.369786,0.496627,0.524621,0.360590,0.928909,0.928509,0.824205,0.883653,0.682273,0.752439,spectrum_fno48_floor6_smooth1_qc_peak4_fieldloss_smooth05
run38_sparc_1516,sparc_1516,0.490501,0.549567,0.339983,0.484715,0.515908,0.338146,0.924430,0.925278,0.814075,0.888655,0.723622,0.666735,spectrum_fno48_floor6_smooth1_qc_peak4_fieldloss_smooth05
run38_sparc_1519,sparc_1519,0.496914,0.610025,0.350389,0.491562,0.575536,0.349020,0.903452,0.902931,0.773905,0.922818,0.796634,0.478693,spectrum_fno48_floor6_smooth1_qc_peak4_fieldloss_smooth05
run39_sparc_1313,sparc_1313,0.555996,0.625182,0.352057,0.546387,0.611888,0.351659,0.914489,0.913249,0.899869,0.901942,0.721915,0.632213,spectrum_fno48_floor6_smooth1_qc_peak4_fieldloss_smooth05
run39_sparc_1316,sparc_1316,0.550047,0.643464,0.366208,0.539470,0.626273,0.365193,0.868175,0.879041,0.722859,0.946374,0.840461,0.673691,spectrum_fno48_floor6_smooth1_qc_peak4_fieldloss_smooth05
run39_sparc_1351,sparc_1351,0.557356,0.651829,0.366913,0.546858,0.628411,0.366877,0.902409,0.903745,0.741409,0.915893,0.704314,0.597716,spectrum_fno48_floor6_smooth1_qc_peak4_fieldloss_smooth05
run39_sparc_1352,sparc_1352,0.567545,0.741221,0.393518,0.559749,0.664138,0.393127,0.895312,0.899014,0.767777,0.854512,0.782494,0.548048,spectrum_fno48_floor6_smooth1_qc_peak4_fieldloss_smooth05
run39_sparc_1358,sparc_1358,0.483371,0.590785,0.302479,0.476293,0.569896,0.301422,0.886672,0.896287,0.743859,0.940736,0.906481,0.646924,spectrum_fno48_floor6_smooth1_qc_peak4_fieldloss_smooth05
run39_sparc_1364,sparc_1364,0.537595,0.706656,0.419156,0.533081,0.664157,0.418687,0.874103,0.880024,0.738094,0.824219,0.890538,0.688618,spectrum_fno48_floor6_smooth1_qc_peak4_fieldloss_smooth05
run39_sparc_1404,sparc_1404,0.724905,0.887346,0.404152,0.668352,0.707258,0.391491,0.900906,0.918738,0.864731,0.957927,0.942543,0.829722,spectrum_fno48_floor6_smooth1_qc_peak4_fieldloss_smooth05
run39_sparc_1406,sparc_1406,1.169478,1.260657,0.707487,0.777401,0.810825,0.507279,0.937580,0.942980,0.876781,0.886487,0.873551,0.663650,spectrum_fno48_floor6_smooth1_qc_peak4_fieldloss_smooth05
run39_sparc_1413,sparc_1413,0.585854,0.661513,0.371274,0.559283,0.629937,0.358293,0.907522,0.905540,0.850820,0.896848,0.763341,0.576979,spectrum_fno48_floor6_smooth1_qc_peak4_fieldloss_smooth05
run39_sparc_1415,sparc_1415,0.558603,0.620893,0.345464,0.547457,0.586327,0.345453,0.904643,0.903992,0.811345,0.935679,0.740782,0.649792,spectrum_fno48_floor6_smooth1_qc_peak4_fieldloss_smooth05
run39_sparc_1420,sparc_1420,0.524958,0.646845,0.340259,0.515733,0.616912,0.337346,0.898903,0.896707,0.776437,0.858792,0.896039,0.561449,spectrum_fno48_floor6_smooth1_qc_peak4_fieldloss_smooth05
run39_sparc_1423,sparc_1423,1.110586,1.594831,0.697201,0.769429,0.830625,0.544975,0.940393,0.951169,0.896090,0.947996,0.782930,0.687031,spectrum_fno48_floor6_smooth1_qc_peak4_fieldloss_smooth05
run39_sparc_1425,sparc_1425,0.941224,1.243234,0.748937,0.753209,0.813176,0.542458,0.942436,0.924603,0.869377,0.869246,0.885690,0.713683,spectrum_fno48_floor6_smooth1_qc_peak4_fieldloss_smooth05
run39_sparc_1507,sparc_1507,0.971979,1.253697,0.499034,0.756957,0.826879,0.467894,0.931874,0.937292,0.875062,0.885355,0.869054,0.600067,spectrum_fno48_floor6_smooth1_qc_peak4_fieldloss_smooth05
run39_sparc_1513,sparc_1513,0.582691,0.643712,0.360097,0.553521,0.605505,0.355157,0.910737,0.913113,0.811723,0.904082,0.666947,0.567478,spectrum_fno48_floor6_smooth1_qc_peak4_fieldloss_smooth05
run39_sparc_1520,sparc_1520,0.523766,0.638011,0.398709,0.523349,0.617885,0.396969,0.883059,0.888804,0.738341,0.942269,0.929080,0.567866,spectrum_fno48_floor6_smooth1_qc_peak4_fieldloss_smooth05
run39_sparc_1522,sparc_1522,0.502980,0.670389,0.360450,0.502767,0.652251,0.353393,0.899250,0.892840,0.758396,0.942943,0.739069,0.429263,spectrum_fno48_floor6_smooth1_qc_peak4_fieldloss_smooth05
run39_sparc_1524,sparc_1524,0.607039,0.935398,0.448864,0.598067,0.780442,0.448863,0.878867,0.876777,0.742344,0.915066,0.872843,0.655295,spectrum_fno48_floor6_smooth1_qc_peak4_fieldloss_smooth05
run39_sparc_1525,sparc_1525,0.929665,1.082412,0.489713,0.727022,0.816146,0.442017,0.943458,0.939004,0.887641,0.887135,0.817197,0.700260,spectrum_fno48_floor6_smooth1_qc_peak4_fieldloss_smooth05
run3_sparc_1301,sparc_1301,0.691776,0.784877,0.666277,0.679632,0.772532,0.623444,0.909842,0.917168,0.923130,0.977614,0.988763,0.889415,spectrum_fno48_floor6_smooth1_qc_peak4_fieldloss_smooth05
run3_sparc_1307,sparc_1307,0.559272,0.932292,0.411287,0.550531,0.753764,0.410729,0.917405,0.919407,0.843899,0.877800,0.946421,0.619166,spectrum_fno48_floor6_smooth1_qc_peak4_fieldloss_smooth05
run3_sparc_1311,sparc_1311,0.652647,0.924308,0.426840,0.601651,0.833340,0.426810,0.906780,0.892213,0.829644,0.908321,0.878172,0.752308,spectrum_fno48_floor6_smooth1_qc_peak4_fieldloss_smooth05
run3_sparc_1314,sparc_1314,0.604098,0.730823,0.382606,0.581161,0.685930,0.377430,0.920824,0.921877,0.898899,0.874032,0.690898,0.684502,spectrum_fno48_floor6_smooth1_qc_peak4_fieldloss_smooth05
run3_sparc_1319,sparc_1319,0.584870,0.699001,0.402369,0.557945,0.657630,0.397065,0.925636,0.929922,0.864849,0.925507,0.716433,0.532909,spectrum_fno48_floor6_smooth1_qc_peak4_fieldloss_smooth05
run3_sparc_1349,sparc_1349,0.550282,0.745930,0.438138,0.535963,0.686433,0.437104,0.904316,0.906513,0.787143,0.900779,0.890147,0.537146,spectrum_fno48_floor6_smooth1_qc_peak4_fieldloss_smooth05
run3_sparc_1352,sparc_1352,0.636772,0.725846,0.537381,0.625997,0.683634,0.535616,0.921899,0.920352,0.832598,0.919746,0.550315,0.463186,spectrum_fno48_floor6_smooth1_qc_peak4_fieldloss_smooth05
run3_sparc_1355,sparc_1355,0.663016,0.724805,0.577892,0.646932,0.675220,0.524055,0.917774,0.914102,0.803591,0.912016,0.816418,0.560326,spectrum_fno48_floor6_smooth1_qc_peak4_fieldloss_smooth05
run3_sparc_1365,sparc_1365,0.757439,0.789468,0.578278,0.691848,0.688114,0.540205,0.909205,0.914089,0.811769,0.949974,0.855628,0.659662,spectrum_fno48_floor6_smooth1_qc_peak4_fieldloss_smooth05
run3_sparc_1401,sparc_1401,0.737754,0.877317,0.595228,0.714762,0.774512,0.526310,0.914553,0.919858,0.917776,0.986236,0.986918,0.898236,spectrum_fno48_floor6_smooth1_qc_peak4_fieldloss_smooth05
run3_sparc_1402,sparc_1402,0.595851,0.667867,0.407961,0.584682,0.644080,0.406041,0.934540,0.944955,0.913137,0.910880,0.869237,0.843540,spectrum_fno48_floor6_smooth1_qc_peak4_fieldloss_smooth05
run3_sparc_1404,sparc_1404,0.531083,0.568092,0.456537,0.528901,0.567868,0.440030,0.929167,0.935510,0.849682,0.931070,0.920772,0.811425,spectrum_fno48_floor6_smooth1_qc_peak4_fieldloss_smooth05
run3_sparc_1410,sparc_1410,0.679420,1.009415,0.503862,0.636594,0.864296,0.446136,0.913760,0.890035,0.835250,0.615836,0.844247,0.634169,spectrum_fno48_floor6_smooth1_qc_peak4_fieldloss_smooth05
run3_sparc_1420,sparc_1420,0.636567,0.779698,0.559617,0.610551,0.770531,0.547642,0.892534,0.893999,0.795972,0.948724,0.921234,0.778819,spectrum_fno48_floor6_smooth1_qc_peak4_fieldloss_smooth05
run3_sparc_1423,sparc_1423,0.623059,0.702987,0.569821,0.616214,0.641634,0.553085,0.913270,0.908250,0.813859,0.947534,0.924976,0.774329,spectrum_fno48_floor6_smooth1_qc_peak4_fieldloss_smooth05
run3_sparc_1425,sparc_1425,0.808086,0.779627,0.767155,0.788525,0.759042,0.746166,0.848031,0.866608,0.792938,0.977042,0.959131,0.891966,spectrum_fno48_floor6_smooth1_qc_peak4_fieldloss_smooth05
run3_sparc_1503,sparc_1503,0.559952,0.604289,0.456774,0.559946,0.604208,0.454846,0.941802,0.940019,0.885119,0.910308,0.886359,0.696693,spectrum_fno48_floor6_smooth1_qc_peak4_fieldloss_smooth05
run3_sparc_1504,sparc_1504,0.629994,0.634389,0.552728,0.613063,0.621485,0.513290,0.915215,0.917532,0.837953,0.933543,0.897816,0.738724,spectrum_fno48_floor6_smooth1_qc_peak4_fieldloss_smooth05
run3_sparc_1505,sparc_1505,0.662928,0.657041,0.565219,0.657062,0.650741,0.563184,0.923188,0.923045,0.845806,0.961530,0.933303,0.766794,spectrum_fno48_floor6_smooth1_qc_peak4_fieldloss_smooth05
run3_sparc_1508,sparc_1508,0.812574,1.127557,0.769450,0.723589,0.988141,0.683480,0.814296,0.848827,0.815643,0.853936,0.388044,0.529676,spectrum_fno48_floor6_smooth1_qc_peak4_fieldloss_smooth05
run3_sparc_1518,sparc_1518,0.571755,0.897487,0.412832,0.555051,0.803795,0.410798,0.901062,0.897805,0.815410,0.940419,0.900090,0.744328,spectrum_fno48_floor6_smooth1_qc_peak4_fieldloss_smooth05
run3_sparc_1520,sparc_1520,0.717818,0.853154,0.765586,0.642953,0.743402,0.712297,0.891320,0.897268,0.792949,0.941433,0.920384,0.757050,spectrum_fno48_floor6_smooth1_qc_peak4_fieldloss
run3_sparc_1521,sparc_1521,0.811056,0.841033,0.701240,0.742547,0.751239,0.674541,0.896242,0.892494,0.765937,0.950131,0.935801,0.718892,spectrum_fno48_floor6_smooth1_qc_peak4_fieldloss_smooth05
run3_sparc_1527,sparc_1527,0.625832,0.636836,0.600220,0.625437,0.635402,0.597071,0.914059,0.913604,0.842960,0.979775,0.955320,0.827121,spectrum_fno48_floor6_smooth1_qc_peak4_fieldloss_smooth05
run40_sparc_1303,sparc_1303,0.473567,0.632583,0.447211,0.469749,0.569787,0.408756,0.912990,0.912752,0.833689,0.944619,0.925986,0.770659,spectrum_fno48_floor6_smooth1_qc_peak4_fieldloss_smooth05
run40_sparc_1304,sparc_1304,0.561522,0.699739,0.483875,0.551340,0.678569,0.455517,0.901229,0.891132,0.790998,0.951530,0.908015,0.857390,spectrum_fno48_floor6_smooth1_qc_peak4_fieldloss_smooth05
run40_sparc_1308,sparc_1308,1.123851,1.225451,0.850781,0.798156,0.827577,0.693349,0.897576,0.902659,0.807482,0.940293,0.880799,0.716808,spectrum_fno48_floor6_smooth1_qc_peak4_fieldloss_smooth05
run40_sparc_1309,sparc_1309,0.585855,0.711116,0.415958,0.560038,0.650149,0.415781,0.906783,0.900181,0.777659,0.912730,0.904207,0.723880,spectrum_fno48_floor6_smooth1_qc_peak4_fieldloss_smooth05
run40_sparc_1314,sparc_1314,0.495954,0.512331,0.302769,0.479478,0.495088,0.298615,0.929422,0.929530,0.879786,0.874988,0.655814,0.673897,spectrum_fno48_floor6_smooth1_qc_peak4_fieldloss_smooth05
run40_sparc_1319,sparc_1319,0.497571,0.589623,0.294938,0.476974,0.544868,0.293885,0.927205,0.931715,0.880151,0.849696,0.833647,0.639691,spectrum_fno48_floor6_smooth1_qc_peak4_fieldloss_smooth05
run40_sparc_1350,sparc_1350,0.495051,0.515904,0.302303,0.479824,0.496229,0.302167,0.929753,0.929958,0.881892,0.867524,0.684009,0.672976,spectrum_fno48_floor6_smooth1_qc_peak4_fieldloss_smooth05
run40_sparc_1353,sparc_1353,0.459293,0.622915,0.318002,0.458093,0.593411,0.309294,0.916013,0.909900,0.806786,0.892956,0.882334,0.657231,spectrum_fno48_floor6_smooth1_qc_peak4_fieldloss_smooth05
run40_sparc_1362,sparc_1362,0.451430,0.541450,0.315619,0.450572,0.530432,0.303429,0.911272,0.913432,0.794860,0.923203,0.882397,0.683281,spectrum_fno48_floor6_smooth1_qc_peak4_fieldloss_smooth05
run40_sparc_1363,sparc_1363,0.461567,0.573873,0.340507,0.461558,0.563968,0.340506,0.913473,0.910126,0.811104,0.883650,0.908228,0.814094,spectrum_fno48_floor6_smooth1_qc_peak4_fieldloss_smooth05
run40_sparc_1402,sparc_1402,0.678787,0.661030,0.427628,0.663855,0.660938,0.423829,0.883767,0.903761,0.910304,0.936161,0.920725,0.782054,spectrum_fno48_floor6_smooth1_qc_peak4_fieldloss_smooth05
run40_sparc_1403,sparc_1403,0.521847,0.543546,0.355155,0.501570,0.542076,0.330085,0.918431,0.914340,0.882654,0.957624,0.916738,0.809579,spectrum_fno48_floor6_smooth1_qc_peak4_fieldloss_smooth05
run40_sparc_1408,sparc_1408,1.490555,1.630318,1.547960,0.964856,0.980602,0.974310,0.507818,0.517318,0.559563,0.949565,0.939813,0.853599,spectrum_fno48_floor6_smooth1_qc_peak4_fieldloss
run40_sparc_1409,sparc_1409,0.510886,0.603704,0.354239,0.508757,0.592138,0.352626,0.926388,0.924401,0.816094,0.946273,0.891598,0.736265,spectrum_fno48_floor6_smooth1_qc_peak4_fieldloss_smooth05
run40_sparc_1421,sparc_1421,0.542527,0.550598,0.475718,0.541068,0.548586,0.472890,0.905058,0.907076,0.798825,0.906805,0.672667,0.544354,spectrum_fno48_floor6_smooth1_qc_peak4_fieldloss_smooth05
run40_sparc_1426,sparc_1426,0.651925,0.708494,0.620622,0.651909,0.700076,0.617815,0.898610,0.890344,0.772248,0.981466,0.853876,0.834594,spectrum_fno48_floor6_smooth1_qc_peak4_fieldloss_smooth05
run40_sparc_1501,sparc_1501,0.614143,0.619757,0.578695,0.581799,0.574315,0.567095,0.916008,0.933187,0.863412,0.857054,0.893373,0.705592,spectrum_fno48_floor6_smooth1_qc_peak4_fieldloss_smooth05
run40_sparc_1503,sparc_1503,0.556492,0.560505,0.391731,0.538054,0.557304,0.371263,0.918544,0.918914,0.838781,0.948869,0.879935,0.729514,spectrum_fno48_floor6_smooth1_qc_peak4_fieldloss_smooth05
run40_sparc_1508,sparc_1508,1.334817,1.542818,1.572635,0.970253,0.982576,0.976426,0.496680,0.509481,0.557138,0.950530,0.942117,0.859746,spectrum_fno48_floor6_smooth1_qc_peak4_fieldloss
run40_sparc_1514,sparc_1514,0.512942,0.536135,0.303307,0.493086,0.504831,0.301567,0.931461,0.934056,0.849992,0.837618,0.848568,0.492811,spectrum_fno48_floor6_smooth1_qc_peak4_fieldloss_smooth05
run40_sparc_1524,sparc_1524,0.706664,0.740611,0.601292,0.678707,0.697485,0.588645,0.893627,0.887174,0.766848,0.837300,0.685612,0.585143,spectrum_fno48_floor6_smooth1_qc_peak4_fieldloss_smooth05
run40_sparc_1525,sparc_1525,0.630750,0.693398,0.558874,0.625660,0.672131,0.558827,0.887077,0.884906,0.760011,0.970524,0.852489,0.861877,spectrum_fno48_floor6_smooth1_qc_peak4_fieldloss_smooth05
run40_sparc_1530,sparc_1530,0.976807,0.682754,0.608927,0.895819,0.564462,0.539448,0.599279,0.852172,0.887556,0.996879,0.996485,0.978866,spectrum_fno48_floor6_smooth1_qc_peak4_fieldloss_smooth05
run41_sparc_1301,sparc_1301,0.461348,0.597678,0.372742,0.452793,0.536533,0.367889,0.925979,0.939253,0.896449,0.935117,0.951636,0.772261,spectrum_fno48_floor6_smooth1_qc_peak4_fieldloss_smooth05
run41_sparc_1302,sparc_1302,0.678829,0.928450,0.342936,0.621734,0.755012,0.323617,0.920636,0.931509,0.865265,0.953770,0.897239,0.814008,spectrum_fno48_floor6_smooth1_qc_peak4_fieldloss_smooth05
run41_sparc_1303,sparc_1303,0.809655,0.948291,0.242447,0.679671,0.786931,0.224563,0.918993,0.920622,0.870508,0.857784,0.749102,0.627055,spectrum_fno48_floor6_smooth1_qc_peak4_fieldloss_smooth05
run41_sparc_1306,sparc_1306,1.167677,1.252617,0.917022,0.809696,0.894038,0.657310,0.889761,0.868594,0.729715,0.900960,0.909483,0.692284,spectrum_fno48_floor6_smooth1_qc_peak4_fieldloss_smooth05
run41_sparc_1315,sparc_1315,1.551569,1.563499,1.718894,0.835659,0.909897,0.913213,0.580234,0.586193,0.459857,0.962081,0.950418,0.728297,spectrum_fno48_floor6_smooth1_qc_peak4_fieldloss
run41_sparc_1318,sparc_1318,0.684501,0.832012,0.666467,0.682314,0.773613,0.663737,0.862274,0.874583,0.718995,0.875404,0.724280,0.638856,spectrum_fno48_floor6_smooth1_qc_peak4_fieldloss_smooth05
run41_sparc_1319,sparc_1319,0.572884,0.758482,0.453390,0.569274,0.704441,0.431258,0.881947,0.883970,0.741393,0.945510,0.821967,0.769546,spectrum_fno48_floor6_smooth1_qc_peak4_fieldloss_smooth05
run41_sparc_1354,sparc_1354,0.857514,1.046451,0.950824,0.670557,0.734341,0.632081,0.800454,0.815215,0.684805,0.954715,0.937521,0.813351,spectrum_fno48_floor6_smooth1_qc_peak4_fieldloss
run41_sparc_1404,sparc_1404,0.841963,1.113588,0.365687,0.670247,0.765406,0.288257,0.922576,0.926516,0.856300,0.928241,0.785674,0.537792,spectrum_fno48_floor6_smooth1_qc_peak4_fieldloss_smooth05
run41_sparc_1416,sparc_1416,0.632660,0.601798,0.246481,0.605518,0.597991,0.245662,0.877712,0.893206,0.777532,0.917881,0.767680,0.703463,spectrum_fno48_floor6_smooth1_qc_peak4_fieldloss_smooth05
run41_sparc_1420,sparc_1420,0.685653,0.774112,0.392265,0.632691,0.680993,0.381486,0.858361,0.819621,0.654914,0.815669,0.842632,0.729015,spectrum_fno48_floor6_smooth1_qc_peak4_fieldloss_smooth05
run41_sparc_1502,sparc_1502,0.678509,1.036215,0.338725,0.624514,0.756524,0.326832,0.932510,0.949587,0.928016,0.936624,0.878247,0.774253,spectrum_fno48_floor6_smooth1_qc_peak4_fieldloss_smooth05
run41_sparc_1506,sparc_1506,1.127157,1.176559,0.671154,0.772614,0.832439,0.542238,0.928380,0.933985,0.869569,0.923046,0.889565,0.652544,spectrum_fno48_floor6_smooth1_qc_peak4_fieldloss_smooth05
run41_sparc_1507,sparc_1507,0.916256,1.259671,0.323840,0.726338,0.818805,0.319841,0.930570,0.932841,0.859631,0.920340,0.788555,0.687538,spectrum_fno48_floor6_smooth1_qc_peak4_fieldloss_smooth05
run41_sparc_1510,sparc_1510,0.630492,0.627653,0.254605,0.595758,0.613452,0.245967,0.923230,0.920531,0.853242,0.874102,0.686028,0.679146,spectrum_fno48_floor6_smooth1_qc_peak4_fieldloss_smooth05
run41_sparc_1520,sparc_1520,0.660359,0.625694,0.269911,0.620858,0.619643,0.262804,0.911912,0.897245,0.757941,0.860986,0.696367,0.675970,spectrum_fno48_floor6_smooth1_qc_peak4_fieldloss_smooth05
run41_sparc_1521,sparc_1521,0.690527,0.686629,0.311152,0.617834,0.658151,0.291936,0.912478,0.906227,0.802699,0.849725,0.584564,0.607009,spectrum_fno48_floor6_smooth1_qc_peak4_fieldloss_smooth05
run41_sparc_1525,sparc_1525,0.750059,0.878295,0.338656,0.631155,0.692510,0.271214,0.933660,0.934310,0.863761,0.829144,0.645638,0.491286,spectrum_fno48_floor6_smooth1_qc_peak4_fieldloss_smooth05
run41_sparc_1526,sparc_1526,0.765729,0.893024,0.435230,0.636793,0.692969,0.337226,0.925017,0.929481,0.874984,0.861146,0.827094,0.576507,spectrum_fno48_floor6_smooth1_qc_peak4_fieldloss_smooth05
run42_sparc_1317,sparc_1317,0.655283,0.766526,0.470161,0.625610,0.717838,0.437613,0.903458,0.902511,0.844109,0.960479,0.610215,0.627762,spectrum_fno48_floor6_smooth1_qc_peak4_fieldloss_smooth05
run42_sparc_1354,sparc_1354,0.723280,0.735315,0.446264,0.714726,0.735266,0.395046,0.884470,0.882372,0.791533,0.916721,0.892587,0.619328,spectrum_fno48_floor6_smooth1_qc_peak4_fieldloss_smooth05
run42_sparc_1356,sparc_1356,0.799065,0.802101,0.445173,0.799059,0.798625,0.433476,0.898766,0.900079,0.801567,0.963405,0.750867,0.614165,spectrum_fno48_floor6_smooth1_qc_peak4_fieldloss_smooth05
run42_sparc_1359,sparc_1359,0.504626,0.761500,0.363021,0.486889,0.711813,0.351762,0.910650,0.906745,0.852073,0.942939,0.836928,0.658191,spectrum_fno48_floor6_smooth1_qc_peak4_fieldloss_smooth05
run42_sparc_1363,sparc_1363,0.545195,0.687919,0.364224,0.545177,0.651957,0.361614,0.898945,0.897772,0.835213,0.887068,0.798363,0.737128,spectrum_fno48_floor6_smooth1_qc_peak4_fieldloss_smooth05
run42_sparc_1364,sparc_1364,0.540804,0.631528,0.309375,0.540799,0.626032,0.309128,0.874483,0.880989,0.793936,0.922708,0.634811,0.571232,spectrum_fno48_floor6_smooth1_qc_peak4_fieldloss_smooth05
run42_sparc_1365,sparc_1365,0.481666,0.792607,0.356498,0.475742,0.707502,0.349999,0.897059,0.889232,0.797723,0.876719,0.800832,0.690202,spectrum_fno48_floor6_smooth1_qc_peak4_fieldloss_smooth05
run42_sparc_1404,sparc_1404,0.772627,0.976644,0.482330,0.701171,0.798831,0.450123,0.921615,0.922777,0.858949,0.870223,0.849081,0.581237,spectrum_fno48_floor6_smooth1_qc_peak4_fieldloss_smooth05
run42_sparc_1411,sparc_1411,0.576613,0.625435,0.203440,0.574673,0.624624,0.194522,0.901957,0.909325,0.850671,0.883010,0.487898,0.656591,spectrum_fno48_floor6_smooth1_qc_peak4_fieldloss_smooth05
run42_sparc_1418,sparc_1418,0.748510,0.803861,0.713852,0.647622,0.734539,0.539388,0.899659,0.895266,0.787268,0.919134,0.773851,0.674281,spectrum_fno48_floor6_smooth1_qc_peak4_fieldloss_smooth05
run42_sparc_1423,sparc_1423,0.730127,0.773785,0.626383,0.675808,0.700770,0.572435,0.928050,0.937654,0.869966,0.761708,0.760857,0.536342,spectrum_fno48_floor6_smooth1_qc_peak4_fieldloss_smooth05
run42_sparc_1424,sparc_1424,0.689901,0.847295,0.718976,0.658402,0.750545,0.667561,0.940817,0.946076,0.895361,0.835628,0.801189,0.500831,spectrum_fno48_floor6_smooth1_qc_peak4_fieldloss
run42_sparc_1503,sparc_1503,0.931358,0.957420,0.432979,0.707918,0.741549,0.428032,0.947353,0.945411,0.893169,0.912252,0.780490,0.641795,spectrum_fno48_floor6_smooth1_qc_peak4_fieldloss_smooth05
run42_sparc_1508,sparc_1508,0.613224,0.660172,0.242793,0.611031,0.640300,0.237224,0.928658,0.930419,0.845792,0.886177,0.734558,0.715639,spectrum_fno48_floor6_smooth1_qc_peak4_fieldloss_smooth05
run42_sparc_1511,sparc_1511,0.623247,0.656735,0.201524,0.616883,0.652004,0.201503,0.912411,0.894218,0.834527,0.896759,0.449457,0.587726,spectrum_fno48_floor6_smooth1_qc_peak4_fieldloss_smooth05
run42_sparc_1512,sparc_1512,0.600612,0.642435,0.233297,0.591002,0.640272,0.226156,0.893097,0.889362,0.783372,0.894432,0.670531,0.690656,spectrum_fno48_floor6_smooth1_qc_peak4_fieldloss_smooth05
run42_sparc_1513,sparc_1513,0.642578,0.766094,0.378660,0.626796,0.728912,0.375067,0.904559,0.873465,0.740744,0.878440,0.672302,0.766098,spectrum_fno48_floor6_smooth1_qc_peak4_fieldloss_smooth05
run42_sparc_1528,sparc_1528,0.784542,0.826321,0.495186,0.695612,0.724973,0.434992,0.813573,0.829215,0.770766,0.891061,0.847244,0.561118,spectrum_fno48_floor6_smooth1_qc_peak4_fieldloss_smooth05
run43_sparc_1349,sparc_1349,0.798779,0.808071,0.602850,0.754473,0.766237,0.599973,0.910282,0.921288,0.825311,0.893511,0.831453,0.649373,spectrum_fno48_floor6_smooth1_qc_peak4_fieldloss_smooth05
run43_sparc_1356,sparc_1356,0.820413,0.780172,0.829696,0.818063,0.779967,0.813845,0.895751,0.894479,0.797062,0.929399,0.948047,0.612971,spectrum_fno48_floor6_smooth1_qc_peak4
run43_sparc_1358,sparc_1358,0.837189,0.791367,0.665579,0.709283,0.725622,0.626182,0.900284,0.895873,0.791778,0.844423,0.812863,0.510875,spectrum_fno48_floor6_smooth1_qc_peak4_fieldloss_smooth05
run43_sparc_1404,sparc_1404,0.740521,0.694146,0.899668,0.677045,0.651541,0.801453,0.924049,0.922958,0.785559,0.945070,0.945801,0.907559,spectrum_fno48_floor6_smooth1_qc_peak4
run43_sparc_1405,sparc_1405,0.799636,0.779293,0.711031,0.702965,0.716230,0.658269,0.917050,0.909322,0.848503,0.938828,0.920164,0.713824,spectrum_fno48_floor6_smooth1_qc_peak4_fieldloss_smooth05
run43_sparc_1411,sparc_1411,0.713446,0.667853,0.501527,0.707788,0.662630,0.485886,0.905749,0.913095,0.835869,0.890657,0.896355,0.619665,spectrum_fno48_floor6_smooth1_qc_peak4_fieldloss_smooth05
run43_sparc_1413,sparc_1413,0.743115,0.757864,0.604316,0.735832,0.752908,0.604092,0.905816,0.910945,0.850512,0.922364,0.834888,0.637495,spectrum_fno48_floor6_smooth1_qc_peak4_fieldloss_smooth05
run43_sparc_1414,sparc_1414,0.801980,0.850457,0.673554,0.773789,0.799281,0.667358,0.883960,0.891023,0.787599,0.924732,0.891167,0.645441,spectrum_fno48_floor6_smooth1_qc_peak4_fieldloss_smooth05
run43_sparc_1422,sparc_1422,1.410720,1.396517,1.356091,0.948757,0.959217,0.951615,0.858179,0.844344,0.712063,0.972468,0.973296,0.848374,spectrum_fno48_floor6_smooth1_qc_peak4_fieldloss_smooth05
run43_sparc_1424,sparc_1424,0.816286,0.823773,0.868523,0.748382,0.736173,0.732206,0.867001,0.878005,0.792728,0.923273,0.889889,0.773235,spectrum_fno48_floor6_smooth1_qc_peak4_fieldloss
run43_sparc_1427,sparc_1427,0.598244,0.654991,0.676516,0.590458,0.631010,0.633466,0.900489,0.895617,0.844087,0.966004,0.896475,0.800896,spectrum_fno48_floor6_smooth1_qc_peak4_fieldloss
run43_sparc_1440,sparc_1440,0.540400,0.696281,0.361216,0.523370,0.651846,0.353411,0.936530,0.935637,0.930585,0.896709,0.843031,0.756917,spectrum_fno48_floor6_smooth1_qc_peak4_fieldloss_smooth05
run43_sparc_1530,sparc_1530,1.298781,0.816470,0.707338,0.999998,0.805583,0.706942,-0.180970,0.432810,0.858077,0.996223,0.995745,0.949933,spectrum_fno48_floor6_smooth1_qc_peak4_fieldloss_smooth05
run44_sparc_1310,sparc_1310,0.537376,0.722763,0.245833,0.525451,0.678806,0.204984,0.915718,0.900588,0.827401,0.788195,0.530141,0.729340,spectrum_fno48_floor6_smooth1_qc_peak4_fieldloss_smooth05
run44_sparc_1315,sparc_1315,0.583343,0.776012,0.452097,0.575882,0.732592,0.432707,0.920422,0.916305,0.857419,0.917807,0.669114,0.627235,spectrum_fno48_floor6_smooth1_qc_peak4_fieldloss_smooth05
run44_sparc_1319,sparc_1319,0.598608,0.905738,0.398259,0.579210,0.789946,0.398246,0.902610,0.890493,0.855366,0.946811,0.869751,0.768130,spectrum_fno48_floor6_smooth1_qc_peak4_fieldloss_smooth05
run44_sparc_1350,sparc_1350,0.624067,0.836092,0.364935,0.616897,0.781929,0.355479,0.917213,0.912744,0.915509,0.905214,0.662871,0.569930,spectrum_fno48_floor6_smooth1_qc_peak4_fieldloss_smooth05
run44_sparc_1357,sparc_1357,0.771165,0.895450,0.360647,0.766289,0.895035,0.357904,0.885800,0.863200,0.777923,0.689669,0.783497,0.578201,spectrum_fno48_floor6_smooth1_qc_peak4_fieldloss_smooth05
run44_sparc_1362,sparc_1362,0.473173,0.792962,0.332400,0.472350,0.713399,0.330387,0.898976,0.894425,0.774973,0.882031,0.833368,0.661281,spectrum_fno48_floor6_smooth1_qc_peak4_fieldloss_smooth05
run44_sparc_1416,sparc_1416,0.749568,0.848652,0.487165,0.746600,0.824559,0.482168,0.897286,0.872387,0.781960,0.906042,0.670708,0.683810,spectrum_fno48_floor6_smooth1_qc_peak4_fieldloss_smooth05
run44_sparc_1422,sparc_1422,0.717273,0.815700,0.573877,0.715291,0.805777,0.534259,0.901038,0.901001,0.784007,0.893556,0.809419,0.654719,spectrum_fno48_floor6_smooth1_qc_peak4_fieldloss_smooth05
run44_sparc_1423,sparc_1423,0.803286,0.895051,0.709670,0.737744,0.763204,0.640968,0.926743,0.925538,0.869757,0.835296,0.796886,0.511222,spectrum_fno48_floor6_smooth1_qc_peak4_fieldloss_smooth05
run44_sparc_1425,sparc_1425,0.715288,0.955795,0.532111,0.644387,0.739915,0.392135,0.927064,0.929600,0.872141,0.782860,0.763778,0.330866,spectrum_fno48_floor6_smooth1_qc_peak4_fieldloss_smooth05
run44_sparc_1427,sparc_1427,0.795983,0.889105,0.879978,0.695723,0.752982,0.724196,0.895884,0.894265,0.821881,0.884028,0.846878,0.538405,spectrum_fno48_floor6_smooth1_qc_peak4_fieldloss
run44_sparc_1430,sparc_1430,0.699127,0.748508,0.525516,0.681656,0.704535,0.513412,0.868332,0.904344,0.836846,0.852821,0.859375,0.665001,spectrum_fno48_floor6_smooth1_qc_peak4_fieldloss_smooth05
run44_sparc_1505,sparc_1505,0.861523,1.119227,0.356530,0.761111,0.839365,0.346803,0.906245,0.915034,0.842094,0.898079,0.859600,0.569465,spectrum_fno48_floor6_smooth1_qc_peak4_fieldloss_smooth05
run44_sparc_1506,sparc_1506,0.975610,1.440447,0.449006,0.756846,0.875437,0.385552,0.920048,0.930995,0.852645,0.900834,0.716448,0.490514,spectrum_fno48_floor6_smooth1_qc_peak4_fieldloss_smooth05
run44_sparc_1508,sparc_1508,0.735842,0.860738,0.300035,0.666217,0.687234,0.257012,0.928646,0.931583,0.872353,0.804675,0.789511,0.546464,spectrum_fno48_floor6_smooth1_qc_peak4_fieldloss_smooth05
run44_sparc_1513,sparc_1513,0.583262,0.784494,0.273791,0.556595,0.736462,0.229510,0.852600,0.854699,0.810557,0.935590,0.718690,0.646229,spectrum_fno48_floor6_smooth1_qc_peak4_fieldloss_smooth05
run44_sparc_1515,sparc_1515,0.579915,0.869975,0.338855,0.576688,0.769379,0.330642,0.887000,0.882656,0.809167,0.965684,0.922774,0.747314,spectrum_fno48_floor6_smooth1_qc_peak4_fieldloss_smooth05
run44_sparc_1517,sparc_1517,0.590226,0.793777,0.368326,0.589397,0.779134,0.311920,0.912012,0.906061,0.823487,0.967536,0.870516,0.895135,spectrum_fno48_floor6_smooth1_qc_peak4_fieldloss_smooth05
run44_sparc_1524,sparc_1524,1.133130,0.945008,1.067167,0.726509,0.801825,0.680846,0.698350,0.715116,0.619324,0.977889,0.966471,0.830780,spectrum_fno48_floor6_smooth1_qc_peak4
run45_sparc_1308,sparc_1308,0.870367,1.291268,0.642379,0.714520,0.805315,0.525592,0.899491,0.909700,0.804034,0.885015,0.864476,0.656615,spectrum_fno48_floor6_smooth1_qc_peak4_fieldloss_smooth05
run45_sparc_1313,sparc_1313,0.557742,0.609852,0.361866,0.540089,0.570571,0.361742,0.898220,0.897565,0.807782,0.925852,0.641209,0.661144,spectrum_fno48_floor6_smooth1_qc_peak4_fieldloss_smooth05
run45_sparc_1314,sparc_1314,0.565500,0.603070,0.358208,0.542773,0.570254,0.358041,0.898399,0.898073,0.809656,0.927205,0.636915,0.652186,spectrum_fno48_floor6_smooth1_qc_peak4_fieldloss_smooth05
run45_sparc_1353,sparc_1353,0.504564,0.619943,0.343160,0.504236,0.602292,0.338868,0.902289,0.901650,0.753083,0.921955,0.912021,0.658999,spectrum_fno48_floor6_smooth1_qc_peak4_fieldloss_smooth05
run45_sparc_1356,sparc_1356,0.575423,0.664313,0.377613,0.562755,0.618582,0.377593,0.883482,0.895696,0.755589,0.964861,0.653356,0.594284,spectrum_fno48_floor6_smooth1_qc_peak4_fieldloss_smooth05
run45_sparc_1364,sparc_1364,0.514666,0.640229,0.334528,0.513265,0.623600,0.330646,0.866891,0.866923,0.692915,0.869561,0.913982,0.632371,spectrum_fno48_floor6_smooth1_qc_peak4_fieldloss_smooth05
run45_sparc_1365,sparc_1365,0.537927,0.623448,0.388229,0.531780,0.607353,0.386994,0.895359,0.900030,0.736672,0.926542,0.741551,0.569893,spectrum_fno48_floor6_smooth1_qc_peak4_fieldloss_smooth05
run45_sparc_1408,sparc_1408,0.899685,1.224453,0.412998,0.729564,0.882964,0.386616,0.912863,0.922652,0.846154,0.742555,0.776801,0.676003,spectrum_fno48_floor6_smooth1_qc_peak4_fieldloss_smooth05
run45_sparc_1414,sparc_1414,0.569667,0.591434,0.382834,0.549888,0.577735,0.377923,0.925320,0.924700,0.859903,0.928199,0.598955,0.629588,spectrum_fno48_floor6_smooth1_qc_peak4_fieldloss_smooth05
run45_sparc_1427,sparc_1427,0.862191,1.069113,0.610364,0.798724,0.842597,0.551539,0.891671,0.907814,0.838418,0.681002,0.620150,0.449098,spectrum_fno48_floor6_smooth1_qc_peak4_fieldloss_smooth05
run45_sparc_1430,sparc_1430,0.873059,0.834305,0.483774,0.705735,0.682111,0.482189,0.696786,0.862697,0.757973,0.957996,0.925979,0.866159,spectrum_fno48_floor6_smooth1_qc_peak4_fieldloss_smooth05
run45_sparc_1441,sparc_1441,1.050778,1.123269,0.361031,0.790812,0.905209,0.353679,0.912145,0.922920,0.908096,0.672758,0.553813,0.577054,spectrum_fno48_floor6_smooth1_qc_peak4_fieldloss_smooth05
run45_sparc_1501,sparc_1501,0.559114,0.572580,0.548959,0.546230,0.562874,0.525496,0.940916,0.956366,0.930335,0.943164,0.932985,0.854244,spectrum_fno48_floor6_smooth1_qc_peak4_fieldloss_smooth05
run45_sparc_1505,sparc_1505,1.021979,1.201987,0.381311,0.799004,0.866346,0.370634,0.895505,0.899697,0.819705,0.801332,0.793258,0.484098,spectrum_fno48_floor6_smooth1_qc_peak4_fieldloss_smooth05
run45_sparc_1506,sparc_1506,1.383365,1.343614,0.630080,0.860355,0.915891,0.532176,0.892333,0.904263,0.812259,0.850877,0.799417,0.656885,spectrum_fno48_floor6_smooth1_qc_peak4_fieldloss_smooth05
run45_sparc_1512,sparc_1512,0.556352,0.598154,0.369345,0.546510,0.586170,0.364287,0.905030,0.908267,0.848386,0.914795,0.575562,0.499712,spectrum_fno48_floor6_smooth1_qc_peak4_fieldloss_smooth05
run45_sparc_1513,sparc_1513,0.564117,0.584487,0.386667,0.544058,0.571881,0.377580,0.912512,0.912596,0.799793,0.908605,0.544019,0.659072,spectrum_fno48_floor6_smooth1_qc_peak4_fieldloss_smooth05
run45_sparc_1514,sparc_1514,0.552232,0.590116,0.391309,0.547516,0.573445,0.382357,0.916045,0.916595,0.816614,0.913103,0.535628,0.651846,spectrum_fno48_floor6_smooth1_qc_peak4_fieldloss_smooth05
run45_sparc_1518,sparc_1518,0.591053,0.646595,0.397289,0.570085,0.609664,0.395666,0.902666,0.904221,0.773646,0.856673,0.621375,0.507091,spectrum_fno48_floor6_smooth1_qc_peak4_fieldloss_smooth05
run45_sparc_1524,sparc_1524,0.652721,0.870287,0.539938,0.642621,0.768509,0.531570,0.885455,0.880084,0.708073,0.840119,0.878127,0.700060,spectrum_fno48_floor6_smooth1_qc_peak4_fieldloss_smooth05
run45_sparc_1593,sparc_1593,0.595375,0.718138,0.485845,0.594952,0.673329,0.480103,0.925888,0.953133,0.925622,0.980074,0.947004,0.896182,spectrum_fno48_floor6_smooth1_qc_peak4_fieldloss_smooth05
run46_sparc_1300,sparc_1300,0.386389,0.445229,0.399401,0.385592,0.427775,0.398665,0.982741,0.987301,0.979085,0.928843,0.911510,0.883207,spectrum_fno48_floor6_smooth1_qc_peak4_fieldloss
run46_sparc_1301,sparc_1301,0.620517,0.573313,0.526185,0.620466,0.553439,0.515839,0.925049,0.939223,0.888670,0.885036,0.921560,0.836235,spectrum_fno48_floor6_smooth1_qc_peak4_fieldloss_smooth05
run46_sparc_1302,sparc_1302,0.650035,0.844194,0.446887,0.633121,0.761326,0.430086,0.923684,0.933274,0.868509,0.938259,0.940988,0.609616,spectrum_fno48_floor6_smooth1_qc_peak4_fieldloss_smooth05
run46_sparc_1305,sparc_1305,0.937319,1.208284,0.465994,0.764583,0.832075,0.440640,0.927958,0.929869,0.853214,0.892695,0.802363,0.603438,spectrum_fno48_floor6_smooth1_qc_peak4_fieldloss_smooth05
run46_sparc_1308,sparc_1308,1.013097,1.279574,1.056016,0.766429,0.807854,0.704649,0.865878,0.875032,0.774879,0.973331,0.924836,0.739168,spectrum_fno48_floor6_smooth1_qc_peak4_fieldloss
run46_sparc_1317,sparc_1317,0.576746,0.727146,0.415184,0.568463,0.705014,0.413902,0.889633,0.887819,0.689993,0.928428,0.874496,0.720190,spectrum_fno48_floor6_smooth1_qc_peak4_fieldloss_smooth05
run46_sparc_1318,sparc_1318,0.588903,0.744894,0.424281,0.571660,0.699722,0.423494,0.885980,0.872613,0.694420,0.942737,0.906901,0.771704,spectrum_fno48_floor6_smooth1_qc_peak4_fieldloss_smooth05
run46_sparc_1319,sparc_1319,0.605083,0.751733,0.422569,0.574797,0.703041,0.422545,0.884492,0.866084,0.692431,0.940793,0.906195,0.778669,spectrum_fno48_floor6_smooth1_qc_peak4_fieldloss_smooth05
run46_sparc_1349,sparc_1349,0.504498,0.745996,0.379478,0.501708,0.705148,0.379433,0.895915,0.882416,0.747475,0.884106,0.933349,0.654445,spectrum_fno48_floor6_smooth1_qc_peak4_fieldloss_smooth05
run46_sparc_1360,sparc_1360,0.513321,0.633863,0.345298,0.509142,0.600802,0.345279,0.879060,0.881962,0.752804,0.931328,0.831798,0.600184,spectrum_fno48_floor6_smooth1_qc_peak4_fieldloss_smooth05
run46_sparc_1364,sparc_1364,0.584419,0.834405,0.481646,0.571884,0.744603,0.476265,0.848475,0.844704,0.643935,0.882619,0.855395,0.744628,spectrum_fno48_floor6_smooth1_qc_peak4_fieldloss_smooth05
run46_sparc_1365,sparc_1365,0.535662,0.647623,0.329449,0.509202,0.599050,0.326882,0.875008,0.881568,0.699059,0.935155,0.731488,0.711291,spectrum_fno48_floor6_smooth1_qc_peak4_fieldloss_smooth05
run46_sparc_1409,sparc_1409,0.774285,0.846491,0.651379,0.735105,0.761063,0.623453,0.827126,0.865742,0.718088,0.982881,0.973598,0.846208,spectrum_fno48_floor6_smooth1_qc_peak4_fieldloss_smooth05
run46_sparc_1410,sparc_1410,0.601151,0.777964,0.427981,0.585426,0.719106,0.427154,0.876384,0.878095,0.716610,0.894446,0.841870,0.583253,spectrum_fno48_floor6_smooth1_qc_peak4_fieldloss_smooth05
run46_sparc_1411,sparc_1411,0.593333,0.750440,0.421033,0.584602,0.712719,0.419357,0.879376,0.876433,0.722073,0.895983,0.825857,0.598688,spectrum_fno48_floor6_smooth1_qc_peak4_fieldloss_smooth05
run46_sparc_1414,sparc_1414,0.611923,0.754421,0.398128,0.586184,0.685073,0.396766,0.899737,0.898877,0.806497,0.883970,0.725704,0.577451,spectrum_fno48_floor6_smooth1_qc_peak4_fieldloss_smooth05
run46_sparc_1415,sparc_1415,0.617451,0.759067,0.407918,0.590299,0.677776,0.404922,0.903437,0.903630,0.778345,0.887577,0.727510,0.586021,spectrum_fno48_floor6_smooth1_qc_peak4_fieldloss_smooth05
run46_sparc_1423,sparc_1423,1.070366,1.368820,0.653824,0.750101,0.825468,0.468208,0.937480,0.932065,0.865419,0.918134,0.811098,0.646608,spectrum_fno48_floor6_smooth1_qc_peak4_fieldloss_smooth05
run46_sparc_1425,sparc_1425,0.903059,1.179429,0.534042,0.733408,0.781239,0.455691,0.923247,0.924135,0.859494,0.864392,0.785733,0.632283,spectrum_fno48_floor6_smooth1_qc_peak4_fieldloss_smooth05
run46_sparc_1428,sparc_1428,1.057914,1.298006,0.607462,0.790270,0.899489,0.550367,0.928304,0.928054,0.866346,0.870120,0.657654,0.605364,spectrum_fno48_floor6_smooth1_qc_peak4_fieldloss_smooth05
run46_sparc_1440,sparc_1440,0.972193,1.318093,0.456117,0.781772,0.877215,0.412300,0.933379,0.937837,0.867947,0.842979,0.895890,0.628085,spectrum_fno48_floor6_smooth1_qc_peak4_fieldloss_smooth05
run46_sparc_1441,sparc_1441,0.968844,1.300757,0.455840,0.780403,0.874996,0.411848,0.934165,0.938514,0.868629,0.849768,0.896152,0.623064,spectrum_fno48_floor6_smooth1_qc_peak4_fieldloss_smooth05
run46_sparc_1501,sparc_1501,0.585695,0.628356,0.543401,0.584119,0.571456,0.508401,0.918007,0.928973,0.890714,0.778765,0.828659,0.708138,spectrum_fno48_floor6_smooth1_qc_peak4_fieldloss_smooth05
run46_sparc_1511,sparc_1511,0.585277,0.733802,0.380654,0.563201,0.684551,0.375243,0.887547,0.887491,0.814102,0.931176,0.651401,0.657778,spectrum_fno48_floor6_smooth1_qc_peak4_fieldloss_smooth05
run46_sparc_1516,sparc_1516,0.647147,0.763631,0.396120,0.576353,0.692993,0.379497,0.888314,0.888371,0.790700,0.950206,0.664111,0.681321,spectrum_fno48_floor6_smooth1_qc_peak4_fieldloss_smooth05
run46_sparc_1520,sparc_1520,0.632290,0.737363,0.407335,0.571534,0.661373,0.405468,0.879500,0.889672,0.713236,0.905881,0.753209,0.484652,spectrum_fno48_floor6_smooth1_qc_peak4_fieldloss_smooth05
run46_sparc_1524,sparc_1524,0.570301,1.045199,0.441967,0.559950,0.772692,0.440445,0.858950,0.872416,0.709557,0.927652,0.945104,0.731116,spectrum_fno48_floor6_smooth1_qc_peak4_fieldloss_smooth05
run47_sparc_1308,sparc_1308,0.597528,0.739967,0.618743,0.596968,0.734296,0.598598,0.867788,0.820052,0.625280,0.954703,0.969754,0.853672,spectrum_fno48_floor6_smooth1_qc_peak4_fieldloss
run47_sparc_1319,sparc_1319,0.516294,0.548706,0.365431,0.509360,0.543671,0.360513,0.924702,0.928219,0.864940,0.890865,0.861921,0.550678,spectrum_fno48_floor6_smooth1_qc_peak4_fieldloss_smooth05
run47_sparc_1355,sparc_1355,0.672616,0.703107,0.542566,0.635459,0.649776,0.537935,0.917569,0.918487,0.824775,0.947218,0.914483,0.669500,spectrum_fno48_floor6_smooth1_qc_peak4_fieldloss_smooth05
run47_sparc_1360,sparc_1360,0.569457,0.657232,0.396846,0.553294,0.604776,0.396833,0.925237,0.920623,0.831156,0.841128,0.861054,0.688103,spectrum_fno48_floor6_smooth1_qc_peak4_fieldloss_smooth05
run47_sparc_1364,sparc_1364,0.630576,0.772556,0.481191,0.597279,0.713465,0.478331,0.913964,0.910247,0.823277,0.858228,0.911408,0.651328,spectrum_fno48_floor6_smooth1_qc_peak4_fieldloss_smooth05
run47_sparc_1413,sparc_1413,0.548641,0.654656,0.354497,0.530387,0.614255,0.352820,0.933674,0.932820,0.872388,0.922967,0.831887,0.606563,spectrum_fno48_floor6_smooth1_qc_peak4_fieldloss_smooth05
run47_sparc_1418,sparc_1418,0.496355,0.541431,0.323830,0.493512,0.527390,0.310692,0.924750,0.924215,0.836213,0.924806,0.692737,0.556647,spectrum_fno48_floor6_smooth1_qc_peak4_fieldloss_smooth05
run47_sparc_1424,sparc_1424,0.619850,0.660607,0.530266,0.619204,0.654580,0.529122,0.902437,0.903273,0.786012,0.814082,0.756083,0.551974,spectrum_fno48_floor6_smooth1_qc_peak4_fieldloss_smooth05
run47_sparc_1425,sparc_1425,0.674437,0.723169,0.643766,0.623322,0.649155,0.561059,0.891339,0.897420,0.779079,0.958583,0.872918,0.743681,spectrum_fno48_floor6_smooth1_qc_peak4_fieldloss_smooth05
run47_sparc_1429,sparc_1429,0.701275,0.748608,0.694519,0.680596,0.717790,0.656247,0.907846,0.907283,0.843557,0.969179,0.974459,0.890922,spectrum_fno48_floor6_smooth1_qc_peak4_fieldloss_smooth05
run47_sparc_1505,sparc_1505,0.580392,0.621242,0.434456,0.575745,0.596595,0.432736,0.921793,0.920985,0.838182,0.961103,0.897663,0.636421,spectrum_fno48_floor6_smooth1_qc_peak4_fieldloss_smooth05
run47_sparc_1509,sparc_1509,0.657892,0.816928,0.526043,0.648711,0.773597,0.525983,0.910048,0.911349,0.793040,0.955090,0.954600,0.821520,spectrum_fno48_floor6_smooth1_qc_peak4_fieldloss_smooth05
run47_sparc_1516,sparc_1516,0.531252,0.572655,0.368405,0.528977,0.556856,0.368242,0.920059,0.924946,0.822092,0.885616,0.817710,0.597939,spectrum_fno48_floor6_smooth1_qc_peak4_fieldloss_smooth05
run47_sparc_1517,sparc_1517,0.534242,0.560486,0.343176,0.523656,0.539805,0.343053,0.924485,0.930127,0.837653,0.944658,0.830097,0.470010,spectrum_fno48_floor6_smooth1_qc_peak4_fieldloss_smooth05
run47_sparc_1522,sparc_1522,0.737654,0.849783,0.729186,0.668953,0.777075,0.689154,0.894296,0.900682,0.803660,0.871956,0.845821,0.639551,spectrum_fno48_floor6_smooth1_qc_peak4_fieldloss_smooth05
run47_sparc_1524,sparc_1524,1.083164,1.075574,1.032428,0.871154,0.884230,0.872342,0.859459,0.849095,0.677511,0.918020,0.878262,0.636258,spectrum_fno48_floor6_smooth1_qc_peak4_fieldloss_smooth05
run47_sparc_1529,sparc_1529,0.785971,0.781387,0.703958,0.772642,0.756335,0.699881,0.520679,0.533441,0.626926,0.959831,0.919860,0.827608,spectrum_fno48_floor6_smooth1_qc_peak4_fieldloss_smooth05
run48_sparc_1301,sparc_1301,0.779743,0.919786,0.873767,0.723735,0.800140,0.746015,0.895800,0.905283,0.863573,0.977474,0.981812,0.919290,spectrum_fno48_floor6_smooth1_qc_peak4_fieldloss
run48_sparc_1306,sparc_1306,0.644878,0.941667,0.531671,0.636649,0.800452,0.523952,0.887297,0.866582,0.749115,0.934344,0.955388,0.825857,spectrum_fno48_floor6_smooth1_qc_peak4_fieldloss_smooth05
run48_sparc_1309,sparc_1309,0.594472,0.648286,0.470833,0.590325,0.642109,0.470768,0.918956,0.918733,0.816378,0.915981,0.908406,0.697104,spectrum_fno48_floor6_smooth1_qc_peak4_fieldloss_smooth05
run48_sparc_1315,sparc_1315,0.557697,0.636737,0.388432,0.542398,0.609104,0.381489,0.931094,0.929065,0.850194,0.939330,0.868670,0.626187,spectrum_fno48_floor6_smooth1_qc_peak4_fieldloss_smooth05
run48_sparc_1317,sparc_1317,0.518313,0.533915,0.309409,0.508751,0.529255,0.309375,0.933433,0.927729,0.855038,0.911394,0.797099,0.436235,spectrum_fno48_floor6_smooth1_qc_peak4_fieldloss_smooth05
run48_sparc_1360,sparc_1360,0.563799,0.599904,0.374933,0.542823,0.576442,0.371590,0.918518,0.912939,0.821191,0.897455,0.711204,0.525987,spectrum_fno48_floor6_smooth1_qc_peak4_fieldloss_smooth05
run48_sparc_1401,sparc_1401,0.876075,0.917910,0.812281,0.867563,0.891476,0.812264,0.835037,0.853646,0.800727,0.976519,0.978411,0.859137,spectrum_fno48_floor6_smooth1_qc_peak4_fieldloss_smooth05
run48_sparc_1409,sparc_1409,0.654609,0.724247,0.500112,0.649028,0.714482,0.498128,0.922882,0.925467,0.820660,0.848776,0.803319,0.497685,spectrum_fno48_floor6_smooth1_qc_peak4_fieldloss_smooth05
run48_sparc_1413,sparc_1413,0.576179,0.590117,0.342659,0.557199,0.556834,0.342659,0.927522,0.928972,0.875129,0.921879,0.886368,0.742738,spectrum_fno48_floor6_smooth1_qc_peak4_fieldloss_smooth05
run48_sparc_1420,sparc_1420,0.505737,0.577889,0.433466,0.503683,0.555553,0.421610,0.906572,0.914137,0.811517,0.894487,0.910069,0.708525,spectrum_fno48_floor6_smooth1_qc_peak4_fieldloss_smooth05
run48_sparc_1423,sparc_1423,0.580822,0.679565,0.455521,0.578932,0.654852,0.455401,0.912398,0.911606,0.814264,0.947376,0.915872,0.741833,spectrum_fno48_floor6_smooth1_qc_peak4_fieldloss_smooth05
run48_sparc_1427,sparc_1427,0.623985,0.683923,0.517898,0.609699,0.640322,0.513841,0.920961,0.906283,0.838276,0.945594,0.915292,0.735329,spectrum_fno48_floor6_smooth1_qc_peak4_fieldloss_smooth05
run48_sparc_1500,sparc_1500,0.393007,0.399993,0.416152,0.392990,0.398324,0.324847,0.991359,0.992267,0.989420,0.878375,0.711864,0.957906,spectrum_fno48_floor6_smooth1_qc_peak4_fieldloss
run48_sparc_1501,sparc_1501,0.818830,0.815399,0.915462,0.786754,0.811565,0.832369,0.869157,0.904304,0.856624,0.969108,0.973808,0.846510,spectrum_fno48_floor6_smooth1_qc_peak4
run48_sparc_1503,sparc_1503,0.597339,0.621072,0.451124,0.590176,0.616825,0.444459,0.932789,0.933851,0.875167,0.934420,0.861476,0.567646,spectrum_fno48_floor6_smooth1_qc_peak4_fieldloss_smooth05
run48_sparc_1508,sparc_1508,0.538648,0.616087,0.406145,0.537373,0.614793,0.405694,0.919851,0.922500,0.834432,0.892037,0.829434,0.691923,spectrum_fno48_floor6_smooth1_qc_peak4_fieldloss_smooth05
run48_sparc_1516,sparc_1516,0.532556,0.553595,0.368917,0.519828,0.531150,0.365160,0.936087,0.935109,0.853057,0.840550,0.718718,0.491740,spectrum_fno48_floor6_smooth1_qc_peak4_fieldloss_smooth05
run48_sparc_1520,sparc_1520,0.562149,0.614699,0.425345,0.538482,0.596291,0.416322,0.904729,0.912797,0.798447,0.855098,0.926208,0.672174,spectrum_fno48_floor6_smooth1_qc_peak4_fieldloss_smooth05
run48_sparc_1528,sparc_1528,0.675751,0.699595,0.579965,0.672018,0.677632,0.559636,0.921858,0.927179,0.848900,0.904405,0.826054,0.727229,spectrum_fno48_floor6_smooth1_qc_peak4_fieldloss_smooth05
run49_sparc_1302,sparc_1302,1.075047,0.999760,1.054387,0.933706,0.922447,0.956708,0.883519,0.877804,0.805593,0.983562,0.985180,0.952638,spectrum_fno48_floor6_smooth1_qc_peak4
run49_sparc_1303,sparc_1303,0.731695,0.813111,0.531322,0.726919,0.794781,0.524776,0.934747,0.939868,0.918166,0.979071,0.977870,0.795040,spectrum_fno48_floor6_smooth1_qc_peak4_fieldloss_smooth05
run49_sparc_1304,sparc_1304,0.821295,0.794728,1.012379,0.804177,0.782976,0.952646,0.931841,0.935654,0.840526,0.964605,0.962847,0.913343,spectrum_fno48_floor6_smooth1_qc_peak4
run49_sparc_1309,sparc_1309,0.959529,1.343225,0.890407,0.853604,0.939012,0.807732,0.798789,0.709609,0.626431,0.931787,0.929658,0.793308,spectrum_fno48_floor6_smooth1_qc_peak4_fieldloss_smooth05
run49_sparc_1311,sparc_1311,0.923676,0.974128,0.815269,0.831919,0.858260,0.792540,0.892328,0.885815,0.777606,0.971679,0.951037,0.608207,spectrum_fno48_floor6_smooth1_qc_peak4_fieldloss_smooth05
run49_sparc_1349,sparc_1349,1.071128,1.030024,0.948138,0.895482,0.892458,0.869740,0.880458,0.888397,0.791770,0.978391,0.949412,0.851417,spectrum_fno48_floor6_smooth1_qc_peak4_fieldloss_smooth05
run49_sparc_1352,sparc_1352,0.798258,0.755058,0.654676,0.728834,0.724305,0.651794,0.844730,0.850771,0.768681,0.925838,0.899202,0.675430,spectrum_fno48_floor6_smooth1_qc_peak4_fieldloss_smooth05
run49_sparc_1356,sparc_1356,1.047839,1.033495,1.045787,0.886742,0.877608,0.918972,0.833007,0.864942,0.759694,0.947366,0.944132,0.691076,spectrum_fno48_floor6_smooth1_qc_peak4
run49_sparc_1359,sparc_1359,1.501139,1.362113,1.358006,0.974094,0.972941,0.967956,0.881944,0.905101,0.824080,0.930125,0.958884,0.846368,spectrum_fno48_floor6_smooth1_qc_peak4_fieldloss_smooth05
run49_sparc_1363,sparc_1363,1.078829,1.068750,1.035756,0.910146,0.895926,0.893340,0.842392,0.878573,0.789613,0.951692,0.910751,0.747630,spectrum_fno48_floor6_smooth1_qc_peak4_fieldloss_smooth05
run49_sparc_1365,sparc_1365,1.239271,1.096938,1.081130,0.949359,0.954731,0.934110,0.881393,0.885291,0.791208,0.982198,0.955817,0.733395,spectrum_fno48_floor6_smooth1_qc_peak4_fieldloss_smooth05
run49_sparc_1403,sparc_1403,0.701930,0.813949,0.461353,0.701620,0.794397,0.457780,0.933150,0.943403,0.930170,0.971181,0.971882,0.757731,spectrum_fno48_floor6_smooth1_qc_peak4_fieldloss_smooth05
run49_sparc_1404,sparc_1404,0.785446,0.785900,0.590753,0.773813,0.773195,0.577348,0.926259,0.928761,0.879368,0.961334,0.963719,0.827268,spectrum_fno48_floor6_smooth1_qc_peak4_fieldloss_smooth05
run49_sparc_1412,sparc_1412,1.186970,1.129351,1.064537,0.880344,0.877292,0.835525,0.894491,0.905164,0.851891,0.940943,0.910078,0.745369,spectrum_fno48_floor6_smooth1_qc_peak4_fieldloss_smooth05
run49_sparc_1416,sparc_1416,1.473156,1.231902,1.356659,0.913235,0.902597,0.866826,0.854385,0.880272,0.808197,0.960032,0.870423,0.716683,spectrum_fno48_floor6_smooth1_qc_peak4
run49_sparc_1418,sparc_1418,1.219065,1.269490,1.264691,0.937249,0.930115,0.918383,0.815581,0.853838,0.787405,0.968314,0.950447,0.781918,spectrum_fno48_floor6_smooth1_qc_peak4_fieldloss
run49_sparc_1424,sparc_1424,0.859577,0.906976,0.763483,0.809859,0.825204,0.749051,0.910879,0.918904,0.858809,0.930841,0.963073,0.741217,spectrum_fno48_floor6_smooth1_qc_peak4_fieldloss_smooth05
run49_sparc_1425,sparc_1425,0.934224,1.085516,0.718937,0.834394,0.820720,0.653701,0.857828,0.873314,0.842936,0.968740,0.970943,0.834038,spectrum_fno48_floor6_smooth1_qc_peak4_fieldloss_smooth05
run49_sparc_1428,sparc_1428,0.748761,0.801939,0.706084,0.748680,0.755284,0.704159,0.902840,0.921731,0.852896,0.957381,0.957300,0.844485,spectrum_fno48_floor6_smooth1_qc_peak4_fieldloss_smooth05
run49_sparc_1429,sparc_1429,0.989766,1.074773,1.008543,0.903122,0.893325,0.898780,0.864054,0.872209,0.827164,0.981950,0.981373,0.934158,spectrum_fno48_floor6_smooth1_qc_peak4_fieldloss
run49_sparc_1505,sparc_1505,0.741306,0.818979,0.624027,0.741239,0.805038,0.603698,0.936381,0.920909,0.896698,0.964596,0.971126,0.723130,spectrum_fno48_floor6_smooth1_qc_peak4_fieldloss_smooth05
run49_sparc_1510,sparc_1510,1.411538,1.494737,1.161791,0.894936,0.901501,0.863616,0.881181,0.867157,0.816393,0.939928,0.905902,0.652709,spectrum_fno48_floor6_smooth1_qc_peak4_fieldloss_smooth05
run49_sparc_1512,sparc_1512,2.019535,1.876718,1.422727,0.884519,0.871029,0.797824,0.871630,0.887918,0.837118,0.968663,0.952252,0.849658,spectrum_fno48_floor6_smooth1_qc_peak4_fieldloss_smooth05
run49_sparc_1515,sparc_1515,1.406504,1.417485,1.387947,0.942430,0.936787,0.917988,0.869996,0.896784,0.813954,0.948704,0.882683,0.728607,spectrum_fno48_floor6_smooth1_qc_peak4_fieldloss_smooth05
run49_sparc_1516,sparc_1516,1.521616,1.272121,1.720666,0.914992,0.908909,0.897180,0.854151,0.889845,0.790650,0.959162,0.975370,0.807434,spectrum_fno48_floor6_smooth1_qc_peak4
run49_sparc_1517,sparc_1517,1.203402,1.164321,1.141304,0.946254,0.936400,0.909904,0.818927,0.868109,0.800924,0.987805,0.965747,0.882902,spectrum_fno48_floor6_smooth1_qc_peak4_fieldloss_smooth05
run49_sparc_1519,sparc_1519,1.431884,1.437868,1.427149,0.977618,0.976076,0.973951,0.866409,0.890812,0.805066,0.962733,0.954496,0.796432,spectrum_fno48_floor6_smooth1_qc_peak4_fieldloss_smooth05
run4_sparc_1301,sparc_1301,0.605101,0.662551,0.689329,0.592938,0.631234,0.646626,0.837581,0.887256,0.757599,0.938635,0.933291,0.880318,spectrum_fno48_floor6_smooth1_qc_peak4_fieldloss
run4_sparc_1305,sparc_1305,0.594545,0.667375,0.527337,0.586713,0.659201,0.523001,0.906344,0.889091,0.803858,0.913988,0.911024,0.778012,spectrum_fno48_floor6_smooth1_qc_peak4_fieldloss_smooth05
run4_sparc_1309,sparc_1309,0.535504,0.665813,0.401888,0.532784,0.622505,0.393405,0.915228,0.913278,0.770278,0.890076,0.890518,0.850956,spectrum_fno48_floor6_smooth1_qc_peak4_fieldloss_smooth05
run4_sparc_1314,sparc_1314,0.469851,0.491720,0.313701,0.469764,0.490973,0.309469,0.927442,0.926519,0.893733,0.846697,0.712131,0.640153,spectrum_fno48_floor6_smooth1_qc_peak4_fieldloss_smooth05
run4_sparc_1315,sparc_1315,0.472369,0.490857,0.335651,0.469186,0.489763,0.324529,0.926349,0.919985,0.830680,0.841264,0.688042,0.630533,spectrum_fno48_floor6_smooth1_qc_peak4_fieldloss_smooth05
run4_sparc_1356,sparc_1356,0.443602,0.605515,0.305837,0.443456,0.573341,0.284523,0.903122,0.909895,0.781873,0.838647,0.881971,0.769377,spectrum_fno48_floor6_smooth1_qc_peak4_fieldloss_smooth05
run4_sparc_1357,sparc_1357,0.519239,0.638363,0.338061,0.500736,0.581780,0.337694,0.909924,0.908902,0.771822,0.911741,0.776889,0.715354,spectrum_fno48_floor6_smooth1_qc_peak4_fieldloss_smooth05
run4_sparc_1358,sparc_1358,0.423669,0.502548,0.286442,0.423666,0.495686,0.285172,0.887199,0.894657,0.771923,0.892339,0.896608,0.692924,spectrum_fno48_floor6_smooth1_qc_peak4_fieldloss_smooth05
run4_sparc_1361,sparc_1361,0.414012,0.516336,0.276853,0.412266,0.498780,0.276770,0.898832,0.902369,0.774617,0.895318,0.884455,0.786967,spectrum_fno48_floor6_smooth1_qc_peak4_fieldloss_smooth05
run4_sparc_1415,sparc_1415,0.583833,0.556097,0.366083,0.513100,0.510781,0.361551,0.930657,0.933472,0.857854,0.906325,0.587022,0.750119,spectrum_fno48_floor6_smooth1_qc_peak4_fieldloss_smooth05
run4_sparc_1422,sparc_1422,0.514926,0.642355,0.396099,0.505699,0.592447,0.395007,0.905513,0.907459,0.791926,0.862914,0.841100,0.562143,spectrum_fno48_floor6_smooth1_qc_peak4_fieldloss_smooth05
run4_sparc_1427,sparc_1427,0.653135,0.757899,0.540534,0.652738,0.736340,0.531045,0.893083,0.905324,0.800898,0.951095,0.801696,0.773277,spectrum_fno48_floor6_smooth1_qc_peak4_fieldloss_smooth05
run4_sparc_1441,sparc_1441,0.532192,0.714277,0.348145,0.531711,0.642394,0.347974,0.923354,0.925549,0.896416,0.970239,0.939850,0.824033,spectrum_fno48_floor6_smooth1_qc_peak4_fieldloss_smooth05
run4_sparc_1500,sparc_1500,0.456050,0.465910,0.547933,0.447968,0.438453,0.493211,0.979357,0.987301,0.984330,0.962990,0.693031,0.971865,spectrum_fno48_floor6_smooth1_qc_peak4_fieldloss
run4_sparc_1507,sparc_1507,1.192685,1.525240,1.079380,0.863433,0.914024,0.753114,0.903454,0.911951,0.851615,0.896693,0.734147,0.697782,spectrum_fno48_floor6_smooth1_qc_peak4_fieldloss_smooth05
run4_sparc_1511,sparc_1511,0.519626,0.586783,0.320174,0.507428,0.556916,0.318808,0.936538,0.932661,0.880387,0.935213,0.696045,0.732272,spectrum_fno48_floor6_smooth1_qc_peak4_fieldloss_smooth05
run4_sparc_1512,sparc_1512,0.527723,0.602006,0.322884,0.511775,0.571385,0.321666,0.934241,0.934176,0.864886,0.941805,0.692948,0.745638,spectrum_fno48_floor6_smooth1_qc_peak4_fieldloss_smooth05
run4_sparc_1518,sparc_1518,0.503774,0.565962,0.335612,0.480656,0.532767,0.334380,0.917876,0.921611,0.824483,0.877684,0.744964,0.586101,spectrum_fno48_floor6_smooth1_qc_peak4_fieldloss_smooth05
run4_sparc_1519,sparc_1519,0.519566,0.607094,0.341402,0.497875,0.590256,0.340741,0.891983,0.898760,0.753151,0.880921,0.923291,0.758640,spectrum_fno48_floor6_smooth1_qc_peak4_fieldloss_smooth05
run4_sparc_1529,sparc_1529,0.733774,0.957204,0.614627,0.594530,0.671332,0.514920,0.871195,0.878556,0.842565,0.854561,0.907254,0.817934,spectrum_fno48_floor6_smooth1_qc_peak4_fieldloss_smooth05
run4_sparc_1593,sparc_1593,0.439739,0.922667,0.321199,0.437544,0.666355,0.319995,0.904526,0.920183,0.898245,0.909771,0.905214,0.810736,spectrum_fno48_floor6_smooth1_qc_peak4_fieldloss_smooth05
run50_sparc_1300,sparc_1300,0.490151,0.664427,0.603843,0.487959,0.628253,0.518184,0.961767,0.972698,0.969855,0.975126,0.950923,0.923295,spectrum_fno48_floor6_smooth1_qc_peak4_fieldloss
run50_sparc_1301,sparc_1301,0.592832,0.730041,0.473829,0.552987,0.620489,0.448680,0.934866,0.941648,0.894269,0.928911,0.930843,0.812958,spectrum_fno48_floor6_smooth1_qc_peak4_fieldloss_smooth05
run50_sparc_1305,sparc_1305,0.975739,1.031450,0.632002,0.788167,0.842463,0.565818,0.908291,0.912011,0.841642,0.938409,0.894408,0.596110,spectrum_fno48_floor6_smooth1_qc_peak4_fieldloss_smooth05
run50_sparc_1306,sparc_1306,1.222373,1.201220,1.074431,0.865032,0.917869,0.773135,0.882307,0.853887,0.810950,0.950260,0.927618,0.783634,spectrum_fno48_floor6_smooth1_qc_peak4_fieldloss_smooth05
run50_sparc_1307,sparc_1307,1.087137,1.249903,0.861515,0.815285,0.849469,0.667306,0.901928,0.894785,0.825374,0.922781,0.884049,0.760187,spectrum_fno48_floor6_smooth1_qc_peak4_fieldloss_smooth05
run50_sparc_1316,sparc_1316,0.569568,0.726951,0.392484,0.533965,0.635059,0.383470,0.881955,0.881642,0.698993,0.909821,0.786314,0.669187,spectrum_fno48_floor6_smooth1_qc_peak4_fieldloss_smooth05
run50_sparc_1350,sparc_1350,0.580907,0.731222,0.373085,0.544359,0.637157,0.373078,0.916001,0.907243,0.899701,0.900977,0.735612,0.515705,spectrum_fno48_floor6_smooth1_qc_peak4_fieldloss_smooth05
run50_sparc_1356,sparc_1356,0.578739,0.777374,0.413394,0.551765,0.665297,0.412891,0.890945,0.885400,0.726483,0.892019,0.845026,0.573336,spectrum_fno48_floor6_smooth1_qc_peak4_fieldloss_smooth05
run50_sparc_1357,sparc_1357,0.555048,0.711644,0.374275,0.550659,0.656066,0.374064,0.882571,0.879052,0.700543,0.868924,0.801701,0.702060,spectrum_fno48_floor6_smooth1_qc_peak4_fieldloss_smooth05
run50_sparc_1358,sparc_1358,0.571907,0.789159,0.374309,0.542694,0.663343,0.372133,0.868560,0.873464,0.712651,0.890134,0.885402,0.694089,spectrum_fno48_floor6_smooth1_qc_peak4_fieldloss_smooth05
run50_sparc_1361,sparc_1361,0.569453,0.777923,0.332716,0.530881,0.661756,0.331756,0.874519,0.881166,0.742897,0.900558,0.877095,0.697790,spectrum_fno48_floor6_smooth1_qc_peak4_fieldloss_smooth05
run50_sparc_1413,sparc_1413,0.579893,0.799246,0.372811,0.536470,0.654470,0.367172,0.911568,0.908478,0.868427,0.906317,0.807515,0.597935,spectrum_fno48_floor6_smooth1_qc_peak4_fieldloss_smooth05
run50_sparc_1415,sparc_1415,0.556685,0.764110,0.366267,0.538380,0.674170,0.364661,0.908663,0.906701,0.841502,0.920493,0.864257,0.642078,spectrum_fno48_floor6_smooth1_qc_peak4_fieldloss_smooth05
run50_sparc_1418,sparc_1418,0.553518,0.786427,0.342117,0.539578,0.697222,0.335945,0.894256,0.890129,0.775726,0.911482,0.893141,0.627970,spectrum_fno48_floor6_smooth1_qc_peak4_fieldloss_smooth05
run50_sparc_1424,sparc_1424,1.271872,1.023041,0.886069,0.800528,0.788792,0.658934,0.910301,0.913083,0.819527,0.918347,0.812084,0.696797,spectrum_fno48_floor6_smooth1_qc_peak4_fieldloss_smooth05
run50_sparc_1428,sparc_1428,1.319481,2.087118,1.198331,0.897432,0.971037,0.818083,0.897831,0.880014,0.819721,0.886712,0.896143,0.772920,spectrum_fno48_floor6_smooth1_qc_peak4_fieldloss_smooth05
run50_sparc_1441,sparc_1441,1.121675,1.374153,0.736726,0.821091,0.873805,0.624919,0.941241,0.939861,0.921315,0.842376,0.727398,0.625695,spectrum_fno48_floor6_smooth1_qc_peak4_fieldloss_smooth05
run50_sparc_1500,sparc_1500,1.228607,0.704777,0.910434,0.881984,0.701616,0.843279,0.965342,0.973737,0.963070,0.976828,0.974685,0.960324,spectrum_fno48_floor6_smooth1_qc_peak4
run50_sparc_1504,sparc_1504,0.754776,0.876780,0.609726,0.742523,0.824080,0.597381,0.834929,0.835820,0.774023,0.980072,0.974990,0.842625,spectrum_fno48_floor6_smooth1_qc_peak4_fieldloss_smooth05
run50_sparc_1506,sparc_1506,1.176029,1.372762,0.819153,0.825309,0.888629,0.676646,0.937071,0.937566,0.857325,0.913015,0.844365,0.613337,spectrum_fno48_floor6_smooth1_qc_peak4_fieldloss_smooth05
run50_sparc_1508,sparc_1508,0.981176,1.329600,0.851579,0.765374,0.839040,0.633021,0.903648,0.909702,0.822900,0.860495,0.783508,0.710945,spectrum_fno48_floor6_smooth1_qc_peak4_fieldloss_smooth05
run50_sparc_1512,sparc_1512,0.540981,0.749802,0.357447,0.523447,0.662623,0.349645,0.915508,0.910090,0.863491,0.919020,0.894460,0.673835,spectrum_fno48_floor6_smooth1_qc_peak4_fieldloss_smooth05
run50_sparc_1517,sparc_1517,0.533688,0.800850,0.345272,0.530173,0.692298,0.324379,0.891691,0.886280,0.799834,0.914708,0.886480,0.596375,spectrum_fno48_floor6_smooth1_qc_peak4_fieldloss_smooth05
run50_sparc_1521,sparc_1521,0.981022,1.216381,0.393865,0.742193,0.867641,0.385184,0.469902,0.802880,0.568161,0.989142,0.982889,0.866933,spectrum_fno48_floor6_smooth1_qc_peak4_fieldloss_smooth05
run50_sparc_1523,sparc_1523,0.766264,1.122214,0.438238,0.693255,0.806511,0.430167,0.710759,0.854462,0.515906,0.952526,0.970495,0.745257,spectrum_fno48_floor6_smooth1_qc_peak4_fieldloss_smooth05
run50_sparc_1524,sparc_1524,0.860478,1.108419,0.451869,0.707696,0.839641,0.451701,0.793626,0.863647,0.602646,0.973875,0.972543,0.851282,spectrum_fno48_floor6_smooth1_qc_peak4_fieldloss_smooth05
run50_sparc_1527,sparc_1527,0.977028,1.098680,0.777858,0.799664,0.834068,0.675092,0.890877,0.911578,0.846116,0.883249,0.669595,0.772304,spectrum_fno48_floor6_smooth1_qc_peak4_fieldloss_smooth05
run50_sparc_1528,sparc_1528,1.043458,1.265836,0.799219,0.806362,0.865333,0.679614,0.814244,0.787088,0.724854,0.946510,0.787179,0.757668,spectrum_fno48_floor6_smooth1_qc_peak4_fieldloss_smooth05
run51_sparc_1300,sparc_1300,0.510887,0.745174,0.418296,0.510886,0.733975,0.406942,0.987867,0.991956,0.990461,0.958939,0.599934,0.840265,spectrum_fno48_floor6_smooth1_qc_peak4_fieldloss_smooth05
run51_sparc_1361,sparc_1361,1.627811,1.638517,1.521655,0.982958,0.983260,0.981252,0.896985,0.909415,0.830330,0.956366,0.927876,0.745677,spectrum_fno48_floor6_smooth1_qc_peak4_fieldloss_smooth05
run51_sparc_1412,sparc_1412,1.352546,1.513148,1.527885,0.960445,0.961331,0.953067,0.878475,0.888514,0.840359,0.960259,0.912589,0.691431,spectrum_fno48_floor6_smooth1_qc_peak4_fieldloss
run51_sparc_1416,sparc_1416,1.589558,1.631205,1.699578,0.948963,0.948946,0.945319,0.909933,0.908027,0.798144,0.980560,0.980144,0.886120,spectrum_fno48_floor6_smooth1_qc_peak4_fieldloss
run51_sparc_1417,sparc_1417,1.905523,1.926295,1.777393,0.971541,0.971581,0.971199,0.903480,0.903697,0.799983,0.974477,0.972376,0.845359,spectrum_fno48_floor6_smooth1_qc_peak4_fieldloss_smooth05
run51_sparc_1419,sparc_1419,1.311185,1.394564,1.271627,0.971623,0.971720,0.970015,0.901034,0.906496,0.818731,0.980679,0.970447,0.810869,spectrum_fno48_floor6_smooth1_qc_peak4_fieldloss_smooth05
run51_sparc_1423,sparc_1423,0.869020,0.888674,0.830124,0.849417,0.871358,0.784799,0.690934,0.763459,0.792550,0.943076,0.968638,0.838366,spectrum_fno48_floor6_smooth1_qc_peak4_fieldloss_smooth05
run51_sparc_1425,sparc_1425,0.934572,0.925638,0.838383,0.795802,0.754845,0.696136,0.838655,0.905459,0.851997,0.962780,0.940918,0.802389,spectrum_fno48_floor6_smooth1_qc_peak4_fieldloss_smooth05
run51_sparc_1441,sparc_1441,0.653559,0.845973,0.364699,0.652968,0.816237,0.363867,0.937603,0.928663,0.936858,0.823889,0.963302,0.678623,spectrum_fno48_floor6_smooth1_qc_peak4_fieldloss_smooth05
run51_sparc_1501,sparc_1501,1.128889,1.105332,1.125447,0.976751,0.976790,0.977771,0.939425,0.965428,0.934482,0.985180,0.948338,0.898625,spectrum_fno48_floor6_smooth1_qc_peak4
run51_sparc_1503,sparc_1503,0.715552,0.885681,0.545072,0.704177,0.833871,0.520866,0.919063,0.914842,0.910576,0.966753,0.975092,0.824372,spectrum_fno48_floor6_smooth1_qc_peak4_fieldloss_smooth05
run51_sparc_1507,sparc_1507,0.790614,0.826090,0.492542,0.787237,0.815196,0.491816,0.908623,0.923563,0.888912,0.938224,0.973090,0.764324,spectrum_fno48_floor6_smooth1_qc_peak4_fieldloss_smooth05
run51_sparc_1509,sparc_1509,1.294016,1.160804,1.389927,0.971909,0.974932,0.966815,0.865209,0.895292,0.784605,0.971703,0.929701,0.767748,spectrum_fno48_floor6_smooth1_qc_peak4
run51_sparc_1515,sparc_1515,1.770335,1.648674,1.643518,0.948883,0.949317,0.939731,0.879672,0.883670,0.805141,0.958805,0.940484,0.780838,spectrum_fno48_floor6_smooth1_qc_peak4_fieldloss_smooth05
run51_sparc_1518,sparc_1518,1.416142,1.437655,1.494781,0.970397,0.970912,0.967717,0.897282,0.892809,0.827706,0.956926,0.944488,0.737657,spectrum_fno48_floor6_smooth1_qc_peak4_fieldloss
run51_sparc_1519,sparc_1519,1.471509,1.519874,1.519123,0.981903,0.981840,0.980901,0.898323,0.899927,0.822613,0.959908,0.944935,0.784709,spectrum_fno48_floor6_smooth1_qc_peak4_fieldloss
run51_sparc_1523,sparc_1523,1.100382,1.296170,1.269009,0.977489,0.976307,0.973533,0.859796,0.864334,0.777922,0.906003,0.892104,0.718386,spectrum_fno48_floor6_smooth1_qc_peak4_fieldloss
run51_sparc_1527,sparc_1527,0.890616,0.857583,0.833355,0.857824,0.833908,0.831629,0.867127,0.887648,0.829057,0.981802,0.971521,0.899318,spectrum_fno48_floor6_smooth1_qc_peak4_fieldloss_smooth05
run51_sparc_1528,sparc_1528,0.963448,0.907812,0.965207,0.927993,0.895267,0.922369,0.827541,0.879013,0.827055,0.979559,0.975558,0.897246,spectrum_fno48_floor6_smooth1_qc_peak4
run51_sparc_1593,sparc_1593,0.748339,0.858824,0.541730,0.739791,0.833307,0.541107,0.886843,0.885120,0.912094,0.964615,0.970610,0.846762,spectrum_fno48_floor6_smooth1_qc_peak4_fieldloss_smooth05
run52_sparc_1303,sparc_1303,0.891227,0.972173,0.765195,0.766726,0.823827,0.750305,0.909575,0.933359,0.873247,0.978495,0.969360,0.864835,spectrum_fno48_floor6_smooth1_qc_peak4_fieldloss_smooth05
run52_sparc_1307,sparc_1307,0.893382,1.128704,0.715661,0.719528,0.784598,0.559444,0.917156,0.911660,0.819401,0.962724,0.936589,0.828686,spectrum_fno48_floor6_smooth1_qc_peak4_fieldloss_smooth05
run52_sparc_1310,sparc_1310,0.576447,0.755387,0.364383,0.552614,0.673702,0.351031,0.887956,0.870492,0.816568,0.941046,0.902473,0.724565,spectrum_fno48_floor6_smooth1_qc_peak4_fieldloss_smooth05
run52_sparc_1316,sparc_1316,0.565778,0.637706,0.345687,0.545336,0.597152,0.345029,0.878531,0.893268,0.739327,0.964655,0.804079,0.699349,spectrum_fno48_floor6_smooth1_qc_peak4_fieldloss_smooth05
run52_sparc_1317,sparc_1317,0.559475,0.638866,0.345315,0.538181,0.596762,0.343825,0.912819,0.907951,0.842836,0.958349,0.712825,0.641801,spectrum_fno48_floor6_smooth1_qc_peak4_fieldloss_smooth05
run52_sparc_1350,sparc_1350,0.585496,0.584732,0.340744,0.549203,0.554203,0.330194,0.917783,0.915990,0.905615,0.916922,0.677940,0.502982,spectrum_fno48_floor6_smooth1_qc_peak4_fieldloss_smooth05
run52_sparc_1354,sparc_1354,0.469743,0.576225,0.310388,0.469736,0.562335,0.308013,0.890888,0.892166,0.795190,0.933606,0.942504,0.727247,spectrum_fno48_floor6_smooth1_qc_peak4_fieldloss_smooth05
run52_sparc_1357,sparc_1357,0.526641,0.661831,0.326951,0.525751,0.627741,0.325055,0.897963,0.893661,0.798573,0.913949,0.698277,0.601995,spectrum_fno48_floor6_smooth1_qc_peak4_fieldloss_smooth05
run52_sparc_1361,sparc_1361,0.450644,0.571694,0.288951,0.448354,0.569533,0.277869,0.908609,0.908047,0.796558,0.938149,0.940470,0.793121,spectrum_fno48_floor6_smooth1_qc_peak4_fieldloss_smooth05
run52_sparc_1362,sparc_1362,0.445699,0.558416,0.284309,0.445488,0.552943,0.277132,0.894647,0.897799,0.765753,0.961686,0.945885,0.851445,spectrum_fno48_floor6_smooth1_qc_peak4_fieldloss_smooth05
run52_sparc_1363,sparc_1363,0.504034,0.639203,0.325737,0.497391,0.623124,0.324136,0.898478,0.901604,0.783004,0.965581,0.899893,0.588090,spectrum_fno48_floor6_smooth1_qc_peak4_fieldloss_smooth05
run52_sparc_1400,sparc_1400,0.501591,0.497926,0.403499,0.492446,0.494699,0.380288,0.977104,0.990853,0.985457,0.927070,0.795982,0.834738,spectrum_fno48_floor6_smooth1_qc_peak4_fieldloss_smooth05
run52_sparc_1402,sparc_1402,0.783937,0.786160,0.477243,0.684565,0.684386,0.462518,0.919509,0.930806,0.912501,0.894194,0.743619,0.770647,spectrum_fno48_floor6_smooth1_qc_peak4_fieldloss_smooth05
run52_sparc_1411,sparc_1411,0.596080,0.673807,0.362853,0.563463,0.616385,0.356469,0.917400,0.916498,0.842041,0.883014,0.800893,0.609744,spectrum_fno48_floor6_smooth1_qc_peak4_fieldloss_smooth05
run52_sparc_1420,sparc_1420,0.525807,0.646743,0.382710,0.525129,0.629454,0.376736,0.886300,0.893342,0.759419,0.923136,0.919382,0.425912,spectrum_fno48_floor6_smooth1_qc_peak4_fieldloss_smooth05
run52_sparc_1429,sparc_1429,1.222837,1.328774,0.855433,0.813871,0.834141,0.677691,0.895416,0.905299,0.832171,0.900066,0.804378,0.785669,spectrum_fno48_floor6_smooth1_qc_peak4_fieldloss_smooth05
run52_sparc_1440,sparc_1440,0.711152,0.877364,0.382799,0.628115,0.720074,0.363178,0.931735,0.943139,0.890364,0.962815,0.924403,0.846572,spectrum_fno48_floor6_smooth1_qc_peak4_fieldloss_smooth05
run52_sparc_1441,sparc_1441,0.746019,0.888598,0.417857,0.638011,0.729003,0.380011,0.934819,0.945724,0.893236,0.959077,0.913858,0.827525,spectrum_fno48_floor6_smooth1_qc_peak4_fieldloss_smooth05
run52_sparc_1503,sparc_1503,0.729080,0.932811,0.575067,0.685669,0.760447,0.552653,0.928116,0.936939,0.887152,0.971225,0.799975,0.690220,spectrum_fno48_floor6_smooth1_qc_peak4_fieldloss_smooth05
run52_sparc_1513,sparc_1513,0.527550,0.579664,0.323073,0.526736,0.573817,0.308404,0.912716,0.914172,0.813176,0.909027,0.851717,0.761898,spectrum_fno48_floor6_smooth1_qc_peak4_fieldloss_smooth05
run52_sparc_1514,sparc_1514,0.558948,0.618070,0.321947,0.548976,0.601897,0.314104,0.902503,0.906006,0.760196,0.904391,0.825436,0.631527,spectrum_fno48_floor6_smooth1_qc_peak4_fieldloss_smooth05
run52_sparc_1520,sparc_1520,0.562325,0.729377,0.406801,0.540285,0.657436,0.396148,0.886917,0.893134,0.759868,0.958263,0.769494,0.790448,spectrum_fno48_floor6_smooth1_qc_peak4_fieldloss_smooth05
run52_sparc_1521,sparc_1521,0.543476,0.690954,0.377675,0.521882,0.644773,0.376912,0.898632,0.893919,0.760775,0.837003,0.872293,0.568200,spectrum_fno48_floor6_smooth1_qc_peak4_fieldloss_smooth05
run52_sparc_1526,sparc_1526,1.063800,1.227290,0.530764,0.788592,0.859500,0.458888,0.934238,0.922137,0.872950,0.892040,0.757392,0.746383,spectrum_fno48_floor6_smooth1_qc_peak4_fieldloss_smooth05
run52_sparc_1530,sparc_1530,0.525056,0.682434,0.468137,0.507110,0.611850,0.460727,0.947368,0.919971,0.930764,0.969942,0.976718,0.872974,spectrum_fno48_floor6_smooth1_qc_peak4_fieldloss_smooth05
run53_sparc_1300,sparc_1300,0.297357,0.417563,0.256548,0.296181,0.371171,0.187974,0.994430,0.996703,0.995173,0.789241,0.389798,0.909536,spectrum_fno48_floor6_smooth1_qc_peak4_fieldloss_smooth05
run53_sparc_1306,sparc_1306,0.687985,0.744231,0.495197,0.661594,0.715795,0.495189,0.874822,0.880929,0.796566,0.941752,0.942115,0.793535,spectrum_fno48_floor6_smooth1_qc_peak4_fieldloss_smooth05
run53_sparc_1307,sparc_1307,0.599318,0.755645,0.552714,0.591176,0.709932,0.550829,0.853945,0.850763,0.761850,0.894482,0.947970,0.722736,spectrum_fno48_floor6_smooth1_qc_peak4_fieldloss_smooth05
run53_sparc_1313,sparc_1313,0.608838,0.659080,0.386562,0.563430,0.649656,0.383661,0.925096,0.927205,0.901955,0.839960,0.686947,0.636984,spectrum_fno48_floor6_smooth1_qc_peak4_fieldloss_smooth05
run53_sparc_1356,sparc_1356,0.813625,0.729658,0.776644,0.763029,0.716443,0.697698,0.909000,0.917233,0.820198,0.850448,0.909975,0.566842,spectrum_fno48_floor6_smooth1_qc_peak4
run53_sparc_1358,sparc_1358,0.694421,0.732333,0.540696,0.622217,0.647778,0.515651,0.915236,0.915298,0.809678,0.928519,0.812952,0.639968,spectrum_fno48_floor6_smooth1_qc_peak4_fieldloss_smooth05
run53_sparc_1361,sparc_1361,0.733718,0.724311,0.604209,0.698116,0.690558,0.599746,0.911098,0.914204,0.809805,0.959542,0.871231,0.786360,spectrum_fno48_floor6_smooth1_qc_peak4_fieldloss_smooth05
run53_sparc_1362,sparc_1362,0.730527,0.724737,0.574373,0.675026,0.678693,0.574371,0.917707,0.921847,0.814394,0.917155,0.870095,0.780484,spectrum_fno48_floor6_smooth1_qc_peak4_fieldloss_smooth05
run53_sparc_1400,sparc_1400,0.520830,0.582371,0.296440,0.520823,0.548531,0.286251,0.994122,0.995621,0.994759,0.947433,0.739225,0.876984,spectrum_fno48_floor6_smooth1_qc_peak4_fieldloss_smooth05
run53_sparc_1407,sparc_1407,0.657898,0.684662,0.605116,0.653293,0.677299,0.603833,0.887799,0.893420,0.768474,0.965459,0.864676,0.824227,spectrum_fno48_floor6_smooth1_qc_peak4_fieldloss_smooth05
run53_sparc_1409,sparc_1409,0.643747,0.789727,0.539856,0.618795,0.786009,0.504348,0.916848,0.913741,0.812492,0.806169,0.831482,0.428582,spectrum_fno48_floor6_smooth1_qc_peak4_fieldloss_smooth05
run53_sparc_1411,sparc_1411,0.612968,0.644042,0.405048,0.611214,0.635092,0.405031,0.919027,0.922651,0.858012,0.888111,0.585476,0.568407,spectrum_fno48_floor6_smooth1_qc_peak4_fieldloss_smooth05
run53_sparc_1412,sparc_1412,0.626244,0.776925,0.431486,0.589388,0.664167,0.427805,0.918208,0.916858,0.819892,0.892810,0.635105,0.660190,spectrum_fno48_floor6_smooth1_qc_peak4_fieldloss_smooth05
run53_sparc_1413,sparc_1413,0.625160,0.767741,0.426435,0.587569,0.665197,0.421548,0.918364,0.916747,0.818282,0.908648,0.585037,0.615157,spectrum_fno48_floor6_smooth1_qc_peak4_fieldloss_smooth05
run53_sparc_1424,sparc_1424,0.624273,0.699637,0.564088,0.619826,0.673072,0.560182,0.837783,0.850997,0.750600,0.929711,0.936873,0.780214,spectrum_fno48_floor6_smooth1_qc_peak4_fieldloss_smooth05
run53_sparc_1427,sparc_1427,0.705775,0.685016,0.722306,0.654754,0.629131,0.634264,0.893211,0.908685,0.827381,0.954016,0.921423,0.760651,spectrum_fno48_floor6_smooth1_qc_peak4
run53_sparc_1428,sparc_1428,0.719320,0.762207,0.692773,0.691362,0.704370,0.626998,0.921631,0.917807,0.859724,0.936389,0.937622,0.796958,spectrum_fno48_floor6_smooth1_qc_peak4_fieldloss_smooth05
run53_sparc_1440,sparc_1440,0.526134,0.595881,0.432147,0.519651,0.570706,0.408482,0.940602,0.941880,0.925632,0.743689,0.824925,0.596130,spectrum_fno48_floor6_smooth1_qc_peak4_fieldloss_smooth05
run53_sparc_1500,sparc_1500,0.366783,0.411811,0.219643,0.351206,0.377048,0.219494,0.992902,0.994287,0.993600,0.956725,0.836481,0.946457,spectrum_fno48_floor6_smooth1_qc_peak4_fieldloss_smooth05
run53_sparc_1503,sparc_1503,0.622737,0.641604,0.464029,0.622294,0.640524,0.463938,0.931039,0.921662,0.871183,0.950704,0.929593,0.750702,spectrum_fno48_floor6_smooth1_qc_peak4_fieldloss_smooth05
run53_sparc_1513,sparc_1513,0.610188,0.679885,0.432651,0.595081,0.647954,0.432426,0.922364,0.926040,0.825091,0.911961,0.489921,0.551257,spectrum_fno48_floor6_smooth1_qc_peak4_fieldloss_smooth05
run53_sparc_1514,sparc_1514,0.572462,0.732965,0.427832,0.567944,0.655548,0.427198,0.912306,0.916558,0.808379,0.832122,0.709863,0.560436,spectrum_fno48_floor6_smooth1_qc_peak4_fieldloss_smooth05
run53_sparc_1518,sparc_1518,0.544944,0.695247,0.407868,0.526754,0.671982,0.407149,0.908076,0.909776,0.798915,0.841894,0.848212,0.589022,spectrum_fno48_floor6_smooth1_qc_peak4_fieldloss_smooth05
run53_sparc_1524,sparc_1524,0.975323,1.038036,0.994493,0.880134,0.906687,0.873584,0.839484,0.839196,0.688897,0.810902,0.857790,0.559180,spectrum_fno48_floor6_smooth1_qc_peak4_fieldloss
run53_sparc_1527,sparc_1527,0.929578,0.911477,0.892219,0.824757,0.794669,0.778258,0.870920,0.861691,0.794494,0.974926,0.961732,0.880657,spectrum_fno48_floor6_smooth1_qc_peak4_fieldloss_smooth05
run53_sparc_1529,sparc_1529,0.653452,0.784692,0.723657,0.653366,0.764727,0.713645,0.874186,0.879181,0.846503,0.931704,0.952961,0.816026,spectrum_fno48_floor6_smooth1_qc_peak4_fieldloss
run53_sparc_1593,sparc_1593,0.677205,0.677824,0.589407,0.676301,0.672943,0.585650,0.914121,0.897944,0.858030,0.967799,0.943234,0.900540,spectrum_fno48_floor6_smooth1_qc_peak4_fieldloss_smooth05
run54_sparc_1301,sparc_1301,0.549406,0.673198,0.561372,0.548480,0.654920,0.557206,0.869492,0.884119,0.828152,0.934467,0.961310,0.837622,spectrum_fno48_floor6_smooth1_qc_peak4_fieldloss
run54_sparc_1305,sparc_1305,0.619349,0.769076,0.497124,0.606916,0.688388,0.497016,0.903930,0.890247,0.787431,0.964148,0.919825,0.806858,spectrum_fno48_floor6_smooth1_qc_peak4_fieldloss_smooth05
run54_sparc_1319,sparc_1319,0.490112,0.561246,0.305880,0.480347,0.535688,0.302989,0.900203,0.909941,0.848111,0.846083,0.801553,0.645394,spectrum_fno48_floor6_smooth1_qc_peak4_fieldloss_smooth05
run54_sparc_1350,sparc_1350,0.538487,0.567061,0.336097,0.509607,0.510960,0.324296,0.915233,0.919079,0.825288,0.908584,0.770091,0.586048,spectrum_fno48_floor6_smooth1_qc_peak4_fieldloss_smooth05
run54_sparc_1354,sparc_1354,0.681298,0.710435,0.541771,0.646853,0.664167,0.528730,0.847762,0.859749,0.744209,0.923655,0.919665,0.777192,spectrum_fno48_floor6_smooth1_qc_peak4_fieldloss_smooth05
run54_sparc_1356,sparc_1356,0.498804,0.594773,0.378951,0.494378,0.560758,0.378256,0.906018,0.909128,0.792036,0.846201,0.811882,0.510716,spectrum_fno48_floor6_smooth1_qc_peak4_fieldloss_smooth05
run54_sparc_1365,sparc_1365,0.517343,0.609935,0.382933,0.466237,0.542726,0.363298,0.912670,0.913162,0.804821,0.858317,0.792105,0.582724,spectrum_fno48_floor6_smooth1_qc_peak4_fieldloss_smooth05
run54_sparc_1406,sparc_1406,0.583770,0.713868,0.567152,0.556706,0.706494,0.565793,0.893957,0.850311,0.737529,0.981455,0.942348,0.929491,spectrum_fno48_floor6_smooth1_qc_peak4_fieldloss_smooth05
run54_sparc_1410,sparc_1410,0.554075,0.632735,0.395430,0.529922,0.574088,0.381368,0.920580,0.919367,0.811783,0.891440,0.664700,0.570306,spectrum_fno48_floor6_smooth1_qc_peak4_fieldloss_smooth05
run54_sparc_1427,sparc_1427,0.704167,0.823233,0.679383,0.671019,0.692485,0.640210,0.881995,0.887293,0.781147,0.966164,0.947606,0.816458,spectrum_fno48_floor6_smooth1_qc_peak4_fieldloss_smooth05
run54_sparc_1440,sparc_1440,0.521528,0.725610,0.366527,0.519095,0.689684,0.366213,0.921500,0.915399,0.896884,0.821329,0.890306,0.776315,spectrum_fno48_floor6_smooth1_qc_peak4_fieldloss_smooth05
run54_sparc_1507,sparc_1507,0.542133,0.677565,0.435576,0.535015,0.661053,0.434673,0.893698,0.884658,0.786502,0.928706,0.924258,0.786731,spectrum_fno48_floor6_smooth1_qc_peak4_fieldloss_smooth05
run54_sparc_1508,sparc_1508,0.902407,0.908603,0.769734,0.836410,0.882323,0.747432,0.547442,0.070908,0.114702,0.986580,0.984162,0.903892,spectrum_fno48_floor6_smooth1_qc_peak4_fieldloss_smooth05
run54_sparc_1510,sparc_1510,0.547211,0.611960,0.369147,0.525747,0.578051,0.367868,0.923584,0.926313,0.861263,0.921315,0.571258,0.630140,spectrum_fno48_floor6_smooth1_qc_peak4_fieldloss_smooth05
run54_sparc_1513,sparc_1513,0.524694,0.551769,0.380660,0.519113,0.527960,0.377003,0.928131,0.927223,0.833132,0.927401,0.737199,0.556765,spectrum_fno48_floor6_smooth1_qc_peak4_fieldloss_smooth05
run54_sparc_1515,sparc_1515,0.493459,0.530657,0.351369,0.492494,0.527116,0.350159,0.917413,0.925687,0.828878,0.858982,0.781795,0.648553,spectrum_fno48_floor6_smooth1_qc_peak4_fieldloss_smooth05
run54_sparc_1518,sparc_1518,0.462682,0.557579,0.301732,0.447334,0.502281,0.301242,0.912421,0.914791,0.815101,0.917157,0.905483,0.676119,spectrum_fno48_floor6_smooth1_qc_peak4_fieldloss_smooth05
run54_sparc_1521,sparc_1521,0.575569,0.616741,0.509281,0.573918,0.593504,0.504460,0.895982,0.900701,0.783095,0.864381,0.937998,0.652380,spectrum_fno48_floor6_smooth1_qc_peak4_fieldloss_smooth05
run54_sparc_1528,sparc_1528,0.567096,0.628919,0.517637,0.565983,0.621945,0.497429,0.891511,0.885695,0.795897,0.940536,0.925028,0.794315,spectrum_fno48_floor6_smooth1_qc_peak4_fieldloss_smooth05
run54_sparc_1530,sparc_1530,0.868067,0.795775,0.638055,0.863040,0.795667,0.632397,0.639933,0.706650,0.771597,0.995174,0.993741,0.971619,spectrum_fno48_floor6_smooth1_qc_peak4_fieldloss_smooth05
run55_sparc_1307,sparc_1307,0.797914,1.031010,0.733715,0.721108,0.822837,0.653815,0.869692,0.850720,0.739511,0.901467,0.880391,0.792396,spectrum_fno48_floor6_smooth1_qc_peak4_fieldloss_smooth05
run55_sparc_1313,sparc_1313,0.513361,0.841411,0.331132,0.512135,0.777931,0.301962,0.906425,0.900643,0.860686,0.909886,0.859895,0.655137,spectrum_fno48_floor6_smooth1_qc_peak4_fieldloss_smooth05
run55_sparc_1314,sparc_1314,0.520173,0.837640,0.341934,0.517205,0.783637,0.304057,0.907600,0.901187,0.858884,0.917143,0.859347,0.651591,spectrum_fno48_floor6_smooth1_qc_peak4_fieldloss_smooth05
run55_sparc_1353,sparc_1353,0.494823,0.949812,0.318990,0.492194,0.788523,0.305721,0.884197,0.883143,0.748701,0.895200,0.907760,0.708407,spectrum_fno48_floor6_smooth1_qc_peak4_fieldloss_smooth05
run55_sparc_1357,sparc_1357,0.521696,0.841308,0.347155,0.517829,0.749316,0.329021,0.880477,0.875453,0.736233,0.913290,0.836275,0.663596,spectrum_fno48_floor6_smooth1_qc_peak4_fieldloss_smooth05
run55_sparc_1360,sparc_1360,0.524172,0.934181,0.347733,0.523001,0.828571,0.346581,0.894217,0.888681,0.762910,0.870639,0.931972,0.758800,spectrum_fno48_floor6_smooth1_qc_peak4_fieldloss_smooth05
run55_sparc_1364,sparc_1364,0.502871,0.759281,0.338444,0.493511,0.688347,0.335522,0.846722,0.859800,0.676497,0.921297,0.969952,0.728148,spectrum_fno48_floor6_smooth1_qc_peak4_fieldloss_smooth05
run55_sparc_1417,sparc_1417,0.550461,0.981120,0.344746,0.542693,0.840360,0.339445,0.909681,0.904052,0.827331,0.907601,0.833202,0.654452,spectrum_fno48_floor6_smooth1_qc_peak4_fieldloss_smooth05
run55_sparc_1422,sparc_1422,0.476093,0.713685,0.346398,0.474424,0.653926,0.345261,0.898848,0.894572,0.737955,0.910067,0.806750,0.517208,spectrum_fno48_floor6_smooth1_qc_peak4_fieldloss_smooth05
run55_sparc_1427,sparc_1427,0.908127,1.168210,0.686489,0.714380,0.798375,0.538327,0.673064,0.774666,0.650724,0.976238,0.939156,0.800343,spectrum_fno48_floor6_smooth1_qc_peak4_fieldloss_smooth05
run55_sparc_1505,sparc_1505,0.975729,1.401991,0.590747,0.747553,0.854828,0.526548,0.898103,0.909519,0.840900,0.865216,0.715216,0.731084,spectrum_fno48_floor6_smooth1_qc_peak4_fieldloss_smooth05
run55_sparc_1522,sparc_1522,0.527629,0.819817,0.369235,0.499721,0.713810,0.368356,0.914150,0.908546,0.765580,0.747513,0.841382,0.448171,spectrum_fno48_floor6_smooth1_qc_peak4_fieldloss_smooth05
run55_sparc_1527,sparc_1527,0.729638,0.869984,0.569143,0.722100,0.799019,0.557091,0.839294,0.862464,0.785668,0.977723,0.962350,0.841502,spectrum_fno48_floor6_smooth1_qc_peak4_fieldloss_smooth05
run55_sparc_1529,sparc_1529,0.622887,1.472983,0.663953,0.598104,0.858158,0.559985,0.865714,0.841866,0.793719,0.909373,0.909411,0.860483,spectrum_fno48_floor6_smooth1_qc_peak4_fieldloss
run55_sparc_1593,sparc_1593,0.780304,1.155590,0.664145,0.646976,0.809861,0.500549,0.924738,0.926971,0.884549,0.877548,0.763486,0.805705,spectrum_fno48_floor6_smooth1_qc_peak4_fieldloss_smooth05
run56_sparc_1300,sparc_1300,0.426008,0.547026,0.550797,0.425709,0.529758,0.463698,0.986299,0.989015,0.985535,0.879617,0.647837,0.881144,spectrum_fno48_floor6_smooth1_qc_peak4_fieldloss
run56_sparc_1302,sparc_1302,0.583987,0.663295,0.588734,0.579697,0.587257,0.585118,0.940923,0.949777,0.898364,0.905402,0.812495,0.735735,spectrum_fno48_floor6_smooth1_qc_peak4_fieldloss
run56_sparc_1310,sparc_1310,0.508897,0.735728,0.336054,0.500632,0.643032,0.327835,0.904448,0.902079,0.838410,0.932460,0.696811,0.595623,spectrum_fno48_floor6_smooth1_qc_peak4_fieldloss_smooth05
run56_sparc_1318,sparc_1318,0.543786,0.759424,0.289519,0.501759,0.661540,0.289503,0.905189,0.902172,0.872021,0.911654,0.876054,0.592369,spectrum_fno48_floor6_smooth1_qc_peak4_fieldloss_smooth05
run56_sparc_1360,sparc_1360,0.500696,0.860663,0.317032,0.485478,0.720695,0.309547,0.868389,0.873118,0.742473,0.891398,0.889224,0.680955,spectrum_fno48_floor6_smooth1_qc_peak4_fieldloss_smooth05
run56_sparc_1362,sparc_1362,0.491517,0.749321,0.314340,0.491426,0.670715,0.301884,0.910623,0.904776,0.778366,0.905147,0.853994,0.598824,spectrum_fno48_floor6_smooth1_qc_peak4_fieldloss_smooth05
run56_sparc_1363,sparc_1363,0.509502,0.753265,0.386384,0.500371,0.654848,0.375816,0.882855,0.887588,0.734005,0.934672,0.894480,0.632595,spectrum_fno48_floor6_smooth1_qc_peak4_fieldloss_smooth05
run56_sparc_1365,sparc_1365,0.492354,0.817307,0.309443,0.481353,0.713795,0.301186,0.895931,0.892308,0.745556,0.898768,0.879851,0.718149,spectrum_fno48_floor6_smooth1_qc_peak4_fieldloss_smooth05
run56_sparc_1425,sparc_1425,1.314604,1.345607,1.299313,0.838195,0.856266,0.743244,0.927602,0.905131,0.822584,0.864542,0.781259,0.721135,spectrum_fno48_floor6_smooth1_qc_peak4_fieldloss_smooth05
run56_sparc_1504,sparc_1504,0.855766,1.067984,0.716227,0.772927,0.830627,0.651937,0.926816,0.921595,0.838989,0.902709,0.813175,0.641782,spectrum_fno48_floor6_smooth1_qc_peak4_fieldloss_smooth05
run56_sparc_1507,sparc_1507,0.904306,1.201536,0.617408,0.758973,0.834870,0.590694,0.931628,0.927695,0.852804,0.921216,0.860351,0.728467,spectrum_fno48_floor6_smooth1_qc_peak4_fieldloss_smooth05
run56_sparc_1508,sparc_1508,0.929345,1.229053,0.708904,0.762770,0.849124,0.613487,0.918516,0.922933,0.836651,0.858993,0.804514,0.539070,spectrum_fno48_floor6_smooth1_qc_peak4_fieldloss_smooth05
run56_sparc_1510,sparc_1510,0.501000,0.776266,0.322774,0.492860,0.645017,0.315222,0.930384,0.923692,0.867333,0.934317,0.730903,0.547053,spectrum_fno48_floor6_smooth1_qc_peak4_fieldloss_smooth05
run56_sparc_1520,sparc_1520,0.532434,0.827124,0.374818,0.527328,0.801867,0.374620,0.897966,0.889627,0.748815,0.937622,0.842495,0.722937,spectrum_fno48_floor6_smooth1_qc_peak4_fieldloss_smooth05
run56_sparc_1527,sparc_1527,0.838625,0.865372,0.624011,0.780533,0.810867,0.623096,0.873789,0.861815,0.816745,0.961952,0.785963,0.787098,spectrum_fno48_floor6_smooth1_qc_peak4_fieldloss_smooth05
run57_sparc_1300,sparc_1300,0.262274,0.382027,0.308539,0.262273,0.340947,0.187235,0.993030,0.996154,0.993327,0.867611,0.447617,0.936806,spectrum_fno48_floor6_smooth1_qc_peak4_fieldloss
run57_sparc_1305,sparc_1305,0.561985,0.616763,0.493876,0.557117,0.596149,0.491566,0.921875,0.929193,0.839037,0.953928,0.958941,0.792295,spectrum_fno48_floor6_smooth1_qc_peak4_fieldloss_smooth05
run57_sparc_1307,sparc_1307,0.787470,1.100506,0.995450,0.703593,0.788705,0.716214,0.809947,0.833837,0.632176,0.946321,0.941526,0.834005,spectrum_fno48_floor6_smooth1_qc_peak4_fieldloss
run57_sparc_1308,sparc_1308,0.873566,1.026009,0.828630,0.852181,0.895879,0.806788,0.817586,0.799238,0.725874,0.957518,0.953315,0.838792,spectrum_fno48_floor6_smooth1_qc_peak4_fieldloss_smooth05
run57_sparc_1316,sparc_1316,0.586724,0.570167,0.418960,0.551351,0.560170,0.412246,0.914360,0.913701,0.814460,0.945897,0.892442,0.680972,spectrum_fno48_floor6_smooth1_qc_peak4_fieldloss_smooth05
run57_sparc_1356,sparc_1356,0.624732,0.702754,0.524737,0.624126,0.698930,0.524458,0.923744,0.922026,0.825732,0.873039,0.885489,0.497064,spectrum_fno48_floor6_smooth1_qc_peak4_fieldloss_smooth05
run57_sparc_1357,sparc_1357,0.637509,0.647105,0.640945,0.624426,0.617488,0.619320,0.912458,0.912838,0.795325,0.918861,0.783026,0.696252,spectrum_fno48_floor6_smooth1_qc_peak4_fieldloss
run57_sparc_1358,sparc_1358,0.631902,0.707446,0.554461,0.585092,0.620172,0.543311,0.879715,0.892588,0.763188,0.894396,0.854597,0.632897,spectrum_fno48_floor6_smooth1_qc_peak4_fieldloss_smooth05
run57_sparc_1361,sparc_1361,0.549826,0.611477,0.436421,0.540330,0.582857,0.436416,0.921474,0.920307,0.826408,0.913462,0.836828,0.780172,spectrum_fno48_floor6_smooth1_qc_peak4_fieldloss_smooth05
run57_sparc_1365,sparc_1365,0.651488,0.698390,0.563411,0.621775,0.653776,0.551610,0.913476,0.918348,0.815698,0.909454,0.920198,0.666750,spectrum_fno48_floor6_smooth1_qc_peak4_fieldloss_smooth05
run57_sparc_1402,sparc_1402,0.545282,0.601122,0.406682,0.544317,0.600676,0.364558,0.933333,0.944141,0.921787,0.941441,0.862344,0.718026,spectrum_fno48_floor6_smooth1_qc_peak4_fieldloss_smooth05
run57_sparc_1415,sparc_1415,0.565277,0.613378,0.385040,0.565275,0.611150,0.384671,0.932764,0.932723,0.856697,0.943337,0.766713,0.542778,spectrum_fno48_floor6_smooth1_qc_peak4_fieldloss_smooth05
run57_sparc_1417,sparc_1417,0.554516,0.598822,0.388734,0.528863,0.576241,0.386696,0.927734,0.927136,0.841883,0.939943,0.843627,0.679522,spectrum_fno48_floor6_smooth1_qc_peak4_fieldloss_smooth05
run57_sparc_1421,sparc_1421,0.612946,0.697454,0.638816,0.594247,0.667085,0.625684,0.894664,0.898605,0.801195,0.785300,0.899627,0.600106,spectrum_fno48_floor6_smooth1_qc_peak4_fieldloss
run57_sparc_1423,sparc_1423,0.667573,0.706325,0.606420,0.667568,0.701899,0.601581,0.877823,0.878751,0.775675,0.963585,0.895819,0.769174,spectrum_fno48_floor6_smooth1_qc_peak4_fieldloss_smooth05
run57_sparc_1425,sparc_1425,0.677805,0.687386,0.660122,0.673588,0.685232,0.646189,0.892055,0.883138,0.753412,0.962610,0.885918,0.753730,spectrum_fno48_floor6_smooth1_qc_peak4_fieldloss_smooth05
run57_sparc_1429,sparc_1429,0.638379,0.688036,0.576313,0.623657,0.666292,0.558969,0.916284,0.930759,0.859027,0.935559,0.878021,0.760914,spectrum_fno48_floor6_smooth1_qc_peak4_fieldloss_smooth05
run57_sparc_1500,sparc_1500,0.356530,0.404288,0.204333,0.319907,0.343002,0.200592,0.992390,0.993428,0.992779,0.909730,0.760380,0.837508,spectrum_fno48_floor6_smooth1_qc_peak4_fieldloss_smooth05
run57_sparc_1504,sparc_1504,0.634444,0.615722,0.580892,0.630948,0.614443,0.568150,0.916140,0.913280,0.816665,0.940278,0.886137,0.698169,spectrum_fno48_floor6_smooth1_qc_peak4_fieldloss_smooth05
run57_sparc_1508,sparc_1508,0.715326,0.798557,0.676368,0.701574,0.748919,0.672858,0.887336,0.875126,0.782588,0.968298,0.969130,0.878906,spectrum_fno48_floor6_smooth1_qc_peak4_fieldloss_smooth05
run57_sparc_1520,sparc_1520,0.643034,0.719763,0.523383,0.629818,0.674923,0.515699,0.911521,0.915168,0.798014,0.878304,0.911863,0.728307,spectrum_fno48_floor6_smooth1_qc_peak4_fieldloss_smooth05
run57_sparc_1523,sparc_1523,0.807271,0.802470,0.738180,0.770767,0.774753,0.734426,0.885334,0.885206,0.745439,0.858401,0.801180,0.579670,spectrum_fno48_floor6_smooth1_qc_peak4_fieldloss_smooth05
run57_sparc_1528,sparc_1528,0.725680,0.763602,0.662647,0.725607,0.730489,0.662408,0.900457,0.898557,0.831825,0.962140,0.949606,0.834406,spectrum_fno48_floor6_smooth1_qc_peak4_fieldloss_smooth05
run57_sparc_1593,sparc_1593,0.587833,0.625029,0.455183,0.579001,0.617262,0.446764,0.936287,0.938438,0.897958,0.925397,0.888516,0.856437,spectrum_fno48_floor6_smooth1_qc_peak4_fieldloss_smooth05
run58_sparc_1300,sparc_1300,0.425345,0.487124,0.452314,0.422062,0.470492,0.450424,0.981339,0.990255,0.985897,0.913659,0.812104,0.879671,spectrum_fno48_floor6_smooth1_qc_peak4_fieldloss
run58_sparc_1349,sparc_1349,0.505819,0.657554,0.330575,0.493803,0.603564,0.329730,0.891953,0.884762,0.727531,0.931759,0.909492,0.715165,spectrum_fno48_floor6_smooth1_qc_peak4_fieldloss_smooth05
run58_sparc_1351,sparc_1351,0.554311,0.590594,0.359920,0.538341,0.579868,0.355999,0.908519,0.904408,0.762823,0.906615,0.799266,0.659051,spectrum_fno48_floor6_smooth1_qc_peak4_fieldloss_smooth05
run58_sparc_1353,sparc_1353,0.502103,0.646690,0.324042,0.496576,0.611536,0.324041,0.882035,0.878596,0.740176,0.897653,0.931606,0.659917,spectrum_fno48_floor6_smooth1_qc_peak4_fieldloss_smooth05
run58_sparc_1355,sparc_1355,0.540323,0.648332,0.378944,0.525063,0.612991,0.377689,0.892529,0.889042,0.727262,0.903883,0.854886,0.696003,spectrum_fno48_floor6_smooth1_qc_peak4_fieldloss_smooth05
run58_sparc_1358,sparc_1358,0.525808,0.647743,0.364550,0.521099,0.604189,0.362866,0.897093,0.897404,0.750175,0.884936,0.848941,0.585294,spectrum_fno48_floor6_smooth1_qc_peak4_fieldloss_smooth05
run58_sparc_1359,sparc_1359,0.507880,0.673867,0.352581,0.502909,0.598319,0.347314,0.906297,0.912290,0.801321,0.928408,0.867847,0.666287,spectrum_fno48_floor6_smooth1_qc_peak4_fieldloss_smooth05
run58_sparc_1365,sparc_1365,0.543031,0.689502,0.376415,0.530584,0.613595,0.370083,0.900081,0.895808,0.742398,0.944734,0.761698,0.656828,spectrum_fno48_floor6_smooth1_qc_peak4_fieldloss_smooth05
run58_sparc_1402,sparc_1402,0.411979,0.584206,0.304865,0.406868,0.518602,0.284605,0.945132,0.953367,0.931403,0.966310,0.878805,0.868313,spectrum_fno48_floor6_smooth1_qc_peak4_fieldloss_smooth05
run58_sparc_1403,sparc_1403,0.794638,0.925960,0.550872,0.717460,0.780894,0.548133,0.879925,0.860190,0.841839,0.946575,0.883604,0.870831,spectrum_fno48_floor6_smooth1_qc_peak4_fieldloss_smooth05
run58_sparc_1413,sparc_1413,0.561434,0.630930,0.359977,0.551464,0.609962,0.356623,0.907474,0.906045,0.856814,0.933917,0.789930,0.592769,spectrum_fno48_floor6_smooth1_qc_peak4_fieldloss_smooth05
run58_sparc_1421,sparc_1421,0.536747,0.761973,0.359913,0.535829,0.724808,0.343347,0.896849,0.889788,0.752495,0.944925,0.824438,0.644581,spectrum_fno48_floor6_smooth1_qc_peak4_fieldloss_smooth05
run58_sparc_1422,sparc_1422,0.547709,0.882922,0.385684,0.542702,0.758462,0.381197,0.891443,0.888514,0.749683,0.894864,0.826379,0.715729,spectrum_fno48_floor6_smooth1_qc_peak4_fieldloss_smooth05
run58_sparc_1429,sparc_1429,1.087092,1.220263,0.893679,0.799364,0.887141,0.676837,0.776353,0.649741,0.621421,0.907706,0.915919,0.756374,spectrum_fno48_floor6_smooth1_qc_peak4_fieldloss_smooth05
run58_sparc_1440,sparc_1440,1.239034,1.070648,0.540139,0.828502,0.805095,0.450323,0.936401,0.942897,0.912558,0.894727,0.689126,0.558087,spectrum_fno48_floor6_smooth1_qc_peak4_fieldloss_smooth05
run58_sparc_1503,sparc_1503,0.881542,0.932776,0.639704,0.742725,0.771385,0.611239,0.860136,0.815017,0.792836,0.916069,0.843122,0.755668,spectrum_fno48_floor6_smooth1_qc_peak4_fieldloss_smooth05
run58_sparc_1512,sparc_1512,0.552168,0.665613,0.346748,0.535928,0.605275,0.346238,0.915545,0.914713,0.855550,0.909801,0.762541,0.563987,spectrum_fno48_floor6_smooth1_qc_peak4_fieldloss_smooth05
run58_sparc_1516,sparc_1516,0.634744,0.687018,0.431246,0.561645,0.597768,0.404063,0.912070,0.909398,0.797481,0.926187,0.695879,0.616887,spectrum_fno48_floor6_smooth1_qc_peak4_fieldloss_smooth05
run58_sparc_1522,sparc_1522,0.575800,0.806258,0.383539,0.575773,0.752720,0.369734,0.896190,0.895259,0.749216,0.937104,0.890765,0.591526,spectrum_fno48_floor6_smooth1_qc_peak4_fieldloss_smooth05
run58_sparc_1527,sparc_1527,0.939093,1.141937,0.546015,0.763953,0.845065,0.454940,0.917191,0.923485,0.854599,0.798534,0.660764,0.452275,spectrum_fno48_floor6_smooth1_qc_peak4_fieldloss_smooth05
run58_sparc_1593,sparc_1593,0.803768,0.949142,0.551407,0.713898,0.781906,0.546884,0.862720,0.838248,0.820903,0.932319,0.873582,0.777306,spectrum_fno48_floor6_smooth1_qc_peak4_fieldloss_smooth05
run59_sparc_1300,sparc_1300,0.631017,0.660341,0.684921,0.594048,0.608510,0.588516,0.954624,0.972165,0.948338,0.872482,0.830175,0.857682,spectrum_fno48_floor6_smooth1_qc_peak4_fieldloss
run59_sparc_1314,sparc_1314,0.685594,0.696313,0.425067,0.676959,0.694343,0.379023,0.936740,0.940077,0.888582,0.861324,0.810173,0.593020,spectrum_fno48_floor6_smooth1_qc_peak4_fieldloss_smooth05
run59_sparc_1315,sparc_1315,0.669327,0.676892,0.441683,0.662344,0.670045,0.384236,0.935518,0.941271,0.863413,0.880024,0.854414,0.644462,spectrum_fno48_floor6_smooth1_qc_peak4_fieldloss_smooth05
run59_sparc_1316,sparc_1316,0.640488,0.659943,0.385159,0.640392,0.659656,0.367777,0.926911,0.937178,0.864625,0.909079,0.910828,0.726757,spectrum_fno48_floor6_smooth1_qc_peak4_fieldloss_smooth05
run59_sparc_1317,sparc_1317,0.667786,0.679959,0.417735,0.667753,0.679911,0.416977,0.937380,0.938023,0.867384,0.938201,0.872758,0.735863,spectrum_fno48_floor6_smooth1_qc_peak4_fieldloss_smooth05
run59_sparc_1319,sparc_1319,0.659670,0.683084,0.383771,0.659320,0.680802,0.383771,0.939434,0.935909,0.874154,0.909111,0.786043,0.702711,spectrum_fno48_floor6_smooth1_qc_peak4_fieldloss_smooth05
run59_sparc_1353,sparc_1353,0.667590,0.674048,0.407602,0.665762,0.673445,0.362217,0.928533,0.926947,0.857116,0.962062,0.860211,0.709803,spectrum_fno48_floor6_smooth1_qc_peak4_fieldloss_smooth05
run59_sparc_1359,sparc_1359,0.638944,0.672993,0.363741,0.636621,0.670609,0.351825,0.938640,0.942769,0.888737,0.900847,0.830974,0.664705,spectrum_fno48_floor6_smooth1_qc_peak4_fieldloss_smooth05
run59_sparc_1363,sparc_1363,0.665481,0.712086,0.403360,0.663123,0.707315,0.392661,0.930429,0.931444,0.854826,0.953448,0.890004,0.690130,spectrum_fno48_floor6_smooth1_qc_peak4_fieldloss_smooth05
run59_sparc_1402,sparc_1402,0.606955,0.831984,0.264759,0.546517,0.606983,0.251421,0.945013,0.942183,0.919700,0.898746,0.749385,0.782290,spectrum_fno48_floor6_smooth1_qc_peak4_fieldloss_smooth05
run59_sparc_1407,sparc_1407,0.876433,0.954398,0.667045,0.769823,0.796497,0.629546,0.930380,0.926260,0.841519,0.893196,0.754168,0.595827,spectrum_fno48_floor6_smooth1_qc_peak4_fieldloss_smooth05
run59_sparc_1412,sparc_1412,0.691377,0.711951,0.446252,0.670031,0.691602,0.381519,0.937878,0.941474,0.888223,0.842288,0.807568,0.669806,spectrum_fno48_floor6_smooth1_qc_peak4_fieldloss_smooth05
run59_sparc_1416,sparc_1416,0.656137,0.666194,0.400959,0.642321,0.656754,0.360565,0.935049,0.939600,0.877007,0.872441,0.838010,0.610654,spectrum_fno48_floor6_smooth1_qc_peak4_fieldloss_smooth05
run59_sparc_1423,sparc_1423,0.679418,0.711914,0.419090,0.672321,0.702166,0.418433,0.928791,0.931412,0.872915,0.830835,0.741692,0.680357,spectrum_fno48_floor6_smooth1_qc_peak4_fieldloss_smooth05
run59_sparc_1424,sparc_1424,0.628074,0.693554,0.421623,0.627968,0.688964,0.418329,0.932904,0.930068,0.872322,0.921432,0.777882,0.659331,spectrum_fno48_floor6_smooth1_qc_peak4_fieldloss_smooth05
run59_sparc_1426,sparc_1426,0.663447,0.762487,0.348404,0.663210,0.719408,0.347748,0.927066,0.925086,0.862369,0.856659,0.799446,0.551874,spectrum_fno48_floor6_smooth1_qc_peak4_fieldloss_smooth05
run59_sparc_1430,sparc_1430,0.638041,0.765942,0.516482,0.635303,0.709781,0.514637,0.762915,0.701956,0.553418,0.969252,0.956421,0.856080,spectrum_fno48_floor6_smooth1_qc_peak4_fieldloss_smooth05
run59_sparc_1512,sparc_1512,0.684436,0.710869,0.425974,0.645430,0.672006,0.364165,0.940861,0.941747,0.894574,0.877287,0.826892,0.660320,spectrum_fno48_floor6_smooth1_qc_peak4_fieldloss_smooth05
run5_sparc_1302,sparc_1302,0.581734,0.609886,0.448748,0.562215,0.568335,0.443226,0.804457,0.858598,0.827747,0.981088,0.975905,0.934529,spectrum_fno48_floor6_smooth1_qc_peak4_fieldloss_smooth05
run5_sparc_1307,sparc_1307,0.797929,0.948843,0.535156,0.694886,0.736606,0.527298,0.927331,0.917819,0.860123,0.901275,0.808466,0.650155,spectrum_fno48_floor6_smooth1_qc_peak4_fieldloss_smooth05
run5_sparc_1314,sparc_1314,0.617908,0.752547,0.429147,0.579344,0.716102,0.416750,0.904183,0.898248,0.841472,0.974929,0.520284,0.562500,spectrum_fno48_floor6_smooth1_qc_peak4_fieldloss_smooth05
run5_sparc_1317,sparc_1317,0.602807,0.686567,0.410759,0.572327,0.667209,0.402912,0.897899,0.894227,0.806929,0.965891,0.633226,0.624133,spectrum_fno48_floor6_smooth1_qc_peak4_fieldloss_smooth05
run5_sparc_1350,sparc_1350,0.618444,0.772631,0.427941,0.576630,0.718317,0.412555,0.906947,0.900727,0.852379,0.976259,0.548807,0.575783,spectrum_fno48_floor6_smooth1_qc_peak4_fieldloss_smooth05
run5_sparc_1363,sparc_1363,0.522786,0.716220,0.417156,0.510668,0.674392,0.411315,0.877010,0.875796,0.699686,0.938959,0.834209,0.708142,spectrum_fno48_floor6_smooth1_qc_peak4_fieldloss_smooth05
run5_sparc_1365,sparc_1365,0.495811,0.654020,0.358608,0.495039,0.635025,0.358168,0.891614,0.890806,0.723501,0.900765,0.892836,0.704152,spectrum_fno48_floor6_smooth1_qc_peak4_fieldloss_smooth05
run5_sparc_1408,sparc_1408,1.087390,1.103463,0.458577,0.726248,0.792609,0.440984,0.933385,0.923178,0.857067,0.930897,0.795275,0.683238,spectrum_fno48_floor6_smooth1_qc_peak4_fieldloss_smooth05
run5_sparc_1411,sparc_1411,0.607598,0.851470,0.407515,0.564386,0.735992,0.399599,0.894188,0.895912,0.813636,0.942117,0.761957,0.644200,spectrum_fno48_floor6_smooth1_qc_peak4_fieldloss_smooth05
run5_sparc_1420,sparc_1420,0.578744,0.701113,0.362735,0.575975,0.664338,0.355455,0.892066,0.887807,0.717187,0.939039,0.772273,0.668137,spectrum_fno48_floor6_smooth1_qc_peak4_fieldloss_smooth05
run5_sparc_1500,sparc_1500,0.489741,0.520307,0.452564,0.477856,0.504435,0.449749,0.980096,0.988858,0.982769,0.947046,0.905933,0.904842,spectrum_fno48_floor6_smooth1_qc_peak4_fieldloss_smooth05
run5_sparc_1501,sparc_1501,1.097813,1.093908,0.883595,0.776861,0.792499,0.675613,0.946144,0.953351,0.914957,0.904958,0.846715,0.890215,spectrum_fno48_floor6_smooth1_qc_peak4_fieldloss_smooth05
run5_sparc_1509,sparc_1509,0.926173,1.294387,0.673228,0.724049,0.830735,0.526430,0.874939,0.855178,0.740581,0.922576,0.885890,0.800828,spectrum_fno48_floor6_smooth1_qc_peak4_fieldloss_smooth05
run5_sparc_1511,sparc_1511,0.588953,0.808977,0.388191,0.555082,0.706274,0.388173,0.882954,0.883021,0.831699,0.921305,0.663389,0.634575,spectrum_fno48_floor6_smooth1_qc_peak4_fieldloss_smooth05
run5_sparc_1514,sparc_1514,0.565673,0.729744,0.408895,0.564322,0.712939,0.402944,0.893958,0.895242,0.800663,0.922191,0.695933,0.603312,spectrum_fno48_floor6_smooth1_qc_peak4_fieldloss_smooth05
run5_sparc_1517,sparc_1517,0.589574,0.702111,0.397949,0.568635,0.667606,0.397853,0.892301,0.893895,0.798194,0.927039,0.736272,0.612474,spectrum_fno48_floor6_smooth1_qc_peak4_fieldloss_smooth05
run5_sparc_1523,sparc_1523,0.571761,0.814015,0.401872,0.544472,0.704937,0.401819,0.894682,0.887326,0.717444,0.893069,0.886657,0.522522,spectrum_fno48_floor6_smooth1_qc_peak4_fieldloss_smooth05
run5_sparc_1526,sparc_1526,1.251567,1.335761,0.606984,0.759279,0.806908,0.494955,0.932069,0.934981,0.879415,0.896576,0.641595,0.692811,spectrum_fno48_floor6_smooth1_qc_peak4_fieldloss_smooth05
run5_sparc_1530,sparc_1530,0.560996,0.798648,0.593192,0.560243,0.722984,0.580060,0.869831,0.894951,0.859937,0.917302,0.781928,0.837469,spectrum_fno48_floor6_smooth1_qc_peak4_fieldloss
run5_sparc_1593,sparc_1593,0.731130,1.012223,0.467332,0.657515,0.781686,0.365742,0.944158,0.935303,0.906707,0.868757,0.738639,0.624669,spectrum_fno48_floor6_smooth1_qc_peak4_fieldloss_smooth05
run60_sparc_1303,sparc_1303,0.837997,1.352037,0.524301,0.570733,0.733028,0.421985,0.901158,0.889293,0.835389,0.863326,0.879772,0.729175,spectrum_fno48_floor6_smooth1_qc_peak4_fieldloss_smooth05
run60_sparc_1350,sparc_1350,0.506373,0.555109,0.291406,0.488001,0.511517,0.291372,0.936994,0.938929,0.920250,0.935389,0.733115,0.645810,spectrum_fno48_floor6_smooth1_qc_peak4_fieldloss_smooth05
run60_sparc_1351,sparc_1351,0.487935,0.532443,0.317389,0.482316,0.510648,0.316707,0.933882,0.929307,0.816329,0.941217,0.809737,0.750545,spectrum_fno48_floor6_smooth1_qc_peak4_fieldloss_smooth05
run60_sparc_1352,sparc_1352,0.476424,0.559290,0.316299,0.467866,0.529008,0.313544,0.919609,0.909230,0.790268,0.925469,0.830732,0.793075,spectrum_fno48_floor6_smooth1_qc_peak4_fieldloss_smooth05
run60_sparc_1353,sparc_1353,0.451311,0.538890,0.284929,0.446138,0.529758,0.284884,0.912008,0.914138,0.788308,0.912100,0.773778,0.635709,spectrum_fno48_floor6_smooth1_qc_peak4_fieldloss_smooth05
run60_sparc_1356,sparc_1356,0.499211,0.626588,0.351967,0.493338,0.581751,0.348228,0.913469,0.914241,0.792982,0.940019,0.870895,0.706445,spectrum_fno48_floor6_smooth1_qc_peak4_fieldloss_smooth05
run60_sparc_1361,sparc_1361,0.446773,0.532790,0.274871,0.442763,0.513850,0.271589,0.902065,0.905505,0.788993,0.922855,0.847695,0.641828,spectrum_fno48_floor6_smooth1_qc_peak4_fieldloss_smooth05
run60_sparc_1402,sparc_1402,0.611599,0.712749,0.560026,0.609664,0.694115,0.551887,0.774695,0.752541,0.716485,0.953443,0.923802,0.851326,spectrum_fno48_floor6_smooth1_qc_peak4_fieldloss_smooth05
run60_sparc_1403,sparc_1403,0.960352,1.462940,0.560655,0.593462,0.715639,0.399202,0.909481,0.908363,0.890342,0.905385,0.835396,0.869763,spectrum_fno48_floor6_smooth1_qc_peak4_fieldloss_smooth05
run60_sparc_1418,sparc_1418,0.481669,0.593734,0.281168,0.466269,0.545143,0.276330,0.919136,0.927164,0.823511,0.892432,0.826611,0.653911,spectrum_fno48_floor6_smooth1_qc_peak4_fieldloss_smooth05
run60_sparc_1421,sparc_1421,0.495330,0.568766,0.377397,0.493984,0.553202,0.375689,0.915663,0.919227,0.794466,0.887469,0.819668,0.637208,spectrum_fno48_floor6_smooth1_qc_peak4_fieldloss_smooth05
run60_sparc_1423,sparc_1423,0.888936,1.082168,0.768757,0.790824,0.858698,0.692609,0.782771,0.737061,0.675349,0.951358,0.863307,0.762172,spectrum_fno48_floor6_smooth1_qc_peak4_fieldloss_smooth05
run60_sparc_1428,sparc_1428,0.587257,0.674645,0.471921,0.579538,0.624833,0.460058,0.909480,0.911820,0.821824,0.955303,0.897886,0.805619,spectrum_fno48_floor6_smooth1_qc_peak4_fieldloss_smooth05
run60_sparc_1430,sparc_1430,0.776194,0.760305,0.624422,0.748574,0.713589,0.621951,0.527593,0.864813,0.797925,0.963530,0.900331,0.856053,spectrum_fno48_floor6_smooth1_qc_peak4_fieldloss_smooth05
run60_sparc_1440,sparc_1440,0.820598,1.088911,0.339927,0.626749,0.783797,0.279425,0.913328,0.921816,0.919287,0.908712,0.544986,0.768840,spectrum_fno48_floor6_smooth1_qc_peak4_fieldloss_smooth05
run60_sparc_1500,sparc_1500,0.362312,0.426161,0.350853,0.315930,0.360707,0.347788,0.989765,0.992636,0.986803,0.801214,0.865354,0.968434,spectrum_fno48_floor6_smooth1_qc_peak4_fieldloss_smooth05
run60_sparc_1503,sparc_1503,1.428439,1.979140,1.183784,0.789199,0.806747,0.644467,0.792117,0.796192,0.705992,0.975453,0.919908,0.922400,spectrum_fno48_floor6_smooth1_qc_peak4_fieldloss_smooth05
run60_sparc_1504,sparc_1504,0.705484,0.917242,0.343020,0.568288,0.741645,0.327350,0.869616,0.874707,0.826858,0.875051,0.618446,0.698477,spectrum_fno48_floor6_smooth1_qc_peak4_fieldloss_smooth05
run60_sparc_1506,sparc_1506,0.578985,0.842802,0.387725,0.565590,0.717151,0.380517,0.893376,0.915976,0.832268,0.844593,0.526025,0.645926,spectrum_fno48_floor6_smooth1_qc_peak4_fieldloss_smooth05
run60_sparc_1511,sparc_1511,0.493984,0.499173,0.311203,0.491612,0.497036,0.307013,0.943757,0.941518,0.908903,0.887055,0.481184,0.544332,spectrum_fno48_floor6_smooth1_qc_peak4_fieldloss_smooth05
run60_sparc_1515,sparc_1515,0.495454,0.556408,0.318649,0.483081,0.533040,0.304719,0.910586,0.917919,0.831122,0.891203,0.642765,0.654547,spectrum_fno48_floor6_smooth1_qc_peak4_fieldloss_smooth05
run60_sparc_1521,sparc_1521,0.495617,0.586865,0.373060,0.495605,0.569673,0.369639,0.913424,0.915594,0.799876,0.871695,0.759657,0.491000,spectrum_fno48_floor6_smooth1_qc_peak4_fieldloss_smooth05
run60_sparc_1523,sparc_1523,0.693617,0.704717,0.617770,0.619002,0.654149,0.568939,0.899725,0.903423,0.777442,0.904039,0.823358,0.605925,spectrum_fno48_floor6_smooth1_qc_peak4_fieldloss_smooth05
run61_sparc_1303,sparc_1303,0.741558,0.693470,0.284128,0.603913,0.631738,0.278216,0.942185,0.947268,0.907594,0.900277,0.682992,0.778363,spectrum_fno48_floor6_smooth1_qc_peak4_fieldloss_smooth05
run61_sparc_1305,sparc_1305,0.866290,1.338258,0.528051,0.706763,0.780837,0.500688,0.909960,0.905588,0.868387,0.908342,0.885704,0.713106,spectrum_fno48_floor6_smooth1_qc_peak4_fieldloss_smooth05
run61_sparc_1309,sparc_1309,1.292515,0.786349,0.697979,0.773218,0.661455,0.533622,0.895523,0.910724,0.883450,0.884798,0.591162,0.717816,spectrum_fno48_floor6_smooth1_qc_peak4_fieldloss_smooth05
run61_sparc_1313,sparc_1313,0.907532,0.757033,0.496645,0.601623,0.642475,0.364751,0.935347,0.954805,0.936458,0.663515,0.734670,0.740378,spectrum_fno48_floor6_smooth1_qc_peak4_fieldloss_smooth05
run61_sparc_1315,sparc_1315,0.738928,0.794745,0.710083,0.611602,0.687260,0.467733,0.922720,0.951206,0.927793,0.594563,0.737658,0.680669,spectrum_fno48_floor6_smooth1_qc_peak4_fieldloss_smooth05
run61_sparc_1354,sparc_1354,0.683900,0.630529,0.355565,0.666299,0.630503,0.349651,0.928259,0.934171,0.891537,0.761405,0.837384,0.522633,spectrum_fno48_floor6_smooth1_qc_peak4_fieldloss_smooth05
run61_sparc_1355,sparc_1355,0.724497,0.870522,0.519904,0.723379,0.828949,0.490771,0.664479,0.736624,0.725260,0.705872,0.721195,0.603930,spectrum_fno48_floor6_smooth1_qc_peak4_fieldloss_smooth05
run61_sparc_1356,sparc_1356,0.573004,0.641280,0.458109,0.560650,0.636756,0.337339,0.907340,0.941919,0.918910,0.652949,0.815822,0.639465,spectrum_fno48_floor6_smooth1_qc_peak4_fieldloss_smooth05
run61_sparc_1406,sparc_1406,0.572125,0.764906,0.426526,0.571916,0.759846,0.404212,0.872624,0.883487,0.820953,0.979340,0.961255,0.862989,spectrum_fno48_floor6_smooth1_qc_peak4_fieldloss_smooth05
run61_sparc_1407,sparc_1407,0.617911,0.682682,0.467385,0.603252,0.681082,0.467372,0.852501,0.922777,0.858123,0.972990,0.927369,0.801806,spectrum_fno48_floor6_smooth1_qc_peak4_fieldloss_smooth05
run61_sparc_1411,sparc_1411,0.667732,0.589515,0.357742,0.654537,0.589391,0.340080,0.940941,0.955680,0.925038,0.843754,0.580152,0.767143,spectrum_fno48_floor6_smooth1_qc_peak4_fieldloss_smooth05
run61_sparc_1419,sparc_1419,0.570833,0.754021,0.336863,0.555079,0.736317,0.299069,0.920393,0.942281,0.902681,0.919287,0.875755,0.531641,spectrum_fno48_floor6_smooth1_qc_peak4_fieldloss_smooth05
run61_sparc_1426,sparc_1426,0.706103,0.722743,0.602175,0.696277,0.721119,0.588217,0.937376,0.941870,0.888062,0.940642,0.881037,0.796904,spectrum_fno48_floor6_smooth1_qc_peak4_fieldloss_smooth05
run61_sparc_1430,sparc_1430,0.714285,1.227121,0.814327,0.663195,0.803995,0.676184,0.895903,0.925326,0.855423,0.947199,0.908825,0.871426,spectrum_fno48_floor6_smooth1_qc_peak4_fieldloss
run61_sparc_1500,sparc_1500,0.424364,0.452436,0.350702,0.421864,0.451105,0.345930,0.965699,0.982441,0.975492,0.857823,0.836224,0.810032,spectrum_fno48_floor6_smooth1_qc_peak4_fieldloss_smooth05
run61_sparc_1501,sparc_1501,0.589313,0.724629,0.396252,0.579113,0.698299,0.388877,0.931633,0.939072,0.903681,0.855317,0.922410,0.749246,spectrum_fno48_floor6_smooth1_qc_peak4_fieldloss_smooth05
run61_sparc_1502,sparc_1502,0.508875,0.825258,0.209337,0.506948,0.675151,0.196665,0.937950,0.945020,0.916572,0.809694,0.781208,0.511606,spectrum_fno48_floor6_smooth1_qc_peak4_fieldloss_smooth05
run61_sparc_1503,sparc_1503,0.717501,0.726214,0.300145,0.601531,0.630939,0.272182,0.946137,0.951807,0.904325,0.875727,0.688031,0.691108,spectrum_fno48_floor6_smooth1_qc_peak4_fieldloss_smooth05
run61_sparc_1508,sparc_1508,0.751715,0.834222,0.467812,0.664176,0.783570,0.449330,0.833290,0.888943,0.849892,0.775737,0.898702,0.678216,spectrum_fno48_floor6_smooth1_qc_peak4_fieldloss_smooth05
run61_sparc_1509,sparc_1509,0.686051,0.603407,0.420251,0.658327,0.599464,0.363490,0.910678,0.911722,0.897373,0.840966,0.346733,0.786534,spectrum_fno48_floor6_smooth1_qc_peak4_fieldloss_smooth05
run61_sparc_1512,sparc_1512,0.658613,0.608514,0.362631,0.640908,0.608480,0.338689,0.949053,0.960819,0.943622,0.762778,0.599555,0.769947,spectrum_fno48_floor6_smooth1_qc_peak4_fieldloss_smooth05
run61_sparc_1516,sparc_1516,0.738920,0.611037,0.402508,0.643824,0.603503,0.328892,0.944807,0.957273,0.934479,0.824253,0.687490,0.717305,spectrum_fno48_floor6_smooth1_qc_peak4_fieldloss_smooth05
run61_sparc_1517,sparc_1517,0.798787,0.659131,0.436043,0.647401,0.637321,0.350856,0.939315,0.957836,0.936603,0.827041,0.731260,0.739899,spectrum_fno48_floor6_smooth1_qc_peak4_fieldloss_smooth05
run61_sparc_1522,sparc_1522,0.671512,0.788315,0.436110,0.621215,0.784785,0.430428,0.779944,0.836871,0.762558,0.815706,0.479881,0.662197,spectrum_fno48_floor6_smooth1_qc_peak4_fieldloss_smooth05
run61_sparc_1527,sparc_1527,0.885396,1.010320,0.324509,0.586485,0.678609,0.316799,0.885186,0.938066,0.886892,0.953916,0.667546,0.759347,spectrum_fno48_floor6_smooth1_qc_peak4_fieldloss_smooth05
run61_sparc_1529,sparc_1529,0.749893,0.772609,0.787986,0.715272,0.768264,0.764280,0.862343,0.849058,0.802562,0.971388,0.973794,0.914993,spectrum_fno48_floor6_smooth1_qc_peak4_fieldloss
run61_sparc_1593,sparc_1593,0.681579,0.682045,0.275774,0.595233,0.622441,0.268976,0.939461,0.946322,0.909473,0.889215,0.668973,0.745667,spectrum_fno48_floor6_smooth1_qc_peak4_fieldloss_smooth05
run62_sparc_1307,sparc_1307,0.768099,0.907628,0.458747,0.683068,0.728883,0.447404,0.925787,0.937351,0.919551,0.933736,0.932884,0.720266,spectrum_fno48_floor6_smooth1_qc_peak4_fieldloss_smooth05
run62_sparc_1309,sparc_1309,0.993358,0.975373,0.465901,0.712064,0.740026,0.416483,0.905852,0.921662,0.867898,0.942570,0.907078,0.732303,spectrum_fno48_floor6_smooth1_qc_peak4_fieldloss_smooth05
run62_sparc_1319,sparc_1319,0.535599,0.628384,0.330039,0.532300,0.608335,0.326462,0.915443,0.914776,0.878812,0.897351,0.800020,0.595793,spectrum_fno48_floor6_smooth1_qc_peak4_fieldloss_smooth05
run62_sparc_1351,sparc_1351,0.548789,0.592396,0.339136,0.543644,0.572370,0.337451,0.896767,0.900605,0.807295,0.928538,0.735499,0.650000,spectrum_fno48_floor6_smooth1_qc_peak4_fieldloss_smooth05
run62_sparc_1358,sparc_1358,0.483870,0.582360,0.311130,0.481798,0.560989,0.309797,0.878393,0.897141,0.792340,0.920867,0.903996,0.629276,spectrum_fno48_floor6_smooth1_qc_peak4_fieldloss_smooth05
run62_sparc_1362,sparc_1362,0.436982,0.544014,0.272688,0.436587,0.532042,0.271963,0.903565,0.907351,0.772162,0.954440,0.944805,0.819543,spectrum_fno48_floor6_smooth1_qc_peak4_fieldloss_smooth05
run62_sparc_1404,sparc_1404,0.670083,0.893773,0.300566,0.637925,0.727003,0.297725,0.921567,0.936956,0.891226,0.903783,0.806074,0.678829,spectrum_fno48_floor6_smooth1_qc_peak4_fieldloss_smooth05
run62_sparc_1405,sparc_1405,0.724807,0.922878,0.367334,0.675531,0.775105,0.355303,0.938376,0.944896,0.899025,0.869248,0.776300,0.574016,spectrum_fno48_floor6_smooth1_qc_peak4_fieldloss_smooth05
run62_sparc_1416,sparc_1416,0.546417,0.586393,0.326659,0.537655,0.575277,0.324612,0.918264,0.918039,0.842780,0.948329,0.757347,0.673423,spectrum_fno48_floor6_smooth1_qc_peak4_fieldloss_smooth05
run62_sparc_1422,sparc_1422,0.522792,0.650256,0.356712,0.515608,0.612788,0.355763,0.903450,0.902798,0.797968,0.892996,0.773606,0.614548,spectrum_fno48_floor6_smooth1_qc_peak4_fieldloss_smooth05
run62_sparc_1425,sparc_1425,1.100131,1.219330,0.659803,0.820233,0.814300,0.576186,0.944367,0.946150,0.892499,0.815263,0.866421,0.812837,spectrum_fno48_floor6_smooth1_qc_peak4_fieldloss_smooth05
run62_sparc_1440,sparc_1440,0.761477,0.821536,0.416445,0.681698,0.735855,0.406269,0.954932,0.955027,0.924073,0.911452,0.862804,0.751483,spectrum_fno48_floor6_smooth1_qc_peak4_fieldloss_smooth05
run62_sparc_1441,sparc_1441,0.750904,0.803744,0.414419,0.678608,0.734059,0.403223,0.954698,0.955123,0.922824,0.909425,0.865951,0.755689,spectrum_fno48_floor6_smooth1_qc_peak4_fieldloss_smooth05
run62_sparc_1503,sparc_1503,1.158142,1.304298,0.575045,0.852073,0.879557,0.500283,0.887242,0.864097,0.827054,0.944509,0.893362,0.636533,spectrum_fno48_floor6_smooth1_qc_peak4_fieldloss_smooth05
run62_sparc_1508,sparc_1508,0.790403,1.117145,0.442358,0.689629,0.767519,0.409294,0.928401,0.939478,0.893205,0.841904,0.825946,0.741798,spectrum_fno48_floor6_smooth1_qc_peak4_fieldloss_smooth05
run62_sparc_1515,sparc_1515,0.540734,0.611955,0.309081,0.533866,0.588326,0.308554,0.904348,0.906999,0.829710,0.927962,0.759787,0.584764,spectrum_fno48_floor6_smooth1_qc_peak4_fieldloss_smooth05
run62_sparc_1525,sparc_1525,0.759643,0.955818,0.416161,0.692064,0.765200,0.386972,0.936452,0.933745,0.887614,0.847836,0.804581,0.625631,spectrum_fno48_floor6_smooth1_qc_peak4_fieldloss_smooth05
run63_sparc_1316,sparc_1316,0.580353,0.563647,0.418600,0.542567,0.537111,0.416611,0.912780,0.921820,0.815225,0.878703,0.844294,0.563743,spectrum_fno48_floor6_smooth1_qc_peak4_fieldloss_smooth05
run63_sparc_1317,sparc_1317,0.595926,0.590177,0.336496,0.543769,0.534596,0.333955,0.913728,0.921911,0.842623,0.907151,0.895273,0.631278,spectrum_fno48_floor6_smooth1_qc_peak4_fieldloss_smooth05
run63_sparc_1319,sparc_1319,0.545503,0.566457,0.318225,0.502916,0.526719,0.317849,0.911332,0.920354,0.870280,0.906159,0.867093,0.552678,spectrum_fno48_floor6_smooth1_qc_peak4_fieldloss_smooth05
run63_sparc_1401,sparc_1401,0.932073,0.863049,0.788662,0.909300,0.850027,0.769144,0.842528,0.918644,0.889493,0.990344,0.987173,0.925718,spectrum_fno48_floor6_smooth1_qc_peak4_fieldloss_smooth05
run63_sparc_1406,sparc_1406,0.804128,0.817594,0.764009,0.666247,0.689759,0.663340,0.914281,0.912793,0.809092,0.964414,0.937077,0.829129,spectrum_fno48_floor6_smooth1_qc_peak4_fieldloss_smooth05
run63_sparc_1409,sparc_1409,0.843178,0.890559,0.592003,0.842943,0.872752,0.579518,0.884434,0.773048,0.698361,0.912611,0.813182,0.707590,spectrum_fno48_floor6_smooth1_qc_peak4_fieldloss_smooth05
run63_sparc_1419,sparc_1419,0.737030,0.675559,0.627034,0.717089,0.665314,0.609886,0.893835,0.910507,0.780110,0.920130,0.927041,0.787291,spectrum_fno48_floor6_smooth1_qc_peak4_fieldloss_smooth05
run63_sparc_1423,sparc_1423,0.670693,0.731898,0.609182,0.663953,0.706143,0.606797,0.889898,0.893033,0.774250,0.936027,0.958457,0.706207,spectrum_fno48_floor6_smooth1_qc_peak4_fieldloss_smooth05
run63_sparc_1425,sparc_1425,0.809662,0.787658,0.598408,0.702966,0.722184,0.581762,0.883891,0.872125,0.778106,0.966636,0.933474,0.764936,spectrum_fno48_floor6_smooth1_qc_peak4_fieldloss_smooth05
run63_sparc_1441,sparc_1441,0.600889,0.672732,0.426710,0.598756,0.667212,0.426571,0.917968,0.919389,0.906620,0.943146,0.765034,0.564143,spectrum_fno48_floor6_smooth1_qc_peak4_fieldloss_smooth05
run63_sparc_1506,sparc_1506,0.732458,0.705647,0.800647,0.671313,0.661634,0.676813,0.901792,0.909820,0.793135,0.957517,0.917205,0.827581,spectrum_fno48_floor6_smooth1_qc_peak4
run63_sparc_1507,sparc_1507,0.596362,0.701328,0.479464,0.587375,0.689750,0.479464,0.922139,0.919193,0.833911,0.912042,0.871003,0.554191,spectrum_fno48_floor6_smooth1_qc_peak4_fieldloss_smooth05
run63_sparc_1516,sparc_1516,0.530439,0.595168,0.370513,0.524352,0.578856,0.370400,0.923428,0.925441,0.832244,0.932934,0.684767,0.627256,spectrum_fno48_floor6_smooth1_qc_peak4_fieldloss_smooth05
run63_sparc_1519,sparc_1519,0.753711,0.731803,0.885373,0.722126,0.673684,0.815389,0.908281,0.913754,0.797989,0.884352,0.927288,0.756507,spectrum_fno48_floor6_smooth1_qc_peak4
run63_sparc_1523,sparc_1523,0.807690,0.782816,0.877277,0.659290,0.641878,0.726709,0.850604,0.859902,0.673182,0.980358,0.972724,0.842825,spectrum_fno48_floor6_smooth1_qc_peak4
run63_sparc_1525,sparc_1525,0.611997,0.670976,0.525454,0.610716,0.660121,0.523666,0.903230,0.912635,0.790414,0.937236,0.963377,0.772693,spectrum_fno48_floor6_smooth1_qc_peak4_fieldloss_smooth05
run63_sparc_1527,sparc_1527,0.698964,0.733923,0.594310,0.626881,0.654976,0.556766,0.918464,0.919683,0.837036,0.945795,0.931201,0.804029,spectrum_fno48_floor6_smooth1_qc_peak4_fieldloss_smooth05
run63_sparc_1593,sparc_1593,0.601063,0.624456,0.435526,0.590313,0.623575,0.418203,0.929614,0.931931,0.896999,0.917594,0.886675,0.723836,spectrum_fno48_floor6_smooth1_qc_peak4_fieldloss_smooth05
run64_sparc_1305,sparc_1305,0.653852,0.654316,0.518632,0.649590,0.653405,0.503980,0.921950,0.925115,0.853707,0.951085,0.919887,0.695447,spectrum_fno48_floor6_smooth1_qc_peak4_fieldloss_smooth05
run64_sparc_1307,sparc_1307,0.611220,0.687502,0.587467,0.558691,0.603103,0.573253,0.915869,0.918637,0.846417,0.983085,0.964595,0.873756,spectrum_fno48_floor6_smooth1_qc_peak4_fieldloss_smooth05
run64_sparc_1311,sparc_1311,0.631385,0.585783,0.409452,0.596200,0.575422,0.409291,0.910379,0.920998,0.839872,0.896442,0.789643,0.637319,spectrum_fno48_floor6_smooth1_qc_peak4_fieldloss_smooth05
run64_sparc_1315,sparc_1315,0.746299,0.659319,0.498356,0.646118,0.609386,0.482815,0.915926,0.917547,0.831711,0.906036,0.838718,0.691982,spectrum_fno48_floor6_smooth1_qc_peak4_fieldloss_smooth05
run64_sparc_1316,sparc_1316,0.701009,0.672735,0.560088,0.661509,0.612462,0.555054,0.912972,0.920265,0.805524,0.865965,0.839459,0.591158,spectrum_fno48_floor6_smooth1_qc_peak4_fieldloss_smooth05
run64_sparc_1317,sparc_1317,0.696838,0.668668,0.413340,0.640394,0.617340,0.412891,0.916413,0.919889,0.848660,0.905104,0.850358,0.579467,spectrum_fno48_floor6_smooth1_qc_peak4_fieldloss_smooth05
run64_sparc_1350,sparc_1350,0.623042,0.603816,0.392057,0.605009,0.589964,0.386038,0.929809,0.932205,0.904480,0.858760,0.818180,0.743368,spectrum_fno48_floor6_smooth1_qc_peak4_fieldloss_smooth05
run64_sparc_1353,sparc_1353,0.690095,0.772839,0.467691,0.617212,0.686999,0.448625,0.899089,0.907031,0.796892,0.890057,0.906134,0.484992,spectrum_fno48_floor6_smooth1_qc_peak4_fieldloss_smooth05
run64_sparc_1360,sparc_1360,0.672613,0.682345,0.455370,0.625037,0.645986,0.439245,0.896162,0.901247,0.781125,0.896630,0.880436,0.633671,spectrum_fno48_floor6_smooth1_qc_peak4_fieldloss_smooth05
run64_sparc_1364,sparc_1364,0.614804,0.787338,0.616827,0.579358,0.677452,0.574415,0.912043,0.912362,0.811967,0.957411,0.962785,0.807353,spectrum_fno48_floor6_smooth1_qc_peak4_fieldloss
run64_sparc_1404,sparc_1404,0.666716,0.649867,0.502385,0.635356,0.614869,0.501861,0.928356,0.934779,0.873472,0.909075,0.932243,0.683016,spectrum_fno48_floor6_smooth1_qc_peak4_fieldloss_smooth05
run64_sparc_1405,sparc_1405,0.966178,0.956628,0.905000,0.878908,0.862049,0.838996,0.750350,0.755855,0.718345,0.979936,0.979328,0.909397,spectrum_fno48_floor6_smooth1_qc_peak4_fieldloss_smooth05
run64_sparc_1415,sparc_1415,0.708786,0.712320,0.508592,0.646968,0.660623,0.450787,0.910445,0.916425,0.826932,0.912375,0.884736,0.485326,spectrum_fno48_floor6_smooth1_qc_peak4_fieldloss_smooth05
run64_sparc_1423,sparc_1423,0.678894,0.663313,0.641756,0.675142,0.660671,0.623490,0.901230,0.909590,0.802905,0.912710,0.884161,0.710254,spectrum_fno48_floor6_smooth1_qc_peak4_fieldloss_smooth05
run64_sparc_1426,sparc_1426,0.743645,0.727667,0.639246,0.737871,0.714234,0.639076,0.912316,0.902329,0.822115,0.920210,0.907631,0.775298,spectrum_fno48_floor6_smooth1_qc_peak4_fieldloss_smooth05
run64_sparc_1428,sparc_1428,0.728226,0.721646,0.686735,0.694495,0.696195,0.663284,0.868035,0.889167,0.820531,0.933361,0.899751,0.775456,spectrum_fno48_floor6_smooth1_qc_peak4_fieldloss_smooth05
run64_sparc_1441,sparc_1441,0.586073,0.617514,0.396295,0.542523,0.600728,0.360605,0.933634,0.927590,0.902711,0.874914,0.832955,0.587379,spectrum_fno48_floor6_smooth1_qc_peak4_fieldloss_smooth05
run64_sparc_1500,sparc_1500,0.388673,0.442417,0.329934,0.321714,0.413927,0.321767,0.992739,0.993330,0.991463,0.950436,0.925202,0.935328,spectrum_fno48_floor6_smooth1_qc_peak4_fieldloss_smooth05
run64_sparc_1509,sparc_1509,0.697364,0.704740,0.524685,0.658236,0.655638,0.500500,0.913812,0.915700,0.815012,0.884904,0.797737,0.558568,spectrum_fno48_floor6_smooth1_qc_peak4_fieldloss_smooth05
run64_sparc_1511,sparc_1511,0.661935,0.671376,0.469631,0.654542,0.657898,0.463496,0.918472,0.919614,0.856424,0.938448,0.859504,0.706191,spectrum_fno48_floor6_smooth1_qc_peak4_fieldloss_smooth05
run64_sparc_1513,sparc_1513,0.693947,0.680503,0.620135,0.679771,0.676005,0.590524,0.899835,0.907166,0.807920,0.920332,0.861698,0.757735,spectrum_fno48_floor6_smooth1_qc_peak4_fieldloss_smooth05
run64_sparc_1520,sparc_1520,0.966944,0.731520,0.556905,0.824123,0.696984,0.556751,0.887538,0.908346,0.800395,0.962224,0.952156,0.670404,spectrum_fno48_floor6_smooth1_qc_peak4_fieldloss_smooth05
run64_sparc_1529,sparc_1529,0.725158,0.749835,0.778844,0.725157,0.745733,0.755501,0.899535,0.900409,0.837358,0.962778,0.915415,0.839913,spectrum_fno48_floor6_smooth1_qc_peak4_fieldloss
run65_sparc_1307,sparc_1307,0.856723,0.920696,0.800299,0.841111,0.875507,0.799437,0.510602,0.362332,0.450973,0.968968,0.956628,0.708452,spectrum_fno48_floor6_smooth1_qc_peak4_fieldloss_smooth05
run65_sparc_1311,sparc_1311,0.523935,0.657910,0.327355,0.509098,0.614202,0.327083,0.920599,0.922731,0.859171,0.895736,0.832859,0.667227,spectrum_fno48_floor6_smooth1_qc_peak4_fieldloss_smooth05
run65_sparc_1315,sparc_1315,0.533868,0.598996,0.335321,0.482867,0.539722,0.329748,0.912694,0.913057,0.792513,0.944670,0.668339,0.608952,spectrum_fno48_floor6_smooth1_qc_peak4_fieldloss_smooth05
run65_sparc_1316,sparc_1316,0.494761,0.574472,0.331061,0.476908,0.530253,0.330558,0.898982,0.901553,0.770127,0.956572,0.726603,0.716370,spectrum_fno48_floor6_smooth1_qc_peak4_fieldloss_smooth05
run65_sparc_1351,sparc_1351,0.532298,0.635574,0.340338,0.488128,0.547725,0.333999,0.889027,0.889459,0.762088,0.949055,0.757727,0.679390,spectrum_fno48_floor6_smooth1_qc_peak4_fieldloss_smooth05
run65_sparc_1359,sparc_1359,0.441418,0.565411,0.297412,0.435180,0.521258,0.296356,0.908463,0.910550,0.806125,0.907665,0.882090,0.688793,spectrum_fno48_floor6_smooth1_qc_peak4_fieldloss_smooth05
run65_sparc_1361,sparc_1361,0.430848,0.551557,0.289412,0.429206,0.522347,0.289181,0.898723,0.903070,0.763801,0.907328,0.902875,0.629409,spectrum_fno48_floor6_smooth1_qc_peak4_fieldloss_smooth05
run65_sparc_1362,sparc_1362,0.444772,0.606610,0.299398,0.436955,0.543436,0.297425,0.849822,0.851500,0.670563,0.913314,0.895226,0.661702,spectrum_fno48_floor6_smooth1_qc_peak4_fieldloss_smooth05
run65_sparc_1363,sparc_1363,0.447493,0.533520,0.321664,0.440830,0.516758,0.321544,0.891141,0.896184,0.737293,0.962192,0.861229,0.813146,spectrum_fno48_floor6_smooth1_qc_peak4_fieldloss_smooth05
run65_sparc_1364,sparc_1364,0.485392,0.638142,0.323448,0.481486,0.616186,0.323385,0.899843,0.899386,0.789849,0.877732,0.908014,0.620178,spectrum_fno48_floor6_smooth1_qc_peak4_fieldloss_smooth05
run65_sparc_1365,sparc_1365,0.434752,0.596656,0.286206,0.426108,0.541825,0.286191,0.886025,0.889858,0.720028,0.895358,0.916384,0.695179,spectrum_fno48_floor6_smooth1_qc_peak4_fieldloss_smooth05
run65_sparc_1411,sparc_1411,0.526217,0.639064,0.330216,0.509939,0.584953,0.329239,0.930167,0.927421,0.868889,0.886309,0.879434,0.706107,spectrum_fno48_floor6_smooth1_qc_peak4_fieldloss_smooth05
run65_sparc_1421,sparc_1421,0.536563,0.583130,0.371480,0.518487,0.554777,0.371476,0.920355,0.919190,0.805459,0.932978,0.731083,0.354731,spectrum_fno48_floor6_smooth1_qc_peak4_fieldloss_smooth05
run65_sparc_1423,sparc_1423,0.625012,0.762634,0.517980,0.622818,0.733535,0.517717,0.881163,0.860620,0.768519,0.960787,0.780265,0.785170,spectrum_fno48_floor6_smooth1_qc_peak4_fieldloss_smooth05
run65_sparc_1425,sparc_1425,0.673960,0.840616,0.506945,0.645284,0.775771,0.506396,0.891080,0.856448,0.792795,0.834121,0.789044,0.631994,spectrum_fno48_floor6_smooth1_qc_peak4_fieldloss_smooth05
run65_sparc_1428,sparc_1428,0.793075,0.872292,0.730686,0.761861,0.790202,0.719084,0.863779,0.810322,0.758875,0.967984,0.902528,0.872298,spectrum_fno48_floor6_smooth1_qc_peak4_fieldloss_smooth05
run65_sparc_1441,sparc_1441,0.810134,1.123961,0.621868,0.788880,0.878641,0.605038,0.871655,0.831380,0.861955,0.684466,0.843503,0.711698,spectrum_fno48_floor6_smooth1_qc_peak4_fieldloss_smooth05
run65_sparc_1506,sparc_1506,1.047926,1.530513,0.928154,0.877748,0.915173,0.810013,0.695845,0.675553,0.588825,0.875168,0.726852,0.900070,spectrum_fno48_floor6_smooth1_qc_peak4_fieldloss_smooth05
run65_sparc_1507,sparc_1507,1.098149,1.383434,0.708329,0.859951,0.902594,0.529342,0.694374,0.636545,0.615744,0.902571,0.912791,0.845266,spectrum_fno48_floor6_smooth1_qc_peak4_fieldloss_smooth05
run65_sparc_1510,sparc_1510,0.601478,0.651534,0.338105,0.534751,0.590160,0.337987,0.932563,0.934381,0.878640,0.805331,0.855318,0.580846,spectrum_fno48_floor6_smooth1_qc_peak4_fieldloss_smooth05
run65_sparc_1512,sparc_1512,0.560042,0.623384,0.332978,0.517608,0.571339,0.329812,0.934588,0.937129,0.876381,0.921508,0.902563,0.760326,spectrum_fno48_floor6_smooth1_qc_peak4_fieldloss_smooth05
run65_sparc_1520,sparc_1520,0.510560,0.560617,0.381759,0.506477,0.558093,0.380979,0.913871,0.918466,0.784037,0.786351,0.822695,0.450935,spectrum_fno48_floor6_smooth1_qc_peak4_fieldloss_smooth05
run65_sparc_1525,sparc_1525,0.593043,0.771358,0.477466,0.569937,0.680824,0.464501,0.901555,0.867214,0.784673,0.912537,0.756508,0.696804,spectrum_fno48_floor6_smooth1_qc_peak4_fieldloss_smooth05
run65_sparc_1529,sparc_1529,0.747078,0.765229,0.684249,0.716491,0.760819,0.649112,0.844301,0.844469,0.730976,0.966798,0.930831,0.852739,spectrum_fno48_floor6_smooth1_qc_peak4_fieldloss_smooth05
run66_sparc_1302,sparc_1302,0.602250,0.830026,0.598219,0.588696,0.775703,0.577912,0.796894,0.792381,0.711248,0.939645,0.842697,0.790659,spectrum_fno48_floor6_smooth1_qc_peak4_fieldloss_smooth05
run66_sparc_1303,sparc_1303,0.572217,0.657286,0.401770,0.571334,0.620138,0.392868,0.887518,0.887074,0.776338,0.951174,0.882745,0.793896,spectrum_fno48_floor6_smooth1_qc_peak4_fieldloss_smooth05
run66_sparc_1304,sparc_1304,0.714847,1.183860,0.646003,0.614868,0.811037,0.526992,0.898977,0.867655,0.780291,0.920554,0.880749,0.796351,spectrum_fno48_floor6_smooth1_qc_peak4_fieldloss_smooth05
run66_sparc_1313,sparc_1313,0.499238,0.549266,0.297271,0.482619,0.514652,0.296954,0.911867,0.917031,0.854458,0.868180,0.812987,0.641436,spectrum_fno48_floor6_smooth1_qc_peak4_fieldloss_smooth05
run66_sparc_1318,sparc_1318,0.440051,0.541283,0.295975,0.439674,0.521533,0.283557,0.908410,0.915984,0.812685,0.929840,0.831404,0.587417,spectrum_fno48_floor6_smooth1_qc_peak4_fieldloss_smooth05
run66_sparc_1319,sparc_1319,0.445857,0.550487,0.300258,0.445264,0.529289,0.290986,0.913444,0.916997,0.809100,0.912475,0.807437,0.607687,spectrum_fno48_floor6_smooth1_qc_peak4_fieldloss_smooth05
run66_sparc_1350,sparc_1350,0.499235,0.549263,0.297271,0.482618,0.514652,0.296954,0.911868,0.917031,0.854456,0.868175,0.812984,0.641448,spectrum_fno48_floor6_smooth1_qc_peak4_fieldloss_smooth05
run66_sparc_1408,sparc_1408,1.003879,1.235328,0.259195,0.749601,0.844995,0.257525,0.892605,0.910270,0.852067,0.931036,0.817774,0.587941,spectrum_fno48_floor6_smooth1_qc_peak4_fieldloss_smooth05
run66_sparc_1415,sparc_1415,0.527120,0.552704,0.329314,0.500472,0.531427,0.328078,0.921107,0.921940,0.834869,0.871328,0.662660,0.623416,spectrum_fno48_floor6_smooth1_qc_peak4_fieldloss_smooth05
run66_sparc_1416,sparc_1416,0.530972,0.567690,0.314806,0.501538,0.545036,0.314395,0.917224,0.919751,0.827149,0.938539,0.684734,0.652318,spectrum_fno48_floor6_smooth1_qc_peak4_fieldloss_smooth05
run66_sparc_1427,sparc_1427,0.656034,0.658641,0.584556,0.651527,0.655282,0.565984,0.873530,0.843145,0.754883,0.915827,0.767580,0.694586,spectrum_fno48_floor6_smooth1_qc_peak4_fieldloss_smooth05
run66_sparc_1429,sparc_1429,0.600175,0.599580,0.490058,0.597264,0.599552,0.488966,0.909927,0.901303,0.815134,0.953706,0.890174,0.822065,spectrum_fno48_floor6_smooth1_qc_peak4_fieldloss_smooth05
run66_sparc_1430,sparc_1430,0.858079,0.783380,0.650247,0.739859,0.679162,0.636239,0.542680,0.813817,0.772905,0.955922,0.903797,0.806135,spectrum_fno48_floor6_smooth1_qc_peak4_fieldloss_smooth05
run66_sparc_1509,sparc_1509,0.531312,0.611974,0.342588,0.525739,0.583124,0.330083,0.932805,0.927418,0.824713,0.924919,0.824996,0.664917,spectrum_fno48_floor6_smooth1_qc_peak4_fieldloss_smooth05
run66_sparc_1514,sparc_1514,0.516040,0.540249,0.320288,0.504191,0.530315,0.318921,0.917180,0.921712,0.827259,0.921871,0.725175,0.717891,spectrum_fno48_floor6_smooth1_qc_peak4_fieldloss_smooth05
run66_sparc_1516,sparc_1516,0.524182,0.553465,0.308975,0.499687,0.536524,0.308916,0.903422,0.906070,0.799850,0.910136,0.728145,0.719182,spectrum_fno48_floor6_smooth1_qc_peak4_fieldloss_smooth05
run66_sparc_1529,sparc_1529,1.033344,1.087650,1.058693,0.864171,0.871968,0.861655,0.793585,0.741289,0.628758,0.962982,0.953076,0.908758,spectrum_fno48_floor6_smooth1_qc_peak4_fieldloss
run67_sparc_1302,sparc_1302,0.536852,1.201189,0.586839,0.514959,0.721275,0.535964,0.878720,0.875671,0.805840,0.917642,0.901980,0.838979,spectrum_fno48_floor6_smooth1_qc_peak4_fieldloss
run67_sparc_1304,sparc_1304,0.906452,1.175164,0.933168,0.748144,0.853530,0.819200,0.695280,0.613968,0.582696,0.979756,0.947055,0.625110,spectrum_fno48_floor6_smooth1_qc_peak4_fieldloss
run67_sparc_1318,sparc_1318,0.425534,0.589285,0.290004,0.421234,0.537565,0.263511,0.918748,0.917717,0.879871,0.840499,0.822635,0.585746,spectrum_fno48_floor6_smooth1_qc_peak4_fieldloss_smooth05
run67_sparc_1350,sparc_1350,0.456949,0.595403,0.305967,0.456873,0.541209,0.281331,0.916355,0.916273,0.900410,0.848479,0.866977,0.586469,spectrum_fno48_floor6_smooth1_qc_peak4_fieldloss_smooth05
run67_sparc_1362,sparc_1362,0.420643,0.539155,0.278237,0.420081,0.524375,0.275641,0.900004,0.899541,0.762541,0.913581,0.892848,0.702697,spectrum_fno48_floor6_smooth1_qc_peak4_fieldloss_smooth05
run67_sparc_1401,sparc_1401,0.693067,0.740545,0.649666,0.641687,0.668984,0.644287,0.601839,0.767548,0.747380,0.947793,0.900860,0.822575,spectrum_fno48_floor6_smooth1_qc_peak4_fieldloss_smooth05
run67_sparc_1403,sparc_1403,0.393884,0.940710,0.284414,0.391317,0.713346,0.281843,0.916956,0.938160,0.914835,0.884689,0.647118,0.818581,spectrum_fno48_floor6_smooth1_qc_peak4_fieldloss_smooth05
run67_sparc_1404,sparc_1404,0.615597,0.929277,0.556706,0.536365,0.668968,0.467052,0.883353,0.899996,0.847418,0.981548,0.966742,0.850248,spectrum_fno48_floor6_smooth1_qc_peak4_fieldloss_smooth05
run67_sparc_1410,sparc_1410,0.495472,0.676792,0.329565,0.488093,0.588994,0.310974,0.913766,0.913707,0.780971,0.885097,0.826576,0.527085,spectrum_fno48_floor6_smooth1_qc_peak4_fieldloss_smooth05
run67_sparc_1412,sparc_1412,0.473438,0.577741,0.314805,0.472772,0.546075,0.285972,0.915831,0.917473,0.822239,0.879412,0.722601,0.678453,spectrum_fno48_floor6_smooth1_qc_peak4_fieldloss_smooth05
run67_sparc_1417,sparc_1417,0.462726,0.560234,0.314422,0.462722,0.539253,0.285882,0.897270,0.899130,0.791162,0.906799,0.789773,0.637904,spectrum_fno48_floor6_smooth1_qc_peak4_fieldloss_smooth05
run67_sparc_1419,sparc_1419,0.534940,0.704275,0.433343,0.529504,0.660328,0.432357,0.863234,0.879483,0.691835,0.884398,0.853344,0.538699,spectrum_fno48_floor6_smooth1_qc_peak4_fieldloss_smooth05
run67_sparc_1427,sparc_1427,1.663185,1.764101,1.753717,0.924578,0.963571,0.921023,0.781464,0.697054,0.668365,0.938435,0.916364,0.760524,spectrum_fno48_floor6_smooth1_qc_peak4_fieldloss
run67_sparc_1500,sparc_1500,1.093965,0.939712,0.943085,0.880571,0.924827,0.772085,0.980935,0.987492,0.984090,0.955634,0.908295,0.933530,spectrum_fno48_floor6_smooth1_qc_peak4
run67_sparc_1508,sparc_1508,1.279055,1.520672,0.538244,0.845468,0.872686,0.482537,0.921712,0.928677,0.859582,0.896025,0.773459,0.651964,spectrum_fno48_floor6_smooth1_qc_peak4_fieldloss_smooth05
run67_sparc_1509,sparc_1509,0.517281,0.651246,0.398851,0.516797,0.618298,0.372832,0.916790,0.915119,0.799769,0.917617,0.907837,0.676569,spectrum_fno48_floor6_smooth1_qc_peak4_fieldloss_smooth05
run67_sparc_1510,sparc_1510,0.510966,0.624425,0.339830,0.506116,0.577394,0.310060,0.917971,0.920740,0.842150,0.845369,0.783283,0.552306,spectrum_fno48_floor6_smooth1_qc_peak4_fieldloss_smooth05
run67_sparc_1514,sparc_1514,0.475554,0.548891,0.312640,0.475554,0.531955,0.290370,0.924784,0.925665,0.846702,0.931045,0.815703,0.838238,spectrum_fno48_floor6_smooth1_qc_peak4_fieldloss_smooth05
run67_sparc_1515,sparc_1515,0.464948,0.542486,0.303819,0.464345,0.530323,0.286127,0.924055,0.924218,0.838514,0.926994,0.790693,0.798061,spectrum_fno48_floor6_smooth1_qc_peak4_fieldloss_smooth05
run67_sparc_1517,sparc_1517,0.463922,0.578907,0.292187,0.460461,0.570133,0.282867,0.916283,0.917852,0.854529,0.930438,0.789204,0.745715,spectrum_fno48_floor6_smooth1_qc_peak4_fieldloss_smooth05
run67_sparc_1519,sparc_1519,0.538173,0.723775,0.484251,0.532302,0.675319,0.479320,0.874469,0.885582,0.700743,0.893141,0.885021,0.665052,spectrum_fno48_floor6_smooth1_qc_peak4_fieldloss_smooth05
run67_sparc_1522,sparc_1522,0.553030,0.634669,0.443747,0.543792,0.601715,0.442463,0.912929,0.913630,0.768362,0.836786,0.806084,0.428206,spectrum_fno48_floor6_smooth1_qc_peak4_fieldloss_smooth05
run67_sparc_1524,sparc_1524,0.748640,0.829541,0.639300,0.667621,0.755229,0.590057,0.898047,0.899508,0.758347,0.898434,0.888451,0.693237,spectrum_fno48_floor6_smooth1_qc_peak4_fieldloss_smooth05
run67_sparc_1526,sparc_1526,0.734428,0.895546,0.517593,0.702867,0.813249,0.508106,0.878228,0.868934,0.730019,0.938723,0.837534,0.808544,spectrum_fno48_floor6_smooth1_qc_peak4_fieldloss_smooth05
run67_sparc_1530,sparc_1530,0.858640,0.713047,0.659772,0.749962,0.687786,0.597062,0.912504,0.898066,0.884366,0.971865,0.969743,0.869247,spectrum_fno48_floor6_smooth1_qc_peak4_fieldloss_smooth05
run68_sparc_1305,sparc_1305,0.713832,0.842461,0.409663,0.686985,0.811259,0.401869,0.926579,0.931214,0.864358,0.958025,0.921613,0.856062,spectrum_fno48_floor6_smooth1_qc_peak4_fieldloss_smooth05
run68_sparc_1313,sparc_1313,0.429363,0.967160,0.118412,0.412167,0.965751,0.118397,0.916772,0.907262,0.918932,0.718474,0.252412,0.629121,spectrum_fno48_floor6_smooth1_qc_peak4_fieldloss_smooth05
run68_sparc_1314,sparc_1314,0.468509,0.972819,0.106066,0.434161,0.970282,0.104416,0.914358,0.904473,0.916398,0.628115,0.252456,0.610566,spectrum_fno48_floor6_smooth1_qc_peak4_fieldloss_smooth05
run68_sparc_1359,sparc_1359,0.776447,1.110163,0.326061,0.735968,0.997977,0.303982,0.744503,0.740112,0.715044,0.740567,0.281398,0.802801,spectrum_fno48_floor6_smooth1_qc_peak4_fieldloss_smooth05
run68_sparc_1364,sparc_1364,1.404532,1.122584,1.244092,0.959311,0.967215,0.815789,0.724450,0.767849,0.586483,0.812982,0.620459,0.628752,spectrum_fno48_floor6_smooth1_qc_peak4
run68_sparc_1401,sparc_1401,0.658946,0.913492,0.595437,0.638665,0.767418,0.561541,0.930228,0.923785,0.875124,0.929620,0.870027,0.846912,spectrum_fno48_floor6_smooth1_qc_peak4_fieldloss_smooth05
run68_sparc_1414,sparc_1414,0.588015,0.948352,0.095465,0.491669,0.945254,0.093930,0.914285,0.934574,0.910616,0.653182,0.252685,0.577440,spectrum_fno48_floor6_smooth1_qc_peak4_fieldloss_smooth05
run68_sparc_1418,sparc_1418,0.739519,0.940338,0.128589,0.652110,0.937704,0.083398,0.899158,0.926259,0.903942,0.418550,0.252341,0.510693,spectrum_fno48_floor6_smooth1_qc_peak4_fieldloss_smooth05
run68_sparc_1420,sparc_1420,0.439589,0.764286,0.125920,0.430177,0.699298,0.084966,0.916799,0.891572,0.866940,0.715170,0.214955,0.527936,spectrum_fno48_floor6_smooth1_qc_peak4_fieldloss_smooth05
run68_sparc_1426,sparc_1426,1.047036,1.032398,0.524220,0.718449,0.824951,0.437365,0.922681,0.917516,0.866055,0.983150,0.926182,0.791781,spectrum_fno48_floor6_smooth1_qc_peak4_fieldloss_smooth05
run68_sparc_1430,sparc_1430,1.256417,1.397130,1.210847,0.804438,0.819714,0.753262,0.768367,0.837569,0.796245,0.917849,0.849530,0.709895,spectrum_fno48_floor6_smooth1_qc_peak4_fieldloss_smooth05
run68_sparc_1506,sparc_1506,1.187560,0.942197,0.652883,0.818293,0.900876,0.542223,0.908413,0.873064,0.846912,0.958465,0.940555,0.733492,spectrum_fno48_floor6_smooth1_qc_peak4_fieldloss_smooth05
run68_sparc_1508,sparc_1508,0.553264,0.931534,0.168497,0.515284,0.732900,0.163146,0.886659,0.905902,0.865936,0.806294,0.558793,0.606517,spectrum_fno48_floor6_smooth1_qc_peak4_fieldloss_smooth05
run68_sparc_1517,sparc_1517,0.540410,0.938526,0.139058,0.511722,0.935390,0.094867,0.893340,0.929482,0.906511,0.561758,0.253417,0.390421,spectrum_fno48_floor6_smooth1_qc_peak4_fieldloss_smooth05
run69_sparc_1309,sparc_1309,0.753899,1.059212,0.571947,0.637381,0.777718,0.517128,0.722525,0.706648,0.543871,0.977910,0.964487,0.904208,spectrum_fno48_floor6_smooth1_qc_peak4_fieldloss_smooth05
run69_sparc_1310,sparc_1310,0.545538,0.730130,0.439042,0.539253,0.653329,0.416223,0.884223,0.885904,0.718046,0.959467,0.816224,0.696944,spectrum_fno48_floor6_smooth1_qc_peak4_fieldloss_smooth05
run69_sparc_1311,sparc_1311,0.543080,0.705609,0.415415,0.533522,0.629058,0.395242,0.891624,0.893835,0.721581,0.951159,0.739425,0.627827,spectrum_fno48_floor6_smooth1_qc_peak4_fieldloss_smooth05
run69_sparc_1315,sparc_1315,0.556936,0.656446,0.369537,0.541496,0.597970,0.369507,0.905202,0.900430,0.821259,0.882911,0.727216,0.620892,spectrum_fno48_floor6_smooth1_qc_peak4_fieldloss_smooth05
run69_sparc_1358,sparc_1358,0.542178,0.659597,0.355660,0.524590,0.620499,0.355003,0.897248,0.897233,0.737363,0.901697,0.915550,0.761628,spectrum_fno48_floor6_smooth1_qc_peak4_fieldloss_smooth05
run69_sparc_1359,sparc_1359,0.542794,0.734240,0.358922,0.530997,0.648960,0.353536,0.894323,0.897012,0.778445,0.909372,0.851685,0.641086,spectrum_fno48_floor6_smooth1_qc_peak4_fieldloss_smooth05
run69_sparc_1363,sparc_1363,0.518827,0.674749,0.387092,0.513602,0.641534,0.386964,0.882133,0.883141,0.719136,0.936160,0.875430,0.545669,spectrum_fno48_floor6_smooth1_qc_peak4_fieldloss_smooth05
run69_sparc_1401,sparc_1401,0.581164,0.664787,0.526809,0.559324,0.546090,0.521678,0.950699,0.957228,0.914518,0.980105,0.978114,0.948414,spectrum_fno48_floor6_smooth1_qc_peak4_fieldloss_smooth05
run69_sparc_1404,sparc_1404,0.972220,1.332017,0.650433,0.770379,0.866705,0.574752,0.940136,0.935289,0.877519,0.911985,0.897138,0.592760,spectrum_fno48_floor6_smooth1_qc_peak4_fieldloss_smooth05
run69_sparc_1411,sparc_1411,0.534366,0.697229,0.381082,0.525543,0.620916,0.379105,0.901076,0.907753,0.831748,0.942106,0.756045,0.648158,spectrum_fno48_floor6_smooth1_qc_peak4_fieldloss_smooth05
run69_sparc_1416,sparc_1416,0.544678,0.725121,0.374935,0.534244,0.635635,0.371947,0.914210,0.911060,0.838237,0.933118,0.808194,0.599892,spectrum_fno48_floor6_smooth1_qc_peak4_fieldloss_smooth05
run69_sparc_1420,sparc_1420,0.540375,0.913788,0.373250,0.540325,0.807141,0.363792,0.882414,0.891636,0.728554,0.852677,0.869892,0.546748,spectrum_fno48_floor6_smooth1_qc_peak4_fieldloss_smooth05
run69_sparc_1422,sparc_1422,0.499056,0.765591,0.368367,0.473946,0.716936,0.366083,0.787556,0.890821,0.720416,0.916963,0.929393,0.612933,spectrum_fno48_floor6_smooth1_qc_peak4_fieldloss_smooth05
run69_sparc_1425,sparc_1425,1.267401,1.087914,0.781553,0.846178,0.818648,0.652207,0.928670,0.917136,0.835593,0.878714,0.772345,0.697344,spectrum_fno48_floor6_smooth1_qc_peak4_fieldloss_smooth05
run69_sparc_1441,sparc_1441,1.140477,1.260159,0.610301,0.822175,0.862009,0.583770,0.944398,0.947351,0.926429,0.836624,0.796049,0.618314,spectrum_fno48_floor6_smooth1_qc_peak4_fieldloss_smooth05
run69_sparc_1507,sparc_1507,1.132630,1.107141,0.840224,0.838437,0.880318,0.774876,0.856905,0.838411,0.751787,0.976636,0.974206,0.859849,spectrum_fno48_floor6_smooth1_qc_peak4_fieldloss_smooth05
run69_sparc_1511,sparc_1511,0.517502,0.687930,0.358534,0.511242,0.623517,0.358253,0.914825,0.917523,0.884810,0.886410,0.840224,0.555004,spectrum_fno48_floor6_smooth1_qc_peak4_fieldloss_smooth05
run69_sparc_1516,sparc_1516,0.536839,0.722330,0.357468,0.526858,0.636095,0.344737,0.899289,0.903084,0.825601,0.921017,0.855544,0.741193,spectrum_fno48_floor6_smooth1_qc_peak4_fieldloss_smooth05
run69_sparc_1525,sparc_1525,1.163784,1.164966,0.719137,0.823014,0.813380,0.635798,0.926829,0.913109,0.836228,0.826346,0.731629,0.503451,spectrum_fno48_floor6_smooth1_qc_peak4_fieldloss_smooth05
run69_sparc_1530,sparc_1530,0.963507,0.967984,0.916902,0.772489,0.756295,0.727336,0.908037,0.928420,0.899888,0.973406,0.945787,0.926009,spectrum_fno48_floor6_smooth1_qc_peak4_fieldloss_smooth05
run6_sparc_1307,sparc_1307,0.690293,0.798892,0.574435,0.665228,0.753733,0.571878,0.871660,0.846151,0.759620,0.863056,0.915403,0.519787,spectrum_fno48_floor6_smooth1_qc_peak4_fieldloss_smooth05
run6_sparc_1313,sparc_1313,0.527215,0.659939,0.357203,0.524895,0.630529,0.354157,0.922937,0.928615,0.921754,0.903884,0.858565,0.599782,spectrum_fno48_floor6_smooth1_qc_peak4_fieldloss_smooth05
run6_sparc_1317,sparc_1317,0.602527,0.637176,0.361963,0.562790,0.552383,0.361134,0.933144,0.932520,0.872768,0.919369,0.746577,0.649017,spectrum_fno48_floor6_smooth1_qc_peak4_fieldloss_smooth05
run6_sparc_1351,sparc_1351,0.576799,0.682613,0.466934,0.574232,0.660732,0.453549,0.917922,0.920897,0.799947,0.930004,0.874632,0.698570,spectrum_fno48_floor6_smooth1_qc_peak4_fieldloss_smooth05
run6_sparc_1354,sparc_1354,0.713216,0.771681,0.593829,0.692749,0.754825,0.591513,0.884220,0.877956,0.778948,0.910257,0.916039,0.639979,spectrum_fno48_floor6_smooth1_qc_peak4_fieldloss_smooth05
run6_sparc_1358,sparc_1358,0.602732,0.708464,0.519937,0.584286,0.670170,0.519397,0.911491,0.914815,0.788005,0.881865,0.880875,0.679387,spectrum_fno48_floor6_smooth1_qc_peak4_fieldloss_smooth05
run6_sparc_1360,sparc_1360,0.580815,0.730363,0.423464,0.561381,0.649153,0.423251,0.909870,0.915175,0.804522,0.915604,0.784289,0.680144,spectrum_fno48_floor6_smooth1_qc_peak4_fieldloss_smooth05
run6_sparc_1364,sparc_1364,0.751439,0.797786,0.498629,0.699939,0.770021,0.498259,0.893275,0.893991,0.819610,0.920053,0.896916,0.661890,spectrum_fno48_floor6_smooth1_qc_peak4_fieldloss_smooth05
run6_sparc_1401,sparc_1401,0.809989,0.851461,0.667037,0.778123,0.819961,0.660576,0.919107,0.935795,0.911189,0.987453,0.985171,0.916058,spectrum_fno48_floor6_smooth1_qc_peak4_fieldloss_smooth05
run6_sparc_1402,sparc_1402,0.610624,0.679413,0.333377,0.608377,0.671640,0.333373,0.945862,0.953599,0.933243,0.936212,0.932893,0.798699,spectrum_fno48_floor6_smooth1_qc_peak4_fieldloss_smooth05
run6_sparc_1419,sparc_1419,0.575658,0.741749,0.562453,0.553062,0.697684,0.535436,0.874596,0.872828,0.725145,0.941659,0.958797,0.720531,spectrum_fno48_floor6_smooth1_qc_peak4_fieldloss_smooth05
run6_sparc_1423,sparc_1423,0.728441,0.705236,0.740908,0.674371,0.670149,0.664220,0.882921,0.905352,0.774787,0.941807,0.897912,0.753187,spectrum_fno48_floor6_smooth1_qc_peak4
run6_sparc_1428,sparc_1428,0.709351,0.718328,0.703854,0.705077,0.713847,0.700775,0.910556,0.879389,0.806853,0.972123,0.966726,0.859422,spectrum_fno48_floor6_smooth1_qc_peak4_fieldloss_smooth05
run6_sparc_1430,sparc_1430,0.994518,0.935922,1.069684,0.906475,0.891588,0.940614,0.757521,0.828963,0.774726,0.987488,0.986039,0.953009,spectrum_fno48_floor6_smooth1_qc_peak4
run6_sparc_1503,sparc_1503,0.602375,0.674449,0.477493,0.594921,0.652682,0.471533,0.930729,0.938344,0.875849,0.937578,0.907311,0.763563,spectrum_fno48_floor6_smooth1_qc_peak4_fieldloss_smooth05
run6_sparc_1509,sparc_1509,0.691556,0.798286,0.547708,0.687360,0.768741,0.541805,0.893385,0.905453,0.793065,0.910870,0.836435,0.472722,spectrum_fno48_floor6_smooth1_qc_peak4_fieldloss_smooth05
run6_sparc_1527,sparc_1527,0.647561,0.655064,0.535901,0.640851,0.650649,0.532684,0.918044,0.925838,0.855174,0.912310,0.920183,0.711235,spectrum_fno48_floor6_smooth1_qc_peak4_fieldloss_smooth05
run6_sparc_1528,sparc_1528,0.916802,0.941255,0.894702,0.745081,0.758581,0.713279,0.892956,0.866656,0.805064,0.957699,0.941631,0.797183,spectrum_fno48_floor6_smooth1_qc_peak4_fieldloss_smooth05
run70_sparc_1301,sparc_1301,0.578139,0.693591,0.558508,0.553449,0.666555,0.542313,0.726049,0.727559,0.587051,0.896057,0.929364,0.834903,spectrum_fno48_floor6_smooth1_qc_peak4_fieldloss_smooth05
run70_sparc_1307,sparc_1307,0.848096,0.908905,0.641229,0.723777,0.756206,0.561067,0.910460,0.909338,0.825466,0.964518,0.937788,0.816252,spectrum_fno48_floor6_smooth1_qc_peak4_fieldloss_smooth05
run70_sparc_1309,sparc_1309,0.546639,0.798287,0.437926,0.546571,0.776596,0.434525,0.865045,0.816290,0.693619,0.963212,0.928991,0.898630,spectrum_fno48_floor6_smooth1_qc_peak4_fieldloss_smooth05
run70_sparc_1354,sparc_1354,0.500623,0.661561,0.367570,0.499875,0.652445,0.335523,0.871266,0.869373,0.697862,0.889434,0.863817,0.753181,spectrum_fno48_floor6_smooth1_qc_peak4_fieldloss_smooth05
run70_sparc_1359,sparc_1359,0.439527,0.545066,0.275385,0.435257,0.529669,0.274690,0.907189,0.910562,0.800340,0.911125,0.767297,0.747323,spectrum_fno48_floor6_smooth1_qc_peak4_fieldloss_smooth05
run70_sparc_1365,sparc_1365,0.460773,0.566855,0.306140,0.458853,0.550700,0.301876,0.899863,0.897862,0.758921,0.865438,0.740273,0.652293,spectrum_fno48_floor6_smooth1_qc_peak4_fieldloss_smooth05
run70_sparc_1400,sparc_1400,1.436227,1.094707,1.786661,0.999181,0.999819,0.990091,0.980840,0.989771,0.985871,0.943679,0.713629,0.957253,spectrum_fno48_floor6_smooth1_qc_peak4
run70_sparc_1405,sparc_1405,1.562688,1.409668,1.721960,0.938782,0.958000,0.911586,0.882745,0.880890,0.823102,0.956291,0.856424,0.812600,spectrum_fno48_floor6_smooth1_qc_peak4
run70_sparc_1409,sparc_1409,0.518270,0.847671,0.363589,0.518202,0.799917,0.354898,0.855672,0.822939,0.736669,0.945488,0.912853,0.897145,spectrum_fno48_floor6_smooth1_qc_peak4_fieldloss_smooth05
run70_sparc_1413,sparc_1413,0.519315,0.675990,0.347748,0.514356,0.620721,0.333837,0.934150,0.931646,0.888444,0.882063,0.716743,0.665090,spectrum_fno48_floor6_smooth1_qc_peak4_fieldloss_smooth05
run70_sparc_1420,sparc_1420,0.487104,0.622647,0.327012,0.479943,0.598854,0.326996,0.914611,0.918949,0.783651,0.930600,0.803755,0.533046,spectrum_fno48_floor6_smooth1_qc_peak4_fieldloss_smooth05
run70_sparc_1441,sparc_1441,1.154303,1.417551,0.576311,0.845412,0.942180,0.490434,0.889438,0.902238,0.906775,0.839436,0.456034,0.684129,spectrum_fno48_floor6_smooth1_qc_peak4_fieldloss_smooth05
run70_sparc_1506,sparc_1506,1.082952,1.345719,1.042253,0.830897,0.915177,0.739820,0.897553,0.921347,0.858381,0.927108,0.746431,0.426413,spectrum_fno48_floor6_smooth1_qc_peak4_fieldloss_smooth05
run70_sparc_1509,sparc_1509,0.580963,0.797515,0.465951,0.578721,0.786287,0.449767,0.881898,0.849985,0.756639,0.937536,0.909541,0.854602,spectrum_fno48_floor6_smooth1_qc_peak4_fieldloss_smooth05
run70_sparc_1511,sparc_1511,0.534879,0.678754,0.334004,0.524578,0.648444,0.327847,0.929834,0.928183,0.876592,0.908084,0.738752,0.759047,spectrum_fno48_floor6_smooth1_qc_peak4_fieldloss_smooth05
run70_sparc_1512,sparc_1512,0.535322,0.677803,0.342591,0.534412,0.647618,0.339799,0.922061,0.919650,0.832510,0.898664,0.730424,0.708524,spectrum_fno48_floor6_smooth1_qc_peak4_fieldloss_smooth05
run70_sparc_1513,sparc_1513,0.552012,0.657125,0.343159,0.531190,0.639446,0.342676,0.923974,0.921393,0.835420,0.813116,0.736126,0.632664,spectrum_fno48_floor6_smooth1_qc_peak4_fieldloss_smooth05
run70_sparc_1516,sparc_1516,0.538347,0.607221,0.328209,0.505858,0.582121,0.326927,0.929451,0.928542,0.822227,0.875574,0.667949,0.698132,spectrum_fno48_floor6_smooth1_qc_peak4_fieldloss_smooth05
run70_sparc_1517,sparc_1517,0.554537,0.595274,0.353484,0.513924,0.575191,0.342622,0.924837,0.926023,0.830843,0.847127,0.640532,0.662068,spectrum_fno48_floor6_smooth1_qc_peak4_fieldloss_smooth05
run71_sparc_1300,sparc_1300,0.452260,0.520185,0.320077,0.438202,0.519439,0.304260,0.940595,0.959020,0.958090,0.975937,0.965541,0.830737,spectrum_fno48_floor6_smooth1_qc_peak4_fieldloss_smooth05
run71_sparc_1303,sparc_1303,0.744852,0.794156,0.525177,0.719292,0.748562,0.486769,0.907966,0.916100,0.879825,0.968078,0.958801,0.791742,spectrum_fno48_floor6_smooth1_qc_peak4_fieldloss_smooth05
run71_sparc_1305,sparc_1305,0.956254,1.059266,0.752847,0.726885,0.761368,0.659207,0.912445,0.915292,0.850878,0.831208,0.738747,0.480411,spectrum_fno48_floor6_smooth1_qc_peak4_fieldloss_smooth05
run71_sparc_1306,sparc_1306,0.821853,1.048757,0.660167,0.768585,0.819156,0.623444,0.920991,0.919451,0.826186,0.908558,0.880159,0.571984,spectrum_fno48_floor6_smooth1_qc_peak4_fieldloss_smooth05
run71_sparc_1310,sparc_1310,0.592619,0.626414,0.272124,0.584526,0.626414,0.268705,0.865030,0.901694,0.798576,0.883284,0.574222,0.555875,spectrum_fno48_floor6_smooth1_qc_peak4_fieldloss_smooth05
run71_sparc_1311,sparc_1311,0.624413,0.637776,0.276653,0.598582,0.631693,0.275576,0.887033,0.899038,0.789619,0.891807,0.539873,0.600962,spectrum_fno48_floor6_smooth1_qc_peak4_fieldloss_smooth05
run71_sparc_1313,sparc_1313,0.632667,0.751234,0.376116,0.622049,0.709520,0.361238,0.916981,0.907272,0.875779,0.878403,0.777694,0.645249,spectrum_fno48_floor6_smooth1_qc_peak4_fieldloss_smooth05
run71_sparc_1318,sparc_1318,0.671830,0.810999,0.455965,0.641437,0.723217,0.444951,0.897916,0.895630,0.853210,0.921519,0.619821,0.600689,spectrum_fno48_floor6_smooth1_qc_peak4_fieldloss_smooth05
run71_sparc_1352,sparc_1352,0.611302,0.765156,0.544872,0.599900,0.687595,0.442691,0.889650,0.885302,0.744940,0.898553,0.793797,0.645966,spectrum_fno48_floor6_smooth1_qc_peak4_fieldloss_smooth05
run71_sparc_1357,sparc_1357,0.624533,1.001613,0.467770,0.576515,0.754531,0.420162,0.876295,0.865660,0.792788,0.870215,0.877982,0.609647,spectrum_fno48_floor6_smooth1_qc_peak4_fieldloss_smooth05
run71_sparc_1364,sparc_1364,0.566638,0.651097,0.352013,0.566542,0.646962,0.351624,0.871149,0.878283,0.726741,0.893738,0.669979,0.590169,spectrum_fno48_floor6_smooth1_qc_peak4_fieldloss_smooth05
run71_sparc_1421,sparc_1421,0.614351,0.711541,0.395537,0.608570,0.711365,0.392433,0.889585,0.831797,0.730039,0.876686,0.684889,0.792147,spectrum_fno48_floor6_smooth1_qc_peak4_fieldloss_smooth05
run71_sparc_1424,sparc_1424,0.787502,0.880770,0.792969,0.701431,0.773591,0.736948,0.937196,0.947371,0.885470,0.880490,0.852789,0.573673,spectrum_fno48_floor6_smooth1_qc_peak4_fieldloss
run71_sparc_1429,sparc_1429,0.743900,0.941901,0.502363,0.615220,0.682061,0.494382,0.837572,0.901863,0.819701,0.980788,0.963429,0.911995,spectrum_fno48_floor6_smooth1_qc_peak4_fieldloss_smooth05
run71_sparc_1504,sparc_1504,0.798189,1.067067,0.659804,0.695084,0.801409,0.629824,0.926867,0.932254,0.869816,0.864705,0.894779,0.541017,spectrum_fno48_floor6_smooth1_qc_peak4_fieldloss_smooth05
run71_sparc_1505,sparc_1505,0.888773,0.990794,0.788572,0.737139,0.795619,0.719386,0.906274,0.911589,0.845324,0.847305,0.845908,0.527377,spectrum_fno48_floor6_smooth1_qc_peak4_fieldloss_smooth05
run71_sparc_1512,sparc_1512,0.620926,0.628948,0.194269,0.590649,0.628792,0.190197,0.901614,0.890530,0.853947,0.848856,0.601866,0.733502,spectrum_fno48_floor6_smooth1_qc_peak4_fieldloss_smooth05
run71_sparc_1514,sparc_1514,0.582315,0.660375,0.211510,0.580348,0.659528,0.210562,0.902362,0.900780,0.805904,0.842706,0.610231,0.678516,spectrum_fno48_floor6_smooth1_qc_peak4_fieldloss_smooth05
run71_sparc_1515,sparc_1515,0.686095,0.727169,0.356737,0.635003,0.712076,0.308333,0.886161,0.869594,0.766152,0.904980,0.567724,0.752425,spectrum_fno48_floor6_smooth1_qc_peak4_fieldloss_smooth05
run71_sparc_1527,sparc_1527,0.647124,0.807992,0.490583,0.583665,0.669501,0.456325,0.930682,0.940363,0.881613,0.824954,0.662273,0.482699,spectrum_fno48_floor6_smooth1_qc_peak4_fieldloss_smooth05
run72_sparc_1301,sparc_1301,0.848799,0.878043,0.646234,0.812675,0.824430,0.636421,0.889670,0.889052,0.865323,0.978333,0.981784,0.939152,spectrum_fno48_floor6_smooth1_qc_peak4_fieldloss_smooth05
run72_sparc_1302,sparc_1302,0.768450,0.762128,0.690964,0.766077,0.762061,0.690266,0.883510,0.868395,0.840906,0.968148,0.948999,0.840313,spectrum_fno48_floor6_smooth1_qc_peak4_fieldloss_smooth05
run72_sparc_1315,sparc_1315,0.540796,0.574867,0.348166,0.525041,0.565166,0.345694,0.905920,0.912756,0.832847,0.948650,0.864351,0.683590,spectrum_fno48_floor6_smooth1_qc_peak4_fieldloss_smooth05
run72_sparc_1352,sparc_1352,0.595325,0.641546,0.496918,0.561648,0.576299,0.482988,0.920369,0.921248,0.820103,0.856053,0.732815,0.649319,spectrum_fno48_floor6_smooth1_qc_peak4_fieldloss_smooth05
run72_sparc_1353,sparc_1353,0.505900,0.684305,0.359544,0.492018,0.602368,0.355848,0.915789,0.917060,0.802168,0.909735,0.936393,0.684800,spectrum_fno48_floor6_smooth1_qc_peak4_fieldloss_smooth05
run72_sparc_1354,sparc_1354,0.698829,0.708043,0.540762,0.688922,0.672976,0.540738,0.875688,0.882315,0.785835,0.890596,0.890992,0.665824,spectrum_fno48_floor6_smooth1_qc_peak4_fieldloss_smooth05
run72_sparc_1363,sparc_1363,0.586501,0.783417,0.678205,0.573991,0.700095,0.648532,0.914765,0.917086,0.812477,0.879872,0.911878,0.651658,spectrum_fno48_floor6_smooth1_qc_peak4_fieldloss
run72_sparc_1401,sparc_1401,0.955916,0.881117,0.696002,0.869508,0.847599,0.690566,0.844569,0.886648,0.851759,0.981377,0.981908,0.919076,spectrum_fno48_floor6_smooth1_qc_peak4_fieldloss_smooth05
run72_sparc_1420,sparc_1420,0.608678,0.531737,0.496644,0.574236,0.530707,0.491563,0.901820,0.912460,0.808573,0.834949,0.820456,0.613324,spectrum_fno48_floor6_smooth1_qc_peak4_fieldloss_smooth05
run72_sparc_1421,sparc_1421,0.593934,0.652768,0.487101,0.584229,0.616776,0.487084,0.921871,0.919117,0.814980,0.812153,0.915467,0.655356,spectrum_fno48_floor6_smooth1_qc_peak4_fieldloss_smooth05
run72_sparc_1422,sparc_1422,0.722474,0.785648,0.757680,0.687045,0.747721,0.736008,0.902538,0.908483,0.803385,0.929854,0.908811,0.541060,spectrum_fno48_floor6_smooth1_qc_peak4_fieldloss
run72_sparc_1504,sparc_1504,0.646321,0.610334,0.579200,0.588279,0.595959,0.578692,0.920649,0.923116,0.823738,0.907429,0.898340,0.692405,spectrum_fno48_floor6_smooth1_qc_peak4_fieldloss_smooth05
run72_sparc_1506,sparc_1506,0.538427,0.594228,0.441943,0.526830,0.556894,0.437242,0.933063,0.937018,0.853487,0.893812,0.863249,0.679641,spectrum_fno48_floor6_smooth1_qc_peak4_fieldloss_smooth05
run72_sparc_1509,sparc_1509,0.617023,0.688223,0.473115,0.589362,0.668744,0.472213,0.926590,0.929652,0.823595,0.853398,0.826738,0.495294,spectrum_fno48_floor6_smooth1_qc_peak4_fieldloss_smooth05
run72_sparc_1519,sparc_1519,0.490107,0.500218,0.406218,0.488299,0.500201,0.404444,0.883246,0.895790,0.766386,0.897716,0.845362,0.649730,spectrum_fno48_floor6_smooth1_qc_peak4_fieldloss_smooth05
run72_sparc_1521,sparc_1521,0.589010,0.692508,0.414568,0.580162,0.656429,0.412288,0.920764,0.916334,0.815184,0.890522,0.930033,0.726402,spectrum_fno48_floor6_smooth1_qc_peak4_fieldloss_smooth05
run72_sparc_1525,sparc_1525,0.609388,0.673088,0.514153,0.598668,0.665027,0.513437,0.910955,0.901692,0.811725,0.943197,0.924405,0.744634,spectrum_fno48_floor6_smooth1_qc_peak4_fieldloss_smooth05
run72_sparc_1527,sparc_1527,0.550752,0.585537,0.483701,0.549003,0.582531,0.482644,0.924629,0.930446,0.856606,0.938851,0.898433,0.662937,spectrum_fno48_floor6_smooth1_qc_peak4_fieldloss_smooth05
run73_sparc_1304,sparc_1304,1.220336,1.544910,0.606613,0.684458,0.762427,0.430146,0.934682,0.941301,0.879277,0.952070,0.846515,0.830378,spectrum_fno48_floor6_smooth1_qc_peak4_fieldloss_smooth05
run73_sparc_1313,sparc_1313,0.704822,0.613127,0.487883,0.663930,0.608072,0.468109,0.893828,0.923200,0.890595,0.725547,0.404259,0.513202,spectrum_fno48_floor6_smooth1_qc_peak4_fieldloss_smooth05
run73_sparc_1405,sparc_1405,0.702000,0.783276,0.485687,0.629394,0.664835,0.483286,0.926876,0.927852,0.853954,0.919838,0.844175,0.791564,spectrum_fno48_floor6_smooth1_qc_peak4_fieldloss_smooth05
run73_sparc_1417,sparc_1417,0.626460,0.615746,0.412212,0.626405,0.595037,0.400576,0.900087,0.882216,0.839374,0.821860,0.572375,0.628674,spectrum_fno48_floor6_smooth1_qc_peak4_fieldloss_smooth05
run73_sparc_1418,sparc_1418,0.708215,0.674117,0.533714,0.704398,0.672749,0.533713,0.909288,0.905763,0.838415,0.798229,0.607682,0.618571,spectrum_fno48_floor6_smooth1_qc_peak4_fieldloss_smooth05
run73_sparc_1420,sparc_1420,0.791656,0.645847,1.164912,0.623281,0.630512,0.664371,0.912473,0.907517,0.846088,0.941873,0.474547,0.771183,spectrum_fno48_floor6_smooth1_qc_peak4
run73_sparc_1423,sparc_1423,0.700152,0.637966,0.678407,0.681899,0.637916,0.665965,0.906552,0.898945,0.852710,0.825327,0.523998,0.638491,spectrum_fno48_floor6_smooth1_qc_peak4
run73_sparc_1429,sparc_1429,1.290418,1.322145,0.888456,0.801749,0.847083,0.665025,0.908739,0.912151,0.820871,0.969241,0.933850,0.887973,spectrum_fno48_floor6_smooth1_qc_peak4_fieldloss_smooth05
run73_sparc_1500,sparc_1500,0.366667,0.376695,0.288524,0.363097,0.374870,0.281840,0.974450,0.987541,0.980840,0.795871,0.746229,0.788051,spectrum_fno48_floor6_smooth1_qc_peak4_fieldloss_smooth05
run73_sparc_1511,sparc_1511,0.603663,0.683515,0.356478,0.569996,0.585359,0.301420,0.906038,0.925938,0.887459,0.731706,0.587267,0.670345,spectrum_fno48_floor6_smooth1_qc_peak4_fieldloss_smooth05
run73_sparc_1516,sparc_1516,0.672298,0.612578,0.371672,0.636953,0.603949,0.371604,0.892160,0.880462,0.841583,0.818117,0.637815,0.683016,spectrum_fno48_floor6_smooth1_qc_peak4_fieldloss_smooth05
run73_sparc_1522,sparc_1522,0.539854,0.510690,0.374483,0.516428,0.485755,0.366412,0.762964,0.845052,0.711001,0.960123,0.783609,0.821662,spectrum_fno48_floor6_smooth1_qc_peak4_fieldloss_smooth05
run73_sparc_1523,sparc_1523,0.622875,0.587200,0.517442,0.583841,0.551411,0.439259,0.882936,0.888827,0.773493,0.893065,0.459987,0.818427,spectrum_fno48_floor6_smooth1_qc_peak4_fieldloss_smooth05
run73_sparc_1524,sparc_1524,0.777820,0.913103,0.618765,0.667956,0.653038,0.543599,0.853213,0.861104,0.763080,0.797989,0.622060,0.819192,spectrum_fno48_floor6_smooth1_qc_peak4_fieldloss_smooth05
run73_sparc_1525,sparc_1525,0.679166,0.905045,0.589350,0.664324,0.688785,0.514270,0.955555,0.953819,0.917564,0.878967,0.711610,0.708261,spectrum_fno48_floor6_smooth1_qc_peak4_fieldloss_smooth05
run73_sparc_1530,sparc_1530,0.682804,1.017544,0.477537,0.625233,0.786063,0.477533,0.906902,0.899520,0.850133,0.935063,0.946833,0.913423,spectrum_fno48_floor6_smooth1_qc_peak4_fieldloss_smooth05
run74_sparc_1301,sparc_1301,0.656295,0.804568,0.731978,0.649042,0.701873,0.663480,0.741526,0.741325,0.678400,0.944035,0.952338,0.879433,spectrum_fno48_floor6_smooth1_qc_peak4_fieldloss
run74_sparc_1303,sparc_1303,1.680559,2.279593,1.126293,0.934254,0.962643,0.749683,0.853763,0.834185,0.731124,0.874116,0.864329,0.773367,spectrum_fno48_floor6_smooth1_qc_peak4_fieldloss_smooth05
run74_sparc_1305,sparc_1305,1.425873,1.332463,0.766912,0.917106,0.948401,0.632748,0.854339,0.816767,0.685676,0.913924,0.718889,0.319609,spectrum_fno48_floor6_smooth1_qc_peak4_fieldloss_smooth05
run74_sparc_1309,sparc_1309,1.022888,1.065019,0.979531,0.937353,0.983558,0.949569,0.399006,0.142306,0.055755,0.907618,0.862077,0.876082,spectrum_fno48_floor6_smooth1_qc_peak4_fieldloss_smooth05
run74_sparc_1310,sparc_1310,0.621022,0.876285,0.335729,0.621022,0.822629,0.329171,0.012726,0.312871,0.285316,0.930106,0.885442,0.839120,spectrum_fno48_floor6_smooth1_qc_peak4_fieldloss_smooth05
run74_sparc_1350,sparc_1350,0.687595,0.648102,0.244295,0.615681,0.648098,0.214336,0.729533,0.904108,0.907710,0.589670,0.315300,0.729420,spectrum_fno48_floor6_smooth1_qc_peak4_fieldloss_smooth05
run74_sparc_1351,sparc_1351,0.677886,0.648707,0.259978,0.608510,0.648105,0.239177,0.652279,0.873961,0.851364,0.607350,0.314832,0.736276,spectrum_fno48_floor6_smooth1_qc_peak4_fieldloss_smooth05
run74_sparc_1400,sparc_1400,0.345012,0.412219,0.202043,0.336123,0.360608,0.195301,0.983937,0.987251,0.984037,0.915383,0.645601,0.751552,spectrum_fno48_floor6_smooth1_qc_peak4_fieldloss_smooth05
run74_sparc_1407,sparc_1407,1.326536,1.362776,0.777205,0.884720,0.921794,0.652344,0.915381,0.910480,0.850282,0.890521,0.455136,0.380561,spectrum_fno48_floor6_smooth1_qc_peak4_fieldloss_smooth05
run74_sparc_1409,sparc_1409,0.995727,1.032478,0.790719,0.786238,0.954158,0.786875,0.772046,0.485127,0.357383,0.732063,0.701495,0.951979,spectrum_fno48_floor6_smooth1_qc_peak4_fieldloss_smooth05
run74_sparc_1411,sparc_1411,0.986179,0.952852,0.612374,0.780744,0.884335,0.580968,0.190408,0.884814,0.851396,0.981811,0.932246,0.802660,spectrum_fno48_floor6_smooth1_qc_peak4_fieldloss_smooth05
run74_sparc_1422,sparc_1422,0.642722,0.732139,0.506784,0.595855,0.661316,0.498066,0.904550,0.904173,0.763308,0.898429,0.870654,0.616730,spectrum_fno48_floor6_smooth1_qc_peak4_fieldloss_smooth05
run74_sparc_1424,sparc_1424,1.894052,1.326529,1.444618,0.943445,0.959384,0.810308,0.846725,0.832112,0.726911,0.766997,0.587832,0.553264,spectrum_fno48_floor6_smooth1_qc_peak4
run74_sparc_1502,sparc_1502,0.590483,0.638510,0.429819,0.582324,0.636583,0.422137,0.930021,0.937625,0.930752,0.692648,0.785228,0.782821,spectrum_fno48_floor6_smooth1_qc_peak4_fieldloss_smooth05
run74_sparc_1503,sparc_1503,1.477058,1.853727,0.706850,0.852474,0.885668,0.538253,0.881884,0.916959,0.846776,0.709148,0.805922,0.716762,spectrum_fno48_floor6_smooth1_qc_peak4_fieldloss_smooth05
run74_sparc_1508,sparc_1508,0.957495,1.402390,0.375921,0.782604,0.900251,0.370468,0.918793,0.924425,0.856782,0.893856,0.783138,0.736651,spectrum_fno48_floor6_smooth1_qc_peak4_fieldloss_smooth05
run74_sparc_1512,sparc_1512,1.169773,0.930023,0.371830,0.813204,0.833000,0.371722,0.340103,0.822884,0.803341,0.981385,0.956174,0.858781,spectrum_fno48_floor6_smooth1_qc_peak4_fieldloss_smooth05
run74_sparc_1516,sparc_1516,0.550105,0.668689,0.345379,0.545157,0.659851,0.343839,0.841801,0.924710,0.830716,0.925527,0.848529,0.707611,spectrum_fno48_floor6_smooth1_qc_peak4_fieldloss_smooth05
run74_sparc_1521,sparc_1521,0.568941,0.717782,0.444976,0.561807,0.668147,0.443810,0.903375,0.912473,0.770220,0.853073,0.873660,0.610713,spectrum_fno48_floor6_smooth1_qc_peak4_fieldloss_smooth05
run74_sparc_1522,sparc_1522,0.648188,0.829510,0.473275,0.618325,0.739819,0.472401,0.894571,0.885412,0.729982,0.860172,0.907414,0.678952,spectrum_fno48_floor6_smooth1_qc_peak4_fieldloss_smooth05
run74_sparc_1527,sparc_1527,1.326001,1.566117,0.852265,0.829634,0.903505,0.602418,0.785277,0.830300,0.716152,0.941034,0.824672,0.768931,spectrum_fno48_floor6_smooth1_qc_peak4_fieldloss_smooth05
run74_sparc_1593,sparc_1593,1.792049,1.987843,0.897015,0.912201,0.940304,0.601695,0.858633,0.876142,0.813673,0.839053,0.847825,0.800681,spectrum_fno48_floor6_smooth1_qc_peak4_fieldloss_smooth05
run75_sparc_1303,sparc_1303,0.575168,0.795419,0.387274,0.562896,0.654479,0.381986,0.907803,0.926915,0.885273,0.970254,0.942444,0.862278,spectrum_fno48_floor6_smooth1_qc_peak4_fieldloss_smooth05
run75_sparc_1307,sparc_1307,0.647774,0.771714,0.636104,0.627800,0.662683,0.541925,0.903383,0.910726,0.775963,0.953161,0.925780,0.778446,spectrum_fno48_floor6_smooth1_qc_peak4_fieldloss_smooth05
run75_sparc_1350,sparc_1350,0.624562,0.694027,0.421206,0.622835,0.687120,0.411887,0.921796,0.930231,0.905260,0.934500,0.782410,0.822628,spectrum_fno48_floor6_smooth1_qc_peak4_fieldloss_smooth05
run75_sparc_1352,sparc_1352,0.774815,0.885458,0.819770,0.738500,0.773991,0.637671,0.944179,0.947125,0.883033,0.955992,0.892361,0.805977,spectrum_fno48_floor6_smooth1_qc_peak4_fieldloss
run75_sparc_1353,sparc_1353,0.618669,0.687381,0.542595,0.618633,0.680233,0.526896,0.897839,0.893860,0.843126,0.972536,0.929914,0.871936,spectrum_fno48_floor6_smooth1_qc_peak4_fieldloss_smooth05
run75_sparc_1354,sparc_1354,0.606801,0.683192,0.562535,0.572278,0.627290,0.463441,0.908446,0.902722,0.788217,0.900832,0.803716,0.584048,spectrum_fno48_floor6_smooth1_qc_peak4_fieldloss_smooth05
run75_sparc_1400,sparc_1400,0.515860,0.526159,0.403203,0.513704,0.525943,0.402872,0.968277,0.982887,0.973257,0.728591,0.654397,0.819933,spectrum_fno48_floor6_smooth1_qc_peak4_fieldloss_smooth05
run75_sparc_1403,sparc_1403,0.608975,0.917384,0.298146,0.575232,0.672591,0.291530,0.923871,0.939700,0.915641,0.958492,0.905365,0.812768,spectrum_fno48_floor6_smooth1_qc_peak4_fieldloss_smooth05
run75_sparc_1410,sparc_1410,0.931460,0.974968,1.015898,0.803189,0.815784,0.758254,0.934972,0.936340,0.854766,0.976148,0.883981,0.830948,spectrum_fno48_floor6_smooth1_qc_peak4_fieldloss
run75_sparc_1412,sparc_1412,0.682913,0.755728,0.507557,0.638861,0.689870,0.472796,0.947064,0.950230,0.904260,0.896665,0.628705,0.667784,spectrum_fno48_floor6_smooth1_qc_peak4_fieldloss_smooth05
run75_sparc_1414,sparc_1414,1.118107,1.139926,1.103529,0.830633,0.855185,0.780469,0.900667,0.914711,0.834007,0.968068,0.932184,0.818711,spectrum_fno48_floor6_smooth1_qc_peak4_fieldloss_smooth05
run75_sparc_1427,sparc_1427,0.987643,1.291246,0.431003,0.693223,0.812855,0.367797,0.916089,0.909041,0.840697,0.969013,0.890799,0.811616,spectrum_fno48_floor6_smooth1_qc_peak4_fieldloss_smooth05
run75_sparc_1503,sparc_1503,0.892861,1.286432,0.573188,0.673545,0.777973,0.411425,0.914485,0.915724,0.846163,0.887744,0.827239,0.870996,spectrum_fno48_floor6_smooth1_qc_peak4_fieldloss_smooth05
run75_sparc_1507,sparc_1507,0.843246,0.995032,0.396904,0.683519,0.758946,0.376640,0.935749,0.942035,0.865097,0.936778,0.768711,0.764412,spectrum_fno48_floor6_smooth1_qc_peak4_fieldloss_smooth05
run75_sparc_1522,sparc_1522,0.622243,0.904898,0.525476,0.621135,0.720492,0.517933,0.916038,0.911775,0.813669,0.891558,0.813911,0.609351,spectrum_fno48_floor6_smooth1_qc_peak4_fieldloss_smooth05
run75_sparc_1527,sparc_1527,0.700852,1.062472,0.462692,0.652848,0.787137,0.460132,0.918913,0.908318,0.855872,0.887193,0.710736,0.685285,spectrum_fno48_floor6_smooth1_qc_peak4_fieldloss_smooth05
run76_sparc_1305,sparc_1305,0.470054,0.551757,0.369944,0.468709,0.549679,0.369701,0.918175,0.918367,0.821644,0.915929,0.854947,0.510904,spectrum_fno48_floor6_smooth1_qc_peak4_fieldloss_smooth05
run76_sparc_1306,sparc_1306,0.898111,0.973618,0.792392,0.863753,0.882533,0.775703,0.870486,0.877301,0.763392,0.961424,0.887511,0.815934,spectrum_fno48_floor6_smooth1_qc_peak4_fieldloss_smooth05
run76_sparc_1307,sparc_1307,0.749496,0.797371,0.640702,0.737634,0.797046,0.619852,0.883127,0.889517,0.787440,0.935198,0.933933,0.750693,spectrum_fno48_floor6_smooth1_qc_peak4_fieldloss_smooth05
run76_sparc_1314,sparc_1314,0.554232,0.555374,0.428935,0.551441,0.555039,0.415794,0.932489,0.933586,0.899447,0.852373,0.853682,0.678944,spectrum_fno48_floor6_smooth1_qc_peak4_fieldloss_smooth05
run76_sparc_1316,sparc_1316,0.529390,0.527971,0.411112,0.526767,0.521737,0.410980,0.922571,0.925884,0.816011,0.907378,0.726971,0.611327,spectrum_fno48_floor6_smooth1_qc_peak4_fieldloss_smooth05
run76_sparc_1365,sparc_1365,0.516249,0.599434,0.387228,0.509776,0.576412,0.386694,0.909687,0.913801,0.808348,0.939313,0.780508,0.629072,spectrum_fno48_floor6_smooth1_qc_peak4_fieldloss_smooth05
run76_sparc_1406,sparc_1406,0.477695,0.563265,0.340348,0.475574,0.563126,0.335634,0.919786,0.929686,0.845647,0.921571,0.807557,0.670512,spectrum_fno48_floor6_smooth1_qc_peak4_fieldloss_smooth05
run76_sparc_1408,sparc_1408,0.561933,0.668089,0.375503,0.561548,0.666816,0.367091,0.903441,0.908402,0.815569,0.899499,0.914833,0.661962,spectrum_fno48_floor6_smooth1_qc_peak4_fieldloss_smooth05
run76_sparc_1424,sparc_1424,0.601862,0.657172,0.538978,0.598647,0.655666,0.514227,0.872778,0.888030,0.770788,0.945019,0.878676,0.735383,spectrum_fno48_floor6_smooth1_qc_peak4_fieldloss_smooth05
run76_sparc_1427,sparc_1427,0.642811,0.716061,0.497338,0.600395,0.629392,0.492219,0.901154,0.912491,0.835237,0.971006,0.936222,0.806152,spectrum_fno48_floor6_smooth1_qc_peak4_fieldloss_smooth05
run76_sparc_1500,sparc_1500,0.331431,0.406336,0.250676,0.331096,0.364768,0.236736,0.993036,0.993042,0.992192,0.900562,0.715189,0.958012,spectrum_fno48_floor6_smooth1_qc_peak4_fieldloss_smooth05
run76_sparc_1513,sparc_1513,0.556438,0.575336,0.486354,0.554442,0.573377,0.485372,0.923379,0.922913,0.832670,0.869240,0.746458,0.541722,spectrum_fno48_floor6_smooth1_qc_peak4_fieldloss_smooth05
run76_sparc_1515,sparc_1515,0.539930,0.635621,0.388563,0.520418,0.588460,0.385388,0.927367,0.927073,0.828220,0.883231,0.720001,0.588618,spectrum_fno48_floor6_smooth1_qc_peak4_fieldloss_smooth05
run76_sparc_1516,sparc_1516,0.537685,0.639510,0.392234,0.517040,0.589964,0.389067,0.927833,0.926877,0.816170,0.851270,0.843666,0.672194,spectrum_fno48_floor6_smooth1_qc_peak4_fieldloss_smooth05
run76_sparc_1518,sparc_1518,0.503714,0.592172,0.376991,0.500040,0.570636,0.374923,0.923361,0.926467,0.810944,0.936021,0.844280,0.614427,spectrum_fno48_floor6_smooth1_qc_peak4_fieldloss_smooth05
run76_sparc_1519,sparc_1519,0.479178,0.583816,0.374312,0.478264,0.560185,0.365072,0.891228,0.899776,0.775803,0.875344,0.928645,0.706894,spectrum_fno48_floor6_smooth1_qc_peak4_fieldloss_smooth05
run76_sparc_1521,sparc_1521,0.577428,0.593622,0.545077,0.569483,0.578047,0.543946,0.920369,0.923364,0.829874,0.785037,0.900495,0.614051,spectrum_fno48_floor6_smooth1_qc_peak4_fieldloss_smooth05
run76_sparc_1529,sparc_1529,0.694626,0.731722,0.600693,0.694344,0.711035,0.586507,0.610461,0.764036,0.737941,0.952005,0.915173,0.795714,spectrum_fno48_floor6_smooth1_qc_peak4_fieldloss_smooth05
run77_sparc_1303,sparc_1303,0.662229,0.720344,0.474976,0.662226,0.719338,0.454170,0.912866,0.911824,0.879420,0.916852,0.861954,0.662270,spectrum_fno48_floor6_smooth1_qc_peak4_fieldloss_smooth05
run77_sparc_1307,sparc_1307,0.738165,0.966842,0.625705,0.661384,0.804885,0.590759,0.837775,0.706443,0.680293,0.933797,0.964211,0.661238,spectrum_fno48_floor6_smooth1_qc_peak4_fieldloss_smooth05
run77_sparc_1353,sparc_1353,0.547960,0.703436,0.469786,0.547547,0.675572,0.468530,0.907154,0.906171,0.790078,0.863379,0.918089,0.552507,spectrum_fno48_floor6_smooth1_qc_peak4_fieldloss_smooth05
run77_sparc_1355,sparc_1355,0.641038,0.670762,0.521253,0.604650,0.620859,0.519572,0.915660,0.918129,0.810368,0.869490,0.777962,0.602750,spectrum_fno48_floor6_smooth1_qc_peak4_fieldloss_smooth05
run77_sparc_1360,sparc_1360,0.584440,0.616713,0.440906,0.577778,0.608724,0.440415,0.915417,0.917660,0.831328,0.890528,0.867991,0.637188,spectrum_fno48_floor6_smooth1_qc_peak4_fieldloss_smooth05
run77_sparc_1363,sparc_1363,0.740956,0.784812,0.748230,0.654754,0.711225,0.717041,0.915423,0.915567,0.822202,0.857994,0.893052,0.659250,spectrum_fno48_floor6_smooth1_qc_peak4_fieldloss
run77_sparc_1404,sparc_1404,0.664365,0.649971,0.613764,0.660327,0.646764,0.612863,0.916803,0.909527,0.827898,0.966993,0.926006,0.759435,spectrum_fno48_floor6_smooth1_qc_peak4_fieldloss_smooth05
run77_sparc_1408,sparc_1408,0.725602,1.437655,0.338107,0.676550,0.945172,0.337353,0.773604,0.715958,0.741728,0.972295,0.970201,0.853496,spectrum_fno48_floor6_smooth1_qc_peak4_fieldloss_smooth05
run77_sparc_1425,sparc_1425,0.660671,0.687345,0.540078,0.635582,0.648776,0.518452,0.892990,0.913577,0.812620,0.953583,0.893326,0.779238,spectrum_fno48_floor6_smooth1_qc_peak4_fieldloss_smooth05
run77_sparc_1426,sparc_1426,0.599293,0.628109,0.571262,0.599249,0.628027,0.554922,0.911222,0.902122,0.796654,0.960501,0.952929,0.841435,spectrum_fno48_floor6_smooth1_qc_peak4_fieldloss_smooth05
run77_sparc_1427,sparc_1427,0.745475,0.754267,0.792595,0.709944,0.740683,0.743865,0.919382,0.914777,0.842931,0.944961,0.921791,0.803945,spectrum_fno48_floor6_smooth1_qc_peak4_fieldloss
run77_sparc_1500,sparc_1500,0.385580,0.477375,0.514168,0.367113,0.477375,0.483487,0.993030,0.994423,0.990551,0.921755,0.865542,0.967164,spectrum_fno48_floor6_smooth1_qc_peak4_fieldloss
run77_sparc_1505,sparc_1505,0.602398,0.630039,0.518512,0.601201,0.615850,0.512654,0.925047,0.918044,0.846415,0.954451,0.904333,0.607774,spectrum_fno48_floor6_smooth1_qc_peak4_fieldloss_smooth05
run77_sparc_1512,sparc_1512,0.683045,0.731369,0.446031,0.633891,0.662171,0.439031,0.924692,0.930346,0.880198,0.927301,0.564112,0.816349,spectrum_fno48_floor6_smooth1_qc_peak4_fieldloss_smooth05
run77_sparc_1517,sparc_1517,0.630432,0.798496,0.441479,0.571815,0.751431,0.436969,0.910204,0.907259,0.815494,0.880637,0.849584,0.709404,spectrum_fno48_floor6_smooth1_qc_peak4_fieldloss_smooth05
run77_sparc_1528,sparc_1528,0.801157,0.791623,0.682514,0.748233,0.739490,0.601048,0.918461,0.923855,0.856091,0.948800,0.925089,0.688914,spectrum_fno48_floor6_smooth1_qc_peak4_fieldloss_smooth05
run78_sparc_1301,sparc_1301,0.608673,0.681776,0.560567,0.606641,0.650896,0.548781,0.949507,0.961879,0.930415,0.897419,0.850839,0.801379,spectrum_fno48_floor6_smooth1_qc_peak4_fieldloss_smooth05
run78_sparc_1317,sparc_1317,0.547104,0.645774,0.345127,0.544269,0.633685,0.336992,0.907095,0.907933,0.818318,0.910964,0.846005,0.603959,spectrum_fno48_floor6_smooth1_qc_peak4_fieldloss_smooth05
run78_sparc_1318,sparc_1318,0.544058,0.661308,0.334424,0.541331,0.645004,0.323416,0.903082,0.905419,0.846998,0.925756,0.877774,0.589305,spectrum_fno48_floor6_smooth1_qc_peak4_fieldloss_smooth05
run78_sparc_1352,sparc_1352,0.591411,0.656066,0.381577,0.558202,0.611807,0.381461,0.893642,0.897413,0.741352,0.950309,0.690432,0.668660,spectrum_fno48_floor6_smooth1_qc_peak4_fieldloss_smooth05
run78_sparc_1357,sparc_1357,0.555261,0.726129,0.377095,0.545841,0.679942,0.376876,0.871578,0.876324,0.703425,0.954342,0.723661,0.716900,spectrum_fno48_floor6_smooth1_qc_peak4_fieldloss_smooth05
run78_sparc_1401,sparc_1401,0.530621,0.586062,0.473842,0.516524,0.562429,0.473053,0.950020,0.951018,0.925436,0.903998,0.923270,0.853003,spectrum_fno48_floor6_smooth1_qc_peak4_fieldloss_smooth05
run78_sparc_1407,sparc_1407,0.813570,1.271156,0.491248,0.685328,0.841717,0.476659,0.902338,0.914968,0.834656,0.974888,0.946338,0.815579,spectrum_fno48_floor6_smooth1_qc_peak4_fieldloss_smooth05
run78_sparc_1415,sparc_1415,0.551797,0.612713,0.349861,0.545510,0.593620,0.344385,0.909990,0.913723,0.818838,0.940169,0.766591,0.744004,spectrum_fno48_floor6_smooth1_qc_peak4_fieldloss_smooth05
run78_sparc_1416,sparc_1416,0.550747,0.615029,0.357175,0.547485,0.607727,0.344202,0.914955,0.914996,0.812491,0.917858,0.765860,0.616252,spectrum_fno48_floor6_smooth1_qc_peak4_fieldloss_smooth05
run78_sparc_1428,sparc_1428,0.770229,1.092672,0.819852,0.725230,0.870201,0.709650,0.773004,0.783532,0.711347,0.944158,0.895579,0.559944,spectrum_fno48_floor6_smooth1_qc_peak4_fieldloss
run78_sparc_1429,sparc_1429,0.681184,0.711714,0.592522,0.674400,0.710562,0.586409,0.660333,0.676779,0.636264,0.984461,0.982796,0.899930,spectrum_fno48_floor6_smooth1_qc_peak4_fieldloss_smooth05
run78_sparc_1440,sparc_1440,0.981666,1.268871,0.586397,0.794619,0.901025,0.527679,0.942571,0.940833,0.875252,0.894460,0.818319,0.698505,spectrum_fno48_floor6_smooth1_qc_peak4_fieldloss_smooth05
run78_sparc_1511,sparc_1511,0.557393,0.697791,0.377079,0.554715,0.664622,0.365170,0.916104,0.916198,0.843027,0.929880,0.824886,0.752178,spectrum_fno48_floor6_smooth1_qc_peak4_fieldloss_smooth05
run78_sparc_1512,sparc_1512,0.558060,0.656297,0.368236,0.552087,0.636758,0.355664,0.917983,0.917948,0.829392,0.941869,0.795208,0.755272,spectrum_fno48_floor6_smooth1_qc_peak4_fieldloss_smooth05
run78_sparc_1514,sparc_1514,0.556543,0.636950,0.334149,0.544779,0.607500,0.328903,0.914400,0.914717,0.838826,0.929670,0.661071,0.632297,spectrum_fno48_floor6_smooth1_qc_peak4_fieldloss_smooth05
run78_sparc_1524,sparc_1524,0.613016,0.875099,0.506768,0.602841,0.727632,0.479903,0.855038,0.863243,0.715259,0.926649,0.851508,0.774677,spectrum_fno48_floor6_smooth1_qc_peak4_fieldloss_smooth05
run78_sparc_1530,sparc_1530,0.521251,0.626453,0.460502,0.495405,0.594284,0.437732,0.942181,0.949178,0.932449,0.979975,0.932398,0.888178,spectrum_fno48_floor6_smooth1_qc_peak4_fieldloss_smooth05
run79_sparc_1302,sparc_1302,0.576230,0.688323,0.511000,0.570392,0.684192,0.493288,0.935040,0.935532,0.905416,0.948960,0.965526,0.733079,spectrum_fno48_floor6_smooth1_qc_peak4_fieldloss_smooth05
run79_sparc_1308,sparc_1308,0.794609,0.936800,0.876397,0.751735,0.870913,0.797545,0.818307,0.800209,0.669292,0.962342,0.976544,0.845008,spectrum_fno48_floor6_smooth1_qc_peak4_fieldloss
run79_sparc_1316,sparc_1316,0.768276,0.722441,0.571406,0.653557,0.656672,0.530099,0.905385,0.907810,0.820924,0.936441,0.881906,0.502006,spectrum_fno48_floor6_smooth1_qc_peak4_fieldloss_smooth05
run79_sparc_1350,sparc_1350,0.629291,0.633475,0.451527,0.612444,0.620314,0.435543,0.928222,0.932622,0.914078,0.881650,0.777252,0.671089,spectrum_fno48_floor6_smooth1_qc_peak4_fieldloss_smooth05
run79_sparc_1351,sparc_1351,0.632469,0.628029,0.521610,0.627037,0.625939,0.520921,0.924283,0.924410,0.828315,0.949976,0.872128,0.686590,spectrum_fno48_floor6_smooth1_qc_peak4_fieldloss_smooth05
run79_sparc_1361,sparc_1361,0.870317,0.852196,0.700312,0.693883,0.701732,0.531671,0.903447,0.897014,0.811290,0.930815,0.836819,0.699817,spectrum_fno48_floor6_smooth1_qc_peak4_fieldloss_smooth05
run79_sparc_1362,sparc_1362,0.664559,0.679441,0.500828,0.645710,0.654542,0.499203,0.913696,0.922140,0.807364,0.918477,0.869276,0.748690,spectrum_fno48_floor6_smooth1_qc_peak4_fieldloss_smooth05
run79_sparc_1363,sparc_1363,0.786817,0.802673,0.748972,0.754509,0.766423,0.684546,0.905233,0.903611,0.814492,0.920872,0.922925,0.638301,spectrum_fno48_floor6_smooth1_qc_peak4_fieldloss_smooth05
run79_sparc_1405,sparc_1405,0.736226,0.700324,0.648698,0.730220,0.692842,0.644550,0.868672,0.872394,0.810978,0.962810,0.967074,0.876978,spectrum_fno48_floor6_smooth1_qc_peak4_fieldloss_smooth05
run79_sparc_1406,sparc_1406,0.502661,0.576009,0.417561,0.498419,0.573999,0.398374,0.933903,0.933764,0.864761,0.927502,0.948414,0.849228,spectrum_fno48_floor6_smooth1_qc_peak4_fieldloss_smooth05
run79_sparc_1511,sparc_1511,0.699281,0.647218,0.482318,0.624366,0.616863,0.455336,0.928472,0.929626,0.893526,0.857306,0.804676,0.762834,spectrum_fno48_floor6_smooth1_qc_peak4_fieldloss_smooth05
run79_sparc_1513,sparc_1513,0.647393,0.631411,0.514293,0.647094,0.626322,0.512719,0.919854,0.921112,0.830706,0.938117,0.801468,0.561369,spectrum_fno48_floor6_smooth1_qc_peak4_fieldloss_smooth05
run79_sparc_1514,sparc_1514,0.609241,0.589814,0.469883,0.606038,0.582843,0.463261,0.924751,0.930188,0.844130,0.898685,0.817962,0.537598,spectrum_fno48_floor6_smooth1_qc_peak4_fieldloss_smooth05
run79_sparc_1515,sparc_1515,0.669623,0.648085,0.499859,0.604670,0.604495,0.464150,0.925437,0.922187,0.839591,0.915682,0.874952,0.598747,spectrum_fno48_floor6_smooth1_qc_peak4_fieldloss_smooth05
run79_sparc_1518,sparc_1518,0.595404,0.686620,0.449844,0.556003,0.651647,0.422157,0.920870,0.926188,0.828126,0.949941,0.853468,0.694800,spectrum_fno48_floor6_smooth1_qc_peak4_fieldloss_smooth05
run79_sparc_1523,sparc_1523,1.467326,1.422303,1.147050,0.931399,0.940411,0.917024,0.830212,0.822839,0.661085,0.953495,0.944159,0.787251,spectrum_fno48_floor6_smooth1_qc_peak4_fieldloss_smooth05
run79_sparc_1524,sparc_1524,1.670206,1.651175,1.168920,0.968107,0.971384,0.970152,0.803455,0.787137,0.583236,0.970295,0.959379,0.883888,spectrum_fno48_floor6_smooth1_qc_peak4_fieldloss_smooth05
run79_sparc_1530,sparc_1530,1.032458,0.496567,0.447106,0.976819,0.402751,0.376184,0.061429,0.895632,0.898342,0.996870,0.979770,0.962300,spectrum_fno48_floor6_smooth1_qc_peak4_fieldloss_smooth05
run79_sparc_1593,sparc_1593,0.567078,0.567954,0.406587,0.508159,0.557512,0.378200,0.915306,0.923747,0.890007,0.920548,0.832652,0.803629,spectrum_fno48_floor6_smooth1_qc_peak4_fieldloss_smooth05
run7_sparc_1300,sparc_1300,0.445399,0.514059,0.361137,0.443799,0.472253,0.359754,0.979095,0.988716,0.987201,0.835679,0.818659,0.902633,spectrum_fno48_floor6_smooth1_qc_peak4_fieldloss_smooth05
run7_sparc_1355,sparc_1355,0.846137,0.996927,0.526265,0.842448,0.920239,0.525433,0.899384,0.869362,0.785875,0.939250,0.716231,0.863665,spectrum_fno48_floor6_smooth1_qc_peak4_fieldloss_smooth05
run7_sparc_1362,sparc_1362,0.636884,0.843110,0.316590,0.634456,0.811519,0.306811,0.891794,0.882993,0.761326,0.933966,0.905089,0.864395,spectrum_fno48_floor6_smooth1_qc_peak4_fieldloss_smooth05
run7_sparc_1412,sparc_1412,0.591335,0.796279,0.184140,0.591315,0.762526,0.183128,0.872583,0.810449,0.839630,0.885408,0.734218,0.648451,spectrum_fno48_floor6_smooth1_qc_peak4_fieldloss_smooth05
run7_sparc_1428,sparc_1428,1.141832,1.293743,0.726892,0.767865,0.862211,0.541181,0.774367,0.790695,0.752707,0.915890,0.852241,0.740994,spectrum_fno48_floor6_smooth1_qc_peak4_fieldloss_smooth05
run7_sparc_1440,sparc_1440,0.995537,1.360646,0.281437,0.832964,0.874388,0.274889,0.898035,0.891530,0.892167,0.655685,0.834013,0.554482,spectrum_fno48_floor6_smooth1_qc_peak4_fieldloss_smooth05
run7_sparc_1503,sparc_1503,0.766769,0.828460,0.435548,0.723301,0.773606,0.410330,0.933214,0.933794,0.879889,0.846403,0.710670,0.772091,spectrum_fno48_floor6_smooth1_qc_peak4_fieldloss_smooth05
run7_sparc_1510,sparc_1510,0.558888,0.694805,0.193123,0.558785,0.691634,0.182204,0.902331,0.907693,0.853378,0.772468,0.640022,0.518252,spectrum_fno48_floor6_smooth1_qc_peak4_fieldloss_smooth05
run7_sparc_1512,sparc_1512,0.620785,0.733431,0.141624,0.618585,0.713555,0.137421,0.899026,0.867141,0.828347,0.684331,0.691483,0.591884,spectrum_fno48_floor6_smooth1_qc_peak4_fieldloss_smooth05
run7_sparc_1526,sparc_1526,0.698203,1.057209,0.354891,0.641338,0.802763,0.270060,0.911032,0.918389,0.847363,0.900987,0.640673,0.494352,spectrum_fno48_floor6_smooth1_qc_peak4_fieldloss_smooth05
run7_sparc_1529,sparc_1529,0.628066,0.850695,0.476463,0.626913,0.796550,0.435466,0.319171,0.387962,0.358445,0.904857,0.872385,0.764715,spectrum_fno48_floor6_smooth1_qc_peak4_fieldloss_smooth05
run80_sparc_1302,sparc_1302,0.528773,0.780268,0.225386,0.506003,0.664335,0.221391,0.943188,0.943714,0.899494,0.864529,0.810947,0.666211,spectrum_fno48_floor6_smooth1_qc_peak4_fieldloss_smooth05
run80_sparc_1307,sparc_1307,0.506005,0.563724,0.504674,0.503110,0.563406,0.503576,0.937336,0.929374,0.865687,0.977001,0.969184,0.925754,spectrum_fno48_floor6_smooth1_qc_peak4_fieldloss_smooth05
run80_sparc_1315,sparc_1315,0.505020,0.601147,0.437886,0.500624,0.558498,0.436995,0.922052,0.914466,0.857290,0.730950,0.554214,0.630765,spectrum_fno48_floor6_smooth1_qc_peak4_fieldloss_smooth05
run80_sparc_1351,sparc_1351,0.764107,1.018715,0.598210,0.562121,0.655623,0.455171,0.891678,0.919509,0.839879,0.815442,0.486467,0.754984,spectrum_fno48_floor6_smooth1_qc_peak4_fieldloss_smooth05
run80_sparc_1352,sparc_1352,0.587662,0.548903,0.420094,0.516492,0.535128,0.402344,0.920465,0.911135,0.839420,0.960143,0.896384,0.852996,spectrum_fno48_floor6_smooth1_qc_peak4_fieldloss_smooth05
run80_sparc_1354,sparc_1354,0.606143,0.737460,0.712431,0.600883,0.683841,0.663675,0.861431,0.914125,0.826715,0.940026,0.826798,0.797755,spectrum_fno48_floor6_smooth1_qc_peak4_fieldloss
run80_sparc_1356,sparc_1356,0.642377,0.853715,0.814434,0.573425,0.653734,0.550639,0.927458,0.907355,0.855467,0.899625,0.685616,0.833901,spectrum_fno48_floor6_smooth1_qc_peak4_fieldloss
run80_sparc_1361,sparc_1361,0.667439,1.407789,0.674392,0.587843,0.697376,0.574877,0.833069,0.739195,0.686653,0.854330,0.740718,0.832741,spectrum_fno48_floor6_smooth1_qc_peak4_fieldloss
run80_sparc_1365,sparc_1365,0.572249,1.046743,0.633752,0.559994,0.728109,0.522029,0.788593,0.858426,0.752956,0.946461,0.766975,0.691355,spectrum_fno48_floor6_smooth1_qc_peak4_fieldloss
run80_sparc_1405,sparc_1405,0.787683,0.910570,0.637749,0.679334,0.666355,0.543427,0.935249,0.938546,0.874115,0.954511,0.885279,0.791463,spectrum_fno48_floor6_smooth1_qc_peak4_fieldloss_smooth05
run80_sparc_1408,sparc_1408,0.607178,0.681142,0.456603,0.513931,0.524410,0.456482,0.938508,0.939007,0.861991,0.891528,0.881943,0.856067,spectrum_fno48_floor6_smooth1_qc_peak4_fieldloss_smooth05
run80_sparc_1411,sparc_1411,0.617661,0.591625,0.466440,0.553716,0.582754,0.362875,0.935506,0.937288,0.877609,0.898983,0.557740,0.778525,spectrum_fno48_floor6_smooth1_qc_peak4_fieldloss_smooth05
run80_sparc_1414,sparc_1414,0.603006,0.538901,0.382753,0.596565,0.535565,0.382694,0.914601,0.918526,0.848295,0.922096,0.322492,0.693650,spectrum_fno48_floor6_smooth1_qc_peak4_fieldloss_smooth05
run80_sparc_1416,sparc_1416,0.503996,0.515426,0.344139,0.502861,0.515172,0.340321,0.907703,0.903991,0.835299,0.706346,0.575820,0.694759,spectrum_fno48_floor6_smooth1_qc_peak4_fieldloss_smooth05
run80_sparc_1421,sparc_1421,0.649190,0.650649,0.633419,0.633263,0.620932,0.632960,0.856948,0.913630,0.829893,0.968159,0.879803,0.854665,spectrum_fno48_floor6_smooth1_qc_peak4_fieldloss_smooth05
run80_sparc_1425,sparc_1425,0.728053,0.882097,0.478565,0.665070,0.711001,0.478564,0.951388,0.957541,0.910293,0.874387,0.603980,0.696838,spectrum_fno48_floor6_smooth1_qc_peak4_fieldloss_smooth05
run80_sparc_1426,sparc_1426,0.904002,0.898900,0.543864,0.680042,0.704028,0.486332,0.950590,0.953874,0.899854,0.869676,0.682750,0.702256,spectrum_fno48_floor6_smooth1_qc_peak4_fieldloss_smooth05
run80_sparc_1427,sparc_1427,1.069860,1.117932,0.640935,0.659677,0.719410,0.434068,0.952260,0.943971,0.897908,0.944636,0.811259,0.733987,spectrum_fno48_floor6_smooth1_qc_peak4_fieldloss_smooth05
run80_sparc_1501,sparc_1501,0.700435,0.780702,0.505379,0.680116,0.739013,0.471948,0.938038,0.941260,0.897675,0.952829,0.722133,0.865515,spectrum_fno48_floor6_smooth1_qc_peak4_fieldloss_smooth05
run80_sparc_1502,sparc_1502,0.564873,0.967658,0.161842,0.546225,0.705721,0.160250,0.948033,0.942551,0.918805,0.903055,0.892162,0.553598,spectrum_fno48_floor6_smooth1_qc_peak4_fieldloss_smooth05
run80_sparc_1505,sparc_1505,0.680703,0.860326,0.513312,0.634069,0.691182,0.512298,0.948508,0.947724,0.891738,0.915900,0.813311,0.848431,spectrum_fno48_floor6_smooth1_qc_peak4_fieldloss_smooth05
run80_sparc_1513,sparc_1513,0.688114,0.546503,0.418429,0.637667,0.545991,0.405089,0.912979,0.921872,0.849429,0.935940,0.421665,0.732018,spectrum_fno48_floor6_smooth1_qc_peak4_fieldloss_smooth05
run80_sparc_1519,sparc_1519,0.654737,0.659831,0.669373,0.641462,0.648954,0.655087,0.918103,0.917988,0.838720,0.920583,0.943898,0.778021,spectrum_fno48_floor6_smooth1_qc_peak4_fieldloss
run80_sparc_1522,sparc_1522,0.574648,0.591105,0.510608,0.568939,0.571403,0.481511,0.786850,0.863836,0.763198,0.976011,0.962360,0.861410,spectrum_fno48_floor6_smooth1_qc_peak4_fieldloss_smooth05
run80_sparc_1523,sparc_1523,0.609576,0.790922,0.868253,0.550139,0.633272,0.535514,0.871399,0.890770,0.774275,0.893910,0.683672,0.732394,spectrum_fno48_floor6_smooth1_qc_peak4_fieldloss
run80_sparc_1528,sparc_1528,0.753989,1.000049,0.578030,0.634145,0.659722,0.540718,0.890037,0.873934,0.833930,0.933369,0.935057,0.886179,spectrum_fno48_floor6_smooth1_qc_peak4_fieldloss_smooth05
run80_sparc_1593,sparc_1593,0.615391,0.692431,0.254224,0.578343,0.621649,0.248776,0.949732,0.950889,0.906640,0.930935,0.689761,0.773367,spectrum_fno48_floor6_smooth1_qc_peak4_fieldloss_smooth05
run81_sparc_1302,sparc_1302,0.977909,0.940116,0.864300,0.937524,0.915487,0.854688,0.891429,0.894100,0.859253,0.990594,0.984294,0.859067,spectrum_fno48_floor6_smooth1_qc_peak4_fieldloss_smooth05
run81_sparc_1303,sparc_1303,0.590218,0.607043,0.408243,0.589797,0.601317,0.405488,0.938804,0.943135,0.891004,0.912876,0.881538,0.633029,spectrum_fno48_floor6_smooth1_qc_peak4_fieldloss_smooth05
run81_sparc_1309,sparc_1309,0.857312,0.932017,0.901021,0.841811,0.846933,0.890424,0.550320,0.433917,0.464838,0.969078,0.937709,0.832065,spectrum_fno48_floor6_smooth1_qc_peak4_fieldloss
run81_sparc_1319,sparc_1319,0.579849,0.614464,0.342977,0.548030,0.583782,0.334426,0.932507,0.932921,0.890238,0.938392,0.738232,0.595537,spectrum_fno48_floor6_smooth1_qc_peak4_fieldloss_smooth05
run81_sparc_1356,sparc_1356,0.790502,0.812267,0.786533,0.779809,0.795258,0.754630,0.906748,0.905480,0.812664,0.901302,0.901883,0.553641,spectrum_fno48_floor6_smooth1_qc_peak4_fieldloss_smooth05
run81_sparc_1364,sparc_1364,0.833398,0.844136,0.690957,0.775540,0.773813,0.681313,0.905177,0.911067,0.816045,0.918425,0.900987,0.725899,spectrum_fno48_floor6_smooth1_qc_peak4_fieldloss_smooth05
run81_sparc_1402,sparc_1402,0.981425,0.944616,0.911243,0.922800,0.904472,0.870719,0.865978,0.876230,0.848046,0.985093,0.982470,0.862254,spectrum_fno48_floor6_smooth1_qc_peak4_fieldloss_smooth05
run81_sparc_1420,sparc_1420,0.817230,0.815143,0.804860,0.793010,0.791366,0.776581,0.894738,0.899630,0.770374,0.943342,0.937372,0.790433,spectrum_fno48_floor6_smooth1_qc_peak4_fieldloss_smooth05
run81_sparc_1423,sparc_1423,0.826275,0.874991,0.862383,0.779537,0.768390,0.814922,0.855285,0.860607,0.739113,0.953728,0.965970,0.815541,spectrum_fno48_floor6_smooth1_qc_peak4_fieldloss
run81_sparc_1426,sparc_1426,0.835499,0.856941,0.721838,0.764999,0.760781,0.692772,0.894363,0.898642,0.827968,0.931538,0.920342,0.732977,spectrum_fno48_floor6_smooth1_qc_peak4_fieldloss_smooth05
run81_sparc_1430,sparc_1430,0.926168,0.918660,1.037837,0.880071,0.857361,0.846306,0.806197,0.861562,0.839000,0.990941,0.990087,0.963002,spectrum_fno48_floor6_smooth1_qc_peak4
run81_sparc_1500,sparc_1500,0.344267,0.455138,0.321150,0.286773,0.422282,0.317670,0.992453,0.994114,0.992554,0.929112,0.884264,0.911091,spectrum_fno48_floor6_smooth1_qc_peak4_fieldloss_smooth05
run81_sparc_1502,sparc_1502,0.983663,0.954881,0.910813,0.920932,0.902603,0.867008,0.870562,0.880928,0.851865,0.985383,0.983023,0.862957,spectrum_fno48_floor6_smooth1_qc_peak4_fieldloss_smooth05
run81_sparc_1512,sparc_1512,0.628987,0.642918,0.422965,0.584578,0.620916,0.422700,0.923945,0.922741,0.868788,0.929972,0.836868,0.733165,spectrum_fno48_floor6_smooth1_qc_peak4_fieldloss_smooth05
run81_sparc_1514,sparc_1514,0.620349,0.595866,0.438222,0.606781,0.590927,0.436421,0.923510,0.925563,0.845759,0.911510,0.812663,0.738737,spectrum_fno48_floor6_smooth1_qc_peak4_fieldloss_smooth05
run81_sparc_1519,sparc_1519,0.810099,0.789703,0.809581,0.766236,0.765788,0.766314,0.888257,0.896149,0.758070,0.926388,0.957202,0.855756,spectrum_fno48_floor6_smooth1_qc_peak4
run81_sparc_1520,sparc_1520,0.820988,0.808593,0.880070,0.789611,0.760973,0.829293,0.891438,0.900760,0.774051,0.936769,0.933118,0.789633,spectrum_fno48_floor6_smooth1_qc_peak4
run81_sparc_1524,sparc_1524,1.717639,1.489772,1.284039,0.953869,0.961226,0.965176,0.827214,0.823068,0.633802,0.868016,0.870318,0.767843,spectrum_fno48_floor6_smooth1_qc_peak4_fieldloss_smooth05
run82_sparc_1304,sparc_1304,0.860542,0.890672,0.827807,0.839611,0.885810,0.806995,0.694272,0.682299,0.590919,0.982877,0.977290,0.845927,spectrum_fno48_floor6_smooth1_qc_peak4_fieldloss_smooth05
run82_sparc_1305,sparc_1305,0.838773,0.991221,0.689533,0.808818,0.852131,0.674042,0.894784,0.905916,0.834714,0.628855,0.581513,0.313777,spectrum_fno48_floor6_smooth1_qc_peak4_fieldloss_smooth05
run82_sparc_1306,sparc_1306,0.870456,0.864710,0.674116,0.792428,0.806941,0.622115,0.897331,0.899325,0.811710,0.850928,0.734296,0.695862,spectrum_fno48_floor6_smooth1_qc_peak4_fieldloss_smooth05
run82_sparc_1309,sparc_1309,0.811718,0.755012,0.696173,0.802129,0.754978,0.686615,0.896258,0.907269,0.835082,0.901873,0.800353,0.690176,spectrum_fno48_floor6_smooth1_qc_peak4_fieldloss_smooth05
run82_sparc_1349,sparc_1349,0.717870,0.890329,0.333571,0.705414,0.752393,0.333327,0.881970,0.914176,0.857536,0.922600,0.772440,0.746097,spectrum_fno48_floor6_smooth1_qc_peak4_fieldloss_smooth05
run82_sparc_1354,sparc_1354,0.631422,0.641512,0.296777,0.630712,0.640916,0.271780,0.923117,0.937225,0.881145,0.891837,0.860414,0.592800,spectrum_fno48_floor6_smooth1_qc_peak4_fieldloss_smooth05
run82_sparc_1360,sparc_1360,0.660572,0.793825,0.233843,0.657249,0.716361,0.232424,0.935036,0.928141,0.895482,0.911526,0.777269,0.647919,spectrum_fno48_floor6_smooth1_qc_peak4_fieldloss_smooth05
run82_sparc_1364,sparc_1364,0.680984,0.844314,0.529490,0.653464,0.785300,0.462695,0.919655,0.925864,0.852814,0.682220,0.750153,0.719004,spectrum_fno48_floor6_smooth1_qc_peak4_fieldloss_smooth05
run82_sparc_1401,sparc_1401,0.625444,0.931611,0.354636,0.595903,0.751981,0.350270,0.914318,0.930300,0.878584,0.942347,0.840173,0.884685,spectrum_fno48_floor6_smooth1_qc_peak4_fieldloss_smooth05
run82_sparc_1404,sparc_1404,1.048002,1.330741,0.677331,0.810239,0.853577,0.550787,0.887817,0.897833,0.850060,0.631433,0.461248,0.624836,spectrum_fno48_floor6_smooth1_qc_peak4_fieldloss_smooth05
run82_sparc_1406,sparc_1406,0.986835,1.169669,0.827819,0.852792,0.859192,0.650191,0.896154,0.910566,0.831786,0.763749,0.708829,0.701472,spectrum_fno48_floor6_smooth1_qc_peak4_fieldloss_smooth05
run82_sparc_1410,sparc_1410,0.637218,0.635995,0.305785,0.624577,0.575336,0.272001,0.934823,0.941226,0.883695,0.918662,0.712453,0.603243,spectrum_fno48_floor6_smooth1_qc_peak4_fieldloss_smooth05
run82_sparc_1411,sparc_1411,0.650812,0.647452,0.319608,0.632968,0.584244,0.275267,0.943243,0.949567,0.894204,0.896645,0.715529,0.641858,spectrum_fno48_floor6_smooth1_qc_peak4_fieldloss_smooth05
run82_sparc_1423,sparc_1423,0.834739,0.872313,0.453902,0.789611,0.766553,0.427964,0.877065,0.890270,0.842484,0.793572,0.624304,0.646731,spectrum_fno48_floor6_smooth1_qc_peak4_fieldloss_smooth05
run82_sparc_1428,sparc_1428,0.734172,0.807765,0.522209,0.718695,0.806317,0.520819,0.716178,0.695030,0.678471,0.978090,0.969277,0.886447,spectrum_fno48_floor6_smooth1_qc_peak4_fieldloss_smooth05
run82_sparc_1430,sparc_1430,0.741891,1.040965,0.352720,0.698894,0.799166,0.351687,0.867557,0.913170,0.840992,0.686844,0.777134,0.720824,spectrum_fno48_floor6_smooth1_qc_peak4_fieldloss_smooth05
run82_sparc_1500,sparc_1500,0.470735,0.484098,0.424628,0.468606,0.483980,0.424590,0.983539,0.982644,0.977021,0.674455,0.614786,0.732251,spectrum_fno48_floor6_smooth1_qc_peak4_fieldloss_smooth05
run82_sparc_1510,sparc_1510,0.619409,0.591760,0.276373,0.618360,0.567728,0.273133,0.932177,0.940432,0.898921,0.943675,0.678028,0.744341,spectrum_fno48_floor6_smooth1_qc_peak4_fieldloss_smooth05
run82_sparc_1519,sparc_1519,0.716162,0.684193,0.335665,0.715349,0.682439,0.334984,0.947083,0.947342,0.908050,0.877114,0.606695,0.619575,spectrum_fno48_floor6_smooth1_qc_peak4_fieldloss_smooth05
run82_sparc_1527,sparc_1527,0.692740,0.833095,0.684980,0.689849,0.784991,0.541208,0.837713,0.872350,0.805045,0.680041,0.420415,0.750408,spectrum_fno48_floor6_smooth1_qc_peak4_fieldloss_smooth05
run82_sparc_1529,sparc_1529,1.393262,1.407915,0.940933,0.839013,0.891223,0.612580,0.825332,0.822492,0.736645,0.907735,0.872050,0.833379,spectrum_fno48_floor6_smooth1_qc_peak4_fieldloss_smooth05
run82_sparc_1593,sparc_1593,0.870092,1.174220,0.440333,0.639049,0.796037,0.379893,0.930577,0.932815,0.907911,0.824232,0.715160,0.847485,spectrum_fno48_floor6_smooth1_qc_peak4_fieldloss_smooth05
run83_sparc_1306,sparc_1306,0.915404,0.927554,0.987455,0.881354,0.883443,0.923342,0.867118,0.871517,0.759248,0.967276,0.946878,0.910126,spectrum_fno48_floor6_smooth1_qc_peak4_fieldloss
run83_sparc_1308,sparc_1308,0.768415,0.773542,0.776532,0.768022,0.769798,0.775918,0.872888,0.859091,0.770452,0.941149,0.920765,0.735228,spectrum_fno48_floor6_smooth1_qc_peak4_fieldloss
run83_sparc_1309,sparc_1309,0.988632,1.857985,0.674653,0.804240,0.935317,0.650211,0.740486,0.651591,0.690557,0.935099,0.953810,0.689032,spectrum_fno48_floor6_smooth1_qc_peak4_fieldloss_smooth05
run83_sparc_1310,sparc_1310,0.721839,0.799379,0.570855,0.707802,0.760493,0.569238,0.905252,0.906064,0.823706,0.921188,0.743516,0.741174,spectrum_fno48_floor6_smooth1_qc_peak4_fieldloss_smooth05
run83_sparc_1318,sparc_1318,0.799162,0.913976,0.669213,0.768685,0.815221,0.652564,0.912722,0.911465,0.874120,0.881257,0.841989,0.660777,spectrum_fno48_floor6_smooth1_qc_peak4_fieldloss_smooth05
run83_sparc_1350,sparc_1350,0.629417,0.749890,0.474250,0.620999,0.698108,0.473311,0.929724,0.932955,0.920534,0.895807,0.869637,0.623696,spectrum_fno48_floor6_smooth1_qc_peak4_fieldloss_smooth05
run83_sparc_1352,sparc_1352,0.756519,0.803375,0.745549,0.739568,0.784453,0.743520,0.867430,0.877608,0.794251,0.923688,0.834017,0.447413,spectrum_fno48_floor6_smooth1_qc_peak4_fieldloss_smooth05
run83_sparc_1357,sparc_1357,0.765168,0.852081,0.920441,0.739553,0.797052,0.835845,0.892961,0.873445,0.765155,0.851072,0.900966,0.554954,spectrum_fno48_floor6_smooth1_qc_peak4_fieldloss
run83_sparc_1400,sparc_1400,0.440882,0.411699,0.310351,0.440859,0.404772,0.271872,0.993411,0.995091,0.991723,0.943542,0.674108,0.921204,spectrum_fno48_floor6_smooth1_qc_peak4_fieldloss_smooth05
run83_sparc_1407,sparc_1407,0.864798,0.922613,0.969617,0.841827,0.820331,0.891204,0.849272,0.879795,0.776587,0.937084,0.933197,0.791453,spectrum_fno48_floor6_smooth1_qc_peak4_fieldloss
run83_sparc_1408,sparc_1408,0.691604,0.764501,0.558615,0.677431,0.741047,0.555784,0.911943,0.924265,0.867819,0.958719,0.903599,0.887493,spectrum_fno48_floor6_smooth1_qc_peak4_fieldloss_smooth05
run83_sparc_1413,sparc_1413,0.711242,0.754762,0.583724,0.708512,0.737845,0.583116,0.914253,0.918811,0.867745,0.954985,0.844029,0.733159,spectrum_fno48_floor6_smooth1_qc_peak4_fieldloss_smooth05
run83_sparc_1414,sparc_1414,0.814200,0.846595,0.685821,0.774832,0.798942,0.680740,0.902716,0.904885,0.819009,0.955105,0.831841,0.565399,spectrum_fno48_floor6_smooth1_qc_peak4_fieldloss_smooth05
run83_sparc_1417,sparc_1417,0.787941,0.888628,0.713656,0.673183,0.698558,0.645094,0.892814,0.896139,0.813316,0.977802,0.970365,0.837395,spectrum_fno48_floor6_smooth1_qc_peak4_fieldloss_smooth05
run83_sparc_1419,sparc_1419,1.008193,1.212042,1.000867,0.850076,0.842954,0.812749,0.871649,0.888333,0.785181,0.942180,0.925499,0.856992,spectrum_fno48_floor6_smooth1_qc_peak4_fieldloss_smooth05
run83_sparc_1421,sparc_1421,1.663735,1.758216,1.647692,0.983371,0.984325,0.982875,0.844437,0.862897,0.760521,0.940292,0.969859,0.773297,spectrum_fno48_floor6_smooth1_qc_peak4_fieldloss_smooth05
run83_sparc_1427,sparc_1427,0.920596,0.927963,0.948875,0.690196,0.716928,0.746022,0.838970,0.861257,0.749282,0.952541,0.926139,0.849291,spectrum_fno48_floor6_smooth1_qc_peak4_fieldloss
run83_sparc_1505,sparc_1505,0.686936,0.801943,0.638919,0.661475,0.672522,0.591659,0.921379,0.919331,0.877374,0.942244,0.959688,0.791710,spectrum_fno48_floor6_smooth1_qc_peak4_fieldloss_smooth05
run83_sparc_1507,sparc_1507,0.877530,0.871509,0.963122,0.837774,0.815417,0.892123,0.846006,0.885549,0.787400,0.940676,0.945851,0.793826,spectrum_fno48_floor6_smooth1_qc_peak4
run83_sparc_1509,sparc_1509,0.764224,0.931267,0.718395,0.735995,0.817219,0.709073,0.875576,0.862960,0.765118,0.911110,0.867048,0.568582,spectrum_fno48_floor6_smooth1_qc_peak4_fieldloss_smooth05
run83_sparc_1521,sparc_1521,1.252242,1.340340,1.294430,0.973141,0.974159,0.973378,0.855381,0.869932,0.748943,0.985133,0.989762,0.889590,spectrum_fno48_floor6_smooth1_qc_peak4_fieldloss
run83_sparc_1524,sparc_1524,1.592277,2.156640,1.519423,0.980460,0.981746,0.981246,0.754900,0.658191,0.562634,0.972920,0.978628,0.936413,spectrum_fno48_floor6_smooth1_qc_peak4_fieldloss_smooth05
run83_sparc_1529,sparc_1529,1.079891,1.012219,1.112384,0.975689,0.929803,0.959127,0.628992,0.796293,0.805465,0.985835,0.985502,0.926543,spectrum_fno48_floor6_smooth1_qc_peak4
run83_sparc_1530,sparc_1530,1.105557,0.793379,0.302502,0.991592,0.560611,0.261717,-0.227872,0.884501,0.901411,0.996897,0.763187,0.913607,spectrum_fno48_floor6_smooth1_qc_peak4_fieldloss_smooth05
run84_sparc_1300,sparc_1300,0.255818,0.357629,0.274878,0.251325,0.303094,0.159943,0.991038,0.993906,0.991790,0.938297,0.716049,0.892929,spectrum_fno48_floor6_smooth1_qc_peak4_fieldloss
run84_sparc_1307,sparc_1307,0.554500,1.056779,0.473080,0.534271,0.724842,0.426484,0.881975,0.863759,0.797446,0.908909,0.940044,0.798639,spectrum_fno48_floor6_smooth1_qc_peak4_fieldloss_smooth05
run84_sparc_1315,sparc_1315,0.541729,0.574701,0.367371,0.540446,0.567761,0.366038,0.932021,0.933043,0.866009,0.905691,0.834000,0.656565,spectrum_fno48_floor6_smooth1_qc_peak4_fieldloss_smooth05
run84_sparc_1356,sparc_1356,0.686417,0.672781,0.558824,0.669172,0.651483,0.537281,0.907667,0.914933,0.821359,0.871925,0.830717,0.569892,spectrum_fno48_floor6_smooth1_qc_peak4_fieldloss_smooth05
run84_sparc_1358,sparc_1358,0.560271,0.588404,0.381328,0.544557,0.561766,0.379710,0.894267,0.909587,0.795543,0.894760,0.765837,0.581794,spectrum_fno48_floor6_smooth1_qc_peak4_fieldloss_smooth05
run84_sparc_1359,sparc_1359,0.539384,0.591107,0.385891,0.537840,0.576431,0.384500,0.903158,0.910178,0.824231,0.885181,0.747263,0.601018,spectrum_fno48_floor6_smooth1_qc_peak4_fieldloss_smooth05
run84_sparc_1364,sparc_1364,0.542840,0.730728,0.497645,0.531278,0.676560,0.496731,0.919885,0.919730,0.840783,0.874452,0.915582,0.569414,spectrum_fno48_floor6_smooth1_qc_peak4_fieldloss_smooth05
run84_sparc_1405,sparc_1405,0.555005,0.613369,0.488322,0.552242,0.572803,0.487775,0.913439,0.915078,0.828413,0.962321,0.947081,0.837302,spectrum_fno48_floor6_smooth1_qc_peak4_fieldloss_smooth05
run84_sparc_1417,sparc_1417,0.497348,0.559305,0.358738,0.496570,0.550149,0.358687,0.925938,0.926582,0.835585,0.940052,0.708664,0.501390,spectrum_fno48_floor6_smooth1_qc_peak4_fieldloss_smooth05
run84_sparc_1420,sparc_1420,0.582195,0.587534,0.622342,0.577188,0.568803,0.596142,0.919885,0.925281,0.827066,0.811070,0.871389,0.493947,spectrum_fno48_floor6_smooth1_qc_peak4_fieldloss
run84_sparc_1430,sparc_1430,0.844117,0.851942,0.671116,0.743645,0.777801,0.649752,0.554466,0.660726,0.568781,0.973173,0.949773,0.847230,spectrum_fno48_floor6_smooth1_qc_peak4_fieldloss_smooth05
run84_sparc_1441,sparc_1441,0.585588,0.634871,0.400416,0.568383,0.609482,0.393661,0.922731,0.931573,0.907790,0.810850,0.787965,0.578701,spectrum_fno48_floor6_smooth1_qc_peak4_fieldloss_smooth05
run84_sparc_1500,sparc_1500,0.331349,0.401058,0.211052,0.313957,0.345814,0.209559,0.991972,0.992391,0.988928,0.920388,0.827235,0.873013,spectrum_fno48_floor6_smooth1_qc_peak4_fieldloss_smooth05
run84_sparc_1506,sparc_1506,0.608220,0.611446,0.563991,0.595685,0.592217,0.557323,0.908304,0.910705,0.824004,0.951037,0.936988,0.818577,spectrum_fno48_floor6_smooth1_qc_peak4_fieldloss_smooth05
run84_sparc_1511,sparc_1511,0.560926,0.571159,0.366434,0.559812,0.567256,0.363326,0.932907,0.933407,0.894459,0.867051,0.738589,0.628736,spectrum_fno48_floor6_smooth1_qc_peak4_fieldloss_smooth05
run84_sparc_1518,sparc_1518,0.514927,0.566063,0.365031,0.514325,0.555496,0.365029,0.906117,0.909696,0.795180,0.942769,0.726015,0.632037,spectrum_fno48_floor6_smooth1_qc_peak4_fieldloss_smooth05
run84_sparc_1522,sparc_1522,0.772826,0.759151,0.709531,0.747517,0.730841,0.702658,0.893199,0.887023,0.769844,0.881027,0.775045,0.648344,spectrum_fno48_floor6_smooth1_qc_peak4_fieldloss_smooth05
run84_sparc_1528,sparc_1528,0.817545,0.830772,0.735568,0.760198,0.762795,0.703906,0.851189,0.880686,0.785025,0.970759,0.949512,0.876433,spectrum_fno48_floor6_smooth1_qc_peak4_fieldloss_smooth05
run85_sparc_1304,sparc_1304,0.652092,0.685557,0.577164,0.643985,0.672914,0.567814,0.928266,0.927415,0.873275,0.952198,0.920885,0.853111,spectrum_fno48_floor6_smooth1_qc_peak4_fieldloss_smooth05
run85_sparc_1317,sparc_1317,0.712041,0.906571,0.563329,0.676606,0.784456,0.539995,0.865242,0.881200,0.802991,0.927460,0.896656,0.804383,spectrum_fno48_floor6_smooth1_qc_peak4_fieldloss_smooth05
run85_sparc_1351,sparc_1351,0.722028,0.836239,0.604700,0.717275,0.824726,0.585577,0.897927,0.920453,0.847848,0.826702,0.807562,0.728456,spectrum_fno48_floor6_smooth1_qc_peak4_fieldloss_smooth05
run85_sparc_1358,sparc_1358,0.563293,0.670304,0.430486,0.532448,0.668749,0.430143,0.915107,0.925982,0.826042,0.809406,0.817305,0.792741,spectrum_fno48_floor6_smooth1_qc_peak4_fieldloss_smooth05
run85_sparc_1363,sparc_1363,0.571779,0.710439,0.525789,0.571767,0.700301,0.507967,0.919368,0.909806,0.811455,0.810934,0.846085,0.649292,spectrum_fno48_floor6_smooth1_qc_peak4_fieldloss_smooth05
run85_sparc_1365,sparc_1365,0.592728,0.765707,0.470161,0.591887,0.738070,0.464163,0.851071,0.877448,0.788042,0.903976,0.869669,0.769551,spectrum_fno48_floor6_smooth1_qc_peak4_fieldloss_smooth05
run85_sparc_1403,sparc_1403,0.837906,1.099606,0.233543,0.633246,0.715191,0.225294,0.948343,0.950863,0.922039,0.918192,0.852697,0.687769,spectrum_fno48_floor6_smooth1_qc_peak4_fieldloss_smooth05
run85_sparc_1406,sparc_1406,0.724061,0.936089,0.465692,0.668845,0.716332,0.465421,0.942219,0.947191,0.879082,0.890355,0.744410,0.693045,spectrum_fno48_floor6_smooth1_qc_peak4_fieldloss_smooth05
run85_sparc_1408,sparc_1408,0.694721,0.689182,0.593561,0.576182,0.587123,0.589282,0.936929,0.932295,0.867262,0.872754,0.831078,0.850261,spectrum_fno48_floor6_smooth1_qc_peak4_fieldloss_smooth05
run85_sparc_1413,sparc_1413,0.620718,0.699688,0.476256,0.620621,0.667880,0.474969,0.902112,0.907791,0.865634,0.932954,0.765861,0.713588,spectrum_fno48_floor6_smooth1_qc_peak4_fieldloss_smooth05
run85_sparc_1414,sparc_1414,0.626169,0.672981,0.481287,0.623070,0.648068,0.481215,0.939225,0.926778,0.861441,0.890157,0.780817,0.823674,spectrum_fno48_floor6_smooth1_qc_peak4_fieldloss_smooth05
run85_sparc_1416,sparc_1416,1.287315,1.723099,0.630539,0.719372,0.784448,0.475434,0.910921,0.886376,0.814571,0.940361,0.857701,0.727185,spectrum_fno48_floor6_smooth1_qc_peak4_fieldloss_smooth05
run85_sparc_1423,sparc_1423,0.755349,0.917277,0.430544,0.656340,0.668061,0.390099,0.949537,0.950390,0.885042,0.881911,0.786461,0.765066,spectrum_fno48_floor6_smooth1_qc_peak4_fieldloss_smooth05
run85_sparc_1441,sparc_1441,0.760621,0.945542,0.440203,0.661853,0.722790,0.429464,0.939361,0.943065,0.883385,0.913819,0.608664,0.737850,spectrum_fno48_floor6_smooth1_qc_peak4_fieldloss_smooth05
run85_sparc_1507,sparc_1507,0.820365,0.963291,0.502531,0.717597,0.763451,0.502529,0.951874,0.949351,0.888542,0.921137,0.789314,0.721086,spectrum_fno48_floor6_smooth1_qc_peak4_fieldloss_smooth05
run85_sparc_1510,sparc_1510,0.640231,0.737536,0.580273,0.639995,0.633156,0.578687,0.900134,0.908852,0.860289,0.915548,0.771530,0.786193,spectrum_fno48_floor6_smooth1_qc_peak4_fieldloss_smooth05
run85_sparc_1518,sparc_1518,0.664214,0.929829,0.653916,0.664020,0.741145,0.543163,0.929053,0.930571,0.860119,0.943276,0.877095,0.690717,spectrum_fno48_floor6_smooth1_qc_peak4_fieldloss_smooth05
run86_sparc_1301,sparc_1301,0.616160,0.949300,0.343975,0.614722,0.772134,0.333789,0.905618,0.902159,0.883622,0.882006,0.856150,0.653233,spectrum_fno48_floor6_smooth1_qc_peak4_fieldloss_smooth05
run86_sparc_1304,sparc_1304,1.254123,1.325433,0.747363,0.781348,0.805852,0.598330,0.911190,0.932725,0.870195,0.969104,0.783980,0.802138,spectrum_fno48_floor6_smooth1_qc_peak4_fieldloss_smooth05
run86_sparc_1350,sparc_1350,0.627372,1.035308,0.461625,0.589204,0.750295,0.420979,0.912007,0.902223,0.886877,0.935590,0.639279,0.579784,spectrum_fno48_floor6_smooth1_qc_peak4_fieldloss_smooth05
run86_sparc_1353,sparc_1353,0.527475,0.725659,0.366608,0.518669,0.673592,0.352883,0.881217,0.880513,0.773878,0.899919,0.765187,0.624566,spectrum_fno48_floor6_smooth1_qc_peak4_fieldloss_smooth05
run86_sparc_1354,sparc_1354,0.882265,0.860189,0.714320,0.879113,0.859339,0.709857,0.838109,0.835127,0.730255,0.971409,0.847384,0.793352,spectrum_fno48_floor6_smooth1_qc_peak4_fieldloss_smooth05
run86_sparc_1361,sparc_1361,0.497011,0.749023,0.389839,0.492764,0.703059,0.378553,0.901845,0.898942,0.788325,0.942399,0.802965,0.637877,spectrum_fno48_floor6_smooth1_qc_peak4_fieldloss_smooth05
run86_sparc_1401,sparc_1401,0.724041,0.985678,0.583954,0.677011,0.784579,0.500838,0.924683,0.906006,0.828891,0.932291,0.879526,0.836896,spectrum_fno48_floor6_smooth1_qc_peak4_fieldloss_smooth05
run86_sparc_1413,sparc_1413,0.583186,0.672564,0.191114,0.583171,0.670278,0.190244,0.852845,0.828777,0.852145,0.921393,0.835166,0.778453,spectrum_fno48_floor6_smooth1_qc_peak4_fieldloss_smooth05
run86_sparc_1422,sparc_1422,0.668812,0.781062,0.430065,0.668803,0.780484,0.399358,0.879929,0.875118,0.724421,0.895637,0.813166,0.622972,spectrum_fno48_floor6_smooth1_qc_peak4_fieldloss_smooth05
run86_sparc_1423,sparc_1423,0.749877,0.814483,0.468247,0.641851,0.665605,0.414531,0.937087,0.943888,0.889586,0.830717,0.557832,0.535096,spectrum_fno48_floor6_smooth1_qc_peak4_fieldloss_smooth05
run86_sparc_1428,sparc_1428,0.978338,1.256545,0.475049,0.721427,0.804820,0.472568,0.736264,0.716189,0.576160,0.954429,0.818717,0.827617,spectrum_fno48_floor6_smooth1_qc_peak4_fieldloss_smooth05
run86_sparc_1441,sparc_1441,0.726904,1.322724,0.169135,0.666012,0.852925,0.168929,0.916425,0.924161,0.890824,0.692331,0.809931,0.337742,spectrum_fno48_floor6_smooth1_qc_peak4_fieldloss_smooth05
run86_sparc_1504,sparc_1504,0.820963,1.260276,0.242296,0.716151,0.843135,0.237823,0.911521,0.914864,0.837969,0.924397,0.861203,0.504366,spectrum_fno48_floor6_smooth1_qc_peak4_fieldloss_smooth05
run86_sparc_1506,sparc_1506,0.915647,1.259479,0.343982,0.720444,0.841331,0.332612,0.929286,0.929983,0.850601,0.804654,0.862941,0.482372,spectrum_fno48_floor6_smooth1_qc_peak4_fieldloss_smooth05
run86_sparc_1514,sparc_1514,0.737448,0.824497,0.694220,0.737415,0.821881,0.674741,0.898523,0.875735,0.739442,0.951905,0.692476,0.757711,spectrum_fno48_floor6_smooth1_qc_peak4_fieldloss_smooth05
run86_sparc_1519,sparc_1519,0.701444,0.824400,0.357712,0.678215,0.791226,0.320549,0.889794,0.889903,0.774101,0.897942,0.692921,0.708336,spectrum_fno48_floor6_smooth1_qc_peak4_fieldloss_smooth05
run86_sparc_1524,sparc_1524,0.590365,0.766113,0.442480,0.567431,0.759207,0.433088,0.444148,0.452417,0.602998,0.951908,0.714216,0.686588,spectrum_fno48_floor6_smooth1_qc_peak4_fieldloss_smooth05
run86_sparc_1525,sparc_1525,0.777162,0.973556,0.303612,0.653094,0.768581,0.280687,0.931165,0.934736,0.872940,0.723857,0.664844,0.539336,spectrum_fno48_floor6_smooth1_qc_peak4_fieldloss_smooth05
run86_sparc_1527,sparc_1527,0.716882,0.914465,0.393460,0.664573,0.756890,0.368822,0.937138,0.926558,0.882776,0.748510,0.751705,0.424209,spectrum_fno48_floor6_smooth1_qc_peak4_fieldloss_smooth05
run87_sparc_1305,sparc_1305,0.899045,1.172335,0.748041,0.757397,0.809278,0.608214,0.900451,0.890571,0.820207,0.903557,0.870196,0.811160,spectrum_fno48_floor6_smooth1_qc_peak4_fieldloss_smooth05
run87_sparc_1310,sparc_1310,0.573915,0.719253,0.412098,0.544641,0.647001,0.396147,0.906600,0.907644,0.838892,0.927549,0.722792,0.546208,spectrum_fno48_floor6_smooth1_qc_peak4_fieldloss_smooth05
run87_sparc_1317,sparc_1317,0.584801,0.750365,0.392107,0.548043,0.641525,0.383798,0.894399,0.895073,0.804073,0.894976,0.841127,0.600632,spectrum_fno48_floor6_smooth1_qc_peak4_fieldloss_smooth05
run87_sparc_1319,sparc_1319,0.584192,0.723125,0.386171,0.543499,0.656291,0.377965,0.891633,0.887450,0.843581,0.845394,0.884141,0.601393,spectrum_fno48_floor6_smooth1_qc_peak4_fieldloss_smooth05
run87_sparc_1349,sparc_1349,0.559930,0.758033,0.394370,0.515189,0.637840,0.370188,0.882105,0.887518,0.724712,0.931276,0.829760,0.632985,spectrum_fno48_floor6_smooth1_qc_peak4_fieldloss_smooth05
run87_sparc_1351,sparc_1351,0.565488,0.672685,0.398194,0.532202,0.605595,0.393987,0.890893,0.887855,0.735624,0.886854,0.700475,0.612699,spectrum_fno48_floor6_smooth1_qc_peak4_fieldloss_smooth05
run87_sparc_1353,sparc_1353,0.517548,0.673421,0.366240,0.501034,0.622097,0.354802,0.900320,0.893318,0.747480,0.898917,0.861157,0.581233,spectrum_fno48_floor6_smooth1_qc_peak4_fieldloss_smooth05
run87_sparc_1356,sparc_1356,0.561546,0.702944,0.395998,0.541621,0.626331,0.395738,0.879410,0.883731,0.721154,0.898756,0.856191,0.593532,spectrum_fno48_floor6_smooth1_qc_peak4_fieldloss_smooth05
run87_sparc_1360,sparc_1360,0.546954,0.713713,0.345296,0.507834,0.640646,0.345247,0.894430,0.894210,0.762932,0.947684,0.794335,0.601265,spectrum_fno48_floor6_smooth1_qc_peak4_fieldloss_smooth05
run87_sparc_1362,sparc_1362,0.507819,0.668151,0.362520,0.493761,0.615236,0.359185,0.905174,0.900112,0.768543,0.950943,0.923634,0.776485,spectrum_fno48_floor6_smooth1_qc_peak4_fieldloss_smooth05
run87_sparc_1402,sparc_1402,0.363177,0.823828,0.389592,0.359957,0.632400,0.368451,0.905283,0.912812,0.856298,0.957749,0.910412,0.873029,spectrum_fno48_floor6_smooth1_qc_peak4_fieldloss
run87_sparc_1414,sparc_1414,0.593559,0.724105,0.409225,0.546919,0.621117,0.396870,0.909088,0.905156,0.844591,0.884282,0.779535,0.587177,spectrum_fno48_floor6_smooth1_qc_peak4_fieldloss_smooth05
run87_sparc_1423,sparc_1423,1.063379,1.449754,0.822115,0.809868,0.873201,0.681915,0.845770,0.887589,0.785299,0.891787,0.845150,0.754552,spectrum_fno48_floor6_smooth1_qc_peak4_fieldloss_smooth05
run87_sparc_1426,sparc_1426,1.076622,1.398875,0.840163,0.807218,0.872241,0.677414,0.914565,0.905619,0.795375,0.851656,0.797016,0.728273,spectrum_fno48_floor6_smooth1_qc_peak4_fieldloss_smooth05
run87_sparc_1428,sparc_1428,1.093771,1.261883,0.974386,0.820926,0.855224,0.745837,0.920958,0.904900,0.807294,0.905098,0.749729,0.761562,spectrum_fno48_floor6_smooth1_qc_peak4_fieldloss_smooth05
run87_sparc_1506,sparc_1506,0.799382,1.021378,0.542853,0.685800,0.768627,0.534534,0.880667,0.901659,0.807198,0.968361,0.941632,0.839731,spectrum_fno48_floor6_smooth1_qc_peak4_fieldloss_smooth05
run87_sparc_1507,sparc_1507,0.625061,1.023854,0.526697,0.611683,0.748577,0.511492,0.920839,0.929319,0.859295,0.970958,0.958947,0.911534,spectrum_fno48_floor6_smooth1_qc_peak4_fieldloss_smooth05
run87_sparc_1509,sparc_1509,0.544227,0.694603,0.386325,0.544206,0.670396,0.386307,0.907358,0.905643,0.776149,0.889601,0.930740,0.785762,spectrum_fno48_floor6_smooth1_qc_peak4_fieldloss_smooth05
run87_sparc_1511,sparc_1511,0.553982,0.667266,0.380343,0.532792,0.612359,0.376733,0.917041,0.912815,0.889647,0.884448,0.818518,0.631566,spectrum_fno48_floor6_smooth1_qc_peak4_fieldloss_smooth05
run87_sparc_1517,sparc_1517,0.553303,0.675208,0.391526,0.540113,0.636719,0.386103,0.899031,0.896993,0.782605,0.860316,0.811744,0.638803,spectrum_fno48_floor6_smooth1_qc_peak4_fieldloss_smooth05
run87_sparc_1521,sparc_1521,0.618141,1.159005,0.411804,0.602467,0.895326,0.411143,0.885737,0.872044,0.693101,0.912587,0.950017,0.552884,spectrum_fno48_floor6_smooth1_qc_peak4_fieldloss_smooth05
run87_sparc_1523,sparc_1523,0.505462,0.853357,0.372572,0.503524,0.706362,0.364648,0.892202,0.892582,0.733617,0.732582,0.874031,0.611000,spectrum_fno48_floor6_smooth1_qc_peak4_fieldloss_smooth05
run87_sparc_1524,sparc_1524,0.642116,0.963786,0.532207,0.616747,0.745834,0.524171,0.880721,0.877687,0.701550,0.909795,0.882277,0.686301,spectrum_fno48_floor6_smooth1_qc_peak4_fieldloss_smooth05
run87_sparc_1526,sparc_1526,0.804777,1.114616,0.520807,0.732667,0.801788,0.518467,0.896500,0.911537,0.819060,0.948898,0.776047,0.728283,spectrum_fno48_floor6_smooth1_qc_peak4_fieldloss_smooth05
run87_sparc_1528,sparc_1528,1.054332,1.127610,0.823839,0.789912,0.818776,0.666402,0.844610,0.845138,0.797588,0.909826,0.854487,0.751933,spectrum_fno48_floor6_smooth1_qc_peak4_fieldloss_smooth05
run88_sparc_1307,sparc_1307,0.659981,0.983890,0.491524,0.634084,0.782738,0.486592,0.770379,0.807986,0.713125,0.965860,0.961042,0.816965,spectrum_fno48_floor6_smooth1_qc_peak4_fieldloss_smooth05
run88_sparc_1315,sparc_1315,0.539831,0.529847,0.360986,0.539609,0.527626,0.359991,0.930601,0.930523,0.857677,0.905854,0.884869,0.682816,spectrum_fno48_floor6_smooth1_qc_peak4_fieldloss_smooth05
run88_sparc_1349,sparc_1349,0.582584,0.737538,0.554712,0.570306,0.668065,0.551726,0.905413,0.904837,0.804366,0.847164,0.903935,0.545783,spectrum_fno48_floor6_smooth1_qc_peak4_fieldloss_smooth05
run88_sparc_1353,sparc_1353,0.633982,0.740852,0.614935,0.578513,0.687383,0.571219,0.905537,0.907989,0.791875,0.857698,0.897116,0.619565,spectrum_fno48_floor6_smooth1_qc_peak4_fieldloss_smooth05
run88_sparc_1356,sparc_1356,0.634610,0.750370,0.703920,0.614444,0.708082,0.647396,0.912218,0.912438,0.806957,0.930810,0.897474,0.550240,spectrum_fno48_floor6_smooth1_qc_peak4_fieldloss
run88_sparc_1361,sparc_1361,0.550746,0.616339,0.355274,0.513208,0.563534,0.354799,0.916179,0.922683,0.821945,0.930940,0.854849,0.633938,spectrum_fno48_floor6_smooth1_qc_peak4_fieldloss_smooth05
run88_sparc_1363,sparc_1363,0.675541,0.734914,0.814979,0.648672,0.704319,0.767099,0.909057,0.904159,0.776550,0.888034,0.907641,0.678832,spectrum_fno48_floor6_smooth1_qc_peak4_fieldloss
run88_sparc_1404,sparc_1404,0.686695,0.667341,0.560625,0.666817,0.647375,0.559875,0.910953,0.919100,0.821502,0.979835,0.912972,0.800165,spectrum_fno48_floor6_smooth1_qc_peak4_fieldloss_smooth05
run88_sparc_1406,sparc_1406,0.589341,0.650489,0.463272,0.580221,0.608631,0.463272,0.921486,0.925311,0.835683,0.947326,0.871033,0.749598,spectrum_fno48_floor6_smooth1_qc_peak4_fieldloss_smooth05
run88_sparc_1409,sparc_1409,0.621299,0.695073,0.502286,0.605931,0.669590,0.502082,0.914240,0.909696,0.812142,0.926094,0.916534,0.687366,spectrum_fno48_floor6_smooth1_qc_peak4_fieldloss_smooth05
run88_sparc_1421,sparc_1421,0.658562,0.655865,0.734322,0.610843,0.607860,0.660014,0.921512,0.923704,0.821480,0.766833,0.870164,0.587924,spectrum_fno48_floor6_smooth1_qc_peak4
run88_sparc_1424,sparc_1424,0.594079,0.634665,0.519729,0.593994,0.627825,0.519611,0.888443,0.902987,0.772507,0.862097,0.792396,0.556494,spectrum_fno48_floor6_smooth1_qc_peak4_fieldloss_smooth05
run88_sparc_1425,sparc_1425,0.687359,0.699967,0.610555,0.631785,0.650660,0.549803,0.906722,0.906077,0.787967,0.931137,0.825436,0.652273,spectrum_fno48_floor6_smooth1_qc_peak4_fieldloss_smooth05
run88_sparc_1427,sparc_1427,0.650193,0.665774,0.543574,0.646025,0.658282,0.538035,0.920196,0.907583,0.840074,0.956071,0.934687,0.731490,spectrum_fno48_floor6_smooth1_qc_peak4_fieldloss_smooth05
run88_sparc_1440,sparc_1440,0.649793,0.674078,0.505594,0.649716,0.670259,0.488826,0.909166,0.923371,0.903499,0.961780,0.746937,0.779710,spectrum_fno48_floor6_smooth1_qc_peak4_fieldloss_smooth05
run88_sparc_1503,sparc_1503,0.557596,0.607730,0.432791,0.548653,0.606759,0.395777,0.936035,0.935285,0.879696,0.897775,0.906713,0.496646,spectrum_fno48_floor6_smooth1_qc_peak4_fieldloss_smooth05
run88_sparc_1504,sparc_1504,0.601200,0.645535,0.572384,0.600998,0.629890,0.570213,0.920102,0.917457,0.821097,0.924051,0.819399,0.600647,spectrum_fno48_floor6_smooth1_qc_peak4_fieldloss_smooth05
run88_sparc_1513,sparc_1513,0.561566,0.578761,0.426852,0.552969,0.563627,0.422279,0.927599,0.928798,0.825729,0.937074,0.867113,0.710430,spectrum_fno48_floor6_smooth1_qc_peak4_fieldloss_smooth05
run88_sparc_1515,sparc_1515,0.541214,0.563521,0.364945,0.532943,0.545374,0.364636,0.928530,0.932189,0.843376,0.885714,0.849501,0.615962,spectrum_fno48_floor6_smooth1_qc_peak4_fieldloss_smooth05
run88_sparc_1523,sparc_1523,1.068362,1.067723,1.056725,0.992928,0.993941,0.989383,0.762413,0.776974,0.631739,0.979510,0.948053,0.817948,spectrum_fno48_floor6_smooth1_qc_peak4_fieldloss_smooth05
run88_sparc_1528,sparc_1528,0.595674,0.626727,0.513014,0.590639,0.625695,0.508201,0.915639,0.917874,0.844066,0.961472,0.919562,0.772672,spectrum_fno48_floor6_smooth1_qc_peak4_fieldloss_smooth05
run89_sparc_1303,sparc_1303,0.595598,0.679828,0.433214,0.554356,0.679826,0.361192,0.915062,0.912904,0.844223,0.930358,0.917058,0.758083,spectrum_fno48_floor6_smooth1_qc_peak4_fieldloss_smooth05
run89_sparc_1305,sparc_1305,1.287495,1.377194,0.551261,0.933970,0.983213,0.473461,0.538490,0.621674,0.721893,0.642027,0.659208,0.761979,spectrum_fno48_floor6_smooth1_qc_peak4_fieldloss_smooth05
run89_sparc_1309,sparc_1309,0.709334,0.883751,0.607233,0.704869,0.811906,0.602392,0.904489,0.865140,0.761318,0.922751,0.963688,0.650424,spectrum_fno48_floor6_smooth1_qc_peak4_fieldloss_smooth05
run89_sparc_1314,sparc_1314,0.485314,0.582455,0.289488,0.480842,0.561203,0.285425,0.925070,0.926289,0.908777,0.893977,0.787512,0.558705,spectrum_fno48_floor6_smooth1_qc_peak4_fieldloss_smooth05
run89_sparc_1353,sparc_1353,0.451023,0.657745,0.293964,0.449352,0.589791,0.289839,0.893702,0.890547,0.711659,0.884243,0.931948,0.763050,spectrum_fno48_floor6_smooth1_qc_peak4_fieldloss_smooth05
run89_sparc_1362,sparc_1362,0.452881,0.577682,0.313412,0.452862,0.555521,0.305543,0.884859,0.883702,0.730045,0.915096,0.948732,0.746986,spectrum_fno48_floor6_smooth1_qc_peak4_fieldloss_smooth05
run89_sparc_1364,sparc_1364,0.546527,0.707205,0.388196,0.527326,0.672084,0.386707,0.872898,0.874128,0.707615,0.917224,0.923367,0.685430,spectrum_fno48_floor6_smooth1_qc_peak4_fieldloss_smooth05
run89_sparc_1402,sparc_1402,0.741715,0.824221,0.444304,0.709349,0.812147,0.440431,0.875394,0.911864,0.900206,0.912523,0.919372,0.812492,spectrum_fno48_floor6_smooth1_qc_peak4_fieldloss_smooth05
run89_sparc_1404,sparc_1404,1.913466,1.229773,0.807121,0.980403,0.997112,0.622344,0.709377,0.699921,0.593923,0.687743,0.469777,0.833097,spectrum_fno48_floor6_smooth1_qc_peak4_fieldloss_smooth05
run89_sparc_1409,sparc_1409,0.551183,0.727460,0.352560,0.540972,0.660614,0.351857,0.914319,0.911807,0.779592,0.937420,0.938486,0.652705,spectrum_fno48_floor6_smooth1_qc_peak4_fieldloss_smooth05
run89_sparc_1410,sparc_1410,0.505421,0.628969,0.306733,0.505406,0.614537,0.296672,0.922311,0.924116,0.858895,0.872110,0.921344,0.513051,spectrum_fno48_floor6_smooth1_qc_peak4_fieldloss_smooth05
run89_sparc_1417,sparc_1417,0.497304,0.621140,0.331673,0.491585,0.586993,0.322860,0.925493,0.929175,0.844928,0.885679,0.847188,0.628845,spectrum_fno48_floor6_smooth1_qc_peak4_fieldloss_smooth05
run89_sparc_1421,sparc_1421,0.565047,0.594783,0.495846,0.559015,0.587717,0.495379,0.911040,0.913568,0.770092,0.866378,0.820144,0.579955,spectrum_fno48_floor6_smooth1_qc_peak4_fieldloss_smooth05
run89_sparc_1422,sparc_1422,0.580840,0.668349,0.462099,0.568001,0.633726,0.456983,0.901951,0.909240,0.763977,0.879311,0.896742,0.591072,spectrum_fno48_floor6_smooth1_qc_peak4_fieldloss_smooth05
run89_sparc_1426,sparc_1426,0.643214,0.819242,0.417456,0.642928,0.818676,0.409995,0.788351,0.795464,0.710569,0.974099,0.846055,0.895447,spectrum_fno48_floor6_smooth1_qc_peak4_fieldloss_smooth05
run89_sparc_1428,sparc_1428,0.736810,0.796639,0.679971,0.726770,0.764285,0.672644,0.872574,0.845548,0.762705,0.957639,0.870925,0.852179,spectrum_fno48_floor6_smooth1_qc_peak4_fieldloss_smooth05
run89_sparc_1429,sparc_1429,0.689630,0.785954,0.648287,0.683014,0.764106,0.646104,0.864488,0.851749,0.774125,0.941916,0.935461,0.796375,spectrum_fno48_floor6_smooth1_qc_peak4_fieldloss_smooth05
run89_sparc_1430,sparc_1430,1.143662,0.761474,0.749538,0.909453,0.695233,0.679346,0.173468,0.701885,0.721778,0.982356,0.937591,0.836411,spectrum_fno48_floor6_smooth1_qc_peak4_fieldloss_smooth05
run89_sparc_1500,sparc_1500,0.685452,0.540036,0.482415,0.612399,0.535185,0.391960,0.985702,0.990759,0.987783,0.960959,0.856715,0.911821,spectrum_fno48_floor6_smooth1_qc_peak4_fieldloss_smooth05
run89_sparc_1501,sparc_1501,0.653041,0.629886,0.565582,0.627700,0.601953,0.563437,0.858927,0.892556,0.805038,0.895467,0.860136,0.694736,spectrum_fno48_floor6_smooth1_qc_peak4_fieldloss_smooth05
run89_sparc_1510,sparc_1510,0.554291,0.653100,0.365226,0.522442,0.615958,0.361364,0.915464,0.918560,0.787450,0.901212,0.831336,0.700173,spectrum_fno48_floor6_smooth1_qc_peak4_fieldloss_smooth05
run89_sparc_1512,sparc_1512,0.505690,0.637534,0.350541,0.498520,0.605931,0.345254,0.913146,0.920846,0.798192,0.857957,0.873342,0.695412,spectrum_fno48_floor6_smooth1_qc_peak4_fieldloss_smooth05
run89_sparc_1517,sparc_1517,0.482767,0.595585,0.301292,0.478863,0.570107,0.299971,0.902120,0.906843,0.820132,0.903533,0.909250,0.644352,spectrum_fno48_floor6_smooth1_qc_peak4_fieldloss_smooth05
run8_sparc_1302,sparc_1302,0.774560,0.880161,0.745264,0.733367,0.752705,0.685194,0.877887,0.874099,0.783972,0.965075,0.960781,0.851198,spectrum_fno48_floor6_smooth1_qc_peak4_fieldloss_smooth05
run8_sparc_1313,sparc_1313,0.526299,0.557022,0.339310,0.497156,0.516425,0.338332,0.930211,0.933199,0.877511,0.936215,0.666496,0.626559,spectrum_fno48_floor6_smooth1_qc_peak4_fieldloss_smooth05
run8_sparc_1350,sparc_1350,0.526299,0.557021,0.339310,0.497156,0.516424,0.338332,0.930211,0.933199,0.877511,0.936218,0.666506,0.626563,spectrum_fno48_floor6_smooth1_qc_peak4_fieldloss_smooth05
run8_sparc_1403,sparc_1403,0.681327,0.784751,0.549112,0.627373,0.673890,0.478369,0.906691,0.904106,0.881700,0.969302,0.759196,0.866263,spectrum_fno48_floor6_smooth1_qc_peak4_fieldloss_smooth05
run8_sparc_1405,sparc_1405,0.632548,0.711632,0.580463,0.628349,0.706856,0.559718,0.869637,0.845288,0.719657,0.943430,0.856432,0.588293,spectrum_fno48_floor6_smooth1_qc_peak4_fieldloss_smooth05
run8_sparc_1408,sparc_1408,0.608425,0.749466,0.437251,0.602060,0.749460,0.408612,0.867379,0.870023,0.720286,0.960694,0.964497,0.799140,spectrum_fno48_floor6_smooth1_qc_peak4_fieldloss_smooth05
run8_sparc_1409,sparc_1409,0.537843,0.686178,0.374333,0.534649,0.646886,0.373145,0.902882,0.920933,0.803730,0.928551,0.877802,0.624571,spectrum_fno48_floor6_smooth1_qc_peak4_fieldloss_smooth05
run8_sparc_1426,sparc_1426,0.643678,0.660450,0.569246,0.641338,0.659648,0.558686,0.887949,0.884738,0.742102,0.947403,0.830650,0.727773,spectrum_fno48_floor6_smooth1_qc_peak4_fieldloss_smooth05
run8_sparc_1427,sparc_1427,0.654757,0.665839,0.570054,0.654690,0.660901,0.545407,0.899701,0.872939,0.801461,0.971721,0.922479,0.804151,spectrum_fno48_floor6_smooth1_qc_peak4_fieldloss_smooth05
run8_sparc_1428,sparc_1428,0.633816,0.670337,0.541769,0.633577,0.666645,0.535904,0.909031,0.905267,0.805683,0.947581,0.876928,0.698832,spectrum_fno48_floor6_smooth1_qc_peak4_fieldloss_smooth05
run8_sparc_1440,sparc_1440,0.517626,0.662030,0.366577,0.510738,0.642468,0.348721,0.918343,0.919271,0.888236,0.878534,0.870082,0.693453,spectrum_fno48_floor6_smooth1_qc_peak4_fieldloss_smooth05
run8_sparc_1502,sparc_1502,0.558499,0.641627,0.362018,0.557166,0.620624,0.357377,0.911820,0.924394,0.914979,0.917131,0.902942,0.690278,spectrum_fno48_floor6_smooth1_qc_peak4_fieldloss_smooth05
run8_sparc_1508,sparc_1508,1.042827,1.068679,0.931515,0.862665,0.896767,0.840414,0.623778,0.594666,0.527309,0.967901,0.832726,0.882143,spectrum_fno48_floor6_smooth1_qc_peak4_fieldloss_smooth05
run8_sparc_1510,sparc_1510,0.542367,0.632537,0.381471,0.532640,0.599156,0.378876,0.925704,0.933834,0.873392,0.938843,0.700489,0.582600,spectrum_fno48_floor6_smooth1_qc_peak4_fieldloss_smooth05
run90_sparc_1302,sparc_1302,0.714993,0.677551,0.678638,0.713053,0.677549,0.672273,0.759563,0.769060,0.641097,0.981689,0.969653,0.883039,spectrum_fno48_floor6_smooth1_qc_peak4
run90_sparc_1307,sparc_1307,1.304354,1.250501,1.166144,0.923016,0.892521,0.937889,0.184759,0.375037,0.055305,0.982352,0.941177,0.906915,spectrum_fno48_floor6_smooth1_qc_peak4_fieldloss_smooth05
run90_sparc_1315,sparc_1315,0.555531,0.593375,0.346820,0.519681,0.522423,0.341166,0.936033,0.937203,0.862573,0.943459,0.878908,0.758809,spectrum_fno48_floor6_smooth1_qc_peak4_fieldloss_smooth05
run90_sparc_1318,sparc_1318,0.510955,0.573673,0.334285,0.497106,0.543810,0.333968,0.933305,0.931482,0.892066,0.883882,0.632130,0.687684,spectrum_fno48_floor6_smooth1_qc_peak4_fieldloss_smooth05
run90_sparc_1350,sparc_1350,0.550698,0.588924,0.333009,0.510874,0.525678,0.316207,0.934206,0.934432,0.910623,0.906018,0.701465,0.569250,spectrum_fno48_floor6_smooth1_qc_peak4_fieldloss_smooth05
run90_sparc_1357,sparc_1357,0.569899,0.674160,0.351733,0.527041,0.571442,0.346510,0.913048,0.910088,0.797732,0.874405,0.862288,0.607579,spectrum_fno48_floor6_smooth1_qc_peak4_fieldloss_smooth05
run90_sparc_1358,sparc_1358,0.479844,0.536656,0.353505,0.477650,0.529033,0.350539,0.908557,0.911377,0.788264,0.930404,0.906446,0.673552,spectrum_fno48_floor6_smooth1_qc_peak4_fieldloss_smooth05
run90_sparc_1364,sparc_1364,0.456533,0.719862,0.334177,0.449209,0.654956,0.333890,0.889914,0.888573,0.780772,0.948562,0.937464,0.728969,spectrum_fno48_floor6_smooth1_qc_peak4_fieldloss_smooth05
run90_sparc_1400,sparc_1400,0.539669,0.923118,0.362227,0.538268,0.905048,0.347739,0.991516,0.992493,0.991132,0.857955,0.835905,0.907388,spectrum_fno48_floor6_smooth1_qc_peak4_fieldloss_smooth05
run90_sparc_1408,sparc_1408,0.645246,0.777399,0.529110,0.642787,0.775424,0.505406,0.894661,0.896351,0.806062,0.965428,0.960372,0.859739,spectrum_fno48_floor6_smooth1_qc_peak4_fieldloss_smooth05
run90_sparc_1413,sparc_1413,0.523666,0.583520,0.350143,0.519731,0.554845,0.345498,0.928442,0.931180,0.830831,0.916058,0.777864,0.645918,spectrum_fno48_floor6_smooth1_qc_peak4_fieldloss_smooth05
run90_sparc_1416,sparc_1416,0.540410,0.623368,0.346500,0.494883,0.561318,0.338540,0.924768,0.927073,0.829094,0.929352,0.795371,0.676599,spectrum_fno48_floor6_smooth1_qc_peak4_fieldloss_smooth05
run90_sparc_1417,sparc_1417,0.487857,0.591694,0.326481,0.482747,0.562210,0.325944,0.925891,0.924827,0.816007,0.865409,0.842275,0.625562,spectrum_fno48_floor6_smooth1_qc_peak4_fieldloss_smooth05
run90_sparc_1419,sparc_1419,0.476220,0.612685,0.361324,0.474496,0.573138,0.359469,0.914289,0.913547,0.781442,0.926403,0.836035,0.521691,spectrum_fno48_floor6_smooth1_qc_peak4_fieldloss_smooth05
run90_sparc_1422,sparc_1422,0.587088,0.649135,0.496452,0.560026,0.617524,0.469791,0.902523,0.903817,0.796355,0.894173,0.832763,0.576787,spectrum_fno48_floor6_smooth1_qc_peak4_fieldloss_smooth05
run90_sparc_1423,sparc_1423,0.574289,0.714388,0.475547,0.559109,0.676737,0.467440,0.901490,0.899536,0.770804,0.917541,0.846099,0.554728,spectrum_fno48_floor6_smooth1_qc_peak4_fieldloss_smooth05
run90_sparc_1427,sparc_1427,0.593756,0.635161,0.506347,0.589531,0.633280,0.505829,0.901948,0.884143,0.807195,0.941631,0.836303,0.749843,spectrum_fno48_floor6_smooth1_qc_peak4_fieldloss_smooth05
run90_sparc_1429,sparc_1429,0.598463,0.640229,0.513259,0.593776,0.632204,0.493956,0.900452,0.901210,0.819960,0.900611,0.853299,0.730221,spectrum_fno48_floor6_smooth1_qc_peak4_fieldloss_smooth05
run90_sparc_1506,sparc_1506,0.622692,0.698588,0.552100,0.617049,0.696405,0.535701,0.885936,0.867236,0.726960,0.949021,0.886644,0.768169,spectrum_fno48_floor6_smooth1_qc_peak4_fieldloss_smooth05
run90_sparc_1593,sparc_1593,0.632496,0.740349,0.421497,0.610896,0.677027,0.394519,0.904849,0.904848,0.870024,0.969756,0.884653,0.729480,spectrum_fno48_floor6_smooth1_qc_peak4_fieldloss_smooth05
run91_sparc_1304,sparc_1304,0.709283,0.916387,0.658179,0.655052,0.716155,0.525962,0.941093,0.944019,0.878884,0.845148,0.603881,0.691517,spectrum_fno48_floor6_smooth1_qc_peak4_fieldloss_smooth05
run91_sparc_1313,sparc_1313,0.707835,0.837840,0.540558,0.707321,0.771841,0.490217,0.943911,0.941931,0.910575,0.897361,0.851561,0.757261,spectrum_fno48_floor6_smooth1_qc_peak4_fieldloss_smooth05
run91_sparc_1358,sparc_1358,0.558382,0.671551,0.441878,0.523986,0.671134,0.431242,0.929864,0.932525,0.850141,0.908079,0.865438,0.767670,spectrum_fno48_floor6_smooth1_qc_peak4_fieldloss_smooth05
run91_sparc_1363,sparc_1363,0.558441,0.721676,0.624544,0.551725,0.682077,0.505765,0.917325,0.926217,0.831196,0.847639,0.845424,0.701875,spectrum_fno48_floor6_smooth1_qc_peak4_fieldloss
run91_sparc_1401,sparc_1401,0.743343,0.889802,0.711112,0.616635,0.655641,0.566401,0.947037,0.958989,0.919530,0.967034,0.858860,0.879785,spectrum_fno48_floor6_smooth1_qc_peak4_fieldloss_smooth05
run91_sparc_1406,sparc_1406,0.751211,0.921236,0.560594,0.724542,0.757217,0.560426,0.949508,0.952735,0.890387,0.897763,0.775401,0.680491,spectrum_fno48_floor6_smooth1_qc_peak4_fieldloss_smooth05
run91_sparc_1409,sparc_1409,0.706122,0.747963,0.571301,0.629328,0.692771,0.524295,0.946877,0.945066,0.875981,0.929052,0.763074,0.804299,spectrum_fno48_floor6_smooth1_qc_peak4_fieldloss_smooth05
run91_sparc_1413,sparc_1413,0.744576,0.859534,0.518173,0.724251,0.793308,0.509752,0.901647,0.918078,0.878245,0.916498,0.847117,0.755942,spectrum_fno48_floor6_smooth1_qc_peak4_fieldloss_smooth05
run91_sparc_1414,sparc_1414,0.674463,0.717242,0.549591,0.672332,0.712756,0.539807,0.925546,0.933956,0.854549,0.906573,0.780429,0.724348,spectrum_fno48_floor6_smooth1_qc_peak4_fieldloss_smooth05
run91_sparc_1416,sparc_1416,0.615366,0.862285,0.515402,0.613578,0.691484,0.512895,0.933636,0.940226,0.862133,0.930109,0.823688,0.759814,spectrum_fno48_floor6_smooth1_qc_peak4_fieldloss_smooth05
run91_sparc_1420,sparc_1420,0.677843,0.792511,0.506681,0.677521,0.755621,0.506525,0.915409,0.928549,0.840702,0.913947,0.643717,0.686756,spectrum_fno48_floor6_smooth1_qc_peak4_fieldloss_smooth05
run91_sparc_1440,sparc_1440,0.732561,0.911036,0.484929,0.710199,0.770280,0.481160,0.950731,0.953450,0.927197,0.919734,0.695062,0.750068,spectrum_fno48_floor6_smooth1_qc_peak4_fieldloss_smooth05
run91_sparc_1500,sparc_1500,0.359603,0.376217,0.277564,0.312320,0.333705,0.252395,0.957013,0.984827,0.973388,0.831191,0.837802,0.879038,spectrum_fno48_floor6_smooth1_qc_peak4_fieldloss_smooth05
run91_sparc_1501,sparc_1501,0.797272,1.029719,0.462159,0.671608,0.749994,0.452710,0.958833,0.958934,0.922554,0.891854,0.888537,0.811514,spectrum_fno48_floor6_smooth1_qc_peak4_fieldloss_smooth05
run91_sparc_1504,sparc_1504,0.937261,0.959313,0.400758,0.652899,0.730622,0.355400,0.939656,0.941076,0.884428,0.925165,0.672323,0.783283,spectrum_fno48_floor6_smooth1_qc_peak4_fieldloss_smooth05
run91_sparc_1507,sparc_1507,0.861164,0.972721,0.420284,0.709432,0.757443,0.414868,0.945133,0.946262,0.884408,0.958345,0.807472,0.766889,spectrum_fno48_floor6_smooth1_qc_peak4_fieldloss_smooth05
run91_sparc_1513,sparc_1513,0.613954,0.725759,0.621086,0.613213,0.719055,0.545497,0.945254,0.945905,0.862995,0.927427,0.785167,0.829132,spectrum_fno48_floor6_smooth1_qc_peak4_fieldloss
run91_sparc_1525,sparc_1525,0.697336,0.729015,0.369490,0.629836,0.656552,0.361538,0.957363,0.953406,0.903682,0.848857,0.699151,0.674961,spectrum_fno48_floor6_smooth1_qc_peak4_fieldloss_smooth05
run91_sparc_1526,sparc_1526,0.868080,0.851652,0.341918,0.640501,0.659425,0.291096,0.940115,0.941208,0.899897,0.950882,0.693016,0.836002,spectrum_fno48_floor6_smooth1_qc_peak4_fieldloss_smooth05
run91_sparc_1528,sparc_1528,1.036769,1.103012,0.380149,0.731936,0.825851,0.350313,0.792619,0.826358,0.761038,0.961730,0.775661,0.854395,spectrum_fno48_floor6_smooth1_qc_peak4_fieldloss_smooth05
run91_sparc_1529,sparc_1529,0.522454,0.869211,0.244552,0.516236,0.712943,0.244534,0.905980,0.912778,0.846540,0.847998,0.852208,0.792603,spectrum_fno48_floor6_smooth1_qc_peak4_fieldloss_smooth05
run92_sparc_1301,sparc_1301,0.458282,0.579981,0.570910,0.454300,0.524763,0.557711,0.907212,0.913821,0.833507,0.849535,0.833865,0.795667,spectrum_fno48_floor6_smooth1_qc_peak4_fieldloss
run92_sparc_1307,sparc_1307,1.082414,1.206113,0.912241,0.760155,0.800076,0.673510,0.844245,0.875958,0.759821,0.933925,0.901080,0.731088,spectrum_fno48_floor6_smooth1_qc_peak4_fieldloss_smooth05
run92_sparc_1309,sparc_1309,0.556434,0.679571,0.419980,0.543184,0.627966,0.412299,0.911481,0.905006,0.790857,0.926030,0.858173,0.775157,spectrum_fno48_floor6_smooth1_qc_peak4_fieldloss_smooth05
run92_sparc_1310,sparc_1310,0.494974,0.578641,0.320737,0.494884,0.576928,0.315714,0.913373,0.916395,0.839364,0.940018,0.729399,0.648450,spectrum_fno48_floor6_smooth1_qc_peak4_fieldloss_smooth05
run92_sparc_1313,sparc_1313,0.477896,0.518398,0.301772,0.475339,0.509414,0.297968,0.926591,0.925852,0.876133,0.907832,0.569921,0.605850,spectrum_fno48_floor6_smooth1_qc_peak4_fieldloss_smooth05
run92_sparc_1349,sparc_1349,0.451687,0.552103,0.293774,0.451612,0.542110,0.279460,0.893854,0.900528,0.763133,0.893213,0.863812,0.692184,spectrum_fno48_floor6_smooth1_qc_peak4_fieldloss_smooth05
run92_sparc_1351,sparc_1351,0.489891,0.539223,0.320948,0.475823,0.510166,0.320079,0.912817,0.916089,0.801806,0.943032,0.678983,0.745782,spectrum_fno48_floor6_smooth1_qc_peak4_fieldloss_smooth05
run92_sparc_1352,sparc_1352,0.535518,0.597042,0.343501,0.479772,0.529923,0.329765,0.916231,0.917213,0.814593,0.931713,0.842867,0.643171,spectrum_fno48_floor6_smooth1_qc_peak4_fieldloss_smooth05
run92_sparc_1355,sparc_1355,0.445175,0.524526,0.308673,0.444107,0.511288,0.303847,0.906244,0.906152,0.784944,0.894670,0.879468,0.670699,spectrum_fno48_floor6_smooth1_qc_peak4_fieldloss_smooth05
run92_sparc_1358,sparc_1358,0.464584,0.486819,0.334377,0.463794,0.484608,0.333711,0.905231,0.909665,0.786485,0.923036,0.844997,0.761673,spectrum_fno48_floor6_smooth1_qc_peak4_fieldloss_smooth05
run92_sparc_1363,sparc_1363,0.466034,0.574075,0.353912,0.462866,0.555554,0.353226,0.906052,0.907626,0.788026,0.925088,0.874435,0.704001,spectrum_fno48_floor6_smooth1_qc_peak4_fieldloss_smooth05
run92_sparc_1410,sparc_1410,0.538317,0.586629,0.338428,0.517013,0.555353,0.336885,0.923995,0.931138,0.866064,0.932054,0.694429,0.612518,spectrum_fno48_floor6_smooth1_qc_peak4_fieldloss_smooth05
run92_sparc_1416,sparc_1416,0.486478,0.544689,0.309577,0.469811,0.528069,0.307623,0.917759,0.920702,0.829453,0.932111,0.821921,0.593557,spectrum_fno48_floor6_smooth1_qc_peak4_fieldloss_smooth05
run92_sparc_1421,sparc_1421,0.540347,0.575975,0.517355,0.538467,0.562874,0.517094,0.898477,0.903598,0.771669,0.877499,0.735266,0.476526,spectrum_fno48_floor6_smooth1_qc_peak4_fieldloss_smooth05
run92_sparc_1425,sparc_1425,0.615054,0.672603,0.588078,0.596326,0.650800,0.556663,0.904385,0.899840,0.783927,0.947026,0.895425,0.774585,spectrum_fno48_floor6_smooth1_qc_peak4_fieldloss_smooth05
run92_sparc_1426,sparc_1426,0.610490,0.660669,0.539017,0.610042,0.660635,0.535117,0.882349,0.863818,0.759092,0.920293,0.886946,0.728390,spectrum_fno48_floor6_smooth1_qc_peak4_fieldloss_smooth05
run92_sparc_1430,sparc_1430,0.744678,0.824304,0.738059,0.622173,0.656997,0.599606,0.877715,0.919593,0.836623,0.933804,0.869050,0.809387,spectrum_fno48_floor6_smooth1_qc_peak4_fieldloss_smooth05
run92_sparc_1440,sparc_1440,0.542120,0.750370,0.399430,0.539578,0.715378,0.388548,0.923502,0.912566,0.811373,0.895515,0.926041,0.703670,spectrum_fno48_floor6_smooth1_qc_peak4_fieldloss_smooth05
run92_sparc_1505,sparc_1505,0.540351,0.718001,0.424566,0.540040,0.672550,0.417101,0.913529,0.903973,0.820569,0.943311,0.828001,0.762826,spectrum_fno48_floor6_smooth1_qc_peak4_fieldloss_smooth05
run92_sparc_1507,sparc_1507,0.571272,1.224291,0.533306,0.569490,0.866495,0.514091,0.853905,0.726025,0.685084,0.977907,0.970263,0.917648,spectrum_fno48_floor6_smooth1_qc_peak4_fieldloss_smooth05
run92_sparc_1511,sparc_1511,0.525310,0.564672,0.319914,0.521702,0.547251,0.316787,0.932620,0.933005,0.871404,0.909727,0.800289,0.627372,spectrum_fno48_floor6_smooth1_qc_peak4_fieldloss_smooth05
run92_sparc_1513,sparc_1513,0.501668,0.530937,0.339003,0.490560,0.520307,0.326095,0.927132,0.926969,0.839564,0.851439,0.872334,0.605765,spectrum_fno48_floor6_smooth1_qc_peak4_fieldloss_smooth05
run92_sparc_1518,sparc_1518,0.457855,0.504900,0.296706,0.457598,0.504719,0.295413,0.920135,0.922613,0.820768,0.910242,0.832316,0.614954,spectrum_fno48_floor6_smooth1_qc_peak4_fieldloss_smooth05
run92_sparc_1530,sparc_1530,0.653556,0.631590,0.728233,0.653491,0.629743,0.703240,0.765971,0.848078,0.860233,0.994213,0.992146,0.938226,spectrum_fno48_floor6_smooth1_qc_peak4
run93_sparc_1311,sparc_1311,0.648459,0.645229,0.382438,0.631055,0.598930,0.339713,0.921614,0.922210,0.855127,0.864597,0.683389,0.667858,spectrum_fno48_floor6_smooth1_qc_peak4_fieldloss_smooth05
run93_sparc_1349,sparc_1349,0.730546,0.788008,0.398331,0.700603,0.741381,0.394460,0.924445,0.920857,0.867784,0.947576,0.815227,0.767174,spectrum_fno48_floor6_smooth1_qc_peak4_fieldloss_smooth05
run93_sparc_1355,sparc_1355,0.708922,0.731565,0.345918,0.689676,0.702440,0.342082,0.933446,0.932370,0.862929,0.949264,0.840831,0.781193,spectrum_fno48_floor6_smooth1_qc_peak4_fieldloss_smooth05
run93_sparc_1408,sparc_1408,0.715059,0.734665,0.526764,0.708118,0.732224,0.520962,0.909288,0.865605,0.804253,0.900896,0.948947,0.707536,spectrum_fno48_floor6_smooth1_qc_peak4_fieldloss_smooth05
run93_sparc_1411,sparc_1411,0.621786,0.595737,0.354202,0.613955,0.573468,0.327769,0.925768,0.934398,0.864963,0.882814,0.683240,0.608243,spectrum_fno48_floor6_smooth1_qc_peak4_fieldloss_smooth05
run93_sparc_1413,sparc_1413,0.638621,0.627111,0.366670,0.623883,0.594096,0.326639,0.929313,0.938047,0.895426,0.857546,0.620219,0.549600,spectrum_fno48_floor6_smooth1_qc_peak4_fieldloss_smooth05
run93_sparc_1417,sparc_1417,0.639988,0.652365,0.339318,0.633897,0.645354,0.325371,0.930862,0.938080,0.870889,0.819943,0.597337,0.603355,spectrum_fno48_floor6_smooth1_qc_peak4_fieldloss_smooth05
run93_sparc_1426,sparc_1426,0.618719,0.620733,0.336608,0.617490,0.616097,0.326525,0.912772,0.906697,0.850976,0.809843,0.612872,0.725809,spectrum_fno48_floor6_smooth1_qc_peak4_fieldloss_smooth05
run93_sparc_1428,sparc_1428,0.703800,1.051471,0.769324,0.658195,0.784984,0.701381,0.295108,0.558156,0.468736,0.990247,0.949600,0.904712,spectrum_fno48_floor6_smooth1_qc_peak4_fieldloss
run93_sparc_1429,sparc_1429,0.934421,1.169698,0.848256,0.655265,0.705639,0.679203,0.830684,0.750081,0.723997,0.980694,0.977545,0.882916,spectrum_fno48_floor6_smooth1_qc_peak4_fieldloss_smooth05
run93_sparc_1504,sparc_1504,0.922614,1.009881,0.650153,0.756958,0.770352,0.566519,0.917638,0.921260,0.829619,0.866342,0.820156,0.830212,spectrum_fno48_floor6_smooth1_qc_peak4_fieldloss_smooth05
run93_sparc_1507,sparc_1507,0.930442,0.958556,0.483123,0.777800,0.802057,0.479970,0.930690,0.931432,0.862700,0.802394,0.931996,0.483085,spectrum_fno48_floor6_smooth1_qc_peak4_fieldloss_smooth05
run93_sparc_1508,sparc_1508,0.723577,0.738891,0.530993,0.708103,0.737091,0.522682,0.915292,0.860336,0.815466,0.903028,0.931913,0.673798,spectrum_fno48_floor6_smooth1_qc_peak4_fieldloss_smooth05
run93_sparc_1528,sparc_1528,0.725268,0.859976,0.523246,0.671049,0.776488,0.471154,0.904761,0.893692,0.825579,0.884073,0.860615,0.562028,spectrum_fno48_floor6_smooth1_qc_peak4_fieldloss_smooth05
run94_sparc_1306,sparc_1306,1.120637,1.156872,1.100599,0.870230,0.903381,0.831725,0.888771,0.881142,0.774750,0.886951,0.847599,0.808713,spectrum_fno48_floor6_smooth1_qc_peak4_fieldloss_smooth05
run94_sparc_1307,sparc_1307,0.890056,0.894093,0.842461,0.787088,0.819521,0.747249,0.877290,0.871207,0.764457,0.950688,0.853957,0.840382,spectrum_fno48_floor6_smooth1_qc_peak4_fieldloss_smooth05
run94_sparc_1308,sparc_1308,0.759242,0.825911,0.655701,0.706922,0.722645,0.641639,0.858838,0.884562,0.745733,0.978059,0.972866,0.911305,spectrum_fno48_floor6_smooth1_qc_peak4_fieldloss_smooth05
run94_sparc_1309,sparc_1309,1.010147,1.054350,0.707562,0.880760,0.886426,0.705666,0.423885,-0.035425,0.463879,0.982311,0.979081,0.909789,spectrum_fno48_floor6_smooth1_qc_peak4_fieldloss_smooth05
run94_sparc_1313,sparc_1313,0.515105,0.716207,0.303811,0.503588,0.639649,0.295899,0.919892,0.917604,0.876649,0.909262,0.844469,0.607243,spectrum_fno48_floor6_smooth1_qc_peak4_fieldloss_smooth05
run94_sparc_1318,sparc_1318,0.519614,0.873924,0.308794,0.508299,0.740728,0.298671,0.902514,0.892433,0.811023,0.922769,0.888700,0.612381,spectrum_fno48_floor6_smooth1_qc_peak4_fieldloss_smooth05
run94_sparc_1319,sparc_1319,0.525644,0.894407,0.312913,0.514522,0.753471,0.304105,0.901526,0.891991,0.800911,0.924659,0.892019,0.610674,spectrum_fno48_floor6_smooth1_qc_peak4_fieldloss_smooth05
run94_sparc_1350,sparc_1350,0.515105,0.716207,0.303811,0.503588,0.639649,0.295899,0.919891,0.917604,0.876649,0.909262,0.844469,0.607243,spectrum_fno48_floor6_smooth1_qc_peak4_fieldloss_smooth05
run94_sparc_1355,sparc_1355,0.478043,0.790992,0.315816,0.478025,0.720310,0.308399,0.898465,0.894091,0.762337,0.923503,0.860418,0.743213,spectrum_fno48_floor6_smooth1_qc_peak4_fieldloss_smooth05
run94_sparc_1356,sparc_1356,0.525775,0.662743,0.377876,0.517197,0.598450,0.373704,0.899766,0.897399,0.747737,0.908580,0.821989,0.588781,spectrum_fno48_floor6_smooth1_qc_peak4_fieldloss_smooth05
run94_sparc_1415,sparc_1415,0.514351,0.807592,0.326870,0.514316,0.709110,0.298825,0.908228,0.904502,0.810264,0.935505,0.842630,0.593072,spectrum_fno48_floor6_smooth1_qc_peak4_fieldloss_smooth05
run94_sparc_1419,sparc_1419,0.566060,1.000888,0.375133,0.563085,0.860874,0.373853,0.893955,0.883595,0.734764,0.902757,0.888540,0.633683,spectrum_fno48_floor6_smooth1_qc_peak4_fieldloss_smooth05
run94_sparc_1424,sparc_1424,1.226202,1.133732,1.081583,0.851410,0.857945,0.723794,0.917865,0.903728,0.833882,0.836377,0.440202,0.663753,spectrum_fno48_floor6_smooth1_qc_peak4_fieldloss_smooth05
run94_sparc_1429,sparc_1429,1.369047,2.058003,1.320783,0.895760,0.954267,0.871658,0.604205,0.612954,0.584927,0.951685,0.899425,0.899259,spectrum_fno48_floor6_smooth1_qc_peak4_fieldloss_smooth05
run94_sparc_1505,sparc_1505,0.879163,1.054527,0.637991,0.784230,0.822258,0.623457,0.858003,0.827193,0.758281,0.905626,0.848984,0.762419,spectrum_fno48_floor6_smooth1_qc_peak4_fieldloss_smooth05
run94_sparc_1509,sparc_1509,0.853759,1.037778,0.694170,0.759160,0.819820,0.667661,0.767241,0.867190,0.760407,0.860684,0.872382,0.745639,spectrum_fno48_floor6_smooth1_qc_peak4_fieldloss_smooth05
run94_sparc_1513,sparc_1513,0.499758,0.787969,0.331662,0.495824,0.702504,0.301121,0.916434,0.912095,0.800976,0.910943,0.852434,0.631300,spectrum_fno48_floor6_smooth1_qc_peak4_fieldloss_smooth05
run94_sparc_1514,sparc_1514,0.506131,0.792446,0.298315,0.504449,0.722538,0.294321,0.911871,0.909476,0.813026,0.933437,0.842690,0.584760,spectrum_fno48_floor6_smooth1_qc_peak4_fieldloss_smooth05
run94_sparc_1520,sparc_1520,0.507551,0.697345,0.357031,0.501758,0.662805,0.337975,0.901995,0.895458,0.756215,0.929481,0.873919,0.792968,spectrum_fno48_floor6_smooth1_qc_peak4_fieldloss_smooth05
run94_sparc_1525,sparc_1525,1.088863,1.104447,0.884144,0.811613,0.807223,0.697992,0.924897,0.910760,0.844474,0.824949,0.742423,0.705150,spectrum_fno48_floor6_smooth1_qc_peak4_fieldloss_smooth05
run94_sparc_1527,sparc_1527,0.827891,0.901249,0.626235,0.779482,0.783514,0.603485,0.909005,0.926662,0.866960,0.864059,0.783304,0.638568,spectrum_fno48_floor6_smooth1_qc_peak4_fieldloss_smooth05
run95_sparc_1310,sparc_1310,0.713257,0.762371,0.545819,0.713110,0.761444,0.545506,0.899945,0.856465,0.770057,0.945778,0.915112,0.867976,spectrum_fno48_floor6_smooth1_qc_peak4_fieldloss_smooth05
run95_sparc_1314,sparc_1314,0.685922,0.691209,0.467637,0.683103,0.689061,0.467146,0.911098,0.915249,0.880312,0.902557,0.903546,0.608818,spectrum_fno48_floor6_smooth1_qc_peak4_fieldloss_smooth05
run95_sparc_1315,sparc_1315,0.667770,0.661371,0.511225,0.666431,0.656353,0.500411,0.901534,0.901072,0.826772,0.889364,0.858522,0.740605,spectrum_fno48_floor6_smooth1_qc_peak4_fieldloss_smooth05
run95_sparc_1316,sparc_1316,0.667239,0.674427,0.607693,0.626800,0.660244,0.548600,0.914074,0.910954,0.785021,0.878382,0.816534,0.568407,spectrum_fno48_floor6_smooth1_qc_peak4_fieldloss_smooth05
run95_sparc_1318,sparc_1318,0.690196,0.696013,0.485332,0.649025,0.676911,0.467088,0.898371,0.914120,0.844586,0.877226,0.810000,0.729820,spectrum_fno48_floor6_smooth1_qc_peak4_fieldloss_smooth05
run95_sparc_1319,sparc_1319,0.700014,0.702512,0.495880,0.642448,0.675018,0.486852,0.896849,0.916161,0.834727,0.892126,0.816345,0.782146,spectrum_fno48_floor6_smooth1_qc_peak4_fieldloss_smooth05
run95_sparc_1350,sparc_1350,0.677029,0.671364,0.448410,0.670935,0.669996,0.447840,0.917345,0.920879,0.890302,0.894209,0.892528,0.642631,spectrum_fno48_floor6_smooth1_qc_peak4_fieldloss_smooth05
run95_sparc_1364,sparc_1364,0.815353,0.758558,0.801703,0.715995,0.700536,0.736661,0.908900,0.907264,0.786765,0.936363,0.905645,0.822361,spectrum_fno48_floor6_smooth1_qc_peak4
run95_sparc_1403,sparc_1403,0.551899,0.582021,0.359250,0.527266,0.562663,0.343195,0.944918,0.952288,0.932353,0.932565,0.884643,0.727469,spectrum_fno48_floor6_smooth1_qc_peak4_fieldloss_smooth05
run95_sparc_1409,sparc_1409,1.299452,1.103068,1.159984,0.932343,0.936561,0.907307,0.729856,0.682465,0.658120,0.949087,0.903856,0.867318,spectrum_fno48_floor6_smooth1_qc_peak4
run95_sparc_1415,sparc_1415,0.729111,0.690343,0.575103,0.717393,0.690037,0.562626,0.901641,0.910569,0.795308,0.918515,0.843501,0.658966,spectrum_fno48_floor6_smooth1_qc_peak4_fieldloss_smooth05
run95_sparc_1416,sparc_1416,0.674560,0.668728,0.516269,0.674525,0.668705,0.513597,0.913029,0.920337,0.829723,0.912653,0.748539,0.675722,spectrum_fno48_floor6_smooth1_qc_peak4_fieldloss_smooth05
run95_sparc_1423,sparc_1423,0.753921,0.741456,0.784308,0.751509,0.733443,0.774234,0.886793,0.875592,0.775772,0.958833,0.929093,0.821684,spectrum_fno48_floor6_smooth1_qc_peak4
run95_sparc_1430,sparc_1430,1.016123,1.012652,1.051883,0.908029,0.879454,0.921619,0.842489,0.894863,0.820801,0.991398,0.987226,0.953317,spectrum_fno48_floor6_smooth1_qc_peak4
run95_sparc_1502,sparc_1502,0.637570,0.747860,0.357911,0.635068,0.745439,0.336726,0.937637,0.946419,0.931119,0.944158,0.956677,0.668804,spectrum_fno48_floor6_smooth1_qc_peak4_fieldloss_smooth05
run95_sparc_1503,sparc_1503,0.539199,0.589210,0.411787,0.538832,0.557089,0.409735,0.940303,0.945229,0.902458,0.922003,0.912509,0.699208,spectrum_fno48_floor6_smooth1_qc_peak4_fieldloss_smooth05
run95_sparc_1505,sparc_1505,0.573819,0.689605,0.462910,0.570017,0.593497,0.442501,0.940655,0.941463,0.874698,0.909974,0.871435,0.555013,spectrum_fno48_floor6_smooth1_qc_peak4_fieldloss_smooth05
run95_sparc_1509,sparc_1509,1.503006,1.257975,1.040439,0.942539,0.948773,0.923798,0.695752,0.654433,0.583577,0.952864,0.917984,0.877550,spectrum_fno48_floor6_smooth1_qc_peak4_fieldloss_smooth05
run95_sparc_1510,sparc_1510,0.676217,0.683050,0.491027,0.667726,0.678984,0.469409,0.930242,0.927003,0.858153,0.913994,0.757702,0.815891,spectrum_fno48_floor6_smooth1_qc_peak4_fieldloss_smooth05
run95_sparc_1514,sparc_1514,0.767700,0.693753,0.619566,0.721001,0.689028,0.617484,0.906862,0.909707,0.804753,0.935101,0.884284,0.710556,spectrum_fno48_floor6_smooth1_qc_peak4_fieldloss_smooth05
run95_sparc_1515,sparc_1515,0.767269,0.721967,0.561817,0.657591,0.667895,0.553466,0.905879,0.909510,0.808997,0.889997,0.864761,0.710914,spectrum_fno48_floor6_smooth1_qc_peak4_fieldloss_smooth05
run95_sparc_1518,sparc_1518,0.627711,0.691416,0.557077,0.613496,0.678351,0.498041,0.907670,0.905162,0.800090,0.913983,0.760002,0.686168,spectrum_fno48_floor6_smooth1_qc_peak4_fieldloss_smooth05
run95_sparc_1523,sparc_1523,1.642303,1.418191,1.413484,0.959344,0.961198,0.960061,0.823273,0.813775,0.673045,0.872791,0.820915,0.678384,spectrum_fno48_floor6_smooth1_qc_peak4_fieldloss_smooth05
run96_sparc_1307,sparc_1307,1.235958,1.405810,1.343709,0.755733,0.811332,0.728942,0.906271,0.893994,0.793759,0.953310,0.935782,0.828768,spectrum_fno48_floor6_smooth1_qc_peak4_fieldloss
run96_sparc_1315,sparc_1315,0.497182,0.584420,0.316900,0.483138,0.543265,0.305024,0.922543,0.925810,0.851994,0.946467,0.711078,0.678934,spectrum_fno48_floor6_smooth1_qc_peak4_fieldloss_smooth05
run96_sparc_1317,sparc_1317,0.464166,0.560548,0.294170,0.460370,0.542054,0.284430,0.926353,0.929195,0.861639,0.946668,0.830012,0.640584,spectrum_fno48_floor6_smooth1_qc_peak4_fieldloss_smooth05
run96_sparc_1349,sparc_1349,0.452661,0.554248,0.324881,0.447588,0.551757,0.282683,0.894835,0.902523,0.774669,0.914347,0.818916,0.595116,spectrum_fno48_floor6_smooth1_qc_peak4_fieldloss_smooth05
run96_sparc_1353,sparc_1353,0.447709,0.572877,0.278358,0.434750,0.548237,0.276568,0.908975,0.911384,0.787542,0.884652,0.867125,0.703570,spectrum_fno48_floor6_smooth1_qc_peak4_fieldloss_smooth05
run96_sparc_1357,sparc_1357,0.476945,0.588321,0.297769,0.473304,0.577883,0.289807,0.922714,0.910161,0.805193,0.871589,0.783262,0.626078,spectrum_fno48_floor6_smooth1_qc_peak4_fieldloss_smooth05
run96_sparc_1363,sparc_1363,0.432272,0.566251,0.285286,0.431753,0.545091,0.281939,0.911189,0.910277,0.804261,0.929381,0.869339,0.623370,spectrum_fno48_floor6_smooth1_qc_peak4_fieldloss_smooth05
run96_sparc_1364,sparc_1364,0.465745,0.619533,0.335968,0.465234,0.607333,0.335861,0.904713,0.896352,0.775565,0.882398,0.894116,0.569334,spectrum_fno48_floor6_smooth1_qc_peak4_fieldloss_smooth05
run96_sparc_1403,sparc_1403,0.570804,0.824845,0.417263,0.510958,0.676263,0.384719,0.919616,0.914348,0.851464,0.852570,0.933385,0.709080,spectrum_fno48_floor6_smooth1_qc_peak4_fieldloss_smooth05
run96_sparc_1411,sparc_1411,0.483430,0.531221,0.312644,0.476442,0.510854,0.294768,0.923983,0.927862,0.815032,0.930262,0.844594,0.745401,spectrum_fno48_floor6_smooth1_qc_peak4_fieldloss_smooth05
run96_sparc_1413,sparc_1413,0.488034,0.547558,0.316455,0.487995,0.543690,0.302941,0.936089,0.935751,0.889944,0.954431,0.590650,0.621606,spectrum_fno48_floor6_smooth1_qc_peak4_fieldloss_smooth05
run96_sparc_1440,sparc_1440,0.754683,0.955732,0.284724,0.592780,0.738231,0.279892,0.857767,0.867191,0.885984,0.935518,0.715122,0.766659,spectrum_fno48_floor6_smooth1_qc_peak4_fieldloss_smooth05
run96_sparc_1516,sparc_1516,0.528449,0.577181,0.333354,0.505427,0.547342,0.333225,0.929762,0.929941,0.837989,0.916128,0.568131,0.574790,spectrum_fno48_floor6_smooth1_qc_peak4_fieldloss_smooth05
run96_sparc_1518,sparc_1518,0.493640,0.575954,0.285071,0.474132,0.548864,0.285010,0.921086,0.919808,0.818382,0.918576,0.819546,0.690702,spectrum_fno48_floor6_smooth1_qc_peak4_fieldloss_smooth05
run96_sparc_1524,sparc_1524,0.730907,0.729781,0.789119,0.700924,0.698068,0.748029,0.890241,0.882451,0.757252,0.829016,0.803990,0.500505,spectrum_fno48_floor6_smooth1_qc_peak4
run96_sparc_1593,sparc_1593,0.491328,0.687229,0.374379,0.490735,0.666147,0.362216,0.916480,0.916982,0.853499,0.931105,0.945133,0.750191,spectrum_fno48_floor6_smooth1_qc_peak4_fieldloss_smooth05
run97_sparc_1302,sparc_1302,0.549472,0.594274,0.512766,0.544168,0.594188,0.488690,0.933092,0.940187,0.877351,0.915609,0.879270,0.790914,spectrum_fno48_floor6_smooth1_qc_peak4_fieldloss_smooth05
run97_sparc_1303,sparc_1303,0.557092,0.563635,0.471751,0.556586,0.556444,0.469867,0.932641,0.928557,0.852327,0.902068,0.922651,0.769417,spectrum_fno48_floor6_smooth1_qc_peak4_fieldloss_smooth05
run97_sparc_1304,sparc_1304,0.563889,0.641677,0.440074,0.561030,0.595542,0.437092,0.933650,0.937114,0.865854,0.916523,0.937602,0.654077,spectrum_fno48_floor6_smooth1_qc_peak4_fieldloss_smooth05
run97_sparc_1315,sparc_1315,0.640161,0.791315,0.423541,0.600605,0.713487,0.419078,0.925531,0.911833,0.845248,0.935479,0.638102,0.508437,spectrum_fno48_floor6_smooth1_qc_peak4_fieldloss_smooth05
run97_sparc_1317,sparc_1317,0.568116,0.652963,0.352309,0.567370,0.652932,0.352157,0.916506,0.926290,0.860715,0.908726,0.818391,0.765280,spectrum_fno48_floor6_smooth1_qc_peak4_fieldloss_smooth05
run97_sparc_1355,sparc_1355,0.710434,0.812084,0.627246,0.652359,0.706953,0.559766,0.915209,0.917469,0.796699,0.936131,0.874083,0.676118,spectrum_fno48_floor6_smooth1_qc_peak4_fieldloss_smooth05
run97_sparc_1359,sparc_1359,0.590480,0.676888,0.427868,0.584167,0.661985,0.427571,0.916806,0.918650,0.832200,0.958544,0.834296,0.747649,spectrum_fno48_floor6_smooth1_qc_peak4_fieldloss_smooth05
run97_sparc_1403,sparc_1403,0.585028,0.610336,0.557722,0.573416,0.597034,0.550766,0.921385,0.923895,0.842115,0.924013,0.941447,0.875599,spectrum_fno48_floor6_smooth1_qc_peak4_fieldloss_smooth05
run97_sparc_1405,sparc_1405,0.657597,0.658637,0.588611,0.654177,0.655474,0.588295,0.915740,0.922825,0.845994,0.952865,0.900445,0.737858,spectrum_fno48_floor6_smooth1_qc_peak4_fieldloss_smooth05
run97_sparc_1411,sparc_1411,0.568614,1.040916,0.198639,0.561989,0.991056,0.182779,0.817436,0.842438,0.766105,0.721574,0.255126,0.535865,spectrum_fno48_floor6_smooth1_qc_peak4_fieldloss_smooth05
run97_sparc_1419,sparc_1419,0.643303,0.865259,0.631390,0.625562,0.815357,0.617154,0.896831,0.892268,0.766428,0.878134,0.906231,0.598634,spectrum_fno48_floor6_smooth1_qc_peak4_fieldloss_smooth05
run97_sparc_1440,sparc_1440,0.536926,0.578034,0.390178,0.535874,0.568885,0.369219,0.940659,0.941818,0.914946,0.934020,0.674532,0.578975,spectrum_fno48_floor6_smooth1_qc_peak4_fieldloss_smooth05
run97_sparc_1501,sparc_1501,0.872316,0.957560,0.763093,0.720085,0.790718,0.588514,0.906816,0.916445,0.888095,0.974078,0.983557,0.911338,spectrum_fno48_floor6_smooth1_qc_peak4_fieldloss_smooth05
run97_sparc_1504,sparc_1504,0.726208,0.689143,0.622711,0.713828,0.658493,0.622137,0.911107,0.915462,0.839304,0.972531,0.938216,0.812316,spectrum_fno48_floor6_smooth1_qc_peak4_fieldloss_smooth05
run97_sparc_1516,sparc_1516,0.717149,0.924893,0.445415,0.716207,0.882185,0.439271,0.915290,0.893015,0.819303,0.851352,0.796508,0.667183,spectrum_fno48_floor6_smooth1_qc_peak4_fieldloss_smooth05
run97_sparc_1517,sparc_1517,0.542381,0.766164,0.404353,0.542251,0.763496,0.403973,0.919568,0.901939,0.815968,0.929693,0.758077,0.663807,spectrum_fno48_floor6_smooth1_qc_peak4_fieldloss_smooth05
run97_sparc_1518,sparc_1518,0.531887,0.805029,0.373941,0.530229,0.772277,0.364465,0.917454,0.905565,0.810695,0.906818,0.844644,0.662821,spectrum_fno48_floor6_smooth1_qc_peak4_fieldloss_smooth05
run97_sparc_1524,sparc_1524,0.883411,0.987867,0.780316,0.853039,0.899482,0.773766,0.760490,0.781808,0.662133,0.837768,0.821100,0.661267,spectrum_fno48_floor6_smooth1_qc_peak4_fieldloss_smooth05
run98_sparc_1302,sparc_1302,0.670326,1.053521,0.320152,0.632744,0.790571,0.311715,0.905863,0.914562,0.848516,0.823911,0.725129,0.727902,spectrum_fno48_floor6_smooth1_qc_peak4_fieldloss_smooth05
run98_sparc_1306,sparc_1306,1.090563,1.308480,0.977112,0.785876,0.896867,0.633516,0.894396,0.876594,0.738582,0.910525,0.900602,0.680769,spectrum_fno48_floor6_smooth1_qc_peak4_fieldloss_smooth05
run98_sparc_1309,sparc_1309,0.642129,0.758955,0.338755,0.599007,0.663965,0.337018,0.885880,0.885546,0.785284,0.900487,0.781449,0.706608,spectrum_fno48_floor6_smooth1_qc_peak4_fieldloss_smooth05
run98_sparc_1315,sparc_1315,0.696551,0.649315,0.359505,0.658557,0.627206,0.346414,0.907417,0.903214,0.772504,0.900472,0.634401,0.646199,spectrum_fno48_floor6_smooth1_qc_peak4_fieldloss_smooth05
run98_sparc_1319,sparc_1319,0.617430,0.905322,0.335432,0.591254,0.752427,0.335084,0.903441,0.904957,0.809115,0.893019,0.712292,0.658258,spectrum_fno48_floor6_smooth1_qc_peak4_fieldloss_smooth05
run98_sparc_1357,sparc_1357,0.698556,0.675465,0.291225,0.600285,0.621020,0.274497,0.910838,0.908235,0.794849,0.861611,0.579530,0.685367,spectrum_fno48_floor6_smooth1_qc_peak4_fieldloss_smooth05
run98_sparc_1358,sparc_1358,0.499687,0.660107,0.291930,0.498837,0.632860,0.291500,0.890123,0.891791,0.800350,0.936988,0.499654,0.612611,spectrum_fno48_floor6_smooth1_qc_peak4_fieldloss_smooth05
run98_sparc_1359,sparc_1359,0.499451,0.684570,0.283043,0.498730,0.635107,0.277929,0.896389,0.896042,0.803017,0.918371,0.717483,0.661547,spectrum_fno48_floor6_smooth1_qc_peak4_fieldloss_smooth05
run98_sparc_1365,sparc_1365,0.502677,0.727201,0.338106,0.502676,0.689298,0.338012,0.883607,0.894847,0.784225,0.925630,0.697362,0.745044,spectrum_fno48_floor6_smooth1_qc_peak4_fieldloss_smooth05
run98_sparc_1408,sparc_1408,0.642188,0.979881,0.329443,0.598890,0.723607,0.319712,0.901985,0.910482,0.818867,0.932392,0.887738,0.691960,spectrum_fno48_floor6_smooth1_qc_peak4_fieldloss_smooth05
run98_sparc_1409,sparc_1409,0.572373,0.624962,0.297400,0.570131,0.622576,0.292016,0.899134,0.896412,0.780600,0.948415,0.803775,0.719159,spectrum_fno48_floor6_smooth1_qc_peak4_fieldloss_smooth05
run98_sparc_1425,sparc_1425,0.759528,0.916678,0.430977,0.636061,0.693720,0.395816,0.940979,0.941635,0.887886,0.836697,0.701508,0.532372,spectrum_fno48_floor6_smooth1_qc_peak4_fieldloss_smooth05
run98_sparc_1427,sparc_1427,1.073368,0.950829,0.422205,0.684490,0.667282,0.315233,0.942966,0.945376,0.897780,0.856367,0.727122,0.600405,spectrum_fno48_floor6_smooth1_qc_peak4_fieldloss_smooth05
run98_sparc_1501,sparc_1501,0.575923,0.742308,0.493243,0.575035,0.712415,0.492816,0.923001,0.913799,0.876856,0.914360,0.864356,0.845263,spectrum_fno48_floor6_smooth1_qc_peak4_fieldloss_smooth05
run98_sparc_1503,sparc_1503,0.835015,0.954515,0.350428,0.696593,0.730117,0.287057,0.926726,0.932896,0.872696,0.877703,0.836451,0.426305,spectrum_fno48_floor6_smooth1_qc_peak4_fieldloss_smooth05
run98_sparc_1504,sparc_1504,0.822263,1.247991,0.322846,0.666455,0.832016,0.287222,0.929117,0.931117,0.861796,0.937313,0.868831,0.600671,spectrum_fno48_floor6_smooth1_qc_peak4_fieldloss_smooth05
run98_sparc_1505,sparc_1505,0.749114,1.155360,0.241743,0.669870,0.824854,0.233476,0.919914,0.923032,0.861351,0.912626,0.833880,0.645331,spectrum_fno48_floor6_smooth1_qc_peak4_fieldloss_smooth05
run98_sparc_1509,sparc_1509,0.684595,0.691374,0.343973,0.582392,0.631396,0.288952,0.899791,0.907213,0.792821,0.912145,0.760219,0.726332,spectrum_fno48_floor6_smooth1_qc_peak4_fieldloss_smooth05
run98_sparc_1511,sparc_1511,0.605653,0.627632,0.226874,0.587570,0.610250,0.226749,0.925318,0.931034,0.897002,0.870467,0.717085,0.614690,spectrum_fno48_floor6_smooth1_qc_peak4_fieldloss_smooth05
run98_sparc_1513,sparc_1513,0.639489,0.590203,0.241022,0.596724,0.590185,0.235210,0.927303,0.929138,0.848117,0.906816,0.660028,0.720477,spectrum_fno48_floor6_smooth1_qc_peak4_fieldloss_smooth05
run98_sparc_1521,sparc_1521,0.674005,0.729049,0.289176,0.611019,0.684840,0.264093,0.899994,0.887760,0.778855,0.855067,0.690832,0.738861,spectrum_fno48_floor6_smooth1_qc_peak4_fieldloss_smooth05
run98_sparc_1525,sparc_1525,0.674231,1.015920,0.228944,0.610173,0.745032,0.202563,0.938320,0.939340,0.876551,0.857983,0.738469,0.613913,spectrum_fno48_floor6_smooth1_qc_peak4_fieldloss_smooth05
run99_sparc_1300,sparc_1300,1.164390,1.074724,1.291195,0.964111,0.987615,0.944315,0.985836,0.991710,0.989348,0.978691,0.699770,0.969397,spectrum_fno48_floor6_smooth1_qc_peak4
run99_sparc_1308,sparc_1308,1.443044,1.479528,1.340582,0.955251,0.942389,0.822349,0.471732,0.411981,0.655146,0.978773,0.979865,0.854691,spectrum_fno48_floor6_smooth1_qc_peak4_fieldloss_smooth05
run99_sparc_1314,sparc_1314,1.170011,1.120721,1.028634,0.955542,0.952026,0.936937,0.895304,0.914654,0.872913,0.979259,0.935003,0.699577,spectrum_fno48_floor6_smooth1_qc_peak4_fieldloss_smooth05
run99_sparc_1351,sparc_1351,1.396208,1.479223,1.256397,0.912127,0.907711,0.917476,0.898367,0.906629,0.832761,0.968387,0.976258,0.875495,spectrum_fno48_floor6_smooth1_qc_peak4_fieldloss_smooth05
run99_sparc_1357,sparc_1357,1.176118,1.090956,1.139050,0.885753,0.922102,0.926968,0.876655,0.892203,0.795320,0.920832,0.916940,0.637601,spectrum_fno48_floor6_smooth1_qc_peak4
run99_sparc_1365,sparc_1365,1.575773,1.850380,1.747464,0.960748,0.962140,0.955293,0.876773,0.876997,0.779278,0.965488,0.955946,0.792602,spectrum_fno48_floor6_smooth1_qc_peak4_fieldloss
run99_sparc_1406,sparc_1406,0.879339,1.099230,0.833611,0.800546,0.845266,0.736431,0.915650,0.916784,0.850047,0.954049,0.967578,0.807597,spectrum_fno48_floor6_smooth1_qc_peak4_fieldloss_smooth05
run99_sparc_1407,sparc_1407,0.799435,0.823248,0.557753,0.777567,0.770243,0.551075,0.919508,0.925132,0.861847,0.978000,0.974461,0.856450,spectrum_fno48_floor6_smooth1_qc_peak4_fieldloss_smooth05
run99_sparc_1412,sparc_1412,1.583083,1.536226,1.528514,0.961039,0.959814,0.955111,0.878610,0.885613,0.786637,0.978895,0.979011,0.877746,spectrum_fno48_floor6_smooth1_qc_peak4_fieldloss_smooth05
run99_sparc_1413,sparc_1413,1.342188,1.284308,1.291853,0.964785,0.963780,0.958496,0.882719,0.890596,0.795484,0.980399,0.980937,0.900533,spectrum_fno48_floor6_smooth1_qc_peak4
run99_sparc_1423,sparc_1423,0.993914,1.002832,0.860176,0.786928,0.821866,0.778984,0.678387,0.887885,0.821095,0.926420,0.950799,0.770928,spectrum_fno48_floor6_smooth1_qc_peak4_fieldloss_smooth05
run99_sparc_1429,sparc_1429,1.006009,0.930359,1.039014,0.904232,0.874922,0.912291,0.853741,0.891907,0.821989,0.984378,0.980859,0.936137,spectrum_fno48_floor6_smooth1_qc_peak4
run99_sparc_1430,sparc_1430,1.071039,0.933494,1.042174,0.886792,0.902790,0.917739,0.836478,0.789737,0.767090,0.990513,0.991974,0.978733,spectrum_fno48_floor6_smooth1_qc_peak4
run99_sparc_1506,sparc_1506,0.857945,0.793535,0.773456,0.840029,0.779064,0.760795,0.896654,0.930269,0.861085,0.979593,0.972767,0.878108,spectrum_fno48_floor6_smooth1_qc_peak4_fieldloss_smooth05
run99_sparc_1521,sparc_1521,1.282653,1.215981,1.141750,0.979582,0.980283,0.979754,0.850264,0.862372,0.771406,0.964591,0.945469,0.806882,spectrum_fno48_floor6_smooth1_qc_peak4_fieldloss_smooth05
run99_sparc_1525,sparc_1525,0.760301,0.787867,0.689420,0.697291,0.718763,0.688284,0.914446,0.928847,0.861689,0.949828,0.943803,0.846169,spectrum_fno48_floor6_smooth1_qc_peak4_fieldloss_smooth05
run99_sparc_1528,sparc_1528,0.968781,0.864226,0.714270,0.923161,0.827183,0.700833,0.853081,0.916142,0.885553,0.983110,0.968211,0.844164,spectrum_fno48_floor6_smooth1_qc_peak4_fieldloss_smooth05
run99_sparc_1530,sparc_1530,1.078824,0.655249,0.538533,0.996345,0.643805,0.536226,-0.241258,0.404467,0.705734,0.996031,0.995529,0.969581,spectrum_fno48_floor6_smooth1_qc_peak4_fieldloss_smooth05
run9_sparc_1305,sparc_1305,1.001903,0.773786,0.608221,0.773863,0.720301,0.480309,0.889974,0.912243,0.812130,0.900564,0.712961,0.722630,spectrum_fno48_floor6_smooth1_qc_peak4_fieldloss_smooth05
run9_sparc_1307,sparc_1307,0.644554,0.773866,0.475382,0.642148,0.738003,0.469518,0.861346,0.889842,0.796079,0.964032,0.980075,0.886274,spectrum_fno48_floor6_smooth1_qc_peak4_fieldloss_smooth05
run9_sparc_1308,sparc_1308,0.669794,0.801921,0.570660,0.648091,0.743090,0.537846,0.858860,0.856764,0.675459,0.973125,0.987183,0.935696,spectrum_fno48_floor6_smooth1_qc_peak4_fieldloss_smooth05
run9_sparc_1350,sparc_1350,0.607000,1.036153,0.391599,0.583403,0.886085,0.388721,0.917706,0.895294,0.899242,0.842135,0.892634,0.493538,spectrum_fno48_floor6_smooth1_qc_peak4_fieldloss_smooth05
run9_sparc_1351,sparc_1351,0.579922,1.071127,0.380995,0.567124,0.875579,0.374235,0.898943,0.885535,0.762365,0.849222,0.892585,0.699191,spectrum_fno48_floor6_smooth1_qc_peak4_fieldloss_smooth05
run9_sparc_1354,sparc_1354,0.593708,1.018164,0.358773,0.584795,0.887264,0.344765,0.900339,0.881980,0.755216,0.890705,0.876972,0.671983,spectrum_fno48_floor6_smooth1_qc_peak4_fieldloss_smooth05
run9_sparc_1360,sparc_1360,0.484664,0.710002,0.350021,0.484104,0.703148,0.349827,0.880727,0.871682,0.716695,0.882751,0.875686,0.642804,spectrum_fno48_floor6_smooth1_qc_peak4_fieldloss_smooth05
run9_sparc_1402,sparc_1402,0.496420,0.586077,0.317464,0.496266,0.565259,0.309363,0.929261,0.942885,0.932498,0.751947,0.811968,0.793435,spectrum_fno48_floor6_smooth1_qc_peak4_fieldloss_smooth05
run9_sparc_1406,sparc_1406,0.929515,1.094326,0.449896,0.707172,0.744430,0.393249,0.893048,0.923029,0.859941,0.934954,0.873225,0.756075,spectrum_fno48_floor6_smooth1_qc_peak4_fieldloss_smooth05
run9_sparc_1421,sparc_1421,0.570467,0.766007,0.420554,0.553063,0.753597,0.417714,0.894414,0.878551,0.712561,0.768726,0.845594,0.697365,spectrum_fno48_floor6_smooth1_qc_peak4_fieldloss_smooth05
run9_sparc_1429,sparc_1429,0.627128,0.746383,0.568440,0.626055,0.696871,0.568382,0.884084,0.870055,0.796228,0.964436,0.940434,0.821813,spectrum_fno48_floor6_smooth1_qc_peak4_fieldloss_smooth05
run9_sparc_1430,sparc_1430,0.915215,0.834877,0.543631,0.720127,0.647590,0.521344,0.372767,0.837227,0.694952,0.973240,0.951342,0.905383,spectrum_fno48_floor6_smooth1_qc_peak4_fieldloss_smooth05
run9_sparc_1441,sparc_1441,0.985143,1.162401,0.429978,0.723286,0.771378,0.401247,0.917909,0.935473,0.910903,0.822207,0.817991,0.574526,spectrum_fno48_floor6_smooth1_qc_peak4_fieldloss_smooth05
run9_sparc_1506,sparc_1506,1.132559,0.904582,0.574048,0.806365,0.733896,0.468311,0.820116,0.911450,0.822638,0.921491,0.685627,0.710933,spectrum_fno48_floor6_smooth1_qc_peak4_fieldloss_smooth05
run9_sparc_1514,sparc_1514,0.619061,0.931546,0.379414,0.610089,0.844064,0.379143,0.891369,0.891070,0.791402,0.870339,0.861273,0.592128,spectrum_fno48_floor6_smooth1_qc_peak4_fieldloss_smooth05
run9_sparc_1515,sparc_1515,0.596272,0.895406,0.375094,0.596073,0.845879,0.375093,0.893883,0.889458,0.802183,0.847954,0.851787,0.631661,spectrum_fno48_floor6_smooth1_qc_peak4_fieldloss_smooth05
run9_sparc_1526,sparc_1526,1.297159,1.335755,0.977482,0.808453,0.862340,0.615944,0.848845,0.858672,0.724784,0.908230,0.717636,0.720176,spectrum_fno48_floor6_smooth1_qc_peak4_fieldloss_smooth05
run9_sparc_1593,sparc_1593,0.534914,1.288557,0.585999,0.460887,0.764320,0.458356,0.898625,0.929916,0.902217,0.954477,0.851379,0.841519,spectrum_fno48_floor6_smooth1_qc_peak4_fieldloss
