key,family,relL2_spectrum_fno48_floor6_smooth1_qc,relL2_spectrum_fno48_floor6_smooth1_qc_peak4,relL2_spectrum_fno48_floor6_smooth1_qc_mhi100,relL2_alpha_spectrum_fno48_floor6_smooth1_qc,relL2_alpha_spectrum_fno48_floor6_smooth1_qc_peak4,relL2_alpha_spectrum_fno48_floor6_smooth1_qc_mhi100,patR2_spectrum_fno48_floor6_smooth1_qc,patR2_spectrum_fno48_floor6_smooth1_qc_peak4,patR2_spectrum_fno48_floor6_smooth1_qc_mhi100,crf_spectrum_fno48_floor6_smooth1_qc,crf_spectrum_fno48_floor6_smooth1_qc_peak4,crf_spectrum_fno48_floor6_smooth1_qc_mhi100,winner
run10_sparc_1300,sparc_1300,0.569307,0.468011,0.528773,0.530450,0.467559,0.528771,0.941582,0.980066,0.958680,0.857555,0.835203,0.768593,spectrum_fno48_floor6_smooth1_qc_peak4
run10_sparc_1302,sparc_1302,1.682217,2.010591,2.096867,0.977617,0.958201,0.979588,0.901295,0.931316,0.924858,0.532073,0.565947,0.730591,spectrum_fno48_floor6_smooth1_qc
run10_sparc_1305,sparc_1305,1.287224,1.359383,1.709827,0.841391,0.832664,0.939250,0.900974,0.913037,0.919482,0.902652,0.543004,0.928763,spectrum_fno48_floor6_smooth1_qc
run10_sparc_1306,sparc_1306,1.067485,1.060983,1.202978,0.856106,0.787666,0.932881,0.910343,0.896296,0.933042,0.794879,0.881919,0.895634,spectrum_fno48_floor6_smooth1_qc_peak4
run10_sparc_1307,sparc_1307,0.608420,0.694049,0.805229,0.592783,0.680527,0.750664,0.901070,0.907545,0.917571,0.855059,0.950186,0.976129,spectrum_fno48_floor6_smooth1_qc
run10_sparc_1319,sparc_1319,0.746394,0.789359,0.910420,0.744922,0.754848,0.841781,0.864716,0.875940,0.904614,0.488392,0.698815,0.715664,spectrum_fno48_floor6_smooth1_qc
run10_sparc_1360,sparc_1360,0.639312,0.804488,0.731057,0.638962,0.749382,0.723236,0.896328,0.891935,0.916169,0.375374,0.891672,0.759094,spectrum_fno48_floor6_smooth1_qc
run10_sparc_1361,sparc_1361,0.577859,0.816923,0.720365,0.576165,0.745036,0.714585,0.891579,0.881799,0.906697,0.518614,0.903984,0.694890,spectrum_fno48_floor6_smooth1_qc
run10_sparc_1364,sparc_1364,0.675389,0.645901,0.829270,0.665772,0.644044,0.809330,0.884402,0.887226,0.901319,0.672186,0.600333,0.784791,spectrum_fno48_floor6_smooth1_qc_peak4
run10_sparc_1407,sparc_1407,1.343063,1.323896,1.630110,0.916649,0.837334,0.946691,0.911997,0.924528,0.936744,0.774514,0.875175,0.928510,spectrum_fno48_floor6_smooth1_qc_peak4
run10_sparc_1412,sparc_1412,0.774963,0.773905,0.977732,0.773701,0.770780,0.899346,0.886866,0.889862,0.908910,0.397026,0.443581,0.671876,spectrum_fno48_floor6_smooth1_qc_peak4
run10_sparc_1420,sparc_1420,0.911429,0.858817,0.924877,0.899587,0.852000,0.914531,0.863168,0.884180,0.891423,0.873889,0.799323,0.700959,spectrum_fno48_floor6_smooth1_qc_peak4
run10_sparc_1440,sparc_1440,1.074454,1.525237,1.914341,0.839755,0.882251,0.959114,0.892824,0.864623,0.888154,0.792889,0.860264,0.868502,spectrum_fno48_floor6_smooth1_qc
run10_sparc_1441,sparc_1441,1.050761,1.452417,1.819905,0.839760,0.876183,0.957555,0.898625,0.871650,0.895540,0.788611,0.854401,0.838351,spectrum_fno48_floor6_smooth1_qc
run10_sparc_1515,sparc_1515,1.052434,0.970241,1.031088,0.992451,0.945840,0.991405,0.712954,0.815760,0.810547,0.734588,0.916321,0.923126,spectrum_fno48_floor6_smooth1_qc_peak4
run11_sparc_1308,sparc_1308,0.944638,0.912532,0.989784,0.867062,0.877834,0.923236,0.859322,0.835405,0.897641,0.784897,0.888503,0.838596,spectrum_fno48_floor6_smooth1_qc_peak4
run11_sparc_1309,sparc_1309,0.963377,1.023566,1.233220,0.788289,0.850380,0.895051,0.848804,0.882779,0.828572,0.926678,0.872677,0.963463,spectrum_fno48_floor6_smooth1_qc
run11_sparc_1310,sparc_1310,0.737573,0.905658,1.127955,0.725586,0.827202,0.856370,0.894893,0.886648,0.919985,0.723114,0.797830,0.899082,spectrum_fno48_floor6_smooth1_qc
run11_sparc_1316,sparc_1316,0.620557,0.834315,0.751956,0.606986,0.799520,0.715576,0.869844,0.876221,0.904718,0.462998,0.752481,0.314127,spectrum_fno48_floor6_smooth1_qc
run11_sparc_1349,sparc_1349,0.639692,0.845251,0.887206,0.639683,0.826833,0.827218,0.889692,0.888750,0.917166,0.482924,0.727920,0.875528,spectrum_fno48_floor6_smooth1_qc
run11_sparc_1350,sparc_1350,0.675278,1.029436,1.008917,0.675087,0.867233,0.824595,0.902134,0.893539,0.911323,0.291188,0.901279,0.736803,spectrum_fno48_floor6_smooth1_qc
run11_sparc_1361,sparc_1361,0.500324,0.583330,0.903465,0.497057,0.574852,0.796606,0.882020,0.886129,0.893046,0.214380,0.747147,0.680489,spectrum_fno48_floor6_smooth1_qc
run11_sparc_1401,sparc_1401,0.607025,0.562898,0.666641,0.606141,0.552123,0.663963,0.910033,0.909477,0.933462,0.855794,0.925076,0.780578,spectrum_fno48_floor6_smooth1_qc_peak4
run11_sparc_1407,sparc_1407,0.972008,0.868676,1.223807,0.764432,0.742678,0.881416,0.926858,0.923399,0.943956,0.705710,0.801450,0.756726,spectrum_fno48_floor6_smooth1_qc_peak4
run11_sparc_1410,sparc_1410,0.856180,1.054115,1.072806,0.782021,0.867885,0.916799,0.866460,0.893949,0.844500,0.878817,0.846851,0.883575,spectrum_fno48_floor6_smooth1_qc
run11_sparc_1413,sparc_1413,0.720726,0.984902,0.901074,0.711864,0.854648,0.868960,0.890794,0.886621,0.916466,0.709339,0.853805,0.689918,spectrum_fno48_floor6_smooth1_qc
run11_sparc_1414,sparc_1414,0.677594,0.847389,1.272150,0.677593,0.807055,0.903329,0.886311,0.881977,0.888640,0.638799,0.826176,0.905524,spectrum_fno48_floor6_smooth1_qc
run11_sparc_1421,sparc_1421,0.744979,0.755865,0.965121,0.733102,0.741396,0.835830,0.863662,0.857872,0.902311,0.862818,0.888328,0.966032,spectrum_fno48_floor6_smooth1_qc
run11_sparc_1425,sparc_1425,1.278859,1.311207,1.311096,0.936708,0.892052,0.920640,0.831859,0.735911,0.859265,0.756190,0.713322,0.788570,spectrum_fno48_floor6_smooth1_qc
run11_sparc_1427,sparc_1427,1.236566,0.954139,1.107822,0.943877,0.814251,0.904751,0.478796,0.741548,0.465015,0.965513,0.948504,0.968256,spectrum_fno48_floor6_smooth1_qc_peak4
run11_sparc_1429,sparc_1429,0.826622,0.785166,0.864819,0.811272,0.780048,0.845581,0.857017,0.860571,0.895702,0.763545,0.856216,0.860004,spectrum_fno48_floor6_smooth1_qc_peak4
run11_sparc_1503,sparc_1503,0.703826,0.948372,1.211437,0.681437,0.764955,0.881274,0.921900,0.907067,0.943180,0.759543,0.886046,0.528940,spectrum_fno48_floor6_smooth1_qc
run11_sparc_1515,sparc_1515,0.585929,0.635945,1.023098,0.583655,0.635545,0.864570,0.884363,0.879998,0.897519,0.144557,0.324720,0.815510,spectrum_fno48_floor6_smooth1_qc
run11_sparc_1519,sparc_1519,1.080184,0.779615,0.965805,0.812275,0.750890,0.833959,0.829525,0.842153,0.875304,0.965970,0.884174,0.917744,spectrum_fno48_floor6_smooth1_qc_peak4
run11_sparc_1520,sparc_1520,0.696452,0.669329,0.946722,0.676445,0.645511,0.810922,0.874914,0.885385,0.913847,0.440529,0.830988,0.890704,spectrum_fno48_floor6_smooth1_qc_peak4
run11_sparc_1521,sparc_1521,0.796317,0.851567,1.110902,0.757240,0.791243,0.897761,0.853671,0.874224,0.881832,0.512194,0.864011,0.976872,spectrum_fno48_floor6_smooth1_qc
run12_sparc_1300,sparc_1300,0.468290,0.414612,0.475988,0.434070,0.411106,0.475859,0.990987,0.991262,0.990582,0.745519,0.923728,0.882001,spectrum_fno48_floor6_smooth1_qc_peak4
run12_sparc_1301,sparc_1301,0.683288,0.627342,0.700254,0.663128,0.619993,0.689426,0.940834,0.951394,0.950915,0.978098,0.914491,0.977610,spectrum_fno48_floor6_smooth1_qc_peak4
run12_sparc_1308,sparc_1308,1.201316,1.118520,1.146241,0.791918,0.790862,0.861933,0.936823,0.929904,0.952750,0.770901,0.808322,0.730763,spectrum_fno48_floor6_smooth1_qc_peak4
run12_sparc_1313,sparc_1313,0.512824,0.656968,0.812473,0.508648,0.604727,0.724084,0.907529,0.900990,0.933680,0.639842,0.691554,0.416472,spectrum_fno48_floor6_smooth1_qc
run12_sparc_1314,sparc_1314,0.493007,0.638866,0.806270,0.491657,0.594111,0.717615,0.905584,0.901795,0.932096,0.701963,0.684592,0.474644,spectrum_fno48_floor6_smooth1_qc
run12_sparc_1316,sparc_1316,0.475306,0.599565,0.744703,0.475305,0.578918,0.709531,0.902959,0.900629,0.926259,0.699580,0.734590,0.649614,spectrum_fno48_floor6_smooth1_qc
run12_sparc_1319,sparc_1319,0.562160,0.626470,0.838736,0.561323,0.606104,0.756574,0.911119,0.908965,0.941626,0.597296,0.833698,0.648868,spectrum_fno48_floor6_smooth1_qc
run12_sparc_1350,sparc_1350,0.512817,0.656990,0.812473,0.508643,0.604740,0.724084,0.907529,0.900990,0.933681,0.639896,0.691434,0.416472,spectrum_fno48_floor6_smooth1_qc
run12_sparc_1357,sparc_1357,0.806426,0.736210,0.839621,0.677330,0.671582,0.783730,0.895417,0.874721,0.933009,0.890979,0.778645,0.783710,spectrum_fno48_floor6_smooth1_qc_peak4
run12_sparc_1360,sparc_1360,0.599303,0.601817,0.729301,0.598323,0.600816,0.725413,0.904881,0.906528,0.935201,0.655403,0.912464,0.650565,spectrum_fno48_floor6_smooth1_qc
run12_sparc_1361,sparc_1361,0.530993,0.571598,0.752961,0.529572,0.559597,0.713694,0.909013,0.908108,0.931864,0.493881,0.934345,0.766362,spectrum_fno48_floor6_smooth1_qc
run12_sparc_1362,sparc_1362,0.488812,0.566142,0.787292,0.484738,0.535859,0.702338,0.906612,0.905744,0.932008,0.520420,0.942989,0.798958,spectrum_fno48_floor6_smooth1_qc
run12_sparc_1407,sparc_1407,1.093336,0.953902,1.393608,0.813387,0.770126,0.908861,0.939889,0.937950,0.950620,0.830316,0.878982,0.849019,spectrum_fno48_floor6_smooth1_qc_peak4
run12_sparc_1408,sparc_1408,0.997863,0.975467,1.270448,0.779822,0.767374,0.889170,0.929046,0.928454,0.950544,0.750810,0.838206,0.807036,spectrum_fno48_floor6_smooth1_qc_peak4
run12_sparc_1410,sparc_1410,0.766199,0.797967,0.906112,0.736498,0.685303,0.851861,0.895703,0.896745,0.881680,0.920292,0.941173,0.871440,spectrum_fno48_floor6_smooth1_qc
run12_sparc_1414,sparc_1414,0.538645,0.606344,0.787484,0.529313,0.591727,0.753885,0.921302,0.926476,0.942454,0.586432,0.707753,0.388788,spectrum_fno48_floor6_smooth1_qc
run12_sparc_1421,sparc_1421,0.662877,0.656969,0.732804,0.647669,0.624883,0.716969,0.901944,0.903686,0.931613,0.672142,0.658392,0.641682,spectrum_fno48_floor6_smooth1_qc_peak4
run12_sparc_1428,sparc_1428,1.291248,1.032507,1.660978,0.866541,0.778691,0.965639,0.742404,0.772120,0.810512,0.810146,0.712521,0.799117,spectrum_fno48_floor6_smooth1_qc_peak4
run12_sparc_1504,sparc_1504,0.998540,0.821828,1.481276,0.813934,0.734404,0.944930,0.903833,0.881758,0.933591,0.765896,0.848255,0.851504,spectrum_fno48_floor6_smooth1_qc_peak4
run12_sparc_1507,sparc_1507,1.262111,1.096960,1.544034,0.831527,0.786806,0.928009,0.940897,0.938146,0.951315,0.740905,0.885337,0.804129,spectrum_fno48_floor6_smooth1_qc_peak4
run12_sparc_1509,sparc_1509,1.067088,0.886651,1.233290,0.755712,0.688196,0.870081,0.921829,0.921441,0.936519,0.739921,0.854860,0.799512,spectrum_fno48_floor6_smooth1_qc_peak4
run12_sparc_1516,sparc_1516,0.499771,0.575326,0.753692,0.494332,0.565945,0.721636,0.908119,0.910010,0.935015,0.463353,0.784109,0.429194,spectrum_fno48_floor6_smooth1_qc
run12_sparc_1521,sparc_1521,0.670248,0.655781,0.772466,0.657960,0.623719,0.727587,0.889178,0.894281,0.925142,0.763171,0.753958,0.731478,spectrum_fno48_floor6_smooth1_qc_peak4
run12_sparc_1522,sparc_1522,0.769743,0.639269,0.885527,0.661815,0.608194,0.758819,0.902125,0.903547,0.931035,0.875460,0.764078,0.826667,spectrum_fno48_floor6_smooth1_qc_peak4
run12_sparc_1528,sparc_1528,0.877990,0.838390,1.104219,0.792940,0.767693,0.917731,0.924840,0.930002,0.952375,0.856927,0.678775,0.775572,spectrum_fno48_floor6_smooth1_qc_peak4
run13_sparc_1304,sparc_1304,1.216958,1.099672,1.427353,0.917278,0.883996,0.945033,0.904897,0.890898,0.929199,0.892767,0.961918,0.953660,spectrum_fno48_floor6_smooth1_qc_peak4
run13_sparc_1306,sparc_1306,1.102426,1.091385,1.262097,0.931345,0.926306,0.963071,0.793486,0.769378,0.827380,0.936270,0.947713,0.912116,spectrum_fno48_floor6_smooth1_qc_peak4
run13_sparc_1313,sparc_1313,0.610068,1.140691,1.090679,0.609655,0.876075,0.829186,0.896736,0.898481,0.936193,0.222270,0.879791,0.897567,spectrum_fno48_floor6_smooth1_qc
run13_sparc_1353,sparc_1353,0.608123,0.921286,0.841645,0.605665,0.839989,0.794627,0.865617,0.884662,0.923500,0.731310,0.813465,0.730542,spectrum_fno48_floor6_smooth1_qc
run13_sparc_1365,sparc_1365,0.640612,0.815368,1.267083,0.634107,0.726499,0.887999,0.836115,0.862119,0.810396,0.822046,0.929010,0.982785,spectrum_fno48_floor6_smooth1_qc
run13_sparc_1400,sparc_1400,1.236508,1.242271,1.024561,1.000000,0.999978,0.915924,0.965352,0.969164,0.977851,0.974267,0.926281,0.851729,spectrum_fno48_floor6_smooth1_qc_mhi100
run13_sparc_1407,sparc_1407,1.215392,1.546895,1.617530,0.861782,0.890639,0.941894,0.908151,0.911549,0.940343,0.712499,0.728334,0.864474,spectrum_fno48_floor6_smooth1_qc
run13_sparc_1410,sparc_1410,0.705606,0.959493,0.876161,0.693161,0.956470,0.876045,0.916907,0.902176,0.810797,0.640754,0.252165,0.594568,spectrum_fno48_floor6_smooth1_qc
run13_sparc_1413,sparc_1413,0.643775,0.955240,0.956320,0.623410,0.951624,0.953940,0.930779,0.931415,0.954028,0.628733,0.251430,0.279924,spectrum_fno48_floor6_smooth1_qc
run13_sparc_1417,sparc_1417,0.619031,0.913535,0.802382,0.616322,0.892777,0.802077,0.932734,0.939628,0.942173,0.643728,0.242498,0.619046,spectrum_fno48_floor6_smooth1_qc
run13_sparc_1421,sparc_1421,0.673486,0.723359,0.778099,0.672397,0.707224,0.774325,0.922656,0.837510,0.906284,0.619936,0.472096,0.744428,spectrum_fno48_floor6_smooth1_qc
run13_sparc_1422,sparc_1422,0.631287,0.873685,0.825779,0.597252,0.789186,0.810641,0.892347,0.913147,0.870185,0.652921,0.190663,0.420856,spectrum_fno48_floor6_smooth1_qc
run13_sparc_1425,sparc_1425,0.911343,0.794778,0.906456,0.896812,0.782759,0.884498,0.169185,0.300505,0.251196,0.974498,0.985160,0.984591,spectrum_fno48_floor6_smooth1_qc_peak4
run13_sparc_1501,sparc_1501,0.691343,0.662122,0.781601,0.687502,0.660145,0.769725,0.885006,0.888079,0.937131,0.839609,0.925410,0.844659,spectrum_fno48_floor6_smooth1_qc_peak4
run13_sparc_1510,sparc_1510,0.674260,0.960610,0.874117,0.660012,0.958342,0.870326,0.923305,0.923864,0.802234,0.722909,0.251352,0.600633,spectrum_fno48_floor6_smooth1_qc
run13_sparc_1514,sparc_1514,0.616119,0.954035,0.898412,0.607378,0.950989,0.885573,0.923358,0.940773,0.931793,0.711658,0.251309,0.330058,spectrum_fno48_floor6_smooth1_qc
run13_sparc_1523,sparc_1523,1.027753,0.829825,1.023439,0.927658,0.798178,0.987575,0.493683,0.757151,0.106527,0.784545,0.556851,0.984679,spectrum_fno48_floor6_smooth1_qc_peak4
run13_sparc_1527,sparc_1527,0.966959,1.063572,1.319875,0.908160,0.818216,0.907749,0.872194,0.885083,0.923604,0.586959,0.844278,0.788584,spectrum_fno48_floor6_smooth1_qc
run14_sparc_1305,sparc_1305,0.654483,0.673063,0.741211,0.654386,0.665031,0.727496,0.920740,0.919688,0.950507,0.792949,0.928707,0.908301,spectrum_fno48_floor6_smooth1_qc
run14_sparc_1306,sparc_1306,0.759990,0.739499,0.852806,0.659823,0.694922,0.780086,0.887009,0.888547,0.913922,0.782550,0.802624,0.962131,spectrum_fno48_floor6_smooth1_qc_peak4
run14_sparc_1307,sparc_1307,0.778953,0.712742,0.768154,0.730163,0.684529,0.755656,0.889148,0.894272,0.915521,0.948885,0.903637,0.939302,spectrum_fno48_floor6_smooth1_qc_peak4
run14_sparc_1309,sparc_1309,1.609052,1.540902,1.787875,0.973479,0.958745,0.988112,0.842835,0.829802,0.603357,0.936019,0.929179,0.969131,spectrum_fno48_floor6_smooth1_qc_peak4
run14_sparc_1315,sparc_1315,0.827316,0.812811,0.840827,0.809571,0.812108,0.839348,0.907015,0.911267,0.931837,0.829046,0.932064,0.916395,spectrum_fno48_floor6_smooth1_qc_peak4
run14_sparc_1358,sparc_1358,0.796018,0.719543,0.750151,0.661203,0.630986,0.661583,0.875835,0.914092,0.934332,0.809547,0.757462,0.756677,spectrum_fno48_floor6_smooth1_qc_peak4
run14_sparc_1359,sparc_1359,0.804443,0.771345,0.827954,0.731862,0.700112,0.702691,0.904180,0.897056,0.939794,0.892946,0.859038,0.828110,spectrum_fno48_floor6_smooth1_qc_peak4
run14_sparc_1364,sparc_1364,0.774315,0.916679,0.829487,0.711633,0.839468,0.717901,0.886150,0.902168,0.925865,0.945209,0.913148,0.957233,spectrum_fno48_floor6_smooth1_qc
run14_sparc_1404,sparc_1404,0.711134,0.696524,0.723010,0.673949,0.649781,0.720194,0.925934,0.934194,0.944162,0.811031,0.924528,0.875761,spectrum_fno48_floor6_smooth1_qc_peak4
run14_sparc_1411,sparc_1411,0.688146,0.701943,0.724331,0.683325,0.701871,0.724165,0.911197,0.910421,0.938778,0.781885,0.869888,0.818943,spectrum_fno48_floor6_smooth1_qc
run14_sparc_1415,sparc_1415,0.825430,0.831603,0.868954,0.821283,0.829932,0.849803,0.895470,0.897672,0.922126,0.862993,0.963237,0.941092,spectrum_fno48_floor6_smooth1_qc
run14_sparc_1424,sparc_1424,0.792305,0.760440,0.830975,0.786909,0.733511,0.771211,0.876614,0.884487,0.880288,0.773740,0.872107,0.890065,spectrum_fno48_floor6_smooth1_qc_peak4
run14_sparc_1428,sparc_1428,0.702424,0.757075,0.746989,0.671837,0.685240,0.744796,0.895516,0.903294,0.891655,0.856459,0.939550,0.960788,spectrum_fno48_floor6_smooth1_qc
run14_sparc_1429,sparc_1429,0.759545,0.808231,0.777809,0.721086,0.769271,0.777804,0.937631,0.928463,0.941949,0.938789,0.969831,0.972267,spectrum_fno48_floor6_smooth1_qc
run14_sparc_1504,sparc_1504,0.722320,0.652820,0.727155,0.712417,0.650483,0.727152,0.916657,0.933409,0.950289,0.867830,0.904790,0.839091,spectrum_fno48_floor6_smooth1_qc_peak4
run14_sparc_1505,sparc_1505,0.699741,0.670977,0.735810,0.698054,0.665555,0.723305,0.915347,0.918206,0.942532,0.920429,0.955307,0.938553,spectrum_fno48_floor6_smooth1_qc_peak4
run14_sparc_1510,sparc_1510,0.809764,0.789455,0.806163,0.752007,0.761593,0.793608,0.914260,0.920231,0.940239,0.759669,0.837523,0.871757,spectrum_fno48_floor6_smooth1_qc_peak4
run14_sparc_1514,sparc_1514,0.772828,0.673521,0.777435,0.695609,0.652407,0.702262,0.911687,0.923789,0.944436,0.790703,0.844886,0.817414,spectrum_fno48_floor6_smooth1_qc_peak4
run14_sparc_1518,sparc_1518,0.636273,0.627354,0.757274,0.608922,0.615880,0.678129,0.914302,0.915857,0.940828,0.739138,0.821909,0.723741,spectrum_fno48_floor6_smooth1_qc_peak4
run14_sparc_1519,sparc_1519,1.164479,0.794984,0.965261,0.679855,0.678828,0.662557,0.858621,0.888124,0.904135,0.873630,0.966263,0.878424,spectrum_fno48_floor6_smooth1_qc_peak4
run14_sparc_1520,sparc_1520,0.987930,0.845113,0.775067,0.826489,0.767542,0.713657,0.868864,0.884698,0.916650,0.936551,0.935093,0.903401,spectrum_fno48_floor6_smooth1_qc_mhi100
run14_sparc_1522,sparc_1522,1.579622,1.398347,1.052435,0.900441,0.899808,0.836761,0.834177,0.861590,0.929969,0.966877,0.978001,0.964374,spectrum_fno48_floor6_smooth1_qc_mhi100
run14_sparc_1593,sparc_1593,0.574843,0.592924,0.668901,0.572506,0.588763,0.666518,0.951189,0.956729,0.970000,0.650108,0.819645,0.716216,spectrum_fno48_floor6_smooth1_qc
run15_sparc_1301,sparc_1301,0.739536,0.562529,0.790701,0.707000,0.561088,0.707161,0.876385,0.895480,0.927739,0.919952,0.845806,0.702918,spectrum_fno48_floor6_smooth1_qc_peak4
run15_sparc_1307,sparc_1307,1.306158,1.163701,1.126027,0.924855,0.914321,0.955586,0.809021,0.849704,0.878680,0.853422,0.924886,0.933338,spectrum_fno48_floor6_smooth1_qc_mhi100
run15_sparc_1314,sparc_1314,0.568413,0.558714,0.690371,0.538098,0.506639,0.630255,0.914736,0.919011,0.942410,0.791558,0.762461,0.627216,spectrum_fno48_floor6_smooth1_qc_peak4
run15_sparc_1317,sparc_1317,0.541920,0.535215,0.675854,0.534828,0.512491,0.636219,0.905250,0.911877,0.896740,0.734869,0.718804,0.579700,spectrum_fno48_floor6_smooth1_qc_peak4
run15_sparc_1318,sparc_1318,0.511160,0.494577,0.698001,0.511151,0.492080,0.646892,0.928217,0.928857,0.942059,0.787470,0.603492,0.654336,spectrum_fno48_floor6_smooth1_qc_peak4
run15_sparc_1349,sparc_1349,0.561827,0.609153,0.681223,0.523032,0.554345,0.634271,0.905074,0.905389,0.926105,0.522634,0.872733,0.741410,spectrum_fno48_floor6_smooth1_qc
run15_sparc_1350,sparc_1350,0.555923,0.565869,0.688634,0.528543,0.510363,0.607967,0.915557,0.919531,0.949242,0.780110,0.786623,0.627106,spectrum_fno48_floor6_smooth1_qc
run15_sparc_1351,sparc_1351,0.512682,0.556610,0.668702,0.503674,0.506175,0.604585,0.908583,0.911333,0.934833,0.760868,0.817068,0.671971,spectrum_fno48_floor6_smooth1_qc
run15_sparc_1363,sparc_1363,0.536981,0.521838,0.718071,0.531692,0.504632,0.632931,0.881560,0.890511,0.911792,0.625778,0.805812,0.756782,spectrum_fno48_floor6_smooth1_qc_peak4
run15_sparc_1408,sparc_1408,1.113929,0.903142,1.024526,0.902198,0.820025,0.873424,0.402510,0.737819,0.455896,0.990181,0.982100,0.983021,spectrum_fno48_floor6_smooth1_qc_peak4
run15_sparc_1414,sparc_1414,0.530263,0.562536,0.663094,0.530007,0.558558,0.643733,0.917214,0.912861,0.937888,0.744313,0.802152,0.679422,spectrum_fno48_floor6_smooth1_qc
run15_sparc_1418,sparc_1418,0.558276,0.521032,0.662260,0.558275,0.520143,0.639034,0.908174,0.907538,0.928004,0.483212,0.619824,0.583404,spectrum_fno48_floor6_smooth1_qc_peak4
run15_sparc_1440,sparc_1440,0.869641,0.894766,0.724616,0.809326,0.802966,0.724238,0.866111,0.866290,0.945279,0.819276,0.942139,0.795649,spectrum_fno48_floor6_smooth1_qc_mhi100
run15_sparc_1503,sparc_1503,0.871894,0.742514,0.859553,0.778030,0.742102,0.773712,0.858455,0.886294,0.901582,0.933857,0.813018,0.926000,spectrum_fno48_floor6_smooth1_qc_peak4
run15_sparc_1506,sparc_1506,1.006493,1.083373,0.743725,0.892897,0.835134,0.730611,0.595563,0.662437,0.854947,0.967930,0.973762,0.955049,spectrum_fno48_floor6_smooth1_qc_mhi100
run15_sparc_1513,sparc_1513,0.560920,0.634225,0.730243,0.530710,0.546790,0.636821,0.922712,0.925891,0.946254,0.667631,0.768329,0.623607,spectrum_fno48_floor6_smooth1_qc
run15_sparc_1526,sparc_1526,0.647501,0.599679,0.697144,0.639398,0.597177,0.693859,0.867826,0.871301,0.914105,0.871899,0.862474,0.561123,spectrum_fno48_floor6_smooth1_qc_peak4
run15_sparc_1530,sparc_1530,0.641918,0.544635,0.859844,0.562263,0.532503,0.855164,0.926324,0.899857,0.743702,0.870097,0.990654,0.988820,spectrum_fno48_floor6_smooth1_qc_peak4
run16_sparc_1304,sparc_1304,0.885174,0.744286,0.871707,0.784461,0.705739,0.817980,0.936051,0.940732,0.942354,0.709382,0.792997,0.784849,spectrum_fno48_floor6_smooth1_qc_peak4
run16_sparc_1307,sparc_1307,0.963285,0.995518,1.109197,0.719425,0.737240,0.801330,0.910005,0.920684,0.922704,0.729499,0.830009,0.848148,spectrum_fno48_floor6_smooth1_qc
run16_sparc_1309,sparc_1309,0.792304,1.463850,1.152774,0.643230,0.702551,0.741373,0.929342,0.926468,0.934146,0.589602,0.822449,0.773819,spectrum_fno48_floor6_smooth1_qc
run16_sparc_1310,sparc_1310,0.535889,0.564742,0.793635,0.535330,0.500989,0.749278,0.911777,0.929616,0.926736,0.514011,0.816240,0.646384,spectrum_fno48_floor6_smooth1_qc
run16_sparc_1311,sparc_1311,0.583635,0.485009,0.770804,0.543489,0.483474,0.746100,0.911328,0.931677,0.922994,0.705191,0.659031,0.540038,spectrum_fno48_floor6_smooth1_qc_peak4
run16_sparc_1313,sparc_1313,0.768944,1.112942,0.916309,0.583277,0.637153,0.673524,0.925498,0.914929,0.931467,0.380116,0.821496,0.318929,spectrum_fno48_floor6_smooth1_qc
run16_sparc_1318,sparc_1318,1.518454,1.408439,1.765960,0.805141,0.715571,0.936248,0.906256,0.922178,0.876146,0.553143,0.726708,0.800564,spectrum_fno48_floor6_smooth1_qc_peak4
run16_sparc_1353,sparc_1353,1.127715,1.139388,1.512348,0.659083,0.640640,0.850295,0.891453,0.887081,0.897009,0.793947,0.866588,0.831136,spectrum_fno48_floor6_smooth1_qc
run16_sparc_1359,sparc_1359,0.803448,1.165254,1.356034,0.686840,0.672862,0.805432,0.916340,0.916828,0.905351,0.666572,0.835524,0.832848,spectrum_fno48_floor6_smooth1_qc
run16_sparc_1362,sparc_1362,0.823192,0.781674,1.677124,0.684155,0.663904,0.861982,0.909221,0.911624,0.891380,0.592848,0.815864,0.804881,spectrum_fno48_floor6_smooth1_qc_peak4
run16_sparc_1364,sparc_1364,1.043392,0.968721,1.009516,0.780025,0.727087,0.870006,0.869484,0.880118,0.827145,0.795783,0.808699,0.783972,spectrum_fno48_floor6_smooth1_qc_peak4
run16_sparc_1365,sparc_1365,0.805668,1.081922,0.941788,0.717556,0.741571,0.792073,0.863169,0.885097,0.820054,0.756054,0.874866,0.939477,spectrum_fno48_floor6_smooth1_qc
run16_sparc_1401,sparc_1401,0.877121,0.808705,1.185994,0.791496,0.745450,0.937906,0.924157,0.942849,0.943298,0.685571,0.755399,0.709094,spectrum_fno48_floor6_smooth1_qc_peak4
run16_sparc_1405,sparc_1405,0.788345,0.727618,0.860098,0.776959,0.651824,0.834407,0.935784,0.947358,0.930822,0.709387,0.813535,0.844523,spectrum_fno48_floor6_smooth1_qc_peak4
run16_sparc_1406,sparc_1406,0.773640,0.816134,1.071644,0.750707,0.678668,0.831913,0.941690,0.935933,0.950644,0.698588,0.846004,0.698571,spectrum_fno48_floor6_smooth1_qc
run16_sparc_1408,sparc_1408,0.651515,0.718275,0.856445,0.596791,0.592040,0.664702,0.928196,0.924415,0.944416,0.675205,0.772979,0.434331,spectrum_fno48_floor6_smooth1_qc
run16_sparc_1410,sparc_1410,0.478886,0.520631,0.734073,0.464100,0.474283,0.670982,0.925489,0.932270,0.922932,0.776762,0.577858,0.485227,spectrum_fno48_floor6_smooth1_qc
run16_sparc_1421,sparc_1421,1.421328,1.385003,1.726659,0.747253,0.658028,0.873924,0.906872,0.921745,0.895373,0.586709,0.789501,0.718593,spectrum_fno48_floor6_smooth1_qc_peak4
run16_sparc_1424,sparc_1424,0.865940,1.036817,1.271302,0.786099,0.770884,0.907333,0.945779,0.949481,0.951059,0.633018,0.846787,0.719010,spectrum_fno48_floor6_smooth1_qc
run16_sparc_1426,sparc_1426,0.747886,1.045830,1.028680,0.725855,0.682590,0.747353,0.942101,0.944162,0.941190,0.528340,0.729866,0.657660,spectrum_fno48_floor6_smooth1_qc
run16_sparc_1427,sparc_1427,0.837891,0.824961,0.924452,0.834604,0.771733,0.796008,0.807337,0.718278,0.756117,0.515096,0.825405,0.962449,spectrum_fno48_floor6_smooth1_qc_peak4
run16_sparc_1428,sparc_1428,0.948198,1.056841,0.990354,0.776144,0.781115,0.777822,0.880819,0.844106,0.899597,0.741472,0.866638,0.839383,spectrum_fno48_floor6_smooth1_qc
run16_sparc_1429,sparc_1429,0.998798,1.259299,1.541786,0.737297,0.820227,0.906917,0.839946,0.902766,0.874154,0.870183,0.927290,0.875651,spectrum_fno48_floor6_smooth1_qc
run16_sparc_1504,sparc_1504,0.941089,0.898363,0.976111,0.755840,0.683262,0.816885,0.939844,0.945502,0.945960,0.690860,0.678768,0.778897,spectrum_fno48_floor6_smooth1_qc_peak4
run16_sparc_1512,sparc_1512,0.531985,0.567621,0.686592,0.526035,0.522927,0.686454,0.900828,0.916881,0.895857,0.759682,0.639540,0.577789,spectrum_fno48_floor6_smooth1_qc
run16_sparc_1519,sparc_1519,0.654606,0.515267,0.852750,0.583093,0.502292,0.849979,0.905602,0.929694,0.916471,0.716724,0.797148,0.803934,spectrum_fno48_floor6_smooth1_qc_peak4
run16_sparc_1524,sparc_1524,1.217473,1.129204,1.269186,0.732570,0.658774,0.870770,0.881934,0.894956,0.900412,0.806604,0.727566,0.808831,spectrum_fno48_floor6_smooth1_qc_peak4
run16_sparc_1525,sparc_1525,0.922405,0.900534,0.809528,0.768968,0.723339,0.795135,0.954001,0.952294,0.951036,0.534161,0.654297,0.507046,spectrum_fno48_floor6_smooth1_qc_mhi100
run16_sparc_1529,sparc_1529,1.117417,1.127833,0.991369,0.760755,0.773521,0.717250,0.575408,0.587025,0.750376,0.980418,0.979704,0.980649,spectrum_fno48_floor6_smooth1_qc_mhi100
run17_sparc_1356,sparc_1356,0.654386,0.655631,0.765477,0.614220,0.580127,0.681598,0.917859,0.923742,0.943741,0.534933,0.745960,0.564856,spectrum_fno48_floor6_smooth1_qc
run17_sparc_1361,sparc_1361,0.514011,0.564295,0.676278,0.486131,0.507183,0.603865,0.901578,0.899908,0.925710,0.429442,0.882664,0.774584,spectrum_fno48_floor6_smooth1_qc
run17_sparc_1365,sparc_1365,0.499784,0.552609,0.631961,0.493489,0.521641,0.596160,0.898779,0.899821,0.919821,0.704224,0.923241,0.837003,spectrum_fno48_floor6_smooth1_qc
run17_sparc_1403,sparc_1403,0.795859,0.793326,0.793648,0.753255,0.754125,0.785320,0.896300,0.915653,0.919922,0.795887,0.750723,0.675976,spectrum_fno48_floor6_smooth1_qc_peak4
run17_sparc_1412,sparc_1412,0.609014,0.650375,0.701622,0.560566,0.588399,0.655119,0.932730,0.930042,0.953775,0.698009,0.727198,0.838363,spectrum_fno48_floor6_smooth1_qc
run17_sparc_1414,sparc_1414,0.594230,0.633487,0.676051,0.558679,0.583176,0.633996,0.930639,0.931710,0.949887,0.655671,0.861021,0.765969,spectrum_fno48_floor6_smooth1_qc
run17_sparc_1418,sparc_1418,0.580528,0.565598,0.749040,0.559330,0.539125,0.651472,0.922780,0.923859,0.943515,0.697138,0.834597,0.763428,spectrum_fno48_floor6_smooth1_qc_peak4
run17_sparc_1420,sparc_1420,0.541243,0.555069,0.747683,0.519253,0.518313,0.680631,0.919689,0.919120,0.940920,0.669663,0.774755,0.738916,spectrum_fno48_floor6_smooth1_qc
run17_sparc_1428,sparc_1428,0.824115,0.781939,0.837409,0.787701,0.739996,0.790725,0.879701,0.884318,0.924444,0.928372,0.854247,0.841228,spectrum_fno48_floor6_smooth1_qc_peak4
run17_sparc_1500,sparc_1500,0.460136,0.482153,0.535936,0.400871,0.449787,0.521705,0.994126,0.993962,0.993698,0.594118,0.672224,0.616989,spectrum_fno48_floor6_smooth1_qc
run17_sparc_1501,sparc_1501,0.714725,0.777194,0.709983,0.696631,0.756056,0.660675,0.842792,0.859425,0.941799,0.961006,0.977258,0.849730,spectrum_fno48_floor6_smooth1_qc_mhi100
run17_sparc_1508,sparc_1508,1.254624,1.634607,1.613190,0.890137,0.921767,0.942680,0.844698,0.865083,0.651594,0.842415,0.856033,0.957401,spectrum_fno48_floor6_smooth1_qc
run17_sparc_1512,sparc_1512,0.672469,0.646253,0.727655,0.600890,0.575339,0.643076,0.933049,0.936496,0.958206,0.574279,0.801117,0.642227,spectrum_fno48_floor6_smooth1_qc_peak4
run18_sparc_1303,sparc_1303,0.756464,0.636086,0.887436,0.696903,0.632194,0.797117,0.921046,0.924996,0.929201,0.412291,0.652690,0.839706,spectrum_fno48_floor6_smooth1_qc_peak4
run18_sparc_1305,sparc_1305,0.860666,0.862386,1.199387,0.745877,0.778082,0.922049,0.930741,0.928815,0.942827,0.832506,0.885983,0.826127,spectrum_fno48_floor6_smooth1_qc
run18_sparc_1311,sparc_1311,0.707093,0.651359,0.855258,0.694530,0.640356,0.850621,0.927519,0.930133,0.940674,0.715316,0.733738,0.541922,spectrum_fno48_floor6_smooth1_qc_peak4
run18_sparc_1319,sparc_1319,0.764960,0.676507,0.861791,0.748585,0.672612,0.835126,0.936437,0.938962,0.950639,0.842346,0.873612,0.651536,spectrum_fno48_floor6_smooth1_qc_peak4
run18_sparc_1354,sparc_1354,0.723284,0.644069,0.900556,0.723016,0.642805,0.879585,0.926285,0.922952,0.931299,0.729899,0.833995,0.829274,spectrum_fno48_floor6_smooth1_qc_peak4
run18_sparc_1359,sparc_1359,0.737738,0.701995,0.937851,0.735386,0.698877,0.895256,0.937647,0.934542,0.946076,0.755269,0.814242,0.752644,spectrum_fno48_floor6_smooth1_qc_peak4
run18_sparc_1361,sparc_1361,0.733845,0.685024,0.931345,0.726902,0.682055,0.879705,0.933563,0.929639,0.942706,0.727079,0.794402,0.762543,spectrum_fno48_floor6_smooth1_qc_peak4
run18_sparc_1401,sparc_1401,0.762001,0.730257,0.774444,0.681415,0.646543,0.756008,0.956325,0.957755,0.965137,0.901879,0.879231,0.627534,spectrum_fno48_floor6_smooth1_qc_peak4
run18_sparc_1413,sparc_1413,0.690308,0.625366,0.786370,0.664906,0.601665,0.784095,0.938632,0.940614,0.945541,0.650682,0.755600,0.598712,spectrum_fno48_floor6_smooth1_qc_peak4
run18_sparc_1419,sparc_1419,0.699764,0.662684,0.827666,0.699055,0.660766,0.827640,0.935009,0.932260,0.937301,0.663786,0.746898,0.617345,spectrum_fno48_floor6_smooth1_qc_peak4
run18_sparc_1421,sparc_1421,0.703666,0.652909,0.806063,0.701870,0.648064,0.805556,0.941269,0.940822,0.941003,0.600289,0.761094,0.687076,spectrum_fno48_floor6_smooth1_qc_peak4
run18_sparc_1425,sparc_1425,0.714859,0.715210,0.947576,0.703004,0.692557,0.884857,0.924336,0.928747,0.934565,0.589979,0.657929,0.905591,spectrum_fno48_floor6_smooth1_qc
run18_sparc_1426,sparc_1426,0.706708,0.720347,0.959449,0.667306,0.701495,0.871442,0.923573,0.925162,0.938161,0.717098,0.806983,0.879245,spectrum_fno48_floor6_smooth1_qc
run18_sparc_1428,sparc_1428,0.888583,0.780984,1.094440,0.845530,0.777575,0.946325,0.886773,0.880872,0.914046,0.932115,0.949407,0.946958,spectrum_fno48_floor6_smooth1_qc_peak4
run18_sparc_1440,sparc_1440,0.978820,1.023299,1.209259,0.793794,0.822641,0.915732,0.930724,0.932088,0.941240,0.810964,0.899543,0.823345,spectrum_fno48_floor6_smooth1_qc
run18_sparc_1441,sparc_1441,0.971920,1.029775,1.198357,0.796006,0.822384,0.917787,0.930514,0.931974,0.941161,0.825775,0.899979,0.819614,spectrum_fno48_floor6_smooth1_qc
run18_sparc_1522,sparc_1522,0.724071,0.639817,0.809410,0.724019,0.637818,0.809048,0.926826,0.927951,0.926379,0.598842,0.699777,0.668583,spectrum_fno48_floor6_smooth1_qc_peak4
run18_sparc_1530,sparc_1530,0.851492,0.968114,1.168000,0.711857,0.737642,0.869794,0.902883,0.894953,0.812431,0.910877,0.926179,0.790779,spectrum_fno48_floor6_smooth1_qc
run19_sparc_1305,sparc_1305,1.157878,0.956653,1.391041,0.871261,0.743362,0.891702,0.897042,0.891589,0.923958,0.590773,0.659571,0.864142,spectrum_fno48_floor6_smooth1_qc_peak4
run19_sparc_1306,sparc_1306,1.664331,1.170554,1.551401,0.891143,0.905638,0.953998,0.832590,0.872170,0.883634,0.788006,0.914307,0.923843,spectrum_fno48_floor6_smooth1_qc_peak4
run19_sparc_1315,sparc_1315,0.680009,0.544769,0.749398,0.588283,0.512789,0.645941,0.926249,0.928409,0.952703,0.622672,0.665742,0.388741,spectrum_fno48_floor6_smooth1_qc_peak4
run19_sparc_1317,sparc_1317,0.627382,0.547086,0.646919,0.625348,0.546917,0.643260,0.926869,0.928350,0.953674,0.587432,0.636797,0.493797,spectrum_fno48_floor6_smooth1_qc_peak4
run19_sparc_1319,sparc_1319,0.653449,0.553245,0.684171,0.622214,0.540923,0.660568,0.922329,0.924516,0.951183,0.739153,0.761883,0.673622,spectrum_fno48_floor6_smooth1_qc_peak4
run19_sparc_1352,sparc_1352,0.707067,0.534628,0.789294,0.621546,0.516852,0.696267,0.916334,0.919911,0.943516,0.846889,0.690079,0.743625,spectrum_fno48_floor6_smooth1_qc_peak4
run19_sparc_1360,sparc_1360,0.549248,0.535155,0.719256,0.541842,0.521605,0.642761,0.913094,0.911954,0.934450,0.703119,0.887777,0.893280,spectrum_fno48_floor6_smooth1_qc_peak4
run19_sparc_1364,sparc_1364,0.707894,0.612515,0.843885,0.677849,0.603338,0.714067,0.879895,0.889718,0.913206,0.884021,0.885920,0.900557,spectrum_fno48_floor6_smooth1_qc_peak4
run19_sparc_1406,sparc_1406,1.218069,0.891070,1.551248,0.901766,0.762138,0.938994,0.909521,0.923567,0.930806,0.585863,0.591414,0.801137,spectrum_fno48_floor6_smooth1_qc_peak4
run19_sparc_1416,sparc_1416,0.569159,0.629439,0.743290,0.536338,0.560562,0.667604,0.924357,0.926319,0.943527,0.422787,0.626462,0.609251,spectrum_fno48_floor6_smooth1_qc
run19_sparc_1417,sparc_1417,0.521892,0.597696,0.728548,0.511255,0.565113,0.670841,0.920944,0.922288,0.939956,0.419419,0.723439,0.652072,spectrum_fno48_floor6_smooth1_qc
run19_sparc_1428,sparc_1428,0.819077,0.743874,0.837473,0.755515,0.706638,0.795626,0.883670,0.900915,0.908796,0.951005,0.870475,0.897988,spectrum_fno48_floor6_smooth1_qc_peak4
run19_sparc_1440,sparc_1440,1.204565,0.892386,1.489647,0.889301,0.749523,0.930715,0.915212,0.897549,0.953886,0.477162,0.694497,0.696713,spectrum_fno48_floor6_smooth1_qc_peak4
run19_sparc_1503,sparc_1503,1.538466,1.167190,1.612949,0.768455,0.786042,0.857530,0.910586,0.921151,0.880710,0.873760,0.736353,0.846550,spectrum_fno48_floor6_smooth1_qc_peak4
run19_sparc_1505,sparc_1505,0.855568,0.763050,1.058476,0.802539,0.726968,0.872144,0.848590,0.869009,0.908814,0.867340,0.908451,0.949690,spectrum_fno48_floor6_smooth1_qc_peak4
run19_sparc_1511,sparc_1511,0.616814,0.534092,0.705500,0.594377,0.532487,0.682049,0.934097,0.936148,0.958902,0.702743,0.636808,0.725745,spectrum_fno48_floor6_smooth1_qc_peak4
run19_sparc_1514,sparc_1514,0.586122,0.542292,0.767992,0.551406,0.535671,0.664501,0.929185,0.931073,0.947549,0.593757,0.571976,0.574526,spectrum_fno48_floor6_smooth1_qc_peak4
run19_sparc_1517,sparc_1517,0.525662,0.610397,0.719448,0.509320,0.558782,0.678826,0.928168,0.927178,0.949731,0.490093,0.861561,0.811400,spectrum_fno48_floor6_smooth1_qc
run19_sparc_1522,sparc_1522,0.683747,0.662247,0.815638,0.658753,0.633275,0.737878,0.926918,0.930248,0.943379,0.744563,0.833030,0.840428,spectrum_fno48_floor6_smooth1_qc_peak4
run19_sparc_1530,sparc_1530,0.505878,0.484114,0.722402,0.461810,0.466716,0.719004,0.902336,0.896457,0.809123,0.993731,0.995142,0.996103,spectrum_fno48_floor6_smooth1_qc_peak4
run1_sparc_1300,sparc_1300,0.331433,0.429005,0.344469,0.283684,0.345733,0.343241,0.996920,0.995935,0.997534,0.685093,0.574283,0.819434,spectrum_fno48_floor6_smooth1_qc
run1_sparc_1303,sparc_1303,0.591236,0.561462,0.655588,0.588480,0.561177,0.655583,0.929247,0.924064,0.947436,0.613514,0.801846,0.718108,spectrum_fno48_floor6_smooth1_qc_peak4
run1_sparc_1308,sparc_1308,1.010548,0.704324,1.144289,0.811363,0.664347,0.874569,0.678638,0.817039,0.757097,0.976225,0.959942,0.964014,spectrum_fno48_floor6_smooth1_qc_peak4
run1_sparc_1310,sparc_1310,0.653625,0.550829,0.625957,0.634474,0.546704,0.617444,0.931101,0.924383,0.957343,0.593088,0.788491,0.657222,spectrum_fno48_floor6_smooth1_qc_peak4
run1_sparc_1313,sparc_1313,0.588630,0.532411,0.659278,0.570064,0.518153,0.614265,0.933398,0.931157,0.956448,0.594954,0.816966,0.802719,spectrum_fno48_floor6_smooth1_qc_peak4
run1_sparc_1315,sparc_1315,0.616351,0.524923,0.648827,0.593750,0.517725,0.620460,0.931642,0.931381,0.953877,0.672275,0.776252,0.653831,spectrum_fno48_floor6_smooth1_qc_peak4
run1_sparc_1318,sparc_1318,0.611208,0.550603,0.703016,0.569659,0.520847,0.629840,0.940890,0.938634,0.966131,0.716761,0.846640,0.622441,spectrum_fno48_floor6_smooth1_qc_peak4
run1_sparc_1349,sparc_1349,0.607629,0.594851,0.649800,0.596924,0.579318,0.622354,0.920949,0.923415,0.950653,0.784961,0.912410,0.669100,spectrum_fno48_floor6_smooth1_qc_peak4
run1_sparc_1350,sparc_1350,0.588630,0.532411,0.659278,0.570064,0.518153,0.614265,0.933398,0.931157,0.956448,0.594954,0.816966,0.802719,spectrum_fno48_floor6_smooth1_qc_peak4
run1_sparc_1353,sparc_1353,0.645237,0.651563,0.712793,0.596906,0.597103,0.612708,0.914773,0.915832,0.948382,0.789460,0.918177,0.695736,spectrum_fno48_floor6_smooth1_qc
run1_sparc_1359,sparc_1359,0.642420,0.599155,0.689377,0.610316,0.585628,0.643881,0.914860,0.916736,0.923437,0.663699,0.840841,0.699708,spectrum_fno48_floor6_smooth1_qc_peak4
run1_sparc_1361,sparc_1361,0.629354,0.585629,0.712322,0.586354,0.566498,0.652557,0.926798,0.924209,0.940088,0.519750,0.729369,0.734371,spectrum_fno48_floor6_smooth1_qc_peak4
run1_sparc_1363,sparc_1363,0.751717,0.743822,0.671292,0.712798,0.706981,0.656719,0.917339,0.915926,0.934871,0.872001,0.907512,0.812826,spectrum_fno48_floor6_smooth1_qc_mhi100
run1_sparc_1365,sparc_1365,0.650966,0.619999,0.665329,0.628783,0.610751,0.641374,0.924896,0.927633,0.944401,0.704082,0.830460,0.643026,spectrum_fno48_floor6_smooth1_qc_peak4
run1_sparc_1400,sparc_1400,0.409859,0.426875,0.457689,0.332197,0.369284,0.413562,0.996073,0.994406,0.996606,0.590335,0.778763,0.756008,spectrum_fno48_floor6_smooth1_qc
run1_sparc_1401,sparc_1401,0.949029,1.015739,0.661771,0.878904,0.895587,0.618719,0.843672,0.824943,0.920915,0.975387,0.984653,0.725453,spectrum_fno48_floor6_smooth1_qc_mhi100
run1_sparc_1403,sparc_1403,0.589527,0.553745,0.686211,0.587890,0.551212,0.683608,0.936058,0.934070,0.962827,0.566910,0.719735,0.711237,spectrum_fno48_floor6_smooth1_qc_peak4
run1_sparc_1411,sparc_1411,0.616225,0.576298,0.642884,0.607277,0.565799,0.636455,0.924444,0.925077,0.947500,0.623514,0.895368,0.797736,spectrum_fno48_floor6_smooth1_qc_peak4
run1_sparc_1414,sparc_1414,0.649486,0.604112,0.693351,0.617019,0.590333,0.623725,0.935812,0.933878,0.958121,0.606040,0.831560,0.821744,spectrum_fno48_floor6_smooth1_qc_peak4
run1_sparc_1422,sparc_1422,0.831514,0.728913,0.727097,0.779907,0.707271,0.717513,0.912727,0.914488,0.938754,0.912567,0.872564,0.829215,spectrum_fno48_floor6_smooth1_qc_mhi100
run1_sparc_1423,sparc_1423,0.724546,0.712288,0.812092,0.705743,0.687188,0.791661,0.894843,0.884980,0.929266,0.698890,0.792584,0.836133,spectrum_fno48_floor6_smooth1_qc_peak4
run1_sparc_1507,sparc_1507,0.599155,0.559860,0.713228,0.596861,0.559492,0.713085,0.924539,0.921240,0.947060,0.811730,0.852602,0.934460,spectrum_fno48_floor6_smooth1_qc_peak4
run1_sparc_1511,sparc_1511,0.670851,0.612789,0.714272,0.642654,0.590952,0.656840,0.920938,0.918086,0.941784,0.610342,0.840838,0.774097,spectrum_fno48_floor6_smooth1_qc_peak4
run1_sparc_1519,sparc_1519,0.545208,0.539927,0.728762,0.544969,0.539919,0.660334,0.906004,0.909434,0.934152,0.850189,0.748777,0.939840,spectrum_fno48_floor6_smooth1_qc_peak4
run1_sparc_1523,sparc_1523,0.966191,0.887050,0.975686,0.840479,0.843489,0.864572,0.795290,0.767740,0.849569,0.897247,0.805686,0.911863,spectrum_fno48_floor6_smooth1_qc_peak4
run1_sparc_1524,sparc_1524,1.012714,0.987003,1.101818,0.816944,0.816901,0.837889,0.870108,0.858860,0.895600,0.912897,0.866388,0.957284,spectrum_fno48_floor6_smooth1_qc_peak4
run1_sparc_1526,sparc_1526,0.714339,0.699236,0.790600,0.703966,0.698518,0.776581,0.883501,0.868751,0.917549,0.820887,0.941031,0.802370,spectrum_fno48_floor6_smooth1_qc_peak4
run1_sparc_1527,sparc_1527,0.591948,0.574234,0.690721,0.579986,0.567404,0.688962,0.914872,0.925545,0.933047,0.628957,0.834637,0.854009,spectrum_fno48_floor6_smooth1_qc_peak4
run20_sparc_1302,sparc_1302,0.734892,0.714250,0.722135,0.695492,0.630281,0.676228,0.880245,0.910286,0.931170,0.941028,0.939536,0.931720,spectrum_fno48_floor6_smooth1_qc_peak4
run20_sparc_1304,sparc_1304,0.713449,0.713749,0.755982,0.650984,0.606011,0.677112,0.913043,0.918407,0.946635,0.783717,0.906123,0.820127,spectrum_fno48_floor6_smooth1_qc
run20_sparc_1311,sparc_1311,0.624962,0.632968,0.716860,0.622480,0.629437,0.673914,0.925044,0.926903,0.948633,0.657418,0.651940,0.672193,spectrum_fno48_floor6_smooth1_qc
run20_sparc_1315,sparc_1315,0.666611,0.638570,0.667833,0.627829,0.591797,0.635084,0.924326,0.926983,0.948403,0.721962,0.846138,0.636484,spectrum_fno48_floor6_smooth1_qc_peak4
run20_sparc_1317,sparc_1317,0.586930,0.586552,0.658211,0.566888,0.569600,0.624346,0.929338,0.931148,0.949350,0.596984,0.853381,0.576615,spectrum_fno48_floor6_smooth1_qc_peak4
run20_sparc_1319,sparc_1319,0.584276,0.600687,0.661900,0.577100,0.585150,0.631784,0.924919,0.927066,0.952130,0.694261,0.876693,0.678280,spectrum_fno48_floor6_smooth1_qc
run20_sparc_1403,sparc_1403,0.610298,0.591039,0.678468,0.610049,0.582439,0.676108,0.929806,0.931690,0.955693,0.781997,0.899892,0.752171,spectrum_fno48_floor6_smooth1_qc_peak4
run20_sparc_1405,sparc_1405,0.730011,0.614894,0.722200,0.722677,0.583493,0.696503,0.857151,0.877994,0.912878,0.880860,0.884957,0.623221,spectrum_fno48_floor6_smooth1_qc_peak4
run20_sparc_1408,sparc_1408,0.653126,0.646234,0.743416,0.652995,0.642189,0.740524,0.909818,0.910593,0.939204,0.734274,0.901981,0.887581,spectrum_fno48_floor6_smooth1_qc_peak4
run20_sparc_1411,sparc_1411,0.608372,0.617501,0.660301,0.595774,0.613791,0.650479,0.926321,0.926892,0.951115,0.529652,0.753434,0.707492,spectrum_fno48_floor6_smooth1_qc
run20_sparc_1412,sparc_1412,0.621467,0.616870,0.698952,0.607403,0.602166,0.653290,0.933455,0.929535,0.957243,0.613204,0.817145,0.714052,spectrum_fno48_floor6_smooth1_qc_peak4
run20_sparc_1419,sparc_1419,0.600844,0.639876,0.708590,0.573524,0.569001,0.645733,0.901848,0.901699,0.929849,0.811832,0.919455,0.897937,spectrum_fno48_floor6_smooth1_qc
run20_sparc_1421,sparc_1421,0.612020,0.610868,0.738840,0.595555,0.597956,0.679182,0.920953,0.918197,0.946445,0.871100,0.834371,0.855602,spectrum_fno48_floor6_smooth1_qc_peak4
run20_sparc_1502,sparc_1502,0.607765,0.587400,0.701322,0.605202,0.586090,0.686288,0.913827,0.913969,0.950237,0.810006,0.851392,0.852881,spectrum_fno48_floor6_smooth1_qc_peak4
run20_sparc_1510,sparc_1510,0.678070,0.661260,0.706049,0.639710,0.631317,0.690310,0.923626,0.926222,0.938465,0.512167,0.794291,0.824674,spectrum_fno48_floor6_smooth1_qc_peak4
run20_sparc_1520,sparc_1520,0.616307,0.585945,0.703776,0.606066,0.581875,0.687112,0.920722,0.918388,0.944512,0.899538,0.921005,0.881471,spectrum_fno48_floor6_smooth1_qc_peak4
run20_sparc_1522,sparc_1522,0.785966,0.717538,0.788226,0.731770,0.676847,0.728132,0.915380,0.919052,0.931296,0.861009,0.853729,0.859285,spectrum_fno48_floor6_smooth1_qc_peak4
run20_sparc_1523,sparc_1523,0.875197,0.767641,0.899554,0.808486,0.742929,0.834984,0.896930,0.895508,0.922681,0.890112,0.839220,0.934482,spectrum_fno48_floor6_smooth1_qc_peak4
run21_sparc_1303,sparc_1303,0.651572,0.628694,0.722033,0.638356,0.624977,0.717623,0.925795,0.933080,0.952277,0.931906,0.911501,0.901829,spectrum_fno48_floor6_smooth1_qc_peak4
run21_sparc_1306,sparc_1306,0.733715,0.699866,0.782518,0.727815,0.699853,0.780793,0.891552,0.896070,0.921786,0.941704,0.958875,0.963021,spectrum_fno48_floor6_smooth1_qc_peak4
run21_sparc_1307,sparc_1307,1.282500,1.523670,1.198230,0.819189,0.866856,0.877111,0.815992,0.678170,0.671488,0.973675,0.982361,0.988269,spectrum_fno48_floor6_smooth1_qc_mhi100
run21_sparc_1308,sparc_1308,1.260082,1.356049,1.268939,0.859217,0.874693,0.869110,0.779798,0.661814,0.621787,0.970958,0.971036,0.985933,spectrum_fno48_floor6_smooth1_qc
run21_sparc_1311,sparc_1311,0.887320,0.751556,0.733245,0.800799,0.677700,0.692316,0.881674,0.886920,0.928144,0.770788,0.660030,0.852627,spectrum_fno48_floor6_smooth1_qc_mhi100
run21_sparc_1351,sparc_1351,0.671493,0.652461,0.657611,0.646908,0.647458,0.648973,0.896968,0.896428,0.929078,0.728443,0.856142,0.889255,spectrum_fno48_floor6_smooth1_qc_peak4
run21_sparc_1353,sparc_1353,0.703378,0.665895,0.719072,0.662952,0.643532,0.666031,0.909630,0.908434,0.936953,0.919387,0.914881,0.923754,spectrum_fno48_floor6_smooth1_qc_peak4
run21_sparc_1362,sparc_1362,0.684374,0.710851,0.746282,0.616633,0.626400,0.629583,0.911455,0.909701,0.933177,0.848795,0.881884,0.865114,spectrum_fno48_floor6_smooth1_qc
run21_sparc_1403,sparc_1403,0.643781,0.632715,0.706188,0.643752,0.631960,0.699248,0.934941,0.932796,0.961145,0.901918,0.911055,0.834748,spectrum_fno48_floor6_smooth1_qc_peak4
run21_sparc_1404,sparc_1404,0.631622,0.674309,0.674325,0.610171,0.622569,0.661127,0.925972,0.928974,0.953839,0.678057,0.898420,0.857563,spectrum_fno48_floor6_smooth1_qc
run21_sparc_1406,sparc_1406,0.620888,0.590536,0.654534,0.617788,0.586056,0.651748,0.921371,0.934972,0.952288,0.807139,0.877366,0.718011,spectrum_fno48_floor6_smooth1_qc_peak4
run21_sparc_1412,sparc_1412,0.773011,0.730104,0.718339,0.691173,0.651378,0.662288,0.920118,0.918602,0.952734,0.316409,0.620719,0.571866,spectrum_fno48_floor6_smooth1_qc_mhi100
run21_sparc_1417,sparc_1417,0.678025,0.743598,0.693038,0.656027,0.714964,0.650624,0.921903,0.918397,0.952569,0.507445,0.721205,0.719874,spectrum_fno48_floor6_smooth1_qc
run21_sparc_1426,sparc_1426,0.717077,0.661754,0.706419,0.716620,0.661456,0.705369,0.903410,0.909815,0.942689,0.947423,0.955863,0.971680,spectrum_fno48_floor6_smooth1_qc_peak4
run21_sparc_1429,sparc_1429,0.736800,0.870785,0.745123,0.701157,0.749468,0.725164,0.908493,0.878841,0.907407,0.898008,0.933987,0.906121,spectrum_fno48_floor6_smooth1_qc
run21_sparc_1430,sparc_1430,0.841921,0.866140,1.130483,0.841453,0.837805,0.935946,0.841423,0.876956,0.528702,0.988492,0.983861,0.982816,spectrum_fno48_floor6_smooth1_qc
run21_sparc_1507,sparc_1507,0.754903,0.704181,0.822332,0.725792,0.687655,0.761785,0.897611,0.911246,0.937160,0.866225,0.909143,0.835318,spectrum_fno48_floor6_smooth1_qc_peak4
run21_sparc_1516,sparc_1516,0.649054,0.710961,0.703667,0.642283,0.674813,0.656499,0.916706,0.916831,0.944795,0.526271,0.711781,0.740606,spectrum_fno48_floor6_smooth1_qc
run21_sparc_1517,sparc_1517,0.707938,0.675103,0.649223,0.639232,0.660897,0.626817,0.905206,0.892758,0.932203,0.692955,0.756328,0.879373,spectrum_fno48_floor6_smooth1_qc_mhi100
run21_sparc_1524,sparc_1524,1.584257,1.541736,1.945636,0.988922,0.992489,0.963086,-0.328944,-0.123010,0.549675,0.982277,0.982654,0.980799,spectrum_fno48_floor6_smooth1_qc_peak4
run21_sparc_1526,sparc_1526,0.786657,0.694888,0.819238,0.765382,0.670337,0.786473,0.884710,0.909023,0.915635,0.947887,0.945828,0.960039,spectrum_fno48_floor6_smooth1_qc_peak4
run22_sparc_1300,sparc_1300,0.523910,0.552899,0.951489,0.521089,0.552584,0.929129,0.992911,0.991364,0.989609,0.716144,0.756765,0.514572,spectrum_fno48_floor6_smooth1_qc
run22_sparc_1305,sparc_1305,0.829989,0.720105,1.139564,0.792663,0.691397,0.858547,0.899618,0.919909,0.909762,0.611288,0.938257,0.910423,spectrum_fno48_floor6_smooth1_qc_peak4
run22_sparc_1310,sparc_1310,0.783033,0.946350,0.991089,0.783031,0.945249,0.989347,0.881920,0.838512,0.810726,0.539041,0.251419,0.251328,spectrum_fno48_floor6_smooth1_qc
run22_sparc_1319,sparc_1319,0.615078,0.893715,1.035992,0.613787,0.829023,0.839677,0.905373,0.884407,0.920426,0.204117,0.736432,0.788340,spectrum_fno48_floor6_smooth1_qc
run22_sparc_1351,sparc_1351,0.823765,0.986869,1.000771,0.821357,0.977276,0.990639,0.612093,0.468609,0.843205,0.917613,0.250863,0.359029,spectrum_fno48_floor6_smooth1_qc
run22_sparc_1354,sparc_1354,1.163639,1.166704,1.146998,0.991795,0.998258,0.997042,0.769247,0.774175,0.856663,0.920859,0.888446,0.983873,spectrum_fno48_floor6_smooth1_qc_mhi100
run22_sparc_1360,sparc_1360,0.555261,0.824817,0.994552,0.547349,0.772814,0.838578,0.895306,0.864697,0.915462,0.509314,0.940194,0.858045,spectrum_fno48_floor6_smooth1_qc
run22_sparc_1363,sparc_1363,0.688923,1.003230,1.099384,0.677250,0.867518,0.811007,0.881145,0.870352,0.886125,0.625720,0.845648,0.832598,spectrum_fno48_floor6_smooth1_qc
run22_sparc_1402,sparc_1402,0.917473,0.785939,0.872373,0.839252,0.730991,0.774419,0.846707,0.870675,0.890894,0.622320,0.851777,0.835770,spectrum_fno48_floor6_smooth1_qc_peak4
run22_sparc_1409,sparc_1409,0.679253,0.964762,0.995073,0.643537,0.964751,0.992447,0.888888,0.871701,0.850410,0.695763,0.252120,0.253036,spectrum_fno48_floor6_smooth1_qc
run22_sparc_1414,sparc_1414,0.629925,0.942209,0.990281,0.608211,0.939841,0.988931,0.914791,0.859027,0.908372,0.510791,0.250829,0.250834,spectrum_fno48_floor6_smooth1_qc
run22_sparc_1426,sparc_1426,1.691604,1.396997,1.825536,0.923884,0.881394,0.926772,0.683519,0.861194,0.900435,0.803985,0.592226,0.787638,spectrum_fno48_floor6_smooth1_qc_peak4
run22_sparc_1428,sparc_1428,1.349422,0.990967,1.168362,0.926144,0.911326,0.942068,0.439019,0.318033,0.357259,0.952634,0.908032,0.968355,spectrum_fno48_floor6_smooth1_qc_peak4
run22_sparc_1502,sparc_1502,0.936280,0.784637,0.832662,0.858079,0.731532,0.757853,0.852913,0.878160,0.895518,0.617720,0.817641,0.823845,spectrum_fno48_floor6_smooth1_qc_peak4
run22_sparc_1505,sparc_1505,0.886493,0.801941,1.204753,0.807774,0.747530,0.896419,0.898139,0.913731,0.925627,0.622484,0.867446,0.852272,spectrum_fno48_floor6_smooth1_qc_peak4
run22_sparc_1506,sparc_1506,0.930898,0.922024,1.059804,0.718297,0.721990,0.840528,0.919172,0.926885,0.938312,0.672814,0.881618,0.818208,spectrum_fno48_floor6_smooth1_qc_peak4
run22_sparc_1511,sparc_1511,0.689576,0.959793,0.993567,0.624033,0.959554,0.991797,0.939685,0.904864,0.938260,0.648184,0.250866,0.250963,spectrum_fno48_floor6_smooth1_qc
run22_sparc_1519,sparc_1519,1.511513,1.353127,0.711134,0.887290,0.899318,0.707839,0.723768,0.789491,0.821923,0.978505,0.982443,0.820561,spectrum_fno48_floor6_smooth1_qc_mhi100
run22_sparc_1521,sparc_1521,0.887212,0.804003,1.691596,0.814373,0.770930,0.922232,0.638545,0.821728,0.746119,0.973652,0.960306,0.985774,spectrum_fno48_floor6_smooth1_qc_peak4
run22_sparc_1524,sparc_1524,1.709697,1.694401,2.155637,0.921149,0.990872,0.969493,0.431114,-0.006432,0.558322,0.972409,0.982777,0.984966,spectrum_fno48_floor6_smooth1_qc_peak4
run23_sparc_1300,sparc_1300,0.564264,0.538443,0.567420,0.547779,0.521043,0.563507,0.981292,0.982185,0.981855,0.700722,0.782034,0.786863,spectrum_fno48_floor6_smooth1_qc_peak4
run23_sparc_1303,sparc_1303,0.826767,0.633340,0.852229,0.767540,0.633109,0.786090,0.926315,0.932694,0.932193,0.369943,0.738247,0.839384,spectrum_fno48_floor6_smooth1_qc_peak4
run23_sparc_1304,sparc_1304,1.283451,1.752862,1.678467,0.881958,0.925439,0.967911,0.911426,0.901657,0.923547,0.885130,0.939635,0.951496,spectrum_fno48_floor6_smooth1_qc
run23_sparc_1307,sparc_1307,0.824125,0.772135,0.940661,0.707404,0.673748,0.794636,0.921973,0.920150,0.940316,0.713118,0.772964,0.776562,spectrum_fno48_floor6_smooth1_qc_peak4
run23_sparc_1319,sparc_1319,0.802152,0.691364,0.911799,0.757184,0.674343,0.859408,0.936455,0.931886,0.946409,0.845672,0.777471,0.726359,spectrum_fno48_floor6_smooth1_qc_peak4
run23_sparc_1351,sparc_1351,0.692914,0.641434,0.874508,0.692710,0.639617,0.863059,0.930504,0.931857,0.932039,0.702911,0.805514,0.748841,spectrum_fno48_floor6_smooth1_qc_peak4
run23_sparc_1357,sparc_1357,0.732014,0.649384,0.815193,0.730380,0.649364,0.814640,0.927525,0.926472,0.942831,0.682090,0.659446,0.578141,spectrum_fno48_floor6_smooth1_qc_peak4
run23_sparc_1364,sparc_1364,0.847734,0.789229,0.962569,0.800433,0.750538,0.911231,0.913447,0.918196,0.917204,0.766054,0.774563,0.847427,spectrum_fno48_floor6_smooth1_qc_peak4
run23_sparc_1365,sparc_1365,0.725153,0.674475,0.879454,0.687147,0.651126,0.827957,0.922993,0.923049,0.927207,0.818932,0.817996,0.821641,spectrum_fno48_floor6_smooth1_qc_peak4
run23_sparc_1405,sparc_1405,0.907273,0.885315,1.173745,0.791459,0.818854,0.945836,0.931157,0.924880,0.944906,0.825293,0.848572,0.824500,spectrum_fno48_floor6_smooth1_qc_peak4
run23_sparc_1413,sparc_1413,0.685345,0.633927,0.860223,0.683514,0.626011,0.852507,0.941840,0.945402,0.950614,0.639993,0.725727,0.576659,spectrum_fno48_floor6_smooth1_qc_peak4
run23_sparc_1416,sparc_1416,0.669246,0.612941,0.832874,0.668452,0.612211,0.821363,0.932869,0.934413,0.943970,0.682103,0.731886,0.641821,spectrum_fno48_floor6_smooth1_qc_peak4
run23_sparc_1417,sparc_1417,0.704857,0.658823,0.909477,0.696523,0.653501,0.894441,0.925772,0.926884,0.933670,0.742733,0.779051,0.670067,spectrum_fno48_floor6_smooth1_qc_peak4
run23_sparc_1423,sparc_1423,0.845312,0.787505,1.037240,0.790491,0.736091,0.906656,0.920394,0.928839,0.928287,0.796086,0.692565,0.906515,spectrum_fno48_floor6_smooth1_qc_peak4
run23_sparc_1424,sparc_1424,0.838836,0.747934,1.005471,0.797206,0.733780,0.914587,0.923612,0.918621,0.934932,0.781610,0.562145,0.750164,spectrum_fno48_floor6_smooth1_qc_peak4
run23_sparc_1430,sparc_1430,1.272248,1.034958,1.208772,0.872021,0.788872,0.925681,0.558585,0.655796,0.522339,0.830577,0.899184,0.866184,spectrum_fno48_floor6_smooth1_qc_peak4
run23_sparc_1440,sparc_1440,1.101102,1.039880,1.201280,0.800936,0.817678,0.913057,0.942958,0.937346,0.958377,0.854201,0.854063,0.787488,spectrum_fno48_floor6_smooth1_qc_peak4
run23_sparc_1500,sparc_1500,0.530789,0.506334,0.601403,0.518353,0.479734,0.577567,0.984893,0.986053,0.982987,0.772784,0.756901,0.873566,spectrum_fno48_floor6_smooth1_qc_peak4
run23_sparc_1515,sparc_1515,0.688957,0.632605,0.857307,0.688447,0.631712,0.844763,0.932884,0.931557,0.936586,0.750799,0.808504,0.667935,spectrum_fno48_floor6_smooth1_qc_peak4
run23_sparc_1517,sparc_1517,0.666495,0.623221,0.832833,0.666485,0.623193,0.824217,0.929199,0.928465,0.932536,0.746338,0.778354,0.672909,spectrum_fno48_floor6_smooth1_qc_peak4
run23_sparc_1519,sparc_1519,0.679716,0.655399,0.849527,0.679544,0.654515,0.842125,0.933607,0.931871,0.941975,0.711444,0.687327,0.546808,spectrum_fno48_floor6_smooth1_qc_peak4
run23_sparc_1521,sparc_1521,0.730260,0.682243,0.907657,0.730240,0.679683,0.878876,0.936340,0.934562,0.938497,0.683420,0.754592,0.765949,spectrum_fno48_floor6_smooth1_qc_peak4
run23_sparc_1528,sparc_1528,1.090192,0.888812,1.075616,0.861517,0.751667,0.925582,0.904551,0.925257,0.940532,0.754058,0.819811,0.822862,spectrum_fno48_floor6_smooth1_qc_peak4
run23_sparc_1530,sparc_1530,0.984411,0.911320,1.125604,0.767966,0.787215,0.881919,0.878067,0.882948,0.788735,0.935443,0.924157,0.848970,spectrum_fno48_floor6_smooth1_qc_peak4
run24_sparc_1306,sparc_1306,1.409649,1.733457,1.398799,0.851460,0.928559,0.955044,0.855326,0.865690,0.856059,0.901465,0.909676,0.932781,spectrum_fno48_floor6_smooth1_qc_mhi100
run24_sparc_1307,sparc_1307,0.978215,1.045107,1.135304,0.806710,0.837543,0.887607,0.841698,0.883671,0.878806,0.964160,0.943137,0.986113,spectrum_fno48_floor6_smooth1_qc
run24_sparc_1308,sparc_1308,1.007777,1.006025,1.121522,0.797602,0.849725,0.894870,0.830786,0.853205,0.911989,0.898585,0.950191,0.986926,spectrum_fno48_floor6_smooth1_qc_peak4
run24_sparc_1314,sparc_1314,0.616668,0.674550,0.853066,0.613160,0.627604,0.724750,0.898118,0.910676,0.942330,0.261072,0.703592,0.515440,spectrum_fno48_floor6_smooth1_qc
run24_sparc_1317,sparc_1317,0.933489,0.737453,0.727194,0.776612,0.649990,0.700070,0.899559,0.915471,0.936321,0.878235,0.745517,0.678607,spectrum_fno48_floor6_smooth1_qc_mhi100
run24_sparc_1351,sparc_1351,0.585016,0.724417,0.765578,0.578405,0.630985,0.700322,0.898364,0.908329,0.934074,0.360425,0.774382,0.559247,spectrum_fno48_floor6_smooth1_qc
run24_sparc_1362,sparc_1362,0.715353,0.615546,0.698956,0.618913,0.596732,0.648072,0.885303,0.889594,0.918097,0.816411,0.832017,0.772074,spectrum_fno48_floor6_smooth1_qc_peak4
run24_sparc_1404,sparc_1404,1.954305,1.526345,1.682709,0.927710,0.884711,0.965166,0.878618,0.900577,0.941236,0.863803,0.687136,0.885724,spectrum_fno48_floor6_smooth1_qc_peak4
run24_sparc_1409,sparc_1409,0.801857,0.797510,1.027276,0.766795,0.775066,0.885322,0.869531,0.881726,0.898527,0.852863,0.826437,0.962364,spectrum_fno48_floor6_smooth1_qc_peak4
run24_sparc_1412,sparc_1412,0.606555,0.763393,0.806928,0.591441,0.636057,0.723787,0.906170,0.907933,0.931925,0.460119,0.733202,0.552586,spectrum_fno48_floor6_smooth1_qc
run24_sparc_1414,sparc_1414,0.667275,0.692948,0.751078,0.640292,0.613975,0.719546,0.905742,0.913391,0.945549,0.587569,0.748077,0.551354,spectrum_fno48_floor6_smooth1_qc
run24_sparc_1416,sparc_1416,0.714798,0.663993,0.731817,0.686632,0.631949,0.706002,0.920086,0.925643,0.946142,0.600171,0.817212,0.810276,spectrum_fno48_floor6_smooth1_qc_peak4
run24_sparc_1424,sparc_1424,1.074920,1.211239,1.327947,0.899785,0.882710,0.931441,0.719783,0.859133,0.865026,0.741054,0.708618,0.964109,spectrum_fno48_floor6_smooth1_qc
run24_sparc_1425,sparc_1425,2.082180,2.154954,2.015370,0.951170,0.951678,0.952132,0.645343,0.703869,0.688776,0.856927,0.824445,0.945229,spectrum_fno48_floor6_smooth1_qc_mhi100
run24_sparc_1426,sparc_1426,1.148899,1.092858,1.033716,0.916208,0.833415,0.913961,0.728702,0.734600,0.153832,0.971833,0.977765,0.981609,spectrum_fno48_floor6_smooth1_qc_mhi100
run24_sparc_1504,sparc_1504,1.848200,1.185172,1.563068,0.919607,0.876429,0.954689,0.870454,0.898474,0.915715,0.902427,0.790614,0.904250,spectrum_fno48_floor6_smooth1_qc_peak4
run24_sparc_1505,sparc_1505,1.755480,1.427668,1.727991,0.930779,0.898941,0.971266,0.901377,0.917420,0.944686,0.903280,0.741421,0.867923,spectrum_fno48_floor6_smooth1_qc_peak4
run24_sparc_1509,sparc_1509,0.757536,0.718846,0.918413,0.681059,0.684120,0.837492,0.892633,0.902761,0.916865,0.874329,0.841080,0.952866,spectrum_fno48_floor6_smooth1_qc_peak4
run24_sparc_1512,sparc_1512,0.730304,0.709818,0.841530,0.643513,0.639800,0.752889,0.914005,0.919348,0.947190,0.822422,0.777836,0.802061,spectrum_fno48_floor6_smooth1_qc_peak4
run24_sparc_1513,sparc_1513,0.702085,0.654721,0.724153,0.659465,0.611386,0.692354,0.915640,0.922071,0.941669,0.752198,0.597122,0.451755,spectrum_fno48_floor6_smooth1_qc_peak4
run24_sparc_1523,sparc_1523,0.822562,0.810686,1.055471,0.741087,0.721371,0.859108,0.895722,0.901540,0.931186,0.688319,0.790157,0.930226,spectrum_fno48_floor6_smooth1_qc_peak4
run25_sparc_1302,sparc_1302,0.993840,0.801645,1.000990,0.801878,0.692728,0.886820,0.906828,0.900961,0.942919,0.864390,0.807732,0.528878,spectrum_fno48_floor6_smooth1_qc_peak4
run25_sparc_1307,sparc_1307,1.140550,1.126500,1.090386,0.747537,0.727494,0.819241,0.940573,0.938616,0.949663,0.849606,0.922469,0.877724,spectrum_fno48_floor6_smooth1_qc_mhi100
run25_sparc_1316,sparc_1316,0.530977,0.616167,0.775320,0.529353,0.605519,0.704618,0.866831,0.869660,0.904299,0.876902,0.717934,0.753876,spectrum_fno48_floor6_smooth1_qc
run25_sparc_1349,sparc_1349,0.482602,0.595289,0.780586,0.481937,0.574019,0.709200,0.900774,0.899458,0.923775,0.496078,0.923691,0.797174,spectrum_fno48_floor6_smooth1_qc
run25_sparc_1350,sparc_1350,0.486816,0.584993,0.726497,0.486728,0.559797,0.679481,0.921207,0.910580,0.946411,0.824486,0.609140,0.483297,spectrum_fno48_floor6_smooth1_qc
run25_sparc_1351,sparc_1351,0.528991,0.598255,0.710099,0.528539,0.583903,0.688263,0.908296,0.909322,0.930678,0.857962,0.768930,0.599392,spectrum_fno48_floor6_smooth1_qc
run25_sparc_1356,sparc_1356,0.670037,0.678466,0.796622,0.653852,0.662542,0.743071,0.898723,0.894800,0.923431,0.809500,0.823494,0.605880,spectrum_fno48_floor6_smooth1_qc
run25_sparc_1358,sparc_1358,0.547303,0.580822,0.691940,0.538790,0.568339,0.672019,0.891246,0.898395,0.917393,0.637532,0.908934,0.645563,spectrum_fno48_floor6_smooth1_qc
run25_sparc_1359,sparc_1359,0.569877,0.601712,0.771523,0.560124,0.588329,0.714007,0.911299,0.909392,0.933426,0.517152,0.921153,0.782657,spectrum_fno48_floor6_smooth1_qc
run25_sparc_1360,sparc_1360,0.603765,0.605342,0.766808,0.575269,0.590807,0.714983,0.902740,0.899443,0.925975,0.684040,0.932974,0.813013,spectrum_fno48_floor6_smooth1_qc
run25_sparc_1365,sparc_1365,0.523080,0.579449,0.686855,0.518950,0.571300,0.681655,0.904583,0.906290,0.929337,0.321946,0.905469,0.696090,spectrum_fno48_floor6_smooth1_qc
run25_sparc_1400,sparc_1400,0.572009,0.518761,0.604121,0.564203,0.514390,0.580152,0.991582,0.992453,0.992614,0.845671,0.759165,0.749184,spectrum_fno48_floor6_smooth1_qc_peak4
run25_sparc_1411,sparc_1411,0.627051,0.702048,0.815927,0.598893,0.632737,0.777392,0.906590,0.909285,0.934212,0.515986,0.740889,0.471810,spectrum_fno48_floor6_smooth1_qc
run25_sparc_1413,sparc_1413,0.524938,0.598862,0.763105,0.518925,0.574294,0.727809,0.921645,0.922224,0.943624,0.755512,0.727371,0.293177,spectrum_fno48_floor6_smooth1_qc
run25_sparc_1418,sparc_1418,0.554404,0.596669,0.719408,0.549575,0.590313,0.706415,0.902018,0.905714,0.927328,0.608664,0.930491,0.756573,spectrum_fno48_floor6_smooth1_qc
run25_sparc_1421,sparc_1421,0.693871,0.685987,0.752609,0.672640,0.654664,0.731613,0.879307,0.881798,0.903494,0.639184,0.769935,0.691612,spectrum_fno48_floor6_smooth1_qc_peak4
run25_sparc_1423,sparc_1423,1.349495,1.226585,1.255893,0.838798,0.803280,0.943922,0.950204,0.945806,0.954684,0.764637,0.789214,0.613921,spectrum_fno48_floor6_smooth1_qc_peak4
run25_sparc_1428,sparc_1428,1.539836,1.278370,1.930693,0.856367,0.819138,0.955462,0.891257,0.925633,0.915515,0.827497,0.818659,0.821105,spectrum_fno48_floor6_smooth1_qc_peak4
run25_sparc_1500,sparc_1500,0.563907,0.500719,0.558533,0.554436,0.496187,0.556586,0.991662,0.992212,0.993329,0.772683,0.753060,0.734368,spectrum_fno48_floor6_smooth1_qc_peak4
run25_sparc_1503,sparc_1503,1.956845,1.641279,1.841259,0.890685,0.870796,0.953222,0.931438,0.942962,0.940104,0.839878,0.824139,0.793023,spectrum_fno48_floor6_smooth1_qc_peak4
run25_sparc_1505,sparc_1505,1.384218,1.135667,1.219175,0.848977,0.782345,0.949324,0.937775,0.934153,0.952713,0.822371,0.806056,0.871657,spectrum_fno48_floor6_smooth1_qc_peak4
run25_sparc_1511,sparc_1511,0.614503,0.634680,0.802706,0.587294,0.621328,0.759722,0.927247,0.925030,0.949870,0.498340,0.732370,0.381030,spectrum_fno48_floor6_smooth1_qc
run25_sparc_1513,sparc_1513,0.520079,0.579188,0.765248,0.520057,0.575568,0.734189,0.919341,0.919444,0.937150,0.660347,0.678820,0.212920,spectrum_fno48_floor6_smooth1_qc
run25_sparc_1514,sparc_1514,0.536596,0.592141,0.786292,0.535828,0.589376,0.738991,0.916724,0.916858,0.938455,0.592865,0.751169,0.451206,spectrum_fno48_floor6_smooth1_qc
run25_sparc_1515,sparc_1515,0.493292,0.580709,0.753133,0.492889,0.569799,0.710584,0.913702,0.915502,0.937970,0.642712,0.732843,0.408158,spectrum_fno48_floor6_smooth1_qc
run25_sparc_1523,sparc_1523,0.745329,0.729903,0.909323,0.663707,0.660783,0.753636,0.898249,0.897771,0.927877,0.645931,0.867992,0.709462,spectrum_fno48_floor6_smooth1_qc_peak4
run25_sparc_1525,sparc_1525,1.178665,1.148445,1.860580,0.826451,0.816046,0.958908,0.945593,0.946657,0.956818,0.616203,0.787529,0.578964,spectrum_fno48_floor6_smooth1_qc_peak4
run25_sparc_1527,sparc_1527,1.227142,1.303077,2.029711,0.836594,0.860772,0.976019,0.904772,0.886980,0.896602,0.869170,0.918340,0.901726,spectrum_fno48_floor6_smooth1_qc
run26_sparc_1305,sparc_1305,1.593007,1.394205,1.857564,0.897239,0.856661,0.965653,0.871411,0.884117,0.926232,0.895577,0.847865,0.937037,spectrum_fno48_floor6_smooth1_qc_peak4
run26_sparc_1314,sparc_1314,0.655383,0.607363,0.778390,0.636187,0.573509,0.731824,0.909956,0.907798,0.937237,0.427226,0.565982,0.626466,spectrum_fno48_floor6_smooth1_qc_peak4
run26_sparc_1351,sparc_1351,0.635932,0.579764,0.741108,0.628852,0.576349,0.713308,0.905633,0.903941,0.929094,0.565210,0.766566,0.731253,spectrum_fno48_floor6_smooth1_qc_peak4
run26_sparc_1353,sparc_1353,0.638563,0.588059,0.775228,0.606865,0.581635,0.738823,0.892893,0.898435,0.922657,0.701924,0.890240,0.825605,spectrum_fno48_floor6_smooth1_qc_peak4
run26_sparc_1403,sparc_1403,0.725786,0.816279,1.219615,0.660269,0.706153,0.887436,0.946470,0.951405,0.959433,0.543613,0.777554,0.779022,spectrum_fno48_floor6_smooth1_qc
run26_sparc_1414,sparc_1414,0.664174,0.605580,0.786551,0.644052,0.592191,0.736139,0.917062,0.920984,0.937137,0.683519,0.647805,0.687508,spectrum_fno48_floor6_smooth1_qc_peak4
run26_sparc_1416,sparc_1416,0.664481,0.603325,0.873783,0.649566,0.596416,0.769815,0.907962,0.910286,0.936980,0.530441,0.669097,0.710069,spectrum_fno48_floor6_smooth1_qc_peak4
run26_sparc_1429,sparc_1429,1.282127,0.990388,1.355841,0.837634,0.793270,0.944487,0.876740,0.865210,0.894145,0.856098,0.780664,0.876798,spectrum_fno48_floor6_smooth1_qc_peak4
run26_sparc_1441,sparc_1441,1.266867,1.271880,1.248790,0.853448,0.843988,0.959124,0.931200,0.913646,0.955378,0.892532,0.883476,0.867504,spectrum_fno48_floor6_smooth1_qc_mhi100
run26_sparc_1505,sparc_1505,1.559822,1.096201,1.626247,0.911851,0.852600,0.967879,0.906117,0.919107,0.930478,0.820663,0.788268,0.939816,spectrum_fno48_floor6_smooth1_qc_peak4
run26_sparc_1507,sparc_1507,1.432377,1.347519,1.600505,0.889714,0.874630,0.964258,0.928299,0.923724,0.949415,0.913758,0.800019,0.830056,spectrum_fno48_floor6_smooth1_qc_peak4
run26_sparc_1510,sparc_1510,0.833142,0.947189,0.834942,0.786291,0.774340,0.794515,0.908423,0.868703,0.931503,0.917704,0.938996,0.858398,spectrum_fno48_floor6_smooth1_qc
run26_sparc_1516,sparc_1516,0.682101,0.615242,0.815753,0.653248,0.588683,0.746436,0.909830,0.913814,0.933953,0.510886,0.597305,0.465086,spectrum_fno48_floor6_smooth1_qc_peak4
run26_sparc_1520,sparc_1520,0.705260,0.662237,0.801821,0.665315,0.622858,0.728391,0.893761,0.899469,0.922738,0.773569,0.720124,0.833428,spectrum_fno48_floor6_smooth1_qc_peak4
run27_sparc_1302,sparc_1302,0.742509,0.744997,0.805042,0.741796,0.744877,0.802327,0.863051,0.859623,0.906005,0.975638,0.972326,0.971299,spectrum_fno48_floor6_smooth1_qc
run27_sparc_1306,sparc_1306,1.110193,0.743842,1.357033,0.763970,0.683652,0.950654,0.793279,0.662336,0.596163,0.942861,0.933189,0.907758,spectrum_fno48_floor6_smooth1_qc_peak4
run27_sparc_1308,sparc_1308,1.046938,0.976590,1.003717,0.909595,0.854126,0.886845,0.314687,0.620888,0.418769,0.979583,0.976813,0.984720,spectrum_fno48_floor6_smooth1_qc_peak4
run27_sparc_1310,sparc_1310,0.725284,0.674996,0.863305,0.662156,0.622602,0.696630,0.921612,0.913471,0.948686,0.909294,0.789276,0.910765,spectrum_fno48_floor6_smooth1_qc_peak4
run27_sparc_1354,sparc_1354,0.556226,0.611044,0.638417,0.549815,0.596173,0.629756,0.843437,0.845930,0.852632,0.890799,0.937884,0.915934,spectrum_fno48_floor6_smooth1_qc
run27_sparc_1358,sparc_1358,0.544355,0.578671,0.743120,0.534827,0.554887,0.647255,0.908587,0.907667,0.933045,0.664602,0.911166,0.918708,spectrum_fno48_floor6_smooth1_qc
run27_sparc_1405,sparc_1405,1.157029,0.982301,0.853684,0.858511,0.896351,0.762862,0.805008,0.369732,0.670589,0.978456,0.979022,0.975818,spectrum_fno48_floor6_smooth1_qc_mhi100
run27_sparc_1408,sparc_1408,1.218600,1.046462,1.366972,0.889248,0.846260,0.951458,0.907328,0.896983,0.948110,0.816496,0.853324,0.841779,spectrum_fno48_floor6_smooth1_qc_peak4
run27_sparc_1414,sparc_1414,0.603046,0.615922,0.644264,0.577399,0.585228,0.613345,0.925513,0.926345,0.949437,0.830323,0.849771,0.782204,spectrum_fno48_floor6_smooth1_qc
run27_sparc_1416,sparc_1416,0.573919,0.633132,0.702237,0.541066,0.582336,0.636311,0.924606,0.925652,0.950196,0.671032,0.842065,0.823048,spectrum_fno48_floor6_smooth1_qc
run27_sparc_1441,sparc_1441,0.952205,0.925394,0.882246,0.848670,0.852175,0.823660,0.872908,0.869135,0.928999,0.879788,0.868561,0.860212,spectrum_fno48_floor6_smooth1_qc_mhi100
run27_sparc_1520,sparc_1520,0.568728,0.613003,0.920156,0.539619,0.557653,0.704865,0.920792,0.921503,0.942692,0.550408,0.876274,0.946352,spectrum_fno48_floor6_smooth1_qc
run27_sparc_1530,sparc_1530,0.900168,0.774592,0.880975,0.837330,0.729927,0.860067,0.920754,0.938749,0.720358,0.824988,0.972183,0.994712,spectrum_fno48_floor6_smooth1_qc_peak4
run27_sparc_1593,sparc_1593,0.714439,0.663749,0.755569,0.712383,0.660164,0.752358,0.922765,0.931610,0.954828,0.713863,0.810453,0.810741,spectrum_fno48_floor6_smooth1_qc_peak4
run28_sparc_1304,sparc_1304,0.639691,0.626931,0.700615,0.634336,0.624584,0.698106,0.932054,0.934335,0.958741,0.924973,0.922200,0.886158,spectrum_fno48_floor6_smooth1_qc_peak4
run28_sparc_1306,sparc_1306,0.690284,0.599255,0.727304,0.672278,0.599229,0.723710,0.916346,0.925586,0.941203,0.864374,0.911190,0.895779,spectrum_fno48_floor6_smooth1_qc_peak4
run28_sparc_1311,sparc_1311,0.656595,0.591854,0.658076,0.618972,0.579569,0.635405,0.906747,0.905970,0.937915,0.602242,0.760968,0.796886,spectrum_fno48_floor6_smooth1_qc_peak4
run28_sparc_1316,sparc_1316,0.585156,0.628808,0.616726,0.578843,0.602368,0.594899,0.918320,0.916337,0.944369,0.658066,0.867399,0.793783,spectrum_fno48_floor6_smooth1_qc
run28_sparc_1317,sparc_1317,0.595371,0.610668,0.607568,0.589827,0.610477,0.605422,0.924995,0.929427,0.947941,0.709870,0.811175,0.695617,spectrum_fno48_floor6_smooth1_qc
run28_sparc_1352,sparc_1352,0.678736,0.677393,0.679776,0.624512,0.663392,0.650808,0.909705,0.913468,0.944282,0.613185,0.875468,0.837724,spectrum_fno48_floor6_smooth1_qc_peak4
run28_sparc_1355,sparc_1355,0.790718,0.724142,0.790506,0.716177,0.656838,0.698768,0.916445,0.916755,0.924771,0.879822,0.822985,0.830614,spectrum_fno48_floor6_smooth1_qc_peak4
run28_sparc_1361,sparc_1361,0.734956,0.794941,0.773406,0.625979,0.693369,0.649997,0.905831,0.903980,0.922472,0.740019,0.905282,0.850663,spectrum_fno48_floor6_smooth1_qc
run28_sparc_1406,sparc_1406,0.665180,0.653691,0.687521,0.662710,0.648258,0.686863,0.929264,0.933691,0.958287,0.840676,0.951048,0.793453,spectrum_fno48_floor6_smooth1_qc_peak4
run28_sparc_1418,sparc_1418,0.774770,0.710357,0.752504,0.637011,0.663179,0.664504,0.920211,0.913974,0.937747,0.691545,0.852936,0.825942,spectrum_fno48_floor6_smooth1_qc_peak4
run28_sparc_1420,sparc_1420,0.746600,0.773122,0.652620,0.692256,0.735716,0.646238,0.884352,0.885489,0.914065,0.902623,0.949585,0.813778,spectrum_fno48_floor6_smooth1_qc_mhi100
run28_sparc_1423,sparc_1423,0.634982,0.712949,0.731538,0.634559,0.679614,0.714261,0.900844,0.886437,0.907172,0.688641,0.886250,0.836400,spectrum_fno48_floor6_smooth1_qc
run28_sparc_1506,sparc_1506,0.588682,0.619176,0.702938,0.583883,0.617821,0.702870,0.935778,0.939008,0.951902,0.783802,0.923018,0.846810,spectrum_fno48_floor6_smooth1_qc
run28_sparc_1516,sparc_1516,0.562945,0.599445,0.608952,0.560878,0.594514,0.606354,0.911971,0.909235,0.924723,0.785610,0.794313,0.781858,spectrum_fno48_floor6_smooth1_qc
run28_sparc_1525,sparc_1525,0.605501,0.634817,0.674686,0.601697,0.626781,0.673061,0.930253,0.936924,0.954062,0.805968,0.946218,0.881688,spectrum_fno48_floor6_smooth1_qc
run28_sparc_1527,sparc_1527,0.696442,0.755693,0.741119,0.662630,0.685195,0.718779,0.928031,0.923047,0.939940,0.792371,0.930484,0.928886,spectrum_fno48_floor6_smooth1_qc
run28_sparc_1528,sparc_1528,0.697704,0.697373,0.727163,0.646798,0.661229,0.708218,0.932376,0.936510,0.951480,0.776256,0.913775,0.829626,spectrum_fno48_floor6_smooth1_qc_peak4
run29_sparc_1300,sparc_1300,0.566195,0.547259,0.612296,0.566192,0.538359,0.611971,0.983277,0.983467,0.981541,0.955296,0.923750,0.899155,spectrum_fno48_floor6_smooth1_qc_peak4
run29_sparc_1305,sparc_1305,0.777885,1.091087,1.372469,0.702154,0.819762,0.959298,0.922519,0.931140,0.953067,0.593242,0.823426,0.757717,spectrum_fno48_floor6_smooth1_qc
run29_sparc_1308,sparc_1308,1.355745,1.476625,1.328104,0.768438,0.786223,0.855482,0.920039,0.905812,0.923023,0.806896,0.821188,0.931759,spectrum_fno48_floor6_smooth1_qc_mhi100
run29_sparc_1310,sparc_1310,0.576864,0.750240,0.898053,0.563291,0.648286,0.737563,0.906030,0.907825,0.937992,0.312050,0.720209,0.797236,spectrum_fno48_floor6_smooth1_qc
run29_sparc_1314,sparc_1314,0.492444,0.705946,0.723268,0.490562,0.628917,0.674266,0.899970,0.897004,0.936071,0.648448,0.775912,0.729114,spectrum_fno48_floor6_smooth1_qc
run29_sparc_1315,sparc_1315,0.490968,0.729404,0.757568,0.480199,0.636241,0.680783,0.890925,0.892479,0.926989,0.674942,0.782492,0.660773,spectrum_fno48_floor6_smooth1_qc
run29_sparc_1316,sparc_1316,0.487723,0.734746,0.768583,0.486774,0.635534,0.695988,0.889668,0.892002,0.916909,0.625966,0.795021,0.746476,spectrum_fno48_floor6_smooth1_qc
run29_sparc_1349,sparc_1349,0.568618,0.656640,0.916866,0.554202,0.612506,0.754691,0.872815,0.881277,0.906858,0.504080,0.895169,0.904430,spectrum_fno48_floor6_smooth1_qc
run29_sparc_1354,sparc_1354,0.479027,0.630363,0.791219,0.477792,0.575864,0.704118,0.864187,0.866814,0.899489,0.377730,0.878094,0.827147,spectrum_fno48_floor6_smooth1_qc
run29_sparc_1361,sparc_1361,0.569987,0.774039,0.866936,0.545340,0.634857,0.712121,0.882805,0.880915,0.921247,0.350149,0.907088,0.841123,spectrum_fno48_floor6_smooth1_qc
run29_sparc_1363,sparc_1363,0.644882,0.783404,0.929393,0.596714,0.641778,0.737359,0.880939,0.883904,0.915643,0.498745,0.897974,0.849408,spectrum_fno48_floor6_smooth1_qc
run29_sparc_1365,sparc_1365,0.570844,0.741664,0.834359,0.564934,0.673252,0.715125,0.874213,0.867983,0.896683,0.386356,0.895729,0.808692,spectrum_fno48_floor6_smooth1_qc
run29_sparc_1401,sparc_1401,0.700883,0.668315,0.726632,0.700438,0.610748,0.721747,0.920673,0.930798,0.949656,0.924230,0.970260,0.957843,spectrum_fno48_floor6_smooth1_qc_peak4
run29_sparc_1403,sparc_1403,0.680816,0.603110,0.738116,0.570319,0.517926,0.713201,0.938137,0.937372,0.959435,0.740295,0.898209,0.743080,spectrum_fno48_floor6_smooth1_qc_peak4
run29_sparc_1408,sparc_1408,1.272914,1.176776,1.409623,0.853697,0.824471,0.940657,0.926095,0.923111,0.932761,0.769580,0.728293,0.876512,spectrum_fno48_floor6_smooth1_qc_peak4
run29_sparc_1416,sparc_1416,0.505217,0.715644,0.819945,0.504057,0.646423,0.709298,0.909657,0.906497,0.934322,0.465164,0.885357,0.750276,spectrum_fno48_floor6_smooth1_qc
run29_sparc_1418,sparc_1418,0.519937,0.760704,0.941697,0.519920,0.662530,0.747528,0.890746,0.887883,0.920197,0.368206,0.905829,0.833722,spectrum_fno48_floor6_smooth1_qc
run29_sparc_1419,sparc_1419,0.634731,0.808729,0.919339,0.618497,0.714376,0.759515,0.864972,0.874434,0.891988,0.577370,0.954256,0.917516,spectrum_fno48_floor6_smooth1_qc
run29_sparc_1429,sparc_1429,1.336940,1.006286,1.674918,0.881953,0.839485,0.927538,0.683300,0.706830,0.644135,0.856762,0.881508,0.910785,spectrum_fno48_floor6_smooth1_qc_peak4
run29_sparc_1501,sparc_1501,0.865558,0.769718,0.845665,0.849415,0.749680,0.832012,0.854047,0.905653,0.886657,0.835749,0.932429,0.921167,spectrum_fno48_floor6_smooth1_qc_peak4
run29_sparc_1507,sparc_1507,0.858113,1.070886,1.747699,0.731680,0.807424,0.947444,0.870431,0.873177,0.906435,0.851417,0.958300,0.930596,spectrum_fno48_floor6_smooth1_qc
run29_sparc_1509,sparc_1509,0.665652,0.719490,0.909541,0.599384,0.654004,0.784727,0.899708,0.901112,0.918354,0.526314,0.817570,0.928980,spectrum_fno48_floor6_smooth1_qc
run29_sparc_1517,sparc_1517,0.542004,0.722495,0.887861,0.540858,0.650790,0.728243,0.899609,0.901609,0.928401,0.483874,0.839449,0.598659,spectrum_fno48_floor6_smooth1_qc
run29_sparc_1528,sparc_1528,1.098065,0.948529,1.496844,0.833009,0.830610,0.971038,0.822200,0.863313,0.861967,0.753447,0.686672,0.909341,spectrum_fno48_floor6_smooth1_qc_peak4
run29_sparc_1593,sparc_1593,0.701608,0.634659,0.765163,0.579349,0.541515,0.727590,0.924200,0.920945,0.951498,0.622074,0.805119,0.636744,spectrum_fno48_floor6_smooth1_qc_peak4
run2_sparc_1302,sparc_1302,0.914978,0.785799,0.818085,0.792462,0.683143,0.704549,0.779392,0.875886,0.900146,0.959936,0.947835,0.920801,spectrum_fno48_floor6_smooth1_qc_peak4
run2_sparc_1304,sparc_1304,0.644339,0.640281,0.708322,0.623458,0.607582,0.677092,0.887161,0.889777,0.935179,0.945958,0.945531,0.935017,spectrum_fno48_floor6_smooth1_qc_peak4
run2_sparc_1306,sparc_1306,1.000679,0.899133,0.943583,0.875947,0.822443,0.896024,0.852942,0.878859,0.890369,0.932989,0.904953,0.939651,spectrum_fno48_floor6_smooth1_qc_peak4
run2_sparc_1307,sparc_1307,0.784648,0.746577,0.793202,0.770935,0.732491,0.792916,0.866046,0.856720,0.880075,0.947654,0.939449,0.966804,spectrum_fno48_floor6_smooth1_qc_peak4
run2_sparc_1308,sparc_1308,0.920741,0.893202,0.916004,0.892775,0.877321,0.900882,0.820121,0.864142,0.889378,0.905160,0.912930,0.910991,spectrum_fno48_floor6_smooth1_qc_peak4
run2_sparc_1317,sparc_1317,0.620407,0.674705,0.667215,0.584408,0.616044,0.656296,0.924301,0.926591,0.948472,0.651230,0.775692,0.645882,spectrum_fno48_floor6_smooth1_qc
run2_sparc_1319,sparc_1319,0.604787,0.686416,0.695020,0.583511,0.616363,0.668989,0.931896,0.929327,0.955072,0.730534,0.771445,0.739997,spectrum_fno48_floor6_smooth1_qc
run2_sparc_1352,sparc_1352,0.608522,0.564684,0.658864,0.608499,0.562976,0.657503,0.917978,0.922847,0.943061,0.536356,0.777170,0.699188,spectrum_fno48_floor6_smooth1_qc_peak4
run2_sparc_1401,sparc_1401,0.916646,0.929029,0.657286,0.863477,0.892830,0.640870,0.819325,0.792931,0.923145,0.972818,0.981426,0.780961,spectrum_fno48_floor6_smooth1_qc_mhi100
run2_sparc_1403,sparc_1403,0.692656,0.776846,0.830073,0.684450,0.696335,0.789346,0.920783,0.925114,0.951921,0.782963,0.731415,0.632658,spectrum_fno48_floor6_smooth1_qc
run2_sparc_1404,sparc_1404,0.726567,0.704206,0.735966,0.653305,0.607637,0.663535,0.878991,0.879145,0.936886,0.918301,0.937993,0.853616,spectrum_fno48_floor6_smooth1_qc_peak4
run2_sparc_1406,sparc_1406,0.639898,0.539413,0.712220,0.631031,0.539245,0.710881,0.917848,0.920362,0.941528,0.834786,0.717052,0.756017,spectrum_fno48_floor6_smooth1_qc_peak4
run2_sparc_1408,sparc_1408,0.980584,0.967990,0.976022,0.883573,0.867823,0.910832,0.785814,0.777657,0.835259,0.873628,0.962167,0.932286,spectrum_fno48_floor6_smooth1_qc_peak4
run2_sparc_1412,sparc_1412,0.669914,0.637286,0.648399,0.645797,0.618856,0.647728,0.932459,0.932221,0.959082,0.556261,0.736823,0.717484,spectrum_fno48_floor6_smooth1_qc_peak4
run2_sparc_1414,sparc_1414,0.677694,0.668218,0.721119,0.655896,0.634595,0.675934,0.921222,0.919140,0.948465,0.543394,0.756212,0.734485,spectrum_fno48_floor6_smooth1_qc_peak4
run2_sparc_1415,sparc_1415,0.679798,0.689335,0.688316,0.647499,0.647357,0.663120,0.920101,0.924274,0.945540,0.584078,0.797591,0.692513,spectrum_fno48_floor6_smooth1_qc
run2_sparc_1421,sparc_1421,0.563660,0.665966,0.625127,0.557449,0.625040,0.609918,0.925811,0.920721,0.944433,0.769616,0.791733,0.689817,spectrum_fno48_floor6_smooth1_qc
run2_sparc_1501,sparc_1501,0.882228,0.950176,0.732311,0.854848,0.919138,0.732290,0.865718,0.818054,0.937738,0.963243,0.979399,0.753330,spectrum_fno48_floor6_smooth1_qc_mhi100
run2_sparc_1506,sparc_1506,0.657090,0.565073,0.718138,0.652983,0.564043,0.715502,0.903167,0.908212,0.932440,0.901417,0.819893,0.828115,spectrum_fno48_floor6_smooth1_qc_peak4
run2_sparc_1509,sparc_1509,0.711516,0.661306,0.734728,0.699763,0.660437,0.725155,0.917268,0.914018,0.940068,0.758239,0.764549,0.853836,spectrum_fno48_floor6_smooth1_qc_peak4
run2_sparc_1514,sparc_1514,0.652819,0.626511,0.683310,0.651844,0.623859,0.682679,0.928757,0.924832,0.940659,0.669252,0.777288,0.811899,spectrum_fno48_floor6_smooth1_qc_peak4
run2_sparc_1516,sparc_1516,0.644198,0.646580,0.694097,0.595157,0.605369,0.638275,0.926417,0.924093,0.943842,0.551336,0.753345,0.588100,spectrum_fno48_floor6_smooth1_qc
run2_sparc_1520,sparc_1520,0.597738,0.673351,0.717009,0.571590,0.620664,0.650049,0.925117,0.922916,0.948430,0.848435,0.824611,0.871258,spectrum_fno48_floor6_smooth1_qc
run2_sparc_1521,sparc_1521,0.658094,0.752654,0.755064,0.641170,0.667461,0.717969,0.909244,0.909708,0.930800,0.793255,0.868736,0.888779,spectrum_fno48_floor6_smooth1_qc
run2_sparc_1523,sparc_1523,0.822219,0.780470,0.800270,0.764042,0.720527,0.772300,0.905114,0.907041,0.924321,0.881763,0.781329,0.933806,spectrum_fno48_floor6_smooth1_qc_peak4
run2_sparc_1525,sparc_1525,0.703537,0.710990,0.747418,0.652023,0.653207,0.707242,0.884029,0.872592,0.924122,0.874591,0.959143,0.910894,spectrum_fno48_floor6_smooth1_qc
run30_sparc_1301,sparc_1301,0.572882,0.574657,0.635093,0.558971,0.554929,0.619066,0.956465,0.955335,0.955474,0.933239,0.952660,0.900325,spectrum_fno48_floor6_smooth1_qc
run30_sparc_1304,sparc_1304,1.323277,1.219751,1.489944,0.879713,0.863769,0.969155,0.894799,0.904312,0.916486,0.922395,0.906645,0.779917,spectrum_fno48_floor6_smooth1_qc_peak4
run30_sparc_1314,sparc_1314,0.591467,0.592696,0.746967,0.580554,0.581442,0.715875,0.894547,0.896854,0.926530,0.369158,0.800121,0.454987,spectrum_fno48_floor6_smooth1_qc
run30_sparc_1350,sparc_1350,0.587301,0.592146,0.725194,0.575995,0.579383,0.700021,0.898540,0.901772,0.932779,0.399372,0.780765,0.479976,spectrum_fno48_floor6_smooth1_qc
run30_sparc_1352,sparc_1352,0.572874,0.611239,0.804442,0.568786,0.595494,0.727360,0.883863,0.884616,0.910163,0.484105,0.760892,0.680705,spectrum_fno48_floor6_smooth1_qc
run30_sparc_1355,sparc_1355,0.697845,0.595090,0.788554,0.682408,0.574201,0.719686,0.859592,0.874758,0.892440,0.316728,0.905587,0.785062,spectrum_fno48_floor6_smooth1_qc_peak4
run30_sparc_1359,sparc_1359,0.690627,0.600780,0.810895,0.658647,0.580508,0.739161,0.892023,0.894024,0.914860,0.293631,0.855622,0.789950,spectrum_fno48_floor6_smooth1_qc_peak4
run30_sparc_1363,sparc_1363,0.633201,0.677235,0.855338,0.594235,0.630735,0.753914,0.835390,0.861660,0.867345,0.504951,0.881051,0.676300,spectrum_fno48_floor6_smooth1_qc
run30_sparc_1407,sparc_1407,1.626497,1.421874,1.996354,0.895376,0.881381,0.972009,0.911296,0.925089,0.938926,0.850354,0.835936,0.796865,spectrum_fno48_floor6_smooth1_qc_peak4
run30_sparc_1409,sparc_1409,0.936413,0.832558,1.256894,0.742198,0.719078,0.879694,0.878704,0.881045,0.842603,0.616749,0.898632,0.859605,spectrum_fno48_floor6_smooth1_qc_peak4
run30_sparc_1411,sparc_1411,0.685268,0.674998,0.915814,0.636253,0.625935,0.757600,0.900676,0.904244,0.932039,0.556053,0.733500,0.648781,spectrum_fno48_floor6_smooth1_qc_peak4
run30_sparc_1424,sparc_1424,1.763987,1.554375,1.935315,0.896498,0.891403,0.974232,0.923957,0.921593,0.896670,0.859669,0.899891,0.946586,spectrum_fno48_floor6_smooth1_qc_peak4
run30_sparc_1426,sparc_1426,1.061924,0.958103,1.396594,0.780378,0.740883,0.946485,0.941856,0.935966,0.955333,0.667399,0.717658,0.810097,spectrum_fno48_floor6_smooth1_qc_peak4
run30_sparc_1504,sparc_1504,1.086097,0.965797,1.377183,0.844202,0.841815,0.950919,0.918836,0.894920,0.929281,0.912879,0.928717,0.945474,spectrum_fno48_floor6_smooth1_qc_peak4
run30_sparc_1505,sparc_1505,1.435112,1.276919,1.589684,0.879491,0.855594,0.971049,0.913970,0.908445,0.945553,0.828793,0.826434,0.818282,spectrum_fno48_floor6_smooth1_qc_peak4
run30_sparc_1508,sparc_1508,1.258506,1.067748,1.291191,0.821818,0.791056,0.919044,0.916577,0.919336,0.938042,0.824938,0.884599,0.875689,spectrum_fno48_floor6_smooth1_qc_peak4
run30_sparc_1522,sparc_1522,1.015204,0.972617,1.340159,0.828968,0.765566,0.858935,0.846022,0.872608,0.877736,0.958282,0.849994,0.920214,spectrum_fno48_floor6_smooth1_qc_peak4
run30_sparc_1528,sparc_1528,1.452521,1.159475,1.469700,0.876190,0.902711,0.951100,0.824255,0.869590,0.809034,0.682874,0.740870,0.785509,spectrum_fno48_floor6_smooth1_qc_peak4
run31_sparc_1301,sparc_1301,1.105090,1.098169,0.925885,0.897576,0.869644,0.690517,0.872764,0.891357,0.946802,0.988793,0.990994,0.940736,spectrum_fno48_floor6_smooth1_qc_mhi100
run31_sparc_1304,sparc_1304,0.642450,0.615023,0.725879,0.642418,0.613867,0.724166,0.909921,0.901008,0.918823,0.876005,0.879829,0.913733,spectrum_fno48_floor6_smooth1_qc_peak4
run31_sparc_1309,sparc_1309,0.954682,0.949432,0.960678,0.922695,0.918704,0.928570,0.334163,0.221903,0.209957,0.953984,0.970436,0.968438,spectrum_fno48_floor6_smooth1_qc_peak4
run31_sparc_1361,sparc_1361,0.695320,0.724527,0.752418,0.664202,0.676471,0.693633,0.922007,0.926215,0.939268,0.672899,0.717736,0.734901,spectrum_fno48_floor6_smooth1_qc
run31_sparc_1401,sparc_1401,1.015680,1.096710,0.853735,0.855559,0.854608,0.719020,0.916346,0.900469,0.964318,0.988672,0.986981,0.889133,spectrum_fno48_floor6_smooth1_qc_mhi100
run31_sparc_1403,sparc_1403,0.673749,0.625675,0.789501,0.621063,0.611914,0.740619,0.941984,0.940756,0.935771,0.736122,0.795345,0.859068,spectrum_fno48_floor6_smooth1_qc_peak4
run31_sparc_1406,sparc_1406,0.719341,0.659431,0.730182,0.688751,0.648708,0.718717,0.905802,0.922665,0.940382,0.918109,0.928851,0.892350,spectrum_fno48_floor6_smooth1_qc_peak4
run31_sparc_1412,sparc_1412,0.678330,0.606454,0.716454,0.637915,0.598991,0.653439,0.928619,0.925864,0.943740,0.715173,0.835147,0.765043,spectrum_fno48_floor6_smooth1_qc_peak4
run31_sparc_1413,sparc_1413,0.699999,0.614912,0.703473,0.639217,0.600024,0.648878,0.928550,0.927134,0.944117,0.700742,0.839533,0.738706,spectrum_fno48_floor6_smooth1_qc_peak4
run31_sparc_1418,sparc_1418,0.707454,0.768414,0.756865,0.657170,0.699376,0.686860,0.921511,0.928306,0.945920,0.631304,0.833376,0.709896,spectrum_fno48_floor6_smooth1_qc
run31_sparc_1421,sparc_1421,0.795408,0.732169,0.718277,0.749918,0.718456,0.706146,0.891558,0.895817,0.921324,0.895525,0.935021,0.914373,spectrum_fno48_floor6_smooth1_qc_mhi100
run31_sparc_1426,sparc_1426,0.722745,0.699714,0.679195,0.713591,0.678231,0.670249,0.903911,0.899133,0.925895,0.776327,0.891457,0.861480,spectrum_fno48_floor6_smooth1_qc_mhi100
run31_sparc_1440,sparc_1440,0.632357,0.609312,0.722790,0.627891,0.609185,0.722473,0.923457,0.928827,0.943780,0.860227,0.889586,0.771682,spectrum_fno48_floor6_smooth1_qc_peak4
run31_sparc_1441,sparc_1441,0.641725,0.618108,0.715010,0.637326,0.617637,0.714972,0.918988,0.925661,0.935520,0.860985,0.896320,0.796079,spectrum_fno48_floor6_smooth1_qc_peak4
run31_sparc_1500,sparc_1500,0.453373,0.451563,0.503834,0.353539,0.392972,0.439142,0.993537,0.991631,0.993534,0.769634,0.891796,0.804092,spectrum_fno48_floor6_smooth1_qc_peak4
run31_sparc_1501,sparc_1501,0.859334,0.825639,0.652156,0.815863,0.782554,0.640231,0.893342,0.898741,0.934732,0.989082,0.986726,0.850978,spectrum_fno48_floor6_smooth1_qc_mhi100
run31_sparc_1502,sparc_1502,0.753709,0.745881,0.717967,0.742238,0.718957,0.698408,0.924422,0.920373,0.966796,0.924318,0.947829,0.728234,spectrum_fno48_floor6_smooth1_qc_mhi100
run31_sparc_1507,sparc_1507,0.587140,0.597263,0.724085,0.569105,0.590833,0.695118,0.920904,0.922321,0.944588,0.849884,0.903578,0.796025,spectrum_fno48_floor6_smooth1_qc
run31_sparc_1513,sparc_1513,0.677784,0.659640,0.689759,0.676300,0.654350,0.689734,0.929079,0.928648,0.946353,0.822421,0.822810,0.727764,spectrum_fno48_floor6_smooth1_qc_peak4
run31_sparc_1525,sparc_1525,0.739458,0.668082,0.750061,0.700111,0.643459,0.712201,0.902064,0.904421,0.935342,0.845592,0.906627,0.868863,spectrum_fno48_floor6_smooth1_qc_peak4
run31_sparc_1528,sparc_1528,0.761888,0.734196,0.765167,0.732029,0.702960,0.756911,0.913967,0.915697,0.922014,0.868390,0.935865,0.929124,spectrum_fno48_floor6_smooth1_qc_peak4
run31_sparc_1530,sparc_1530,0.495336,0.631002,1.132110,0.469227,0.548876,0.998445,0.917293,0.960259,0.102921,0.985392,0.642087,0.994990,spectrum_fno48_floor6_smooth1_qc
run31_sparc_1593,sparc_1593,0.580860,0.591042,0.690807,0.579764,0.588108,0.686441,0.947515,0.944270,0.960452,0.881016,0.860030,0.862502,spectrum_fno48_floor6_smooth1_qc
run32_sparc_1300,sparc_1300,0.435449,0.681408,0.627629,0.421807,0.635288,0.623603,0.995378,0.992572,0.995292,0.617497,0.442031,0.853557,spectrum_fno48_floor6_smooth1_qc
run32_sparc_1302,sparc_1302,0.804677,0.885424,0.870763,0.756143,0.793470,0.801387,0.882245,0.860031,0.914330,0.816976,0.938781,0.914297,spectrum_fno48_floor6_smooth1_qc
run32_sparc_1305,sparc_1305,0.653785,0.659925,0.751123,0.642489,0.655538,0.743364,0.908850,0.903018,0.937243,0.490340,0.909134,0.803558,spectrum_fno48_floor6_smooth1_qc
run32_sparc_1315,sparc_1315,0.575471,0.608739,0.617848,0.570663,0.593094,0.610765,0.917076,0.917753,0.946891,0.773489,0.869656,0.700255,spectrum_fno48_floor6_smooth1_qc
run32_sparc_1353,sparc_1353,0.582524,0.647169,0.668672,0.560354,0.633524,0.623795,0.922752,0.925870,0.946058,0.865085,0.918841,0.768528,spectrum_fno48_floor6_smooth1_qc
run32_sparc_1355,sparc_1355,0.556316,0.582283,0.730721,0.552648,0.558929,0.653655,0.883033,0.897056,0.916149,0.609974,0.870226,0.799822,spectrum_fno48_floor6_smooth1_qc
run32_sparc_1358,sparc_1358,0.600302,0.530845,0.695940,0.579875,0.521177,0.649490,0.918216,0.921430,0.941421,0.860168,0.799498,0.765841,spectrum_fno48_floor6_smooth1_qc_peak4
run32_sparc_1402,sparc_1402,0.710979,0.655506,0.716803,0.688259,0.649274,0.711418,0.934065,0.936704,0.961494,0.932202,0.869284,0.765138,spectrum_fno48_floor6_smooth1_qc_peak4
run32_sparc_1422,sparc_1422,0.849810,0.884167,0.918912,0.774199,0.783816,0.775885,0.866657,0.878174,0.892806,0.914688,0.908401,0.918906,spectrum_fno48_floor6_smooth1_qc
run32_sparc_1501,sparc_1501,0.797300,0.746494,0.713902,0.759652,0.745779,0.713878,0.911961,0.919953,0.948412,0.969605,0.976916,0.873731,spectrum_fno48_floor6_smooth1_qc_mhi100
run32_sparc_1507,sparc_1507,0.645668,0.676759,0.752321,0.600533,0.631225,0.738137,0.911369,0.919375,0.943242,0.447010,0.789377,0.731656,spectrum_fno48_floor6_smooth1_qc
run32_sparc_1517,sparc_1517,0.545966,0.550122,0.668281,0.543815,0.549723,0.643491,0.919738,0.926898,0.940649,0.759014,0.883584,0.770471,spectrum_fno48_floor6_smooth1_qc
run32_sparc_1524,sparc_1524,1.157541,0.875747,1.154838,0.882577,0.829346,0.931938,0.793794,0.817563,0.865861,0.940908,0.911574,0.971578,spectrum_fno48_floor6_smooth1_qc_peak4
run32_sparc_1526,sparc_1526,0.696510,0.749943,0.794775,0.679044,0.706340,0.746471,0.878238,0.871428,0.911231,0.779271,0.944420,0.888727,spectrum_fno48_floor6_smooth1_qc
run32_sparc_1529,sparc_1529,0.659230,0.624931,0.757822,0.657624,0.624860,0.732734,0.898260,0.913762,0.942021,0.921442,0.971521,0.924999,spectrum_fno48_floor6_smooth1_qc_peak4
run33_sparc_1303,sparc_1303,1.113896,0.992703,1.375161,0.821812,0.836943,0.931633,0.938883,0.935543,0.955207,0.838029,0.764960,0.881291,spectrum_fno48_floor6_smooth1_qc_peak4
run33_sparc_1308,sparc_1308,0.801283,0.776493,0.901207,0.775387,0.756543,0.837712,0.921538,0.923223,0.921781,0.856268,0.879694,0.846361,spectrum_fno48_floor6_smooth1_qc_peak4
run33_sparc_1310,sparc_1310,0.950149,0.918248,0.889472,0.790438,0.804957,0.834198,0.888774,0.885702,0.923859,0.635830,0.804213,0.678111,spectrum_fno48_floor6_smooth1_qc_mhi100
run33_sparc_1351,sparc_1351,0.726945,0.738445,0.896425,0.683596,0.725920,0.771715,0.882586,0.882915,0.904952,0.405141,0.618464,0.647367,spectrum_fno48_floor6_smooth1_qc
run33_sparc_1361,sparc_1361,0.641342,0.782397,0.778255,0.613903,0.712478,0.697434,0.894534,0.886989,0.920473,0.650358,0.865221,0.710765,spectrum_fno48_floor6_smooth1_qc
run33_sparc_1363,sparc_1363,0.765665,0.733881,0.754822,0.765187,0.697419,0.749958,0.877995,0.888195,0.899845,0.523516,0.892197,0.805777,spectrum_fno48_floor6_smooth1_qc_peak4
run33_sparc_1411,sparc_1411,0.770470,0.793846,0.938626,0.672620,0.731845,0.817327,0.895281,0.892178,0.920566,0.345794,0.815478,0.699632,spectrum_fno48_floor6_smooth1_qc
run33_sparc_1420,sparc_1420,0.741515,0.697838,0.801952,0.693617,0.664045,0.712158,0.873879,0.884302,0.897257,0.390799,0.918772,0.940151,spectrum_fno48_floor6_smooth1_qc_peak4
run33_sparc_1425,sparc_1425,1.234871,1.444921,2.006456,0.748638,0.823282,0.918264,0.937171,0.927465,0.944378,0.825762,0.894431,0.914360,spectrum_fno48_floor6_smooth1_qc
run33_sparc_1440,sparc_1440,1.264281,1.298698,1.322842,0.805850,0.810980,0.895439,0.945606,0.945516,0.954063,0.816358,0.843290,0.686651,spectrum_fno48_floor6_smooth1_qc
run33_sparc_1441,sparc_1441,1.252281,1.260213,1.342371,0.805098,0.807191,0.894110,0.946283,0.946196,0.953855,0.817315,0.842593,0.688978,spectrum_fno48_floor6_smooth1_qc
run33_sparc_1502,sparc_1502,0.626707,0.863679,1.155336,0.615321,0.756292,0.888555,0.943342,0.940516,0.961568,0.673934,0.755816,0.675836,spectrum_fno48_floor6_smooth1_qc
run33_sparc_1503,sparc_1503,1.136275,1.246761,1.524748,0.834744,0.857407,0.942934,0.939320,0.937609,0.956074,0.840125,0.802955,0.853431,spectrum_fno48_floor6_smooth1_qc
run33_sparc_1506,sparc_1506,0.994011,1.119035,1.186797,0.786331,0.770844,0.881523,0.933989,0.940703,0.949942,0.862904,0.846113,0.771286,spectrum_fno48_floor6_smooth1_qc
run33_sparc_1511,sparc_1511,0.790439,0.780199,0.887069,0.728395,0.722738,0.798518,0.905525,0.902856,0.928955,0.712797,0.784295,0.708897,spectrum_fno48_floor6_smooth1_qc_peak4
run33_sparc_1512,sparc_1512,0.795868,0.757004,0.879455,0.719602,0.719480,0.802795,0.896070,0.894265,0.920092,0.670947,0.763289,0.725108,spectrum_fno48_floor6_smooth1_qc_peak4
run33_sparc_1521,sparc_1521,0.673591,0.749635,0.894550,0.648243,0.694022,0.762449,0.870226,0.871914,0.901788,0.474335,0.807140,0.682730,spectrum_fno48_floor6_smooth1_qc
run33_sparc_1529,sparc_1529,1.234131,1.254270,1.507642,0.835921,0.923130,0.948325,0.839891,0.818346,0.892553,0.834297,0.826921,0.835691,spectrum_fno48_floor6_smooth1_qc
run34_sparc_1315,sparc_1315,0.694075,0.709338,0.843447,0.693613,0.643172,0.793661,0.927410,0.932494,0.926415,0.847991,0.812142,0.856510,spectrum_fno48_floor6_smooth1_qc
run34_sparc_1349,sparc_1349,0.719817,0.720294,1.454083,0.692802,0.609004,0.845605,0.884862,0.859527,0.887691,0.844563,0.894575,0.895060,spectrum_fno48_floor6_smooth1_qc
run34_sparc_1360,sparc_1360,0.646691,0.602185,0.790968,0.617728,0.598594,0.768406,0.928026,0.934601,0.926954,0.869842,0.905583,0.815535,spectrum_fno48_floor6_smooth1_qc_peak4
run34_sparc_1363,sparc_1363,0.824458,0.917404,1.053223,0.760398,0.787188,0.907127,0.909838,0.911898,0.904946,0.909416,0.874592,0.795591,spectrum_fno48_floor6_smooth1_qc
run34_sparc_1400,sparc_1400,0.667772,0.496857,0.610511,0.633515,0.496695,0.602563,0.986323,0.987635,0.983340,0.647179,0.725674,0.835393,spectrum_fno48_floor6_smooth1_qc_peak4
run34_sparc_1401,sparc_1401,1.252194,0.964609,1.429121,0.873326,0.831055,0.932233,0.933080,0.940335,0.942917,0.809377,0.739686,0.588809,spectrum_fno48_floor6_smooth1_qc_peak4
run34_sparc_1406,sparc_1406,0.811170,0.681504,0.875007,0.737408,0.662447,0.799899,0.944391,0.942659,0.943788,0.727382,0.762232,0.801241,spectrum_fno48_floor6_smooth1_qc_peak4
run34_sparc_1415,sparc_1415,0.619128,0.559107,0.750037,0.610690,0.557708,0.744174,0.907725,0.936657,0.915924,0.883867,0.914721,0.866974,spectrum_fno48_floor6_smooth1_qc_peak4
run34_sparc_1417,sparc_1417,1.035446,1.071197,1.419286,0.730013,0.645355,0.820166,0.897603,0.898072,0.869544,0.519963,0.851489,0.816351,spectrum_fno48_floor6_smooth1_qc
run34_sparc_1423,sparc_1423,1.203535,1.080232,1.025261,0.769093,0.711511,0.857975,0.947618,0.950960,0.942222,0.697472,0.844991,0.723576,spectrum_fno48_floor6_smooth1_qc_mhi100
run34_sparc_1515,sparc_1515,0.746954,0.620493,0.810773,0.661640,0.581296,0.793943,0.932032,0.940140,0.926395,0.719375,0.869559,0.693697,spectrum_fno48_floor6_smooth1_qc_peak4
run35_sparc_1307,sparc_1307,1.232100,1.057285,1.286994,0.813791,0.823684,0.930777,0.793956,0.817386,0.589699,0.983096,0.964644,0.948479,spectrum_fno48_floor6_smooth1_qc_peak4
run35_sparc_1315,sparc_1315,0.651969,0.660521,0.634019,0.624973,0.639647,0.613725,0.931211,0.928690,0.954487,0.727519,0.874211,0.662629,spectrum_fno48_floor6_smooth1_qc_mhi100
run35_sparc_1317,sparc_1317,0.632849,0.627492,0.744431,0.599121,0.598310,0.640967,0.936098,0.933464,0.956506,0.572146,0.812864,0.681449,spectrum_fno48_floor6_smooth1_qc_peak4
run35_sparc_1351,sparc_1351,0.680886,0.624720,0.614590,0.607831,0.583721,0.598561,0.930991,0.932295,0.949960,0.759385,0.859869,0.685326,spectrum_fno48_floor6_smooth1_qc_mhi100
run35_sparc_1357,sparc_1357,0.715020,0.624610,0.701574,0.690905,0.617904,0.681493,0.908391,0.907513,0.926709,0.878792,0.809758,0.899943,spectrum_fno48_floor6_smooth1_qc_peak4
run35_sparc_1400,sparc_1400,0.541016,0.412993,0.494354,0.502625,0.367311,0.464625,0.994300,0.993906,0.992955,0.724162,0.935274,0.958882,spectrum_fno48_floor6_smooth1_qc_peak4
run35_sparc_1404,sparc_1404,0.527807,0.558621,0.609829,0.523621,0.551811,0.608204,0.933300,0.938716,0.949346,0.636702,0.925037,0.673540,spectrum_fno48_floor6_smooth1_qc
run35_sparc_1407,sparc_1407,0.666423,0.660554,0.707585,0.647330,0.619405,0.699759,0.913061,0.914638,0.941025,0.740402,0.848777,0.809777,spectrum_fno48_floor6_smooth1_qc_peak4
run35_sparc_1409,sparc_1409,0.807522,0.777823,0.851226,0.794455,0.762241,0.797970,0.886492,0.890826,0.907904,0.869676,0.802091,0.937626,spectrum_fno48_floor6_smooth1_qc_peak4
run35_sparc_1412,sparc_1412,0.688360,0.628797,0.670968,0.642728,0.605269,0.648407,0.930847,0.927831,0.947680,0.732124,0.880893,0.716694,spectrum_fno48_floor6_smooth1_qc_peak4
run35_sparc_1413,sparc_1413,0.656869,0.622945,0.695221,0.635951,0.593381,0.652085,0.932645,0.929790,0.951501,0.743377,0.884937,0.768915,spectrum_fno48_floor6_smooth1_qc_peak4
run35_sparc_1415,sparc_1415,0.643952,0.659890,0.663112,0.623707,0.623037,0.631069,0.928276,0.928406,0.951683,0.653167,0.721698,0.627138,spectrum_fno48_floor6_smooth1_qc
run35_sparc_1419,sparc_1419,0.707481,0.712214,0.745312,0.678359,0.694851,0.662092,0.873498,0.892558,0.925572,0.896946,0.910022,0.897737,spectrum_fno48_floor6_smooth1_qc
run35_sparc_1421,sparc_1421,0.744425,0.681155,0.728537,0.715376,0.673653,0.704430,0.880591,0.888501,0.919096,0.922791,0.908961,0.882604,spectrum_fno48_floor6_smooth1_qc_peak4
run35_sparc_1427,sparc_1427,0.723692,0.696896,0.783119,0.723478,0.685878,0.766476,0.896640,0.899445,0.864248,0.648021,0.894027,0.915839,spectrum_fno48_floor6_smooth1_qc_peak4
run35_sparc_1430,sparc_1430,0.793683,0.826520,1.076912,0.792277,0.826455,0.932865,0.896823,0.898279,0.412456,0.979542,0.988123,0.960486,spectrum_fno48_floor6_smooth1_qc
run35_sparc_1440,sparc_1440,0.625502,0.640207,0.680162,0.613297,0.636502,0.679187,0.933538,0.936664,0.957681,0.595265,0.797792,0.623063,spectrum_fno48_floor6_smooth1_qc
run35_sparc_1501,sparc_1501,0.807997,0.826831,0.768124,0.794157,0.783224,0.734116,0.895154,0.900618,0.926415,0.972093,0.982238,0.869265,spectrum_fno48_floor6_smooth1_qc_mhi100
run35_sparc_1515,sparc_1515,0.631218,0.590729,0.638313,0.631074,0.590459,0.636783,0.930086,0.929651,0.947573,0.742760,0.785072,0.705379,spectrum_fno48_floor6_smooth1_qc_peak4
run35_sparc_1518,sparc_1518,0.650751,0.615222,0.666561,0.605719,0.575894,0.616083,0.909575,0.914750,0.937407,0.832021,0.838507,0.813020,spectrum_fno48_floor6_smooth1_qc_peak4
run35_sparc_1519,sparc_1519,0.712838,0.718620,0.742598,0.670970,0.686666,0.685840,0.907656,0.916723,0.946288,0.895652,0.912346,0.926376,spectrum_fno48_floor6_smooth1_qc
run35_sparc_1520,sparc_1520,0.698440,0.691811,0.720658,0.673251,0.671389,0.670921,0.908139,0.918465,0.929439,0.880134,0.889644,0.816029,spectrum_fno48_floor6_smooth1_qc_peak4
run35_sparc_1522,sparc_1522,0.939052,0.828078,0.919862,0.806730,0.787724,0.805568,0.863848,0.869021,0.888608,0.812759,0.821391,0.909861,spectrum_fno48_floor6_smooth1_qc_peak4
run35_sparc_1525,sparc_1525,0.640681,0.630207,0.718574,0.637800,0.629645,0.709156,0.907180,0.905065,0.919752,0.623892,0.882714,0.702898,spectrum_fno48_floor6_smooth1_qc_peak4
run36_sparc_1302,sparc_1302,1.302797,1.101275,1.392854,0.850368,0.810130,0.935815,0.903107,0.906843,0.947101,0.895801,0.795512,0.644972,spectrum_fno48_floor6_smooth1_qc_peak4
run36_sparc_1306,sparc_1306,1.488529,1.483417,1.465344,0.910922,0.915124,0.962233,0.915720,0.910575,0.909588,0.899991,0.921585,0.900548,spectrum_fno48_floor6_smooth1_qc_mhi100
run36_sparc_1307,sparc_1307,0.958896,1.014798,0.990773,0.796398,0.776534,0.835993,0.905053,0.906355,0.929132,0.865042,0.943069,0.964041,spectrum_fno48_floor6_smooth1_qc
run36_sparc_1353,sparc_1353,0.687618,0.690947,0.873618,0.634353,0.641787,0.759036,0.880368,0.884001,0.903021,0.909181,0.923102,0.881619,spectrum_fno48_floor6_smooth1_qc
run36_sparc_1355,sparc_1355,0.679033,0.595535,0.817847,0.604034,0.565719,0.728151,0.897804,0.900503,0.920644,0.743303,0.827597,0.869584,spectrum_fno48_floor6_smooth1_qc_peak4
run36_sparc_1358,sparc_1358,0.678418,0.615993,0.730669,0.607921,0.578632,0.672328,0.888918,0.889270,0.900911,0.768110,0.860046,0.593688,spectrum_fno48_floor6_smooth1_qc_peak4
run36_sparc_1364,sparc_1364,0.843926,0.757208,0.896437,0.769683,0.715543,0.794021,0.868175,0.878671,0.894753,0.898738,0.910608,0.911496,spectrum_fno48_floor6_smooth1_qc_peak4
run36_sparc_1400,sparc_1400,0.507081,0.472854,0.507966,0.480509,0.463703,0.498412,0.989328,0.990272,0.990339,0.627372,0.901453,0.533544,spectrum_fno48_floor6_smooth1_qc_peak4
run36_sparc_1414,sparc_1414,0.683862,0.670441,0.843446,0.635865,0.640064,0.743152,0.901149,0.905509,0.929511,0.563389,0.653509,0.777453,spectrum_fno48_floor6_smooth1_qc_peak4
run36_sparc_1417,sparc_1417,0.672921,0.635985,0.780249,0.640123,0.621264,0.742309,0.905106,0.907391,0.931938,0.564343,0.720995,0.691242,spectrum_fno48_floor6_smooth1_qc_peak4
run36_sparc_1426,sparc_1426,1.195086,1.245307,1.443491,0.829332,0.802523,0.960282,0.930755,0.915492,0.945242,0.733960,0.817381,0.815103,spectrum_fno48_floor6_smooth1_qc
run36_sparc_1502,sparc_1502,1.143085,1.075844,1.195248,0.828812,0.790461,0.933928,0.902816,0.881038,0.951015,0.857502,0.778121,0.604786,spectrum_fno48_floor6_smooth1_qc_peak4
run36_sparc_1507,sparc_1507,1.639554,1.474549,1.637976,0.924502,0.901176,0.966799,0.917692,0.917231,0.937825,0.899754,0.821742,0.812688,spectrum_fno48_floor6_smooth1_qc_peak4
run36_sparc_1513,sparc_1513,0.664982,0.619722,0.769681,0.635621,0.609179,0.728295,0.909324,0.911836,0.932909,0.607658,0.631748,0.647817,spectrum_fno48_floor6_smooth1_qc_peak4
run36_sparc_1522,sparc_1522,0.874748,0.821376,1.285246,0.697043,0.674904,0.827648,0.887043,0.895821,0.855798,0.889092,0.881497,0.951106,spectrum_fno48_floor6_smooth1_qc_peak4
run36_sparc_1523,sparc_1523,1.152447,0.871476,1.234291,0.800538,0.711399,0.820908,0.881526,0.890313,0.902058,0.930875,0.866184,0.891452,spectrum_fno48_floor6_smooth1_qc_peak4
run36_sparc_1525,sparc_1525,1.282990,1.159941,1.296569,0.832243,0.803907,0.954299,0.936077,0.930399,0.959961,0.638106,0.678972,0.728351,spectrum_fno48_floor6_smooth1_qc_peak4
run36_sparc_1527,sparc_1527,1.160390,1.177958,1.593386,0.849899,0.859974,0.957765,0.907161,0.842538,0.946669,0.739494,0.847360,0.761690,spectrum_fno48_floor6_smooth1_qc
run36_sparc_1529,sparc_1529,1.476560,1.253567,1.466016,0.908953,0.885507,0.937517,0.828999,0.808041,0.800432,0.856813,0.920283,0.830587,spectrum_fno48_floor6_smooth1_qc_peak4
run36_sparc_1530,sparc_1530,0.800860,0.703492,0.755886,0.793310,0.696769,0.743198,0.928831,0.917453,0.825297,0.806201,0.976769,0.935952,spectrum_fno48_floor6_smooth1_qc_peak4
run37_sparc_1300,sparc_1300,0.684313,0.706768,0.758215,0.652721,0.657237,0.655672,0.955463,0.959689,0.953621,0.813460,0.864337,0.870371,spectrum_fno48_floor6_smooth1_qc
run37_sparc_1305,sparc_1305,0.943840,0.895405,1.071991,0.745885,0.722127,0.886235,0.928153,0.927750,0.940949,0.728734,0.784653,0.811537,spectrum_fno48_floor6_smooth1_qc_peak4
run37_sparc_1306,sparc_1306,0.821942,0.903207,0.968629,0.818689,0.765397,0.877849,0.885111,0.870940,0.901622,0.624964,0.934509,0.752291,spectrum_fno48_floor6_smooth1_qc
run37_sparc_1313,sparc_1313,0.739335,0.688775,0.842062,0.723583,0.673674,0.841276,0.942890,0.944075,0.950589,0.766917,0.810940,0.757505,spectrum_fno48_floor6_smooth1_qc_peak4
run37_sparc_1314,sparc_1314,0.734068,0.677447,0.827194,0.718298,0.665227,0.824377,0.943890,0.945189,0.947313,0.768063,0.811365,0.770511,spectrum_fno48_floor6_smooth1_qc_peak4
run37_sparc_1317,sparc_1317,0.757950,0.680822,0.862781,0.757128,0.674076,0.850849,0.926574,0.926463,0.926766,0.565336,0.814914,0.741822,spectrum_fno48_floor6_smooth1_qc_peak4
run37_sparc_1318,sparc_1318,0.769226,0.678371,0.860370,0.768356,0.670145,0.847476,0.945098,0.935522,0.946184,0.604893,0.724953,0.607813,spectrum_fno48_floor6_smooth1_qc_peak4
run37_sparc_1359,sparc_1359,0.742476,0.691356,0.866706,0.739080,0.690457,0.857943,0.939012,0.935367,0.945221,0.656717,0.764721,0.618099,spectrum_fno48_floor6_smooth1_qc_peak4
run37_sparc_1364,sparc_1364,0.762306,0.741375,0.931109,0.759513,0.740276,0.911441,0.928789,0.933092,0.933008,0.607776,0.786640,0.669036,spectrum_fno48_floor6_smooth1_qc_peak4
run37_sparc_1400,sparc_1400,0.650093,0.617010,0.641822,0.647430,0.616879,0.641732,0.952388,0.969381,0.975285,0.869892,0.852748,0.906872,spectrum_fno48_floor6_smooth1_qc_peak4
run37_sparc_1402,sparc_1402,0.778673,0.685954,0.824918,0.595164,0.630067,0.674302,0.944717,0.938595,0.956896,0.925226,0.877977,0.832153,spectrum_fno48_floor6_smooth1_qc_peak4
run37_sparc_1403,sparc_1403,0.880317,0.997923,1.142905,0.721146,0.777570,0.915815,0.927856,0.916415,0.941252,0.664564,0.847516,0.814497,spectrum_fno48_floor6_smooth1_qc
run37_sparc_1406,sparc_1406,0.950072,0.953271,1.037117,0.768183,0.792531,0.886500,0.937528,0.938975,0.953764,0.848904,0.900363,0.747967,spectrum_fno48_floor6_smooth1_qc
run37_sparc_1407,sparc_1407,0.832058,0.886375,1.076606,0.750208,0.766183,0.898260,0.932395,0.932022,0.943329,0.773929,0.828371,0.860035,spectrum_fno48_floor6_smooth1_qc
run37_sparc_1408,sparc_1408,0.802055,0.726219,0.882794,0.798357,0.715406,0.857752,0.927230,0.928829,0.940895,0.611027,0.920133,0.627672,spectrum_fno48_floor6_smooth1_qc_peak4
run37_sparc_1413,sparc_1413,0.786661,0.723843,0.898184,0.776897,0.712492,0.894831,0.939593,0.942277,0.944523,0.648378,0.824697,0.633463,spectrum_fno48_floor6_smooth1_qc_peak4
run37_sparc_1414,sparc_1414,0.762961,0.694709,0.828647,0.745116,0.677852,0.828639,0.940474,0.943947,0.946284,0.609821,0.798465,0.629492,spectrum_fno48_floor6_smooth1_qc_peak4
run37_sparc_1423,sparc_1423,0.830930,0.725462,0.877665,0.797007,0.704323,0.840215,0.907321,0.910277,0.920765,0.776434,0.805305,0.790906,spectrum_fno48_floor6_smooth1_qc_peak4
run37_sparc_1425,sparc_1425,0.732953,0.683139,0.898270,0.722672,0.681397,0.846491,0.932313,0.933438,0.939569,0.724583,0.666722,0.664505,spectrum_fno48_floor6_smooth1_qc_peak4
run37_sparc_1500,sparc_1500,0.587198,0.548628,0.600351,0.581316,0.547478,0.582617,0.958190,0.976979,0.974806,0.918767,0.862967,0.914912,spectrum_fno48_floor6_smooth1_qc_peak4
run37_sparc_1501,sparc_1501,1.119834,1.086836,1.061687,0.875306,0.846936,0.909431,0.931161,0.930974,0.926208,0.858991,0.910177,0.881400,spectrum_fno48_floor6_smooth1_qc_mhi100
run37_sparc_1505,sparc_1505,0.861570,0.803351,0.966381,0.739240,0.719317,0.886785,0.926921,0.918304,0.936316,0.728957,0.837837,0.794299,spectrum_fno48_floor6_smooth1_qc_peak4
run37_sparc_1511,sparc_1511,0.783837,0.731701,0.875241,0.777368,0.711404,0.875222,0.942170,0.940451,0.944413,0.698800,0.866986,0.675402,spectrum_fno48_floor6_smooth1_qc_peak4
run37_sparc_1517,sparc_1517,0.761806,0.693219,0.842527,0.755943,0.685283,0.836747,0.933441,0.933275,0.933384,0.634930,0.808671,0.723630,spectrum_fno48_floor6_smooth1_qc_peak4
run37_sparc_1520,sparc_1520,0.761137,0.697758,0.844543,0.758212,0.693369,0.844539,0.932789,0.933124,0.935915,0.678155,0.843770,0.691022,spectrum_fno48_floor6_smooth1_qc_peak4
run37_sparc_1528,sparc_1528,0.715501,0.645625,0.907213,0.692464,0.639604,0.860094,0.915948,0.897757,0.925599,0.795485,0.767262,0.844305,spectrum_fno48_floor6_smooth1_qc_peak4
run38_sparc_1300,sparc_1300,0.529675,0.418647,0.484396,0.476091,0.403255,0.470220,0.989022,0.975845,0.981517,0.543959,0.604993,0.696153,spectrum_fno48_floor6_smooth1_qc_peak4
run38_sparc_1308,sparc_1308,0.836053,0.883307,0.906461,0.761779,0.770710,0.808709,0.901230,0.902518,0.933542,0.788266,0.929810,0.916631,spectrum_fno48_floor6_smooth1_qc
run38_sparc_1309,sparc_1309,0.968761,0.628075,0.859785,0.830506,0.614544,0.753636,0.878618,0.907534,0.903461,0.950561,0.882514,0.930973,spectrum_fno48_floor6_smooth1_qc_peak4
run38_sparc_1310,sparc_1310,0.791982,0.580982,0.769961,0.704685,0.559094,0.668662,0.915362,0.913761,0.940668,0.907083,0.647185,0.646367,spectrum_fno48_floor6_smooth1_qc_peak4
run38_sparc_1311,sparc_1311,0.731935,0.550916,0.700055,0.678007,0.540639,0.628373,0.913906,0.914596,0.939034,0.908292,0.580656,0.511926,spectrum_fno48_floor6_smooth1_qc_peak4
run38_sparc_1350,sparc_1350,0.571609,0.518665,0.679791,0.541062,0.497466,0.617781,0.929110,0.924601,0.950570,0.646982,0.687241,0.397829,spectrum_fno48_floor6_smooth1_qc_peak4
run38_sparc_1351,sparc_1351,0.599639,0.519388,0.644849,0.534636,0.491445,0.588360,0.918793,0.923438,0.945480,0.704162,0.779795,0.610102,spectrum_fno48_floor6_smooth1_qc_peak4
run38_sparc_1353,sparc_1353,0.577116,0.552040,0.671887,0.573577,0.552040,0.658743,0.897782,0.901463,0.921334,0.619210,0.827327,0.723752,spectrum_fno48_floor6_smooth1_qc_peak4
run38_sparc_1354,sparc_1354,0.589315,0.545533,0.664410,0.587456,0.545530,0.659813,0.873570,0.878375,0.911198,0.700050,0.815556,0.667874,spectrum_fno48_floor6_smooth1_qc_peak4
run38_sparc_1357,sparc_1357,1.019740,0.578343,0.875278,0.787653,0.567926,0.729174,0.899037,0.907056,0.934048,0.949343,0.750230,0.850892,spectrum_fno48_floor6_smooth1_qc_peak4
run38_sparc_1359,sparc_1359,0.517553,0.518727,0.643546,0.511531,0.505805,0.616322,0.911639,0.914892,0.933509,0.375793,0.860425,0.728690,spectrum_fno48_floor6_smooth1_qc
run38_sparc_1362,sparc_1362,0.502008,0.511772,0.640302,0.501972,0.505384,0.615507,0.885877,0.889330,0.918126,0.405415,0.877258,0.804084,spectrum_fno48_floor6_smooth1_qc
run38_sparc_1402,sparc_1402,1.088601,0.836551,1.064663,0.765989,0.623499,0.784945,0.931792,0.927577,0.946426,0.943006,0.887299,0.756083,spectrum_fno48_floor6_smooth1_qc_peak4
run38_sparc_1414,sparc_1414,0.591642,0.576426,0.650202,0.563999,0.534671,0.636114,0.933160,0.931505,0.955662,0.536866,0.575792,0.610656,spectrum_fno48_floor6_smooth1_qc_peak4
run38_sparc_1423,sparc_1423,1.783827,1.798826,1.731854,0.922199,0.906056,0.944981,0.585439,0.801371,0.799765,0.881482,0.859056,0.945461,spectrum_fno48_floor6_smooth1_qc_mhi100
run38_sparc_1426,sparc_1426,1.098346,1.022807,0.951010,0.893928,0.826207,0.848538,0.548180,0.407982,0.551347,0.968932,0.968470,0.956621,spectrum_fno48_floor6_smooth1_qc_mhi100
run38_sparc_1503,sparc_1503,1.104976,1.129050,0.980870,0.876952,0.800103,0.840309,0.844936,0.887617,0.923861,0.909433,0.933708,0.894365,spectrum_fno48_floor6_smooth1_qc_mhi100
run38_sparc_1513,sparc_1513,0.641456,0.606049,0.738975,0.567126,0.552388,0.633961,0.938774,0.937172,0.955992,0.631719,0.619788,0.532335,spectrum_fno48_floor6_smooth1_qc_peak4
run38_sparc_1514,sparc_1514,0.639545,0.585245,0.726095,0.565364,0.542298,0.633611,0.928964,0.930016,0.950125,0.620179,0.676679,0.761630,spectrum_fno48_floor6_smooth1_qc_peak4
run38_sparc_1515,sparc_1515,0.624891,0.560789,0.752371,0.562552,0.524621,0.637455,0.927014,0.928509,0.949743,0.580984,0.682273,0.473344,spectrum_fno48_floor6_smooth1_qc_peak4
run38_sparc_1516,sparc_1516,0.562908,0.549567,0.677191,0.550269,0.515908,0.646688,0.922526,0.925278,0.943449,0.482190,0.723622,0.606341,spectrum_fno48_floor6_smooth1_qc_peak4
run38_sparc_1519,sparc_1519,0.591344,0.610025,0.830619,0.583606,0.575536,0.739004,0.903555,0.902931,0.936070,0.708350,0.796634,0.867100,spectrum_fno48_floor6_smooth1_qc
run39_sparc_1313,sparc_1313,0.568063,0.625182,0.694354,0.568021,0.611888,0.673066,0.916729,0.913249,0.944166,0.774318,0.721915,0.709152,spectrum_fno48_floor6_smooth1_qc
run39_sparc_1316,sparc_1316,0.577185,0.643464,0.708058,0.576075,0.626273,0.692910,0.875809,0.879041,0.906459,0.710988,0.840461,0.752741,spectrum_fno48_floor6_smooth1_qc
run39_sparc_1351,sparc_1351,0.598182,0.651829,0.704897,0.594909,0.628411,0.690292,0.901420,0.903745,0.928133,0.684977,0.704314,0.721735,spectrum_fno48_floor6_smooth1_qc
run39_sparc_1352,sparc_1352,0.673708,0.741221,0.726335,0.648465,0.664138,0.702322,0.897061,0.899014,0.914154,0.498643,0.782494,0.485024,spectrum_fno48_floor6_smooth1_qc
run39_sparc_1358,sparc_1358,0.552736,0.590785,0.652917,0.544139,0.569896,0.638364,0.888370,0.896287,0.915018,0.837936,0.906481,0.487011,spectrum_fno48_floor6_smooth1_qc
run39_sparc_1364,sparc_1364,0.691730,0.706656,0.816474,0.688274,0.664157,0.751476,0.878201,0.880024,0.900273,0.636543,0.890538,0.745616,spectrum_fno48_floor6_smooth1_qc
run39_sparc_1404,sparc_1404,1.082692,0.887346,1.244791,0.758936,0.707258,0.882052,0.922318,0.918738,0.929574,0.943562,0.942543,0.936063,spectrum_fno48_floor6_smooth1_qc_peak4
run39_sparc_1406,sparc_1406,1.347723,1.260657,1.556647,0.839275,0.810825,0.929270,0.941384,0.942980,0.952266,0.720548,0.873551,0.765263,spectrum_fno48_floor6_smooth1_qc_peak4
run39_sparc_1413,sparc_1413,0.629230,0.661513,0.792334,0.597314,0.629937,0.729519,0.906897,0.905540,0.932808,0.539783,0.763341,0.470235,spectrum_fno48_floor6_smooth1_qc
run39_sparc_1415,sparc_1415,0.559895,0.620893,0.767672,0.549873,0.586327,0.704524,0.901028,0.903992,0.925038,0.757643,0.740782,0.577684,spectrum_fno48_floor6_smooth1_qc
run39_sparc_1420,sparc_1420,0.604037,0.646845,0.737849,0.588311,0.616912,0.693912,0.900869,0.896707,0.926042,0.728433,0.896039,0.569637,spectrum_fno48_floor6_smooth1_qc
run39_sparc_1423,sparc_1423,1.736739,1.594831,1.814360,0.865034,0.830625,0.926906,0.942250,0.951169,0.940863,0.847749,0.782930,0.690705,spectrum_fno48_floor6_smooth1_qc_peak4
run39_sparc_1425,sparc_1425,1.236618,1.243234,1.689097,0.844276,0.813176,0.962450,0.924440,0.924603,0.942573,0.854864,0.885690,0.820238,spectrum_fno48_floor6_smooth1_qc
run39_sparc_1507,sparc_1507,1.249142,1.253697,1.457092,0.842535,0.826879,0.936930,0.934823,0.937292,0.950668,0.782759,0.869054,0.710994,spectrum_fno48_floor6_smooth1_qc
run39_sparc_1513,sparc_1513,0.588937,0.643712,0.744738,0.551309,0.605505,0.733142,0.910344,0.913113,0.934480,0.551328,0.666947,0.315174,spectrum_fno48_floor6_smooth1_qc
run39_sparc_1520,sparc_1520,0.630143,0.638011,0.741353,0.614259,0.617885,0.699536,0.881138,0.888804,0.909442,0.840346,0.929080,0.861498,spectrum_fno48_floor6_smooth1_qc
run39_sparc_1522,sparc_1522,0.696422,0.670389,0.772491,0.671629,0.652251,0.738225,0.896954,0.892840,0.925067,0.751556,0.739069,0.806809,spectrum_fno48_floor6_smooth1_qc_peak4
run39_sparc_1524,sparc_1524,1.198023,0.935398,0.891548,0.866470,0.780442,0.783205,0.867811,0.876777,0.899957,0.902153,0.872843,0.771299,spectrum_fno48_floor6_smooth1_qc_mhi100
run39_sparc_1525,sparc_1525,1.221931,1.082412,1.651932,0.856574,0.816146,0.953237,0.945111,0.939004,0.958860,0.744629,0.817197,0.643466,spectrum_fno48_floor6_smooth1_qc_peak4
run3_sparc_1301,sparc_1301,0.711775,0.784877,0.723954,0.698632,0.772532,0.657682,0.943147,0.917168,0.942013,0.977693,0.988763,0.860400,spectrum_fno48_floor6_smooth1_qc
run3_sparc_1307,sparc_1307,0.982206,0.932292,1.080858,0.759859,0.753764,0.844507,0.918481,0.919407,0.873586,0.965483,0.946421,0.988222,spectrum_fno48_floor6_smooth1_qc_peak4
run3_sparc_1311,sparc_1311,0.881945,0.924308,0.830269,0.765163,0.833340,0.699024,0.874990,0.892213,0.939295,0.872762,0.878172,0.834181,spectrum_fno48_floor6_smooth1_qc_mhi100
run3_sparc_1314,sparc_1314,0.661190,0.730823,0.609437,0.639122,0.685930,0.592207,0.925554,0.921877,0.959192,0.525494,0.690898,0.543428,spectrum_fno48_floor6_smooth1_qc_mhi100
run3_sparc_1319,sparc_1319,0.691004,0.699001,0.668789,0.648096,0.657630,0.635738,0.922940,0.929922,0.953026,0.662022,0.716433,0.441192,spectrum_fno48_floor6_smooth1_qc_mhi100
run3_sparc_1349,sparc_1349,0.855372,0.745930,0.832322,0.743917,0.686433,0.706291,0.871738,0.906513,0.936233,0.901707,0.890147,0.909158,spectrum_fno48_floor6_smooth1_qc_peak4
run3_sparc_1352,sparc_1352,0.688082,0.725846,0.706048,0.687897,0.683634,0.702399,0.919194,0.920352,0.945408,0.490739,0.550315,0.612536,spectrum_fno48_floor6_smooth1_qc
run3_sparc_1355,sparc_1355,0.766192,0.724805,0.761053,0.700554,0.675220,0.694096,0.896790,0.914102,0.930009,0.756811,0.816418,0.797506,spectrum_fno48_floor6_smooth1_qc_peak4
run3_sparc_1365,sparc_1365,0.828202,0.789468,0.827015,0.706854,0.688114,0.696168,0.899642,0.914089,0.941313,0.731500,0.855628,0.846157,spectrum_fno48_floor6_smooth1_qc_peak4
run3_sparc_1401,sparc_1401,0.766097,0.877317,0.783378,0.686836,0.774512,0.704979,0.950882,0.919858,0.954168,0.979787,0.986918,0.908931,spectrum_fno48_floor6_smooth1_qc
run3_sparc_1402,sparc_1402,0.638610,0.667867,0.705880,0.620359,0.644080,0.705593,0.943135,0.944955,0.965276,0.661812,0.869237,0.778512,spectrum_fno48_floor6_smooth1_qc
run3_sparc_1404,sparc_1404,0.609256,0.568092,0.774931,0.603608,0.567868,0.723677,0.930389,0.935510,0.947415,0.787252,0.920772,0.954889,spectrum_fno48_floor6_smooth1_qc_peak4
run3_sparc_1410,sparc_1410,1.118926,1.009415,0.766202,0.872760,0.864296,0.745655,0.862983,0.890035,0.944119,0.889675,0.844247,0.725936,spectrum_fno48_floor6_smooth1_qc_mhi100
run3_sparc_1420,sparc_1420,0.746573,0.779698,0.717199,0.733453,0.770531,0.692723,0.893925,0.893999,0.945310,0.803186,0.921234,0.896389,spectrum_fno48_floor6_smooth1_qc_mhi100
run3_sparc_1423,sparc_1423,0.663630,0.702987,0.734895,0.652971,0.641634,0.715381,0.887511,0.908250,0.921805,0.893688,0.924976,0.926192,spectrum_fno48_floor6_smooth1_qc
run3_sparc_1425,sparc_1425,0.832433,0.779627,0.856374,0.817922,0.759042,0.802855,0.847819,0.866608,0.865579,0.911296,0.959131,0.966118,spectrum_fno48_floor6_smooth1_qc_peak4
run3_sparc_1503,sparc_1503,0.635836,0.604289,0.763006,0.635463,0.604208,0.729116,0.935463,0.940019,0.943870,0.829848,0.886359,0.959573,spectrum_fno48_floor6_smooth1_qc_peak4
run3_sparc_1504,sparc_1504,0.661950,0.634389,0.774522,0.654646,0.621485,0.748099,0.914502,0.917532,0.945618,0.739356,0.897816,0.846751,spectrum_fno48_floor6_smooth1_qc_peak4
run3_sparc_1505,sparc_1505,0.680899,0.657041,0.710554,0.678922,0.650741,0.710473,0.919162,0.923045,0.948996,0.691705,0.933303,0.840213,spectrum_fno48_floor6_smooth1_qc_peak4
run3_sparc_1508,sparc_1508,1.070389,1.127557,1.085260,0.951241,0.988141,0.999897,0.864534,0.848827,0.888476,0.758426,0.388044,0.256882,spectrum_fno48_floor6_smooth1_qc
run3_sparc_1518,sparc_1518,0.809246,0.897487,0.680601,0.680140,0.803795,0.633864,0.904832,0.897805,0.932179,0.762798,0.900090,0.694747,spectrum_fno48_floor6_smooth1_qc_mhi100
run3_sparc_1520,sparc_1520,0.865921,0.853154,0.806891,0.723933,0.743402,0.722753,0.885719,0.897268,0.920240,0.847489,0.920384,0.954004,spectrum_fno48_floor6_smooth1_qc_mhi100
run3_sparc_1521,sparc_1521,0.886648,0.841033,0.939413,0.778358,0.751239,0.757370,0.890651,0.892494,0.931643,0.743519,0.935801,0.810930,spectrum_fno48_floor6_smooth1_qc_peak4
run3_sparc_1527,sparc_1527,0.670679,0.636836,0.800296,0.669983,0.635402,0.749450,0.920231,0.913604,0.916913,0.838821,0.955320,0.964069,spectrum_fno48_floor6_smooth1_qc_peak4
run40_sparc_1303,sparc_1303,0.756962,0.632583,0.772727,0.663779,0.569787,0.679891,0.902852,0.912752,0.927608,0.825901,0.925986,0.854858,spectrum_fno48_floor6_smooth1_qc_peak4
run40_sparc_1304,sparc_1304,0.745912,0.699739,0.781043,0.745759,0.678569,0.780909,0.866812,0.891132,0.913027,0.912871,0.908015,0.855099,spectrum_fno48_floor6_smooth1_qc_peak4
run40_sparc_1308,sparc_1308,1.105130,1.225451,1.350634,0.842932,0.827577,0.862918,0.908716,0.902659,0.889950,0.790675,0.880799,0.908163,spectrum_fno48_floor6_smooth1_qc
run40_sparc_1309,sparc_1309,0.769074,0.711116,0.882273,0.706180,0.650149,0.813274,0.893062,0.900181,0.809423,0.936399,0.904207,0.943314,spectrum_fno48_floor6_smooth1_qc_peak4
run40_sparc_1314,sparc_1314,0.542177,0.512331,0.693960,0.534535,0.495088,0.637549,0.930481,0.929530,0.957818,0.710638,0.655814,0.627231,spectrum_fno48_floor6_smooth1_qc_peak4
run40_sparc_1319,sparc_1319,0.502517,0.589623,0.797168,0.494141,0.544868,0.660342,0.929687,0.931715,0.952256,0.582412,0.833647,0.712070,spectrum_fno48_floor6_smooth1_qc
run40_sparc_1350,sparc_1350,0.545944,0.515904,0.704126,0.535336,0.496229,0.646926,0.930853,0.929958,0.958326,0.692665,0.684009,0.608574,spectrum_fno48_floor6_smooth1_qc_peak4
run40_sparc_1353,sparc_1353,0.585200,0.622915,0.638410,0.572991,0.593411,0.606209,0.908944,0.909900,0.939626,0.682383,0.882334,0.683009,spectrum_fno48_floor6_smooth1_qc
run40_sparc_1362,sparc_1362,0.500898,0.541450,0.567262,0.500697,0.530432,0.560469,0.912666,0.913432,0.930333,0.467589,0.882397,0.578196,spectrum_fno48_floor6_smooth1_qc
run40_sparc_1363,sparc_1363,0.562436,0.573873,0.640732,0.557217,0.563968,0.622957,0.907772,0.910126,0.924121,0.807591,0.908228,0.746002,spectrum_fno48_floor6_smooth1_qc
run40_sparc_1402,sparc_1402,0.736976,0.661030,0.765949,0.699549,0.660938,0.761378,0.917070,0.903761,0.958408,0.611224,0.920725,0.898264,spectrum_fno48_floor6_smooth1_qc_peak4
run40_sparc_1403,sparc_1403,0.633108,0.543546,0.676508,0.633003,0.542076,0.675163,0.907999,0.914340,0.948152,0.805266,0.916738,0.728753,spectrum_fno48_floor6_smooth1_qc_peak4
run40_sparc_1408,sparc_1408,1.719486,1.630318,1.527265,0.988496,0.980602,0.992513,0.596640,0.517318,0.416498,0.868844,0.939813,0.947294,spectrum_fno48_floor6_smooth1_qc_mhi100
run40_sparc_1409,sparc_1409,0.653115,0.603704,0.760757,0.635189,0.592138,0.725066,0.919282,0.924401,0.918212,0.875235,0.891598,0.938365,spectrum_fno48_floor6_smooth1_qc_peak4
run40_sparc_1421,sparc_1421,0.585167,0.550598,0.720981,0.585038,0.548586,0.689200,0.905886,0.907076,0.926971,0.662749,0.672667,0.670482,spectrum_fno48_floor6_smooth1_qc_peak4
run40_sparc_1426,sparc_1426,0.753203,0.708494,0.790562,0.751094,0.700076,0.778604,0.886447,0.890344,0.918657,0.893092,0.853876,0.778397,spectrum_fno48_floor6_smooth1_qc_peak4
run40_sparc_1501,sparc_1501,0.616599,0.619757,0.716849,0.607400,0.574315,0.676226,0.914855,0.933187,0.943002,0.708117,0.893373,0.650235,spectrum_fno48_floor6_smooth1_qc
run40_sparc_1503,sparc_1503,0.633240,0.560505,0.704013,0.633223,0.557304,0.702930,0.894289,0.918914,0.938568,0.722147,0.879935,0.741215,spectrum_fno48_floor6_smooth1_qc_peak4
run40_sparc_1508,sparc_1508,1.626604,1.542818,1.549724,0.989464,0.982576,0.992951,0.594320,0.509481,0.454191,0.876279,0.942117,0.952906,spectrum_fno48_floor6_smooth1_qc_peak4
run40_sparc_1514,sparc_1514,0.563564,0.536135,0.702003,0.546108,0.504831,0.630377,0.933045,0.934056,0.953834,0.676915,0.848568,0.491775,spectrum_fno48_floor6_smooth1_qc_peak4
run40_sparc_1524,sparc_1524,0.856452,0.740611,0.892556,0.758835,0.697485,0.810137,0.888008,0.887174,0.898719,0.825825,0.685612,0.920276,spectrum_fno48_floor6_smooth1_qc_peak4
run40_sparc_1525,sparc_1525,0.820062,0.693398,0.801008,0.792548,0.672131,0.760715,0.864338,0.884906,0.917146,0.905404,0.852489,0.793532,spectrum_fno48_floor6_smooth1_qc_peak4
run40_sparc_1530,sparc_1530,0.484165,0.682754,1.110120,0.482468,0.564462,0.929398,0.919058,0.852172,0.582071,0.990593,0.996485,0.996781,spectrum_fno48_floor6_smooth1_qc
run41_sparc_1301,sparc_1301,0.631231,0.597678,0.738027,0.599853,0.536533,0.716365,0.937739,0.939253,0.944258,0.746486,0.951636,0.912586,spectrum_fno48_floor6_smooth1_qc_peak4
run41_sparc_1302,sparc_1302,0.935467,0.928450,1.119285,0.785169,0.755012,0.887484,0.934319,0.931509,0.945224,0.797710,0.897239,0.838834,spectrum_fno48_floor6_smooth1_qc_peak4
run41_sparc_1303,sparc_1303,1.145335,0.948291,1.281820,0.819293,0.786931,0.940276,0.926726,0.920622,0.947745,0.735563,0.749102,0.729002,spectrum_fno48_floor6_smooth1_qc_peak4
run41_sparc_1306,sparc_1306,1.367026,1.252617,1.404027,0.890348,0.894038,0.921803,0.815028,0.868594,0.873976,0.906074,0.909483,0.912713,spectrum_fno48_floor6_smooth1_qc_peak4
run41_sparc_1315,sparc_1315,1.774276,1.563499,1.647377,0.903677,0.909897,0.916965,0.516705,0.586193,0.568175,0.950663,0.950418,0.942954,spectrum_fno48_floor6_smooth1_qc_peak4
run41_sparc_1318,sparc_1318,0.862785,0.832012,1.004995,0.820389,0.773613,0.870336,0.870028,0.874583,0.899126,0.503022,0.724280,0.836283,spectrum_fno48_floor6_smooth1_qc_peak4
run41_sparc_1319,sparc_1319,0.783359,0.758482,0.905680,0.729435,0.704441,0.812963,0.885332,0.883970,0.907233,0.741047,0.821967,0.922668,spectrum_fno48_floor6_smooth1_qc_peak4
run41_sparc_1354,sparc_1354,1.189935,1.046451,1.138441,0.782468,0.734341,0.856829,0.806037,0.815215,0.738096,0.898139,0.937521,0.937573,spectrum_fno48_floor6_smooth1_qc_peak4
run41_sparc_1404,sparc_1404,1.107377,1.113588,1.189283,0.757159,0.765406,0.896441,0.920314,0.926516,0.944464,0.758597,0.785674,0.828190,spectrum_fno48_floor6_smooth1_qc
run41_sparc_1416,sparc_1416,0.694272,0.601798,0.802094,0.673038,0.597991,0.780462,0.887157,0.893206,0.868278,0.638014,0.767680,0.687538,spectrum_fno48_floor6_smooth1_qc_peak4
run41_sparc_1420,sparc_1420,0.806196,0.774112,0.922659,0.727165,0.680993,0.836795,0.765159,0.819621,0.626362,0.609116,0.842632,0.760743,spectrum_fno48_floor6_smooth1_qc_peak4
run41_sparc_1502,sparc_1502,0.944048,1.036215,1.202001,0.727613,0.756524,0.880013,0.955044,0.949587,0.965902,0.702305,0.878247,0.748671,spectrum_fno48_floor6_smooth1_qc
run41_sparc_1506,sparc_1506,1.265024,1.176559,1.362722,0.816856,0.832439,0.925221,0.932087,0.933985,0.946473,0.858377,0.889565,0.874582,spectrum_fno48_floor6_smooth1_qc_peak4
run41_sparc_1507,sparc_1507,1.023483,1.259671,1.277045,0.759040,0.818805,0.888065,0.932992,0.932841,0.946386,0.612669,0.788555,0.779152,spectrum_fno48_floor6_smooth1_qc
run41_sparc_1510,sparc_1510,0.659491,0.627653,0.821604,0.646689,0.613452,0.787579,0.922660,0.920531,0.936717,0.509505,0.686028,0.678470,spectrum_fno48_floor6_smooth1_qc_peak4
run41_sparc_1520,sparc_1520,0.683663,0.625694,0.886406,0.667891,0.619643,0.809668,0.867201,0.897245,0.900000,0.206174,0.696367,0.500868,spectrum_fno48_floor6_smooth1_qc_peak4
run41_sparc_1521,sparc_1521,0.896947,0.686629,0.957531,0.744167,0.658151,0.824387,0.903485,0.906227,0.926214,0.670374,0.584564,0.612957,spectrum_fno48_floor6_smooth1_qc_peak4
run41_sparc_1525,sparc_1525,0.877575,0.878295,1.102286,0.705555,0.692510,0.851189,0.936921,0.934310,0.949497,0.681994,0.645638,0.763436,spectrum_fno48_floor6_smooth1_qc
run41_sparc_1526,sparc_1526,0.839595,0.893024,1.086735,0.708036,0.692969,0.864853,0.934096,0.929481,0.953715,0.749487,0.827094,0.724406,spectrum_fno48_floor6_smooth1_qc
run42_sparc_1317,sparc_1317,0.630866,0.766526,1.059718,0.629941,0.717838,0.834529,0.886150,0.902511,0.918364,0.519511,0.610215,0.603087,spectrum_fno48_floor6_smooth1_qc
run42_sparc_1354,sparc_1354,0.830579,0.735315,0.928610,0.830567,0.735266,0.891108,0.876374,0.882372,0.891909,0.579102,0.892587,0.856073,spectrum_fno48_floor6_smooth1_qc_peak4
run42_sparc_1356,sparc_1356,0.912375,0.802101,1.113252,0.868937,0.798625,0.893890,0.889833,0.900079,0.912518,0.656042,0.750867,0.791336,spectrum_fno48_floor6_smooth1_qc_peak4
run42_sparc_1359,sparc_1359,0.627986,0.761500,0.752511,0.602451,0.711813,0.727657,0.908021,0.906745,0.928301,0.313174,0.836928,0.498992,spectrum_fno48_floor6_smooth1_qc
run42_sparc_1363,sparc_1363,0.721682,0.687919,0.801734,0.676530,0.651957,0.780894,0.897085,0.897772,0.930359,0.695460,0.798363,0.687454,spectrum_fno48_floor6_smooth1_qc_peak4
run42_sparc_1364,sparc_1364,0.585399,0.631528,0.878989,0.585031,0.626032,0.828213,0.881780,0.880989,0.905794,0.465010,0.634811,0.845491,spectrum_fno48_floor6_smooth1_qc
run42_sparc_1365,sparc_1365,0.632787,0.792607,0.816636,0.631495,0.707502,0.750663,0.891558,0.889232,0.919026,0.580201,0.800832,0.731667,spectrum_fno48_floor6_smooth1_qc
run42_sparc_1404,sparc_1404,1.056651,0.976644,1.232115,0.808004,0.798831,0.912317,0.920523,0.922777,0.943570,0.799799,0.849081,0.837324,spectrum_fno48_floor6_smooth1_qc_peak4
run42_sparc_1411,sparc_1411,0.673539,0.625435,0.812513,0.651623,0.624624,0.809790,0.919033,0.909325,0.932598,0.264229,0.487898,0.505061,spectrum_fno48_floor6_smooth1_qc_peak4
run42_sparc_1418,sparc_1418,0.950635,0.803861,1.042614,0.941080,0.734539,0.875118,0.868482,0.895266,0.906994,0.290080,0.773851,0.820721,spectrum_fno48_floor6_smooth1_qc_peak4
run42_sparc_1423,sparc_1423,1.084541,0.773785,1.239020,0.854697,0.700770,0.925514,0.913046,0.937654,0.927421,0.801338,0.760857,0.875398,spectrum_fno48_floor6_smooth1_qc_peak4
run42_sparc_1424,sparc_1424,0.976688,0.847295,1.105022,0.800172,0.750545,0.895620,0.935594,0.946076,0.955443,0.789975,0.801189,0.847356,spectrum_fno48_floor6_smooth1_qc_peak4
run42_sparc_1503,sparc_1503,0.892205,0.957420,1.176837,0.715495,0.741549,0.879537,0.935158,0.945411,0.954953,0.771410,0.780490,0.784794,spectrum_fno48_floor6_smooth1_qc
run42_sparc_1508,sparc_1508,0.749307,0.660172,0.971890,0.679003,0.640300,0.844092,0.930085,0.930419,0.949556,0.697334,0.734558,0.681294,spectrum_fno48_floor6_smooth1_qc_peak4
run42_sparc_1511,sparc_1511,0.688009,0.656735,0.934176,0.687723,0.652004,0.867959,0.906299,0.894218,0.858678,0.248856,0.449457,0.682476,spectrum_fno48_floor6_smooth1_qc_peak4
run42_sparc_1512,sparc_1512,0.682512,0.642435,0.925559,0.681368,0.640272,0.856236,0.885559,0.889362,0.914964,0.348197,0.670531,0.753818,spectrum_fno48_floor6_smooth1_qc_peak4
run42_sparc_1513,sparc_1513,0.876743,0.766094,0.937542,0.810496,0.728912,0.899900,0.838394,0.873465,0.839911,0.689811,0.672302,0.780903,spectrum_fno48_floor6_smooth1_qc_peak4
run42_sparc_1528,sparc_1528,0.896250,0.826321,0.982672,0.741906,0.724973,0.885007,0.871185,0.829215,0.906945,0.700152,0.847244,0.864689,spectrum_fno48_floor6_smooth1_qc_peak4
run43_sparc_1349,sparc_1349,0.847211,0.808071,0.709132,0.768771,0.766237,0.701089,0.917527,0.921288,0.940769,0.827547,0.831453,0.600788,spectrum_fno48_floor6_smooth1_qc_mhi100
run43_sparc_1356,sparc_1356,0.742576,0.780172,0.705912,0.742569,0.779967,0.705036,0.895388,0.894479,0.900509,0.801348,0.948047,0.660784,spectrum_fno48_floor6_smooth1_qc_mhi100
run43_sparc_1358,sparc_1358,0.902121,0.791367,0.782457,0.792919,0.725622,0.723266,0.879605,0.895873,0.938743,0.881525,0.812863,0.622836,spectrum_fno48_floor6_smooth1_qc_mhi100
run43_sparc_1404,sparc_1404,0.794419,0.694146,0.787139,0.720352,0.651541,0.747931,0.893624,0.922958,0.930324,0.897682,0.945801,0.904856,spectrum_fno48_floor6_smooth1_qc_peak4
run43_sparc_1405,sparc_1405,0.755107,0.779293,0.824891,0.698462,0.716230,0.774634,0.911308,0.909322,0.929865,0.815913,0.920164,0.941366,spectrum_fno48_floor6_smooth1_qc
run43_sparc_1411,sparc_1411,0.738657,0.667853,0.675372,0.717917,0.662630,0.673802,0.912328,0.913095,0.930087,0.813050,0.896355,0.608696,spectrum_fno48_floor6_smooth1_qc_peak4
run43_sparc_1413,sparc_1413,0.818926,0.757864,0.733228,0.760560,0.752908,0.710361,0.912633,0.910945,0.945803,0.662591,0.834888,0.592228,spectrum_fno48_floor6_smooth1_qc_mhi100
run43_sparc_1414,sparc_1414,0.893041,0.850457,0.778237,0.799839,0.799281,0.754524,0.888111,0.891023,0.904985,0.758288,0.891167,0.785463,spectrum_fno48_floor6_smooth1_qc_mhi100
run43_sparc_1422,sparc_1422,1.348672,1.396517,1.122643,0.965258,0.959217,0.923790,0.799125,0.844344,0.900800,0.974414,0.973296,0.893031,spectrum_fno48_floor6_smooth1_qc_mhi100
run43_sparc_1424,sparc_1424,0.787794,0.823773,0.757852,0.725744,0.736173,0.719450,0.886733,0.878005,0.926035,0.805365,0.889889,0.913966,spectrum_fno48_floor6_smooth1_qc_mhi100
run43_sparc_1427,sparc_1427,0.637706,0.654991,0.682945,0.627797,0.631010,0.682118,0.899970,0.895617,0.911604,0.857314,0.896475,0.947886,spectrum_fno48_floor6_smooth1_qc
run43_sparc_1440,sparc_1440,0.705785,0.696281,0.732351,0.664414,0.651846,0.698920,0.939135,0.935637,0.964515,0.842319,0.843031,0.829134,spectrum_fno48_floor6_smooth1_qc_peak4
run43_sparc_1530,sparc_1530,1.108751,0.816470,1.293536,0.965200,0.805583,0.999976,0.793877,0.432810,-0.134056,0.989543,0.995745,0.992440,spectrum_fno48_floor6_smooth1_qc_peak4
run44_sparc_1310,sparc_1310,0.797337,0.722763,0.858371,0.792025,0.678806,0.857163,0.866109,0.900588,0.901495,0.353957,0.530141,0.446971,spectrum_fno48_floor6_smooth1_qc_peak4
run44_sparc_1315,sparc_1315,0.832772,0.776012,0.874578,0.787927,0.732592,0.809188,0.902060,0.916305,0.940389,0.669858,0.669114,0.548200,spectrum_fno48_floor6_smooth1_qc_peak4
run44_sparc_1319,sparc_1319,0.886917,0.905738,0.937114,0.813746,0.789946,0.846106,0.884518,0.890493,0.909252,0.790622,0.869751,0.856013,spectrum_fno48_floor6_smooth1_qc
run44_sparc_1350,sparc_1350,0.846684,0.836092,0.892467,0.815500,0.781929,0.836524,0.905426,0.912744,0.944339,0.741492,0.662871,0.639043,spectrum_fno48_floor6_smooth1_qc_peak4
run44_sparc_1357,sparc_1357,0.880510,0.895450,0.962698,0.874465,0.895035,0.922675,0.860908,0.863200,0.906010,0.894033,0.783497,0.761089,spectrum_fno48_floor6_smooth1_qc
run44_sparc_1362,sparc_1362,0.899781,0.792962,0.760982,0.801693,0.713399,0.725701,0.876064,0.894425,0.919377,0.919148,0.833368,0.703925,spectrum_fno48_floor6_smooth1_qc_mhi100
run44_sparc_1416,sparc_1416,0.878574,0.848652,1.060884,0.859656,0.824559,0.933480,0.770530,0.872387,0.865038,0.498946,0.670708,0.808644,spectrum_fno48_floor6_smooth1_qc_peak4
run44_sparc_1422,sparc_1422,0.847061,0.815700,0.900404,0.827630,0.805777,0.886102,0.889153,0.901001,0.919995,0.871499,0.809419,0.686067,spectrum_fno48_floor6_smooth1_qc_peak4
run44_sparc_1423,sparc_1423,0.860437,0.895051,1.028449,0.785012,0.763204,0.915344,0.927381,0.925538,0.936484,0.808433,0.796886,0.911301,spectrum_fno48_floor6_smooth1_qc
run44_sparc_1425,sparc_1425,0.916807,0.955795,1.236962,0.783670,0.739915,0.894113,0.932462,0.929600,0.952266,0.638157,0.763778,0.759852,spectrum_fno48_floor6_smooth1_qc
run44_sparc_1427,sparc_1427,1.024542,0.889105,1.127133,0.843440,0.752982,0.918847,0.879006,0.894265,0.901108,0.716814,0.846878,0.847281,spectrum_fno48_floor6_smooth1_qc_peak4
run44_sparc_1430,sparc_1430,0.782139,0.748508,1.060652,0.728883,0.704535,0.901228,0.894772,0.904344,0.919934,0.586451,0.859375,0.449032,spectrum_fno48_floor6_smooth1_qc_peak4
run44_sparc_1505,sparc_1505,1.350770,1.119227,1.626656,0.873704,0.839365,0.942728,0.920399,0.915034,0.928539,0.846064,0.859600,0.948797,spectrum_fno48_floor6_smooth1_qc_peak4
run44_sparc_1506,sparc_1506,1.469990,1.440447,1.810684,0.908027,0.875437,0.941733,0.924005,0.930995,0.940152,0.695182,0.716448,0.892569,spectrum_fno48_floor6_smooth1_qc_peak4
run44_sparc_1508,sparc_1508,0.845702,0.860738,1.137612,0.701342,0.687234,0.875537,0.931420,0.931583,0.949172,0.403567,0.789511,0.797689,spectrum_fno48_floor6_smooth1_qc
run44_sparc_1513,sparc_1513,0.841131,0.784494,1.090564,0.830288,0.736462,0.886790,0.788728,0.854699,0.903189,0.509951,0.718690,0.759449,spectrum_fno48_floor6_smooth1_qc_peak4
run44_sparc_1515,sparc_1515,1.008820,0.869975,1.089762,0.880491,0.769379,0.899809,0.853778,0.882656,0.896155,0.889504,0.922774,0.945236,spectrum_fno48_floor6_smooth1_qc_peak4
run44_sparc_1517,sparc_1517,1.242212,0.793777,1.046807,0.883490,0.779134,0.902665,0.848128,0.906061,0.908090,0.908828,0.870516,0.926717,spectrum_fno48_floor6_smooth1_qc_peak4
run44_sparc_1524,sparc_1524,1.432440,0.945008,1.325740,0.822937,0.801825,0.901147,0.703298,0.715116,0.778311,0.961589,0.966471,0.966225,spectrum_fno48_floor6_smooth1_qc_peak4
run45_sparc_1308,sparc_1308,1.184233,1.291268,1.248510,0.795796,0.805315,0.853572,0.915909,0.909700,0.925032,0.809118,0.864476,0.902335,spectrum_fno48_floor6_smooth1_qc
run45_sparc_1313,sparc_1313,0.656808,0.609852,0.763520,0.620628,0.570571,0.722451,0.898089,0.897565,0.927742,0.394020,0.641209,0.664004,spectrum_fno48_floor6_smooth1_qc_peak4
run45_sparc_1314,sparc_1314,0.643434,0.603070,0.765013,0.617989,0.570254,0.718284,0.895310,0.898073,0.927176,0.404664,0.636915,0.585829,spectrum_fno48_floor6_smooth1_qc_peak4
run45_sparc_1353,sparc_1353,0.717265,0.619943,0.741015,0.657160,0.602292,0.730939,0.901351,0.901650,0.930378,0.846015,0.912021,0.767992,spectrum_fno48_floor6_smooth1_qc_peak4
run45_sparc_1356,sparc_1356,0.772128,0.664313,0.817278,0.705981,0.618582,0.736797,0.895246,0.895696,0.921247,0.624029,0.653356,0.747858,spectrum_fno48_floor6_smooth1_qc_peak4
run45_sparc_1364,sparc_1364,0.681936,0.640229,0.913932,0.642252,0.623600,0.784432,0.867236,0.866923,0.889409,0.808044,0.913982,0.804216,spectrum_fno48_floor6_smooth1_qc_peak4
run45_sparc_1365,sparc_1365,0.737157,0.623448,0.720875,0.694293,0.607353,0.695633,0.895732,0.900030,0.922595,0.746947,0.741551,0.733802,spectrum_fno48_floor6_smooth1_qc_peak4
run45_sparc_1408,sparc_1408,1.327018,1.224453,1.345468,0.920162,0.882964,0.957684,0.923403,0.922652,0.935877,0.832426,0.776801,0.911586,spectrum_fno48_floor6_smooth1_qc_peak4
run45_sparc_1414,sparc_1414,0.687295,0.591434,0.823810,0.654934,0.577735,0.747453,0.917950,0.924700,0.943673,0.486286,0.598955,0.822516,spectrum_fno48_floor6_smooth1_qc_peak4
run45_sparc_1427,sparc_1427,1.147915,1.069113,1.195998,0.876386,0.842597,0.956593,0.904950,0.907814,0.931157,0.720768,0.620150,0.850728,spectrum_fno48_floor6_smooth1_qc_peak4
run45_sparc_1430,sparc_1430,1.147694,0.834305,1.004782,0.790893,0.682111,0.810522,0.816037,0.862697,0.907355,0.939578,0.925979,0.910890,spectrum_fno48_floor6_smooth1_qc_peak4
run45_sparc_1441,sparc_1441,1.305176,1.123269,1.727139,0.867420,0.905209,0.972506,0.936283,0.922920,0.954400,0.476342,0.553813,0.868249,spectrum_fno48_floor6_smooth1_qc_peak4
run45_sparc_1501,sparc_1501,0.604642,0.572580,0.627043,0.596343,0.562874,0.621956,0.967854,0.956366,0.953824,0.642417,0.932985,0.845474,spectrum_fno48_floor6_smooth1_qc_peak4
run45_sparc_1505,sparc_1505,1.080843,1.201987,1.670160,0.816801,0.866346,0.962331,0.880031,0.899697,0.920885,0.704960,0.793258,0.908173,spectrum_fno48_floor6_smooth1_qc
run45_sparc_1506,sparc_1506,1.404545,1.343614,1.990425,0.898253,0.915891,0.984334,0.903143,0.904263,0.917595,0.668575,0.799417,0.866711,spectrum_fno48_floor6_smooth1_qc_peak4
run45_sparc_1512,sparc_1512,0.633008,0.598154,0.752668,0.625743,0.586170,0.726427,0.904023,0.908267,0.936379,0.656212,0.575562,0.586964,spectrum_fno48_floor6_smooth1_qc_peak4
run45_sparc_1513,sparc_1513,0.678645,0.584487,0.772269,0.637645,0.571881,0.725297,0.911676,0.912596,0.933255,0.719317,0.544019,0.685427,spectrum_fno48_floor6_smooth1_qc_peak4
run45_sparc_1514,sparc_1514,0.671042,0.590116,0.755784,0.652450,0.573445,0.738651,0.914475,0.916595,0.936986,0.716155,0.535628,0.688372,spectrum_fno48_floor6_smooth1_qc_peak4
run45_sparc_1518,sparc_1518,0.641131,0.646595,0.848301,0.622303,0.609664,0.776574,0.900122,0.904221,0.921593,0.461275,0.621375,0.818130,spectrum_fno48_floor6_smooth1_qc
run45_sparc_1524,sparc_1524,1.016030,0.870287,1.159347,0.841495,0.768509,0.893800,0.872015,0.880084,0.910669,0.907189,0.878127,0.962387,spectrum_fno48_floor6_smooth1_qc_peak4
run45_sparc_1593,sparc_1593,0.933102,0.718138,0.902067,0.740275,0.673329,0.793497,0.948789,0.953133,0.959840,0.927419,0.947004,0.866376,spectrum_fno48_floor6_smooth1_qc_peak4
run46_sparc_1300,sparc_1300,0.450107,0.445229,0.513005,0.442495,0.427775,0.484760,0.985611,0.987301,0.986983,0.963477,0.911510,0.936434,spectrum_fno48_floor6_smooth1_qc_peak4
run46_sparc_1301,sparc_1301,0.807724,0.573313,0.798567,0.700973,0.553439,0.666101,0.941379,0.939223,0.936893,0.715566,0.921560,0.910238,spectrum_fno48_floor6_smooth1_qc_peak4
run46_sparc_1302,sparc_1302,0.864984,0.844194,1.282306,0.722620,0.761326,0.924643,0.921143,0.933274,0.937755,0.656811,0.940988,0.916583,spectrum_fno48_floor6_smooth1_qc_peak4
run46_sparc_1305,sparc_1305,1.339033,1.208284,1.424238,0.825059,0.832075,0.945711,0.929180,0.929869,0.945770,0.745239,0.802363,0.787388,spectrum_fno48_floor6_smooth1_qc_peak4
run46_sparc_1308,sparc_1308,1.305087,1.279574,1.395977,0.811168,0.807854,0.837515,0.892800,0.875032,0.915572,0.863471,0.924836,0.956903,spectrum_fno48_floor6_smooth1_qc_peak4
run46_sparc_1317,sparc_1317,0.790260,0.727146,0.871194,0.747636,0.705014,0.801698,0.888963,0.887819,0.906781,0.873199,0.874496,0.927542,spectrum_fno48_floor6_smooth1_qc_peak4
run46_sparc_1318,sparc_1318,0.811646,0.744894,0.920380,0.754253,0.699722,0.803870,0.875059,0.872613,0.884356,0.909223,0.906901,0.948352,spectrum_fno48_floor6_smooth1_qc_peak4
run46_sparc_1319,sparc_1319,0.829339,0.751733,1.000407,0.755101,0.703041,0.808049,0.868827,0.866084,0.876476,0.903645,0.906195,0.951186,spectrum_fno48_floor6_smooth1_qc_peak4
run46_sparc_1349,sparc_1349,0.723283,0.745996,0.831257,0.676203,0.705148,0.765384,0.878133,0.882416,0.915060,0.911477,0.933349,0.837395,spectrum_fno48_floor6_smooth1_qc
run46_sparc_1360,sparc_1360,0.738958,0.633863,0.678469,0.688216,0.600802,0.676601,0.878423,0.881962,0.910332,0.807111,0.831798,0.624907,spectrum_fno48_floor6_smooth1_qc_peak4
run46_sparc_1364,sparc_1364,1.271091,0.834405,1.223705,0.874893,0.744603,0.862203,0.816652,0.844704,0.872136,0.934494,0.855395,0.932730,spectrum_fno48_floor6_smooth1_qc_peak4
run46_sparc_1365,sparc_1365,0.694609,0.647623,0.771988,0.634156,0.599050,0.696311,0.872431,0.881568,0.892906,0.711826,0.731488,0.746977,spectrum_fno48_floor6_smooth1_qc_peak4
run46_sparc_1409,sparc_1409,0.877975,0.846491,0.952324,0.846492,0.761063,0.854774,0.851987,0.865742,0.833077,0.933138,0.973598,0.973258,spectrum_fno48_floor6_smooth1_qc_peak4
run46_sparc_1410,sparc_1410,0.822270,0.777964,1.037959,0.760239,0.719106,0.824526,0.871042,0.878095,0.888975,0.569161,0.841870,0.868812,spectrum_fno48_floor6_smooth1_qc_peak4
run46_sparc_1411,sparc_1411,0.783237,0.750440,0.866483,0.756946,0.712719,0.793736,0.870526,0.876433,0.904794,0.615836,0.825857,0.814267,spectrum_fno48_floor6_smooth1_qc_peak4
run46_sparc_1414,sparc_1414,0.806009,0.754421,0.824357,0.741159,0.685073,0.767994,0.895213,0.898877,0.925133,0.614745,0.725704,0.600877,spectrum_fno48_floor6_smooth1_qc_peak4
run46_sparc_1415,sparc_1415,0.825607,0.759067,0.799395,0.746650,0.677776,0.760238,0.899043,0.903630,0.920360,0.621030,0.727510,0.616859,spectrum_fno48_floor6_smooth1_qc_peak4
run46_sparc_1423,sparc_1423,1.448933,1.368820,1.643652,0.830190,0.825468,0.937456,0.916913,0.932065,0.923406,0.797473,0.811098,0.823490,spectrum_fno48_floor6_smooth1_qc_peak4
run46_sparc_1425,sparc_1425,0.960015,1.179429,1.409626,0.732566,0.781239,0.936573,0.935472,0.924135,0.944569,0.654490,0.785733,0.873708,spectrum_fno48_floor6_smooth1_qc
run46_sparc_1428,sparc_1428,1.265396,1.298006,1.621808,0.890750,0.899489,0.954560,0.919020,0.928054,0.944574,0.828772,0.657654,0.835856,spectrum_fno48_floor6_smooth1_qc
run46_sparc_1440,sparc_1440,1.369261,1.318093,1.500808,0.861996,0.877215,0.957247,0.933677,0.937837,0.945765,0.846472,0.895890,0.784895,spectrum_fno48_floor6_smooth1_qc_peak4
run46_sparc_1441,sparc_1441,1.344088,1.300757,1.462072,0.860150,0.874996,0.956659,0.934680,0.938514,0.944958,0.851159,0.896152,0.783304,spectrum_fno48_floor6_smooth1_qc_peak4
run46_sparc_1501,sparc_1501,0.829568,0.628356,0.798167,0.647061,0.571456,0.659925,0.934865,0.928973,0.939779,0.831687,0.828659,0.684683,spectrum_fno48_floor6_smooth1_qc_peak4
run46_sparc_1511,sparc_1511,0.779403,0.733802,0.808951,0.728994,0.684551,0.752342,0.890515,0.887491,0.916171,0.422666,0.651401,0.754429,spectrum_fno48_floor6_smooth1_qc_peak4
run46_sparc_1516,sparc_1516,0.815226,0.763631,0.850119,0.749946,0.692993,0.741074,0.877619,0.888371,0.917672,0.514848,0.664111,0.738688,spectrum_fno48_floor6_smooth1_qc_peak4
run46_sparc_1520,sparc_1520,0.767665,0.737363,0.834607,0.664289,0.661373,0.738803,0.890953,0.889672,0.916928,0.651146,0.753209,0.633886,spectrum_fno48_floor6_smooth1_qc_peak4
run46_sparc_1524,sparc_1524,1.169453,1.045199,1.385740,0.810204,0.772692,0.855638,0.855293,0.872416,0.857225,0.959246,0.945104,0.972674,spectrum_fno48_floor6_smooth1_qc_peak4
run47_sparc_1308,sparc_1308,0.876189,0.739967,0.869501,0.777180,0.734296,0.844259,0.672298,0.820052,0.824249,0.973702,0.969754,0.970173,spectrum_fno48_floor6_smooth1_qc_peak4
run47_sparc_1319,sparc_1319,0.615308,0.548706,0.691741,0.611614,0.543671,0.641133,0.924818,0.928219,0.952393,0.708090,0.861921,0.628441,spectrum_fno48_floor6_smooth1_qc_peak4
run47_sparc_1355,sparc_1355,0.831362,0.703107,0.786271,0.683531,0.649776,0.694416,0.907986,0.918487,0.925886,0.838681,0.914483,0.845115,spectrum_fno48_floor6_smooth1_qc_peak4
run47_sparc_1360,sparc_1360,0.701741,0.657232,0.766585,0.616603,0.604776,0.667552,0.917204,0.920623,0.938617,0.843188,0.861054,0.882502,spectrum_fno48_floor6_smooth1_qc_peak4
run47_sparc_1364,sparc_1364,0.721582,0.772556,0.852724,0.693714,0.713465,0.751494,0.914842,0.910247,0.921922,0.866537,0.911408,0.934688,spectrum_fno48_floor6_smooth1_qc
run47_sparc_1413,sparc_1413,0.666340,0.654656,0.663951,0.652268,0.614255,0.633522,0.933595,0.932820,0.954252,0.503545,0.831887,0.502648,spectrum_fno48_floor6_smooth1_qc_peak4
run47_sparc_1418,sparc_1418,0.615591,0.541431,0.658860,0.575582,0.527390,0.634096,0.923081,0.924215,0.940063,0.570137,0.692737,0.759048,spectrum_fno48_floor6_smooth1_qc_peak4
run47_sparc_1424,sparc_1424,0.673631,0.660607,0.797666,0.673274,0.654580,0.788492,0.890945,0.903273,0.912262,0.878584,0.756083,0.963429,spectrum_fno48_floor6_smooth1_qc_peak4
run47_sparc_1425,sparc_1425,0.723427,0.723169,0.858485,0.675172,0.649155,0.765276,0.894694,0.897420,0.916830,0.805122,0.872918,0.952927,spectrum_fno48_floor6_smooth1_qc_peak4
run47_sparc_1429,sparc_1429,0.753353,0.748608,0.856756,0.740461,0.717790,0.802493,0.872723,0.907283,0.923731,0.967341,0.974459,0.968330,spectrum_fno48_floor6_smooth1_qc_peak4
run47_sparc_1505,sparc_1505,0.612872,0.621242,0.717754,0.606511,0.596595,0.699782,0.922101,0.920985,0.938901,0.762277,0.897663,0.834882,spectrum_fno48_floor6_smooth1_qc
run47_sparc_1509,sparc_1509,0.905246,0.816928,0.832675,0.829059,0.773597,0.785917,0.898503,0.911349,0.924707,0.935963,0.954600,0.964753,spectrum_fno48_floor6_smooth1_qc_peak4
run47_sparc_1516,sparc_1516,0.584855,0.572655,0.691583,0.565150,0.556856,0.654694,0.921870,0.924946,0.948067,0.560355,0.817710,0.836226,spectrum_fno48_floor6_smooth1_qc_peak4
run47_sparc_1517,sparc_1517,0.596688,0.560486,0.678047,0.566042,0.539805,0.670940,0.929856,0.930127,0.948418,0.555381,0.830097,0.786068,spectrum_fno48_floor6_smooth1_qc_peak4
run47_sparc_1522,sparc_1522,0.994844,0.849783,0.961074,0.844856,0.777075,0.812636,0.902666,0.900682,0.892615,0.907730,0.845821,0.956589,spectrum_fno48_floor6_smooth1_qc_peak4
run47_sparc_1524,sparc_1524,1.207677,1.075574,1.448069,0.900301,0.884230,0.924126,0.843553,0.849095,0.869309,0.939793,0.878262,0.971608,spectrum_fno48_floor6_smooth1_qc_peak4
run47_sparc_1529,sparc_1529,0.691997,0.781387,0.822273,0.680013,0.756335,0.810037,0.757269,0.533441,0.890006,0.893890,0.919860,0.872431,spectrum_fno48_floor6_smooth1_qc
run48_sparc_1301,sparc_1301,1.037680,0.919786,0.709258,0.850131,0.800140,0.656417,0.876918,0.905283,0.947158,0.981009,0.981812,0.848629,spectrum_fno48_floor6_smooth1_qc_mhi100
run48_sparc_1306,sparc_1306,0.797191,0.941667,0.754877,0.776837,0.800452,0.751127,0.850675,0.866582,0.877044,0.956602,0.955388,0.791378,spectrum_fno48_floor6_smooth1_qc_mhi100
run48_sparc_1309,sparc_1309,0.685198,0.648286,0.792308,0.667734,0.642109,0.748251,0.915122,0.918733,0.920922,0.875472,0.908406,0.958032,spectrum_fno48_floor6_smooth1_qc_peak4
run48_sparc_1315,sparc_1315,0.651766,0.636737,0.628368,0.635264,0.609104,0.599551,0.927356,0.929065,0.951940,0.876991,0.868670,0.750093,spectrum_fno48_floor6_smooth1_qc_mhi100
run48_sparc_1317,sparc_1317,0.522993,0.533915,0.616541,0.522975,0.529255,0.587885,0.930567,0.927729,0.950854,0.751058,0.797099,0.524943,spectrum_fno48_floor6_smooth1_qc
run48_sparc_1360,sparc_1360,0.604872,0.599904,0.805022,0.595060,0.576442,0.676753,0.913795,0.912939,0.939342,0.561885,0.711204,0.707566,spectrum_fno48_floor6_smooth1_qc_peak4
run48_sparc_1401,sparc_1401,0.955855,0.917910,0.865195,0.922293,0.891476,0.837801,0.805236,0.853646,0.879778,0.979451,0.978411,0.919490,spectrum_fno48_floor6_smooth1_qc_mhi100
run48_sparc_1409,sparc_1409,0.695220,0.724247,0.743753,0.687846,0.714482,0.720771,0.917099,0.925467,0.938620,0.602780,0.803319,0.845579,spectrum_fno48_floor6_smooth1_qc
run48_sparc_1413,sparc_1413,0.529355,0.590117,0.646039,0.528297,0.556834,0.605567,0.931138,0.928972,0.952454,0.918588,0.886368,0.733988,spectrum_fno48_floor6_smooth1_qc
run48_sparc_1420,sparc_1420,0.529322,0.577889,0.647556,0.510640,0.555553,0.619405,0.909730,0.914137,0.939057,0.643214,0.910069,0.883378,spectrum_fno48_floor6_smooth1_qc
run48_sparc_1423,sparc_1423,0.624979,0.679565,0.708141,0.624977,0.654852,0.705895,0.905821,0.911606,0.938999,0.594144,0.915872,0.809601,spectrum_fno48_floor6_smooth1_qc
run48_sparc_1427,sparc_1427,0.617856,0.683923,0.714082,0.615708,0.640322,0.685457,0.916247,0.906283,0.945997,0.751253,0.915292,0.802423,spectrum_fno48_floor6_smooth1_qc
run48_sparc_1500,sparc_1500,0.404887,0.399993,0.522614,0.372561,0.398324,0.521188,0.993755,0.992267,0.993882,0.682381,0.711864,0.784437,spectrum_fno48_floor6_smooth1_qc_peak4
run48_sparc_1501,sparc_1501,0.913351,0.815399,0.760454,0.868734,0.811565,0.729317,0.857229,0.904304,0.949736,0.978132,0.973808,0.715181,spectrum_fno48_floor6_smooth1_qc_mhi100
run48_sparc_1503,sparc_1503,0.641226,0.621072,0.692524,0.634148,0.616825,0.686952,0.932940,0.933851,0.955312,0.788620,0.861476,0.716616,spectrum_fno48_floor6_smooth1_qc_peak4
run48_sparc_1508,sparc_1508,0.661446,0.616087,0.757749,0.645646,0.614793,0.738600,0.912630,0.922500,0.942343,0.866685,0.829434,0.902555,spectrum_fno48_floor6_smooth1_qc_peak4
run48_sparc_1516,sparc_1516,0.548188,0.553595,0.623452,0.529366,0.531150,0.605567,0.932580,0.935109,0.953651,0.756309,0.718718,0.719861,spectrum_fno48_floor6_smooth1_qc
run48_sparc_1520,sparc_1520,0.572039,0.614699,0.723316,0.562095,0.596291,0.679771,0.905973,0.912797,0.931075,0.647068,0.926208,0.905885,spectrum_fno48_floor6_smooth1_qc
run48_sparc_1528,sparc_1528,0.693258,0.699595,0.778022,0.689137,0.677632,0.767678,0.918581,0.927179,0.941159,0.768106,0.826054,0.852138,spectrum_fno48_floor6_smooth1_qc
run49_sparc_1302,sparc_1302,1.081111,0.999760,0.831666,0.961515,0.922447,0.823593,0.833824,0.877804,0.927397,0.980741,0.985180,0.947340,spectrum_fno48_floor6_smooth1_qc_mhi100
run49_sparc_1303,sparc_1303,0.745591,0.813111,0.732610,0.728263,0.794781,0.725843,0.947013,0.939868,0.958235,0.948572,0.977870,0.902036,spectrum_fno48_floor6_smooth1_qc_mhi100
run49_sparc_1304,sparc_1304,0.829262,0.794728,0.790201,0.805897,0.782976,0.774990,0.928303,0.935654,0.942278,0.945351,0.962847,0.889228,spectrum_fno48_floor6_smooth1_qc_mhi100
run49_sparc_1309,sparc_1309,1.245625,1.343225,1.005262,0.909233,0.939012,0.889568,0.721497,0.709609,0.836574,0.921574,0.929658,0.871901,spectrum_fno48_floor6_smooth1_qc_mhi100
run49_sparc_1311,sparc_1311,0.995604,0.974128,1.111144,0.903744,0.858260,0.878508,0.880136,0.885815,0.898815,0.925367,0.951037,0.957868,spectrum_fno48_floor6_smooth1_qc_peak4
run49_sparc_1349,sparc_1349,1.045118,1.030024,1.092371,0.896919,0.892458,0.882760,0.883849,0.888397,0.915735,0.943668,0.949412,0.955355,spectrum_fno48_floor6_smooth1_qc_peak4
run49_sparc_1352,sparc_1352,0.807357,0.755058,0.804640,0.769924,0.724305,0.759820,0.858053,0.850771,0.870628,0.780085,0.899202,0.811650,spectrum_fno48_floor6_smooth1_qc_peak4
run49_sparc_1356,sparc_1356,1.072892,1.033495,0.942435,0.875353,0.877608,0.847926,0.844627,0.864942,0.907031,0.938961,0.944132,0.871056,spectrum_fno48_floor6_smooth1_qc_mhi100
run49_sparc_1359,sparc_1359,1.260174,1.362113,1.148786,0.976924,0.972941,0.950019,0.899980,0.905101,0.940558,0.967487,0.958884,0.831891,spectrum_fno48_floor6_smooth1_qc_mhi100
run49_sparc_1363,sparc_1363,0.987783,1.068750,0.917475,0.880740,0.895926,0.857324,0.865246,0.878573,0.899092,0.833560,0.910751,0.809383,spectrum_fno48_floor6_smooth1_qc_mhi100
run49_sparc_1365,sparc_1365,1.115555,1.096938,1.179166,0.966730,0.954731,0.942715,0.880022,0.885291,0.921220,0.881556,0.955817,0.911998,spectrum_fno48_floor6_smooth1_qc_peak4
run49_sparc_1403,sparc_1403,0.725763,0.813949,0.727858,0.719178,0.794397,0.727737,0.950701,0.943403,0.954753,0.917087,0.971882,0.662710,spectrum_fno48_floor6_smooth1_qc
run49_sparc_1404,sparc_1404,0.745473,0.785900,0.730816,0.740167,0.773195,0.718354,0.924161,0.928761,0.952565,0.905709,0.963719,0.891653,spectrum_fno48_floor6_smooth1_qc_mhi100
run49_sparc_1412,sparc_1412,1.157730,1.129351,1.029918,0.887428,0.877292,0.884222,0.896348,0.905164,0.944008,0.883968,0.910078,0.784952,spectrum_fno48_floor6_smooth1_qc_mhi100
run49_sparc_1416,sparc_1416,1.314272,1.231902,1.009290,0.906202,0.902597,0.879955,0.883114,0.880272,0.885972,0.835053,0.870423,0.846349,spectrum_fno48_floor6_smooth1_qc_mhi100
run49_sparc_1418,sparc_1418,1.269987,1.269490,1.003408,0.930650,0.930115,0.906156,0.859069,0.853838,0.906298,0.948859,0.950447,0.917590,spectrum_fno48_floor6_smooth1_qc_mhi100
run49_sparc_1424,sparc_1424,0.863110,0.906976,0.836201,0.827959,0.825204,0.783799,0.907536,0.918904,0.941029,0.937218,0.963073,0.928855,spectrum_fno48_floor6_smooth1_qc_mhi100
run49_sparc_1425,sparc_1425,0.914521,1.085516,0.887018,0.779345,0.820720,0.756263,0.894955,0.873314,0.857279,0.959770,0.970943,0.937520,spectrum_fno48_floor6_smooth1_qc_mhi100
run49_sparc_1428,sparc_1428,0.794550,0.801939,0.759960,0.792761,0.755284,0.732556,0.872755,0.921731,0.912630,0.960904,0.957300,0.879400,spectrum_fno48_floor6_smooth1_qc_mhi100
run49_sparc_1429,sparc_1429,1.007187,1.074773,0.861074,0.925462,0.893325,0.706610,0.851096,0.872209,0.915771,0.971647,0.981373,0.911565,spectrum_fno48_floor6_smooth1_qc_mhi100
run49_sparc_1505,sparc_1505,0.772706,0.818979,0.764128,0.767576,0.805038,0.763707,0.932977,0.920909,0.951770,0.927697,0.971126,0.895965,spectrum_fno48_floor6_smooth1_qc_mhi100
run49_sparc_1510,sparc_1510,1.225306,1.494737,1.307813,0.901500,0.901501,0.897189,0.874770,0.867157,0.933114,0.823831,0.905902,0.824339,spectrum_fno48_floor6_smooth1_qc
run49_sparc_1512,sparc_1512,1.251692,1.876718,1.121652,0.864469,0.871029,0.877287,0.889607,0.887918,0.919398,0.833006,0.952252,0.933083,spectrum_fno48_floor6_smooth1_qc_mhi100
run49_sparc_1515,sparc_1515,1.394793,1.417485,1.142598,0.939589,0.936787,0.919825,0.898046,0.896784,0.919489,0.822656,0.882683,0.802054,spectrum_fno48_floor6_smooth1_qc_mhi100
run49_sparc_1516,sparc_1516,1.228596,1.272121,1.071997,0.911046,0.908909,0.886792,0.889610,0.889845,0.919747,0.962328,0.975370,0.946992,spectrum_fno48_floor6_smooth1_qc_mhi100
run49_sparc_1517,sparc_1517,1.204737,1.164321,0.973196,0.939089,0.936400,0.918557,0.874430,0.868109,0.928493,0.933088,0.965747,0.942468,spectrum_fno48_floor6_smooth1_qc_mhi100
run49_sparc_1519,sparc_1519,1.465072,1.437868,1.242743,0.976471,0.976076,0.962059,0.885848,0.890812,0.933905,0.965644,0.954496,0.905246,spectrum_fno48_floor6_smooth1_qc_mhi100
run4_sparc_1301,sparc_1301,0.729943,0.662551,0.755315,0.713231,0.631234,0.707355,0.805221,0.887256,0.913290,0.884971,0.933291,0.887815,spectrum_fno48_floor6_smooth1_qc_peak4
run4_sparc_1305,sparc_1305,0.807722,0.667375,1.095127,0.740999,0.659201,0.856125,0.866232,0.889091,0.790172,0.841308,0.911024,0.861170,spectrum_fno48_floor6_smooth1_qc_peak4
run4_sparc_1309,sparc_1309,0.916050,0.665813,0.806851,0.801451,0.622505,0.744809,0.897422,0.913278,0.924181,0.947750,0.890518,0.935293,spectrum_fno48_floor6_smooth1_qc_peak4
run4_sparc_1314,sparc_1314,0.535022,0.491720,0.655964,0.534166,0.490973,0.632578,0.929697,0.926519,0.952324,0.560137,0.712131,0.652674,spectrum_fno48_floor6_smooth1_qc_peak4
run4_sparc_1315,sparc_1315,0.538877,0.490857,0.627436,0.538376,0.489763,0.623130,0.923483,0.919985,0.948655,0.545711,0.688042,0.541222,spectrum_fno48_floor6_smooth1_qc_peak4
run4_sparc_1356,sparc_1356,0.729303,0.605515,0.708317,0.650661,0.573341,0.683954,0.907622,0.909895,0.930818,0.782820,0.881971,0.751302,spectrum_fno48_floor6_smooth1_qc_peak4
run4_sparc_1357,sparc_1357,1.023500,0.638363,0.914638,0.773241,0.581780,0.717812,0.897873,0.908902,0.931486,0.940388,0.776889,0.843192,spectrum_fno48_floor6_smooth1_qc_peak4
run4_sparc_1358,sparc_1358,0.576460,0.502548,0.617896,0.556492,0.495686,0.596878,0.891949,0.894657,0.924983,0.672977,0.896608,0.507129,spectrum_fno48_floor6_smooth1_qc_peak4
run4_sparc_1361,sparc_1361,0.491715,0.516336,0.618017,0.488234,0.498780,0.589000,0.899569,0.902369,0.931680,0.444998,0.884455,0.775472,spectrum_fno48_floor6_smooth1_qc
run4_sparc_1415,sparc_1415,0.599054,0.556097,0.762099,0.529860,0.510781,0.660708,0.933500,0.933472,0.951019,0.605571,0.587022,0.508777,spectrum_fno48_floor6_smooth1_qc_peak4
run4_sparc_1422,sparc_1422,0.679608,0.642355,0.770637,0.645722,0.592447,0.713952,0.910344,0.907459,0.939619,0.708661,0.841100,0.752658,spectrum_fno48_floor6_smooth1_qc_peak4
run4_sparc_1427,sparc_1427,0.790113,0.757899,0.790206,0.783581,0.736340,0.786969,0.876872,0.905324,0.929613,0.729674,0.801696,0.766188,spectrum_fno48_floor6_smooth1_qc_peak4
run4_sparc_1441,sparc_1441,0.809732,0.714277,0.893475,0.728945,0.642394,0.771562,0.910363,0.925549,0.925953,0.897733,0.939850,0.909680,spectrum_fno48_floor6_smooth1_qc_peak4
run4_sparc_1500,sparc_1500,0.657069,0.465910,0.618029,0.554332,0.438453,0.603133,0.989194,0.987301,0.987882,0.615681,0.693031,0.759414,spectrum_fno48_floor6_smooth1_qc_peak4
run4_sparc_1507,sparc_1507,1.841751,1.525240,1.984213,0.906080,0.914024,0.966141,0.911122,0.911951,0.917843,0.804500,0.734147,0.933351,spectrum_fno48_floor6_smooth1_qc_peak4
run4_sparc_1511,sparc_1511,0.568977,0.586783,0.665294,0.551407,0.556916,0.618436,0.935796,0.932661,0.956571,0.691623,0.696045,0.501484,spectrum_fno48_floor6_smooth1_qc
run4_sparc_1512,sparc_1512,0.576240,0.602006,0.691569,0.551715,0.571385,0.624900,0.935824,0.934176,0.957044,0.725256,0.692948,0.584711,spectrum_fno48_floor6_smooth1_qc
run4_sparc_1518,sparc_1518,0.597957,0.565962,0.691122,0.555390,0.532767,0.658021,0.921594,0.921611,0.947032,0.539438,0.744964,0.601217,spectrum_fno48_floor6_smooth1_qc_peak4
run4_sparc_1519,sparc_1519,0.594908,0.607094,0.758192,0.578031,0.590256,0.716857,0.894005,0.898760,0.930920,0.818332,0.923291,0.893548,spectrum_fno48_floor6_smooth1_qc
run4_sparc_1529,sparc_1529,1.543136,0.957204,1.989479,0.825764,0.671332,0.913881,0.867007,0.878556,0.860975,0.947869,0.907254,0.874414,spectrum_fno48_floor6_smooth1_qc_peak4
run4_sparc_1593,sparc_1593,1.294902,0.922667,0.935334,0.786905,0.666355,0.732280,0.906675,0.920183,0.921756,0.944889,0.905214,0.811223,spectrum_fno48_floor6_smooth1_qc_peak4
run50_sparc_1300,sparc_1300,0.626069,0.664427,0.769612,0.612723,0.628253,0.724314,0.967327,0.972698,0.973305,0.978899,0.950923,0.936968,spectrum_fno48_floor6_smooth1_qc
run50_sparc_1301,sparc_1301,0.763611,0.730041,0.858584,0.757133,0.620489,0.782294,0.926485,0.941648,0.945913,0.770797,0.930843,0.896974,spectrum_fno48_floor6_smooth1_qc_peak4
run50_sparc_1305,sparc_1305,1.004720,1.031450,1.279752,0.834196,0.842463,0.965539,0.900691,0.912011,0.934214,0.861994,0.894408,0.897041,spectrum_fno48_floor6_smooth1_qc
run50_sparc_1306,sparc_1306,1.446458,1.201220,1.255466,0.930530,0.917869,0.957099,0.863002,0.853887,0.906357,0.786663,0.927618,0.916954,spectrum_fno48_floor6_smooth1_qc_peak4
run50_sparc_1307,sparc_1307,1.221025,1.249903,1.311300,0.813804,0.849469,0.895535,0.906517,0.894785,0.896767,0.777405,0.884049,0.904926,spectrum_fno48_floor6_smooth1_qc
run50_sparc_1316,sparc_1316,0.472449,0.726951,0.870904,0.466715,0.635059,0.717828,0.877102,0.881642,0.917134,0.640949,0.786314,0.621237,spectrum_fno48_floor6_smooth1_qc
run50_sparc_1350,sparc_1350,0.509492,0.731222,0.785192,0.488480,0.637157,0.688180,0.909667,0.907243,0.939466,0.359111,0.735612,0.647426,spectrum_fno48_floor6_smooth1_qc
run50_sparc_1356,sparc_1356,0.640390,0.777374,0.965043,0.606183,0.665297,0.768645,0.883164,0.885400,0.916714,0.225782,0.845026,0.878151,spectrum_fno48_floor6_smooth1_qc
run50_sparc_1357,sparc_1357,0.517838,0.711644,0.869239,0.505564,0.656066,0.753697,0.878336,0.879052,0.903644,0.366601,0.801701,0.864294,spectrum_fno48_floor6_smooth1_qc
run50_sparc_1358,sparc_1358,0.553461,0.789159,0.815012,0.553456,0.663343,0.707795,0.869698,0.873464,0.913663,0.291394,0.885402,0.734651,spectrum_fno48_floor6_smooth1_qc
run50_sparc_1361,sparc_1361,0.585998,0.777923,0.827240,0.549789,0.661756,0.722725,0.881611,0.881166,0.922892,0.215083,0.877095,0.693490,spectrum_fno48_floor6_smooth1_qc
run50_sparc_1413,sparc_1413,0.715669,0.799246,0.933631,0.579757,0.654470,0.724367,0.909405,0.908478,0.936788,0.401030,0.807515,0.833804,spectrum_fno48_floor6_smooth1_qc
run50_sparc_1415,sparc_1415,0.508754,0.764110,0.834468,0.502341,0.674170,0.721464,0.906729,0.906701,0.919797,0.286969,0.864257,0.782790,spectrum_fno48_floor6_smooth1_qc
run50_sparc_1418,sparc_1418,0.552722,0.786427,0.860558,0.552055,0.697222,0.750290,0.889070,0.890129,0.913385,0.510327,0.893141,0.824247,spectrum_fno48_floor6_smooth1_qc
run50_sparc_1424,sparc_1424,1.526044,1.023041,1.430349,0.842913,0.788792,0.942223,0.895220,0.913083,0.934273,0.714510,0.812084,0.902307,spectrum_fno48_floor6_smooth1_qc_peak4
run50_sparc_1428,sparc_1428,1.411384,2.087118,1.996860,0.976437,0.971037,0.987831,0.849985,0.880014,0.892770,0.775047,0.896143,0.951816,spectrum_fno48_floor6_smooth1_qc
run50_sparc_1441,sparc_1441,1.502096,1.374153,1.269314,0.901850,0.873805,0.965857,0.941843,0.939861,0.959383,0.795894,0.727398,0.412666,spectrum_fno48_floor6_smooth1_qc_mhi100
run50_sparc_1500,sparc_1500,1.231666,0.704777,0.920356,0.952906,0.701616,0.843384,0.951381,0.973737,0.971952,0.988438,0.974685,0.961240,spectrum_fno48_floor6_smooth1_qc_peak4
run50_sparc_1504,sparc_1504,0.993830,0.876780,1.279965,0.839039,0.824080,0.943319,0.864617,0.835820,0.884363,0.963761,0.974990,0.967354,spectrum_fno48_floor6_smooth1_qc_peak4
run50_sparc_1506,sparc_1506,1.406395,1.372762,1.339200,0.882662,0.888629,0.972880,0.927309,0.937566,0.944950,0.703463,0.844365,0.943341,spectrum_fno48_floor6_smooth1_qc_mhi100
run50_sparc_1508,sparc_1508,1.366795,1.329600,1.555117,0.851135,0.839040,0.935256,0.906850,0.909702,0.893730,0.734849,0.783508,0.877783,spectrum_fno48_floor6_smooth1_qc_peak4
run50_sparc_1512,sparc_1512,0.894190,0.749802,0.888909,0.714291,0.662623,0.735011,0.894791,0.910090,0.932639,0.832221,0.894460,0.784336,spectrum_fno48_floor6_smooth1_qc_peak4
run50_sparc_1517,sparc_1517,0.572186,0.800850,0.863855,0.563481,0.692298,0.745927,0.884558,0.886280,0.917428,0.502443,0.886480,0.769783,spectrum_fno48_floor6_smooth1_qc
run50_sparc_1521,sparc_1521,1.270489,1.216381,1.663052,0.892322,0.867641,0.927454,0.790821,0.802880,0.839531,0.975590,0.982889,0.977109,spectrum_fno48_floor6_smooth1_qc_peak4
run50_sparc_1523,sparc_1523,1.194700,1.122214,1.110816,0.874143,0.806511,0.873929,0.808472,0.854462,0.897671,0.963065,0.970495,0.962272,spectrum_fno48_floor6_smooth1_qc_mhi100
run50_sparc_1524,sparc_1524,1.183889,1.108419,1.005487,0.884731,0.839641,0.891445,0.802003,0.863647,0.885232,0.979579,0.972543,0.977602,spectrum_fno48_floor6_smooth1_qc_mhi100
run50_sparc_1527,sparc_1527,1.232084,1.098680,1.570219,0.851688,0.834068,0.963543,0.906980,0.911578,0.946992,0.660248,0.669595,0.832930,spectrum_fno48_floor6_smooth1_qc_peak4
run50_sparc_1528,sparc_1528,1.152614,1.265836,1.733844,0.882612,0.865333,0.978828,0.808903,0.787088,0.755232,0.858325,0.787179,0.922460,spectrum_fno48_floor6_smooth1_qc
run51_sparc_1300,sparc_1300,0.869732,0.745174,0.692303,0.869679,0.733975,0.691900,0.995146,0.991956,0.995598,0.497863,0.599934,0.942822,spectrum_fno48_floor6_smooth1_qc_mhi100
run51_sparc_1361,sparc_1361,1.672459,1.638517,0.895214,0.983912,0.983260,0.877385,0.899912,0.909415,0.912144,0.922532,0.927876,0.921498,spectrum_fno48_floor6_smooth1_qc_mhi100
run51_sparc_1412,sparc_1412,1.505084,1.513148,1.066090,0.963612,0.961331,0.935994,0.876487,0.888514,0.947290,0.897386,0.912589,0.726864,spectrum_fno48_floor6_smooth1_qc_mhi100
run51_sparc_1416,sparc_1416,1.585276,1.631205,0.830346,0.951956,0.948946,0.796447,0.877501,0.908027,0.938087,0.966114,0.980144,0.908259,spectrum_fno48_floor6_smooth1_qc_mhi100
run51_sparc_1417,sparc_1417,1.789339,1.926295,0.948038,0.972361,0.971581,0.882167,0.892413,0.903697,0.938595,0.960017,0.972376,0.772881,spectrum_fno48_floor6_smooth1_qc_mhi100
run51_sparc_1419,sparc_1419,1.408818,1.394564,0.867594,0.973134,0.971720,0.845817,0.881901,0.906496,0.937965,0.979033,0.970447,0.775977,spectrum_fno48_floor6_smooth1_qc_mhi100
run51_sparc_1423,sparc_1423,0.889795,0.888674,0.870541,0.877114,0.871358,0.824929,0.824682,0.763459,0.828081,0.931095,0.968638,0.935981,spectrum_fno48_floor6_smooth1_qc_mhi100
run51_sparc_1425,sparc_1425,0.917109,0.925638,0.787562,0.801964,0.754845,0.734612,0.895598,0.905459,0.940110,0.945720,0.940918,0.882315,spectrum_fno48_floor6_smooth1_qc_mhi100
run51_sparc_1441,sparc_1441,0.817288,0.845973,0.748061,0.801056,0.816237,0.726174,0.935601,0.928663,0.970895,0.935858,0.963302,0.731322,spectrum_fno48_floor6_smooth1_qc_mhi100
run51_sparc_1501,sparc_1501,1.166199,1.105332,0.873453,0.975116,0.976790,0.792883,0.968464,0.965428,0.965052,0.946414,0.948338,0.945116,spectrum_fno48_floor6_smooth1_qc_mhi100
run51_sparc_1503,sparc_1503,0.802789,0.885681,0.781492,0.790842,0.833871,0.752400,0.930206,0.914842,0.949235,0.952655,0.975092,0.938782,spectrum_fno48_floor6_smooth1_qc_mhi100
run51_sparc_1507,sparc_1507,0.792163,0.826090,0.743304,0.782405,0.815196,0.742398,0.934560,0.923563,0.940378,0.959646,0.973090,0.935265,spectrum_fno48_floor6_smooth1_qc_mhi100
run51_sparc_1509,sparc_1509,1.159965,1.160804,1.308668,0.976383,0.974932,0.948861,0.877235,0.895292,0.903465,0.945853,0.929701,0.837174,spectrum_fno48_floor6_smooth1_qc
run51_sparc_1515,sparc_1515,1.815878,1.648674,0.865752,0.951756,0.949317,0.860181,0.884189,0.883670,0.932253,0.902086,0.940484,0.845023,spectrum_fno48_floor6_smooth1_qc_mhi100
run51_sparc_1518,sparc_1518,1.459323,1.437655,0.834916,0.971479,0.970912,0.834386,0.891390,0.892809,0.924451,0.936564,0.944488,0.913164,spectrum_fno48_floor6_smooth1_qc_mhi100
run51_sparc_1519,sparc_1519,1.679637,1.519874,0.828615,0.982938,0.981840,0.810187,0.866317,0.899927,0.936731,0.957065,0.944935,0.836769,spectrum_fno48_floor6_smooth1_qc_mhi100
run51_sparc_1523,sparc_1523,1.388309,1.296170,0.876203,0.977317,0.976307,0.828811,0.845115,0.864334,0.911611,0.865494,0.892104,0.915621,spectrum_fno48_floor6_smooth1_qc_mhi100
run51_sparc_1527,sparc_1527,0.821403,0.857583,0.777420,0.821374,0.833908,0.777139,0.901059,0.887648,0.927243,0.945849,0.971521,0.857563,spectrum_fno48_floor6_smooth1_qc_mhi100
run51_sparc_1528,sparc_1528,0.928755,0.907812,0.768461,0.915016,0.895267,0.767944,0.876872,0.879013,0.892728,0.955177,0.975558,0.876213,spectrum_fno48_floor6_smooth1_qc_mhi100
run51_sparc_1593,sparc_1593,0.821351,0.858824,0.733513,0.807675,0.833307,0.727587,0.909755,0.885120,0.941786,0.952547,0.970610,0.899551,spectrum_fno48_floor6_smooth1_qc_mhi100
run52_sparc_1303,sparc_1303,1.094343,0.972173,1.114036,0.830191,0.823827,0.913830,0.929225,0.933359,0.922093,0.972416,0.969360,0.965850,spectrum_fno48_floor6_smooth1_qc_peak4
run52_sparc_1307,sparc_1307,1.163929,1.128704,1.081890,0.776752,0.784598,0.850971,0.916875,0.911660,0.930037,0.913518,0.936589,0.959913,spectrum_fno48_floor6_smooth1_qc_mhi100
run52_sparc_1310,sparc_1310,0.676455,0.755387,0.959693,0.617507,0.673702,0.822154,0.904901,0.870492,0.920539,0.698991,0.902473,0.788174,spectrum_fno48_floor6_smooth1_qc
run52_sparc_1316,sparc_1316,0.515334,0.637706,0.770595,0.515229,0.597152,0.714385,0.889166,0.893268,0.917072,0.693243,0.804079,0.575807,spectrum_fno48_floor6_smooth1_qc
run52_sparc_1317,sparc_1317,0.493176,0.638866,0.824835,0.492916,0.596762,0.751018,0.910092,0.907951,0.935270,0.467185,0.712825,0.693093,spectrum_fno48_floor6_smooth1_qc
run52_sparc_1350,sparc_1350,0.473640,0.584732,0.746367,0.472879,0.554203,0.686796,0.919840,0.915990,0.941883,0.793240,0.677940,0.442123,spectrum_fno48_floor6_smooth1_qc
run52_sparc_1354,sparc_1354,0.471859,0.576225,0.728117,0.459280,0.562335,0.659650,0.892521,0.892166,0.917890,0.826464,0.942504,0.838126,spectrum_fno48_floor6_smooth1_qc
run52_sparc_1357,sparc_1357,0.664945,0.661831,0.964329,0.636231,0.627741,0.786150,0.898441,0.893661,0.923377,0.706930,0.698277,0.783535,spectrum_fno48_floor6_smooth1_qc_peak4
run52_sparc_1361,sparc_1361,0.549187,0.571694,0.783777,0.544122,0.569533,0.701387,0.906209,0.908047,0.933625,0.459873,0.940470,0.849786,spectrum_fno48_floor6_smooth1_qc
run52_sparc_1362,sparc_1362,0.537284,0.558416,0.755386,0.535970,0.552943,0.706200,0.891495,0.897799,0.919810,0.454901,0.945885,0.876885,spectrum_fno48_floor6_smooth1_qc
run52_sparc_1363,sparc_1363,0.581201,0.639203,0.790470,0.571859,0.623124,0.754860,0.889128,0.901604,0.921722,0.710905,0.899893,0.861986,spectrum_fno48_floor6_smooth1_qc
run52_sparc_1400,sparc_1400,0.520604,0.497926,0.654960,0.520604,0.494699,0.568495,0.987886,0.990853,0.986005,0.816919,0.795982,0.761588,spectrum_fno48_floor6_smooth1_qc_peak4
run52_sparc_1402,sparc_1402,0.852699,0.786160,1.017803,0.710129,0.684386,0.937160,0.937455,0.930806,0.952269,0.664253,0.743619,0.455093,spectrum_fno48_floor6_smooth1_qc_peak4
run52_sparc_1411,sparc_1411,0.578411,0.673807,0.812753,0.570385,0.616385,0.778025,0.911335,0.916498,0.933314,0.505589,0.800893,0.501071,spectrum_fno48_floor6_smooth1_qc
run52_sparc_1420,sparc_1420,0.630390,0.646743,0.753914,0.624513,0.629454,0.716628,0.885272,0.893342,0.913157,0.683814,0.919382,0.839742,spectrum_fno48_floor6_smooth1_qc
run52_sparc_1429,sparc_1429,1.399252,1.328774,1.281540,0.870684,0.834141,0.959123,0.889535,0.905299,0.904647,0.852270,0.804378,0.712966,spectrum_fno48_floor6_smooth1_qc_mhi100
run52_sparc_1440,sparc_1440,1.106554,0.877364,1.524138,0.770056,0.720074,0.890281,0.937825,0.943139,0.953608,0.951352,0.924403,0.935682,spectrum_fno48_floor6_smooth1_qc_peak4
run52_sparc_1441,sparc_1441,1.086567,0.888598,1.558222,0.781116,0.729003,0.892726,0.939338,0.945724,0.955234,0.946685,0.913858,0.928782,spectrum_fno48_floor6_smooth1_qc_peak4
run52_sparc_1503,sparc_1503,0.959298,0.932811,1.353761,0.745700,0.760447,0.908710,0.935569,0.936939,0.952547,0.733473,0.799975,0.740641,spectrum_fno48_floor6_smooth1_qc_peak4
run52_sparc_1513,sparc_1513,0.530572,0.579664,0.771658,0.527856,0.573817,0.729528,0.913071,0.914172,0.935544,0.438689,0.851717,0.497226,spectrum_fno48_floor6_smooth1_qc
run52_sparc_1514,sparc_1514,0.541779,0.618070,0.815506,0.540531,0.601897,0.746946,0.904379,0.906006,0.929817,0.435698,0.825436,0.522840,spectrum_fno48_floor6_smooth1_qc
run52_sparc_1520,sparc_1520,0.699835,0.729377,0.886216,0.649977,0.657436,0.754442,0.898328,0.893134,0.925399,0.618283,0.769494,0.762443,spectrum_fno48_floor6_smooth1_qc
run52_sparc_1521,sparc_1521,0.650758,0.690954,0.816697,0.623965,0.644773,0.748438,0.892615,0.893919,0.922321,0.715713,0.872293,0.830863,spectrum_fno48_floor6_smooth1_qc
run52_sparc_1526,sparc_1526,1.240294,1.227290,1.638313,0.870523,0.859500,0.959329,0.922852,0.922137,0.930914,0.767873,0.757392,0.823587,spectrum_fno48_floor6_smooth1_qc_peak4
run52_sparc_1530,sparc_1530,0.530996,0.682434,0.681539,0.530988,0.611850,0.651855,0.959100,0.919971,0.807921,0.605306,0.976718,0.971353,spectrum_fno48_floor6_smooth1_qc
run53_sparc_1300,sparc_1300,0.295661,0.417563,0.364083,0.293745,0.371171,0.360961,0.997176,0.996703,0.997959,0.650517,0.389798,0.666401,spectrum_fno48_floor6_smooth1_qc
run53_sparc_1306,sparc_1306,0.676402,0.744231,0.774662,0.667039,0.715795,0.772533,0.875874,0.880929,0.922623,0.843110,0.942115,0.935483,spectrum_fno48_floor6_smooth1_qc
run53_sparc_1307,sparc_1307,0.678986,0.755645,0.997824,0.669076,0.709932,0.875139,0.856367,0.850763,0.705950,0.978706,0.947970,0.975613,spectrum_fno48_floor6_smooth1_qc
run53_sparc_1313,sparc_1313,0.674762,0.659080,0.642519,0.627199,0.649656,0.631242,0.931169,0.927205,0.959566,0.579036,0.686947,0.531188,spectrum_fno48_floor6_smooth1_qc_mhi100
run53_sparc_1356,sparc_1356,0.784202,0.729658,0.720096,0.750869,0.716443,0.706047,0.912393,0.917233,0.923052,0.860533,0.909975,0.701410,spectrum_fno48_floor6_smooth1_qc_mhi100
run53_sparc_1358,sparc_1358,0.680815,0.732333,0.717822,0.626003,0.647778,0.649940,0.916864,0.915298,0.936425,0.741104,0.812952,0.647279,spectrum_fno48_floor6_smooth1_qc
run53_sparc_1361,sparc_1361,0.723966,0.724311,0.754296,0.706263,0.690558,0.714716,0.902710,0.914204,0.924611,0.837802,0.871231,0.819813,spectrum_fno48_floor6_smooth1_qc
run53_sparc_1362,sparc_1362,0.742294,0.724737,0.770754,0.684885,0.678693,0.684833,0.912007,0.921847,0.933397,0.804747,0.870095,0.835696,spectrum_fno48_floor6_smooth1_qc_peak4
run53_sparc_1400,sparc_1400,0.619657,0.582371,0.561639,0.436152,0.548531,0.541162,0.996318,0.995621,0.996381,0.611951,0.739225,0.611855,spectrum_fno48_floor6_smooth1_qc_mhi100
run53_sparc_1407,sparc_1407,0.686045,0.684662,0.717755,0.681238,0.677299,0.716998,0.880038,0.893420,0.915203,0.691873,0.864676,0.789691,spectrum_fno48_floor6_smooth1_qc_peak4
run53_sparc_1409,sparc_1409,0.799684,0.789727,0.807531,0.767947,0.786009,0.795631,0.886180,0.913741,0.870281,0.903421,0.831482,0.951094,spectrum_fno48_floor6_smooth1_qc_peak4
run53_sparc_1411,sparc_1411,0.740047,0.644042,0.696712,0.697752,0.635092,0.690937,0.920628,0.922651,0.949339,0.698731,0.585476,0.590809,spectrum_fno48_floor6_smooth1_qc_peak4
run53_sparc_1412,sparc_1412,0.835869,0.776925,0.703444,0.732128,0.664167,0.633421,0.911671,0.916858,0.941185,0.837784,0.635105,0.575800,spectrum_fno48_floor6_smooth1_qc_mhi100
run53_sparc_1413,sparc_1413,0.867215,0.767741,0.702000,0.722345,0.665197,0.623908,0.911122,0.916747,0.943094,0.803518,0.585037,0.604033,spectrum_fno48_floor6_smooth1_qc_mhi100
run53_sparc_1424,sparc_1424,0.688465,0.699637,0.760927,0.671479,0.673072,0.727929,0.868761,0.850997,0.921075,0.901663,0.936873,0.943895,spectrum_fno48_floor6_smooth1_qc
run53_sparc_1427,sparc_1427,0.709442,0.685016,0.737637,0.658760,0.629131,0.724943,0.883831,0.908685,0.851326,0.829941,0.921423,0.908757,spectrum_fno48_floor6_smooth1_qc_peak4
run53_sparc_1428,sparc_1428,0.736688,0.762207,0.743829,0.697264,0.704370,0.722203,0.922213,0.917807,0.946300,0.911337,0.937622,0.808737,spectrum_fno48_floor6_smooth1_qc
run53_sparc_1440,sparc_1440,0.604427,0.595881,0.654071,0.591267,0.570706,0.650504,0.939127,0.941880,0.961537,0.588569,0.824925,0.565073,spectrum_fno48_floor6_smooth1_qc_peak4
run53_sparc_1500,sparc_1500,0.446623,0.411811,0.470106,0.342608,0.377048,0.432276,0.994888,0.994287,0.995492,0.739129,0.836481,0.634585,spectrum_fno48_floor6_smooth1_qc_peak4
run53_sparc_1503,sparc_1503,0.673783,0.641604,0.697675,0.671651,0.640524,0.696525,0.917763,0.921662,0.954908,0.741272,0.929593,0.879106,spectrum_fno48_floor6_smooth1_qc_peak4
run53_sparc_1513,sparc_1513,0.718531,0.679885,0.701405,0.713595,0.647954,0.655228,0.921540,0.926040,0.943362,0.718939,0.489921,0.546615,spectrum_fno48_floor6_smooth1_qc_peak4
run53_sparc_1514,sparc_1514,0.796098,0.732965,0.701781,0.702496,0.655548,0.654394,0.913018,0.916558,0.929570,0.785559,0.709863,0.677044,spectrum_fno48_floor6_smooth1_qc_mhi100
run53_sparc_1518,sparc_1518,0.633006,0.695247,0.606561,0.603952,0.671982,0.593789,0.901461,0.909776,0.926857,0.666499,0.848212,0.692912,spectrum_fno48_floor6_smooth1_qc_mhi100
run53_sparc_1524,sparc_1524,1.158523,1.038036,1.101234,0.932938,0.906687,0.893988,0.834257,0.839196,0.900924,0.895143,0.857790,0.870617,spectrum_fno48_floor6_smooth1_qc_peak4
run53_sparc_1527,sparc_1527,0.875429,0.911477,0.898148,0.803025,0.794669,0.823722,0.863603,0.861691,0.910818,0.894981,0.961732,0.925372,spectrum_fno48_floor6_smooth1_qc
run53_sparc_1529,sparc_1529,0.826926,0.784692,0.764837,0.802962,0.764727,0.753152,0.879108,0.879181,0.935769,0.916363,0.952961,0.756031,spectrum_fno48_floor6_smooth1_qc_mhi100
run53_sparc_1593,sparc_1593,0.739576,0.677824,0.733324,0.738068,0.672943,0.710136,0.892535,0.897944,0.942820,0.823941,0.943234,0.904187,spectrum_fno48_floor6_smooth1_qc_peak4
run54_sparc_1301,sparc_1301,0.963945,0.673198,0.725992,0.866538,0.654920,0.698282,0.838735,0.884119,0.942183,0.979262,0.961310,0.897614,spectrum_fno48_floor6_smooth1_qc_peak4
run54_sparc_1305,sparc_1305,0.893043,0.769076,0.889522,0.852024,0.688388,0.828353,0.816519,0.890247,0.916393,0.937848,0.919825,0.871330,spectrum_fno48_floor6_smooth1_qc_peak4
run54_sparc_1319,sparc_1319,0.550446,0.561246,0.733357,0.544844,0.535688,0.660230,0.902761,0.909941,0.942163,0.802125,0.801553,0.668983,spectrum_fno48_floor6_smooth1_qc
run54_sparc_1350,sparc_1350,0.525081,0.567061,0.698178,0.502555,0.510960,0.609495,0.917769,0.919079,0.942892,0.795253,0.770091,0.434091,spectrum_fno48_floor6_smooth1_qc
run54_sparc_1354,sparc_1354,0.598731,0.710435,0.726979,0.598000,0.664167,0.671719,0.857275,0.859749,0.900911,0.834220,0.919665,0.860684,spectrum_fno48_floor6_smooth1_qc
run54_sparc_1356,sparc_1356,0.537792,0.594773,0.782430,0.537792,0.560758,0.659611,0.898492,0.909128,0.935531,0.723306,0.811882,0.705363,spectrum_fno48_floor6_smooth1_qc
run54_sparc_1365,sparc_1365,0.571876,0.609935,0.678006,0.534412,0.542726,0.585815,0.913037,0.913162,0.931792,0.512726,0.792105,0.632192,spectrum_fno48_floor6_smooth1_qc
run54_sparc_1406,sparc_1406,1.073915,0.713868,0.923844,0.906043,0.706494,0.838058,0.715718,0.850311,0.887050,0.981811,0.942348,0.963229,spectrum_fno48_floor6_smooth1_qc_peak4
run54_sparc_1410,sparc_1410,0.636389,0.632735,0.701911,0.589390,0.574088,0.626003,0.915887,0.919367,0.928023,0.436907,0.664700,0.656067,spectrum_fno48_floor6_smooth1_qc_peak4
run54_sparc_1427,sparc_1427,0.812293,0.823233,1.014389,0.793240,0.692485,0.786725,0.866326,0.887293,0.896522,0.913635,0.947606,0.912832,spectrum_fno48_floor6_smooth1_qc
run54_sparc_1440,sparc_1440,0.934481,0.725610,0.874230,0.841999,0.689684,0.801213,0.864581,0.915399,0.936617,0.943438,0.890306,0.918087,spectrum_fno48_floor6_smooth1_qc_peak4
run54_sparc_1507,sparc_1507,0.806474,0.677565,0.792532,0.739621,0.661053,0.770773,0.846921,0.884658,0.909052,0.957409,0.924258,0.917530,spectrum_fno48_floor6_smooth1_qc_peak4
run54_sparc_1508,sparc_1508,1.166237,0.908603,1.058747,0.948884,0.882323,0.921187,-0.058549,0.070908,0.437328,0.979758,0.984162,0.982437,spectrum_fno48_floor6_smooth1_qc_peak4
run54_sparc_1510,sparc_1510,0.631179,0.611960,0.727381,0.615871,0.578051,0.654688,0.924845,0.926313,0.947401,0.406426,0.571258,0.547391,spectrum_fno48_floor6_smooth1_qc_peak4
run54_sparc_1513,sparc_1513,0.541141,0.551769,0.620897,0.526788,0.527960,0.604575,0.927820,0.927223,0.946288,0.444569,0.737199,0.579667,spectrum_fno48_floor6_smooth1_qc
run54_sparc_1515,sparc_1515,0.500262,0.530657,0.606212,0.497047,0.527116,0.604331,0.922189,0.925687,0.941719,0.725959,0.781795,0.547207,spectrum_fno48_floor6_smooth1_qc
run54_sparc_1518,sparc_1518,0.504556,0.557579,0.706724,0.492419,0.502281,0.638687,0.915312,0.914791,0.937213,0.342034,0.905483,0.819299,spectrum_fno48_floor6_smooth1_qc
run54_sparc_1521,sparc_1521,0.712152,0.616741,0.767633,0.666615,0.593504,0.686083,0.897696,0.900701,0.928619,0.877440,0.937998,0.882489,spectrum_fno48_floor6_smooth1_qc_peak4
run54_sparc_1528,sparc_1528,0.707275,0.628919,0.810224,0.691437,0.621945,0.770656,0.883345,0.885695,0.910256,0.917955,0.925028,0.943571,spectrum_fno48_floor6_smooth1_qc_peak4
run54_sparc_1530,sparc_1530,0.620009,0.795775,0.948038,0.611985,0.795667,0.920547,0.803317,0.706650,0.594674,0.984911,0.993741,0.994173,spectrum_fno48_floor6_smooth1_qc
run55_sparc_1307,sparc_1307,1.041366,1.031010,1.023623,0.819020,0.822837,0.866885,0.831199,0.850720,0.878800,0.974993,0.880391,0.987166,spectrum_fno48_floor6_smooth1_qc_mhi100
run55_sparc_1313,sparc_1313,0.624680,0.841411,0.707973,0.621793,0.777931,0.693283,0.912986,0.900643,0.941055,0.440363,0.859895,0.653685,spectrum_fno48_floor6_smooth1_qc
run55_sparc_1314,sparc_1314,0.625492,0.837640,0.719733,0.624779,0.783637,0.703396,0.914267,0.901187,0.940014,0.420328,0.859347,0.676289,spectrum_fno48_floor6_smooth1_qc
run55_sparc_1353,sparc_1353,0.749386,0.949812,0.826483,0.682565,0.788523,0.735221,0.886254,0.883143,0.915910,0.706900,0.907760,0.802561,spectrum_fno48_floor6_smooth1_qc
run55_sparc_1357,sparc_1357,0.923597,0.841308,1.023215,0.754018,0.749316,0.788562,0.876237,0.875453,0.912119,0.910922,0.836275,0.870420,spectrum_fno48_floor6_smooth1_qc_peak4
run55_sparc_1360,sparc_1360,0.753738,0.934181,0.827302,0.719393,0.828571,0.783793,0.890253,0.888681,0.930045,0.859452,0.931972,0.876883,spectrum_fno48_floor6_smooth1_qc
run55_sparc_1364,sparc_1364,0.713946,0.759281,0.896735,0.661578,0.688347,0.721602,0.846750,0.859800,0.898413,0.882978,0.969952,0.880144,spectrum_fno48_floor6_smooth1_qc
run55_sparc_1417,sparc_1417,0.720323,0.981120,0.922022,0.681008,0.840360,0.746975,0.910728,0.904052,0.938079,0.566056,0.833202,0.795569,spectrum_fno48_floor6_smooth1_qc
run55_sparc_1422,sparc_1422,0.696601,0.713685,0.801673,0.659001,0.653926,0.706923,0.887992,0.894572,0.924471,0.805250,0.806750,0.734941,spectrum_fno48_floor6_smooth1_qc
run55_sparc_1427,sparc_1427,0.955205,1.168210,1.413888,0.804705,0.798375,0.919813,0.711208,0.774666,0.777869,0.926845,0.939156,0.948852,spectrum_fno48_floor6_smooth1_qc
run55_sparc_1505,sparc_1505,1.347746,1.401991,1.273669,0.835519,0.854828,0.928650,0.901611,0.909519,0.921974,0.671424,0.715216,0.665372,spectrum_fno48_floor6_smooth1_qc_mhi100
run55_sparc_1522,sparc_1522,0.684117,0.819817,0.834119,0.643785,0.713810,0.727214,0.907144,0.908546,0.922604,0.891633,0.841382,0.906457,spectrum_fno48_floor6_smooth1_qc
run55_sparc_1527,sparc_1527,0.644924,0.869984,0.993383,0.642334,0.799019,0.902727,0.848485,0.862464,0.885059,0.969719,0.962350,0.966731,spectrum_fno48_floor6_smooth1_qc
run55_sparc_1529,sparc_1529,0.979497,1.472983,1.590896,0.793567,0.858158,0.933514,0.882986,0.841866,0.818341,0.742863,0.909411,0.838807,spectrum_fno48_floor6_smooth1_qc
run55_sparc_1593,sparc_1593,1.422495,1.155590,1.494924,0.850265,0.809861,0.881961,0.926632,0.926971,0.945146,0.784091,0.763486,0.791012,spectrum_fno48_floor6_smooth1_qc_peak4
run56_sparc_1300,sparc_1300,0.490827,0.547026,0.567075,0.489558,0.529758,0.554731,0.989042,0.989015,0.985135,0.714674,0.647837,0.800009,spectrum_fno48_floor6_smooth1_qc
run56_sparc_1302,sparc_1302,0.735620,0.663295,0.772223,0.666756,0.587257,0.658064,0.940660,0.949777,0.946906,0.736550,0.812495,0.770746,spectrum_fno48_floor6_smooth1_qc_peak4
run56_sparc_1310,sparc_1310,0.590188,0.735728,0.737238,0.556128,0.643032,0.688318,0.910318,0.902079,0.941319,0.358155,0.696811,0.686632,spectrum_fno48_floor6_smooth1_qc
run56_sparc_1318,sparc_1318,0.597580,0.759424,0.873023,0.565999,0.661540,0.717973,0.907126,0.902172,0.937518,0.408081,0.876054,0.598448,spectrum_fno48_floor6_smooth1_qc
run56_sparc_1360,sparc_1360,0.671439,0.860663,0.845043,0.607741,0.720695,0.690261,0.878853,0.873118,0.915969,0.603888,0.889224,0.800884,spectrum_fno48_floor6_smooth1_qc
run56_sparc_1362,sparc_1362,0.557935,0.749321,0.737928,0.546805,0.670715,0.690366,0.907135,0.904776,0.933093,0.438922,0.853994,0.779778,spectrum_fno48_floor6_smooth1_qc
run56_sparc_1363,sparc_1363,0.677969,0.753265,0.881838,0.645872,0.654848,0.725754,0.880931,0.887588,0.913261,0.507054,0.894480,0.849035,spectrum_fno48_floor6_smooth1_qc
run56_sparc_1365,sparc_1365,0.576642,0.817307,0.735163,0.564279,0.713795,0.650056,0.893192,0.892308,0.927612,0.390474,0.879851,0.787511,spectrum_fno48_floor6_smooth1_qc
run56_sparc_1425,sparc_1425,1.366546,1.345607,1.720574,0.841997,0.856266,0.963453,0.893988,0.905131,0.931461,0.675547,0.781259,0.837891,spectrum_fno48_floor6_smooth1_qc_peak4
run56_sparc_1504,sparc_1504,1.022963,1.067984,1.305577,0.809795,0.830627,0.951535,0.917776,0.921595,0.943316,0.671052,0.813175,0.690117,spectrum_fno48_floor6_smooth1_qc
run56_sparc_1507,sparc_1507,1.114978,1.201536,1.467849,0.804124,0.834870,0.957969,0.927834,0.927695,0.945116,0.749851,0.860351,0.830061,spectrum_fno48_floor6_smooth1_qc
run56_sparc_1508,sparc_1508,1.252028,1.229053,1.499481,0.877022,0.849124,0.936873,0.922861,0.922933,0.938386,0.783233,0.804514,0.827010,spectrum_fno48_floor6_smooth1_qc_peak4
run56_sparc_1510,sparc_1510,0.741312,0.776266,0.813011,0.640560,0.645017,0.684347,0.923583,0.923692,0.949006,0.477102,0.730903,0.701416,spectrum_fno48_floor6_smooth1_qc
run56_sparc_1520,sparc_1520,0.720966,0.827124,0.754317,0.720636,0.801867,0.752030,0.889036,0.889627,0.911650,0.441624,0.842495,0.791412,spectrum_fno48_floor6_smooth1_qc
run56_sparc_1527,sparc_1527,0.799199,0.865372,1.349509,0.769422,0.810867,0.946192,0.863565,0.861815,0.913730,0.606267,0.785963,0.912604,spectrum_fno48_floor6_smooth1_qc
run57_sparc_1300,sparc_1300,0.294383,0.382027,0.379510,0.288674,0.340947,0.378580,0.996701,0.996154,0.997668,0.524753,0.447617,0.897172,spectrum_fno48_floor6_smooth1_qc
run57_sparc_1305,sparc_1305,0.602654,0.616763,0.687476,0.598484,0.596149,0.668541,0.920502,0.929193,0.948394,0.796461,0.958941,0.837786,spectrum_fno48_floor6_smooth1_qc
run57_sparc_1307,sparc_1307,1.131414,1.100506,1.324315,0.794400,0.788705,0.816378,0.842550,0.833837,0.812736,0.947820,0.941526,0.918125,spectrum_fno48_floor6_smooth1_qc_peak4
run57_sparc_1308,sparc_1308,0.979293,1.026009,1.291090,0.910030,0.895879,0.940195,0.818571,0.799238,0.511201,0.940974,0.953315,0.928605,spectrum_fno48_floor6_smooth1_qc
run57_sparc_1316,sparc_1316,0.597791,0.570167,0.630683,0.553296,0.560170,0.594546,0.914541,0.913701,0.927125,0.756632,0.892442,0.872213,spectrum_fno48_floor6_smooth1_qc_peak4
run57_sparc_1356,sparc_1356,0.604281,0.702754,0.628526,0.604259,0.698930,0.627987,0.923872,0.922026,0.946651,0.725416,0.885489,0.607448,spectrum_fno48_floor6_smooth1_qc
run57_sparc_1357,sparc_1357,0.693729,0.647105,0.803495,0.659118,0.617488,0.693843,0.912525,0.912838,0.927362,0.850412,0.783026,0.798012,spectrum_fno48_floor6_smooth1_qc_peak4
run57_sparc_1358,sparc_1358,0.701550,0.707446,0.788475,0.615598,0.620172,0.659455,0.886960,0.892588,0.902091,0.795511,0.854597,0.811420,spectrum_fno48_floor6_smooth1_qc
run57_sparc_1361,sparc_1361,0.639208,0.611477,0.733141,0.604018,0.582857,0.658935,0.920351,0.920307,0.939964,0.770969,0.836828,0.749604,spectrum_fno48_floor6_smooth1_qc_peak4
run57_sparc_1365,sparc_1365,0.715220,0.698390,0.709199,0.675379,0.653776,0.686867,0.914009,0.918348,0.934148,0.865458,0.920198,0.863056,spectrum_fno48_floor6_smooth1_qc_peak4
run57_sparc_1402,sparc_1402,0.614157,0.601122,0.676381,0.609393,0.600676,0.670526,0.938119,0.944141,0.966637,0.831193,0.862344,0.709955,spectrum_fno48_floor6_smooth1_qc_peak4
run57_sparc_1415,sparc_1415,0.585498,0.613378,0.626674,0.580912,0.611150,0.626610,0.933134,0.932723,0.953247,0.589105,0.766713,0.729755,spectrum_fno48_floor6_smooth1_qc
run57_sparc_1417,sparc_1417,0.592940,0.598822,0.684222,0.562151,0.576241,0.624234,0.929462,0.927136,0.951185,0.615907,0.843627,0.568899,spectrum_fno48_floor6_smooth1_qc
run57_sparc_1421,sparc_1421,0.751205,0.697454,0.726415,0.692778,0.667085,0.688954,0.898587,0.898605,0.913817,0.834181,0.899627,0.877794,spectrum_fno48_floor6_smooth1_qc_peak4
run57_sparc_1423,sparc_1423,0.664447,0.706325,0.832981,0.656087,0.701899,0.772461,0.891545,0.878751,0.900017,0.684891,0.895819,0.937819,spectrum_fno48_floor6_smooth1_qc
run57_sparc_1425,sparc_1425,0.734419,0.687386,0.761503,0.733997,0.685232,0.760887,0.869535,0.883138,0.901231,0.842634,0.885918,0.840393,spectrum_fno48_floor6_smooth1_qc_peak4
run57_sparc_1429,sparc_1429,0.672472,0.688036,0.740075,0.653712,0.666292,0.739986,0.919733,0.930759,0.941110,0.828792,0.878021,0.916476,spectrum_fno48_floor6_smooth1_qc
run57_sparc_1500,sparc_1500,0.433992,0.404288,0.468994,0.329953,0.343002,0.405039,0.995242,0.993428,0.996000,0.668741,0.760380,0.674174,spectrum_fno48_floor6_smooth1_qc_peak4
run57_sparc_1504,sparc_1504,0.612045,0.615722,0.703507,0.606361,0.614443,0.702866,0.915744,0.913280,0.940345,0.653815,0.886137,0.770523,spectrum_fno48_floor6_smooth1_qc
run57_sparc_1508,sparc_1508,0.869891,0.798557,0.823728,0.786216,0.748919,0.778387,0.844634,0.875126,0.910041,0.967864,0.969130,0.930762,spectrum_fno48_floor6_smooth1_qc_peak4
run57_sparc_1520,sparc_1520,0.697412,0.719763,0.749688,0.675051,0.674923,0.701707,0.903484,0.915168,0.934166,0.866566,0.911863,0.910508,spectrum_fno48_floor6_smooth1_qc
run57_sparc_1523,sparc_1523,0.858476,0.802470,0.933443,0.773137,0.774753,0.820359,0.872466,0.885206,0.920814,0.808254,0.801180,0.898064,spectrum_fno48_floor6_smooth1_qc_peak4
run57_sparc_1528,sparc_1528,0.735992,0.763602,0.868211,0.732518,0.730489,0.799634,0.904611,0.898557,0.938547,0.790732,0.949606,0.902522,spectrum_fno48_floor6_smooth1_qc
run57_sparc_1593,sparc_1593,0.605507,0.625029,0.715558,0.604611,0.617262,0.715551,0.935263,0.938438,0.950163,0.708278,0.888516,0.873141,spectrum_fno48_floor6_smooth1_qc
run58_sparc_1300,sparc_1300,0.584132,0.487124,0.589521,0.528488,0.470492,0.567396,0.990089,0.990255,0.990844,0.763277,0.812104,0.714309,spectrum_fno48_floor6_smooth1_qc_peak4
run58_sparc_1349,sparc_1349,0.726390,0.657554,0.784534,0.669464,0.603564,0.733595,0.879447,0.884762,0.916008,0.733281,0.909492,0.680536,spectrum_fno48_floor6_smooth1_qc_peak4
run58_sparc_1351,sparc_1351,0.668038,0.590594,0.757728,0.644986,0.579868,0.711934,0.904711,0.904408,0.924568,0.463880,0.799266,0.757861,spectrum_fno48_floor6_smooth1_qc_peak4
run58_sparc_1353,sparc_1353,0.723563,0.646690,0.822291,0.666618,0.611536,0.741830,0.893787,0.878596,0.920367,0.566210,0.931606,0.681016,spectrum_fno48_floor6_smooth1_qc_peak4
run58_sparc_1355,sparc_1355,0.737758,0.648332,0.710924,0.717154,0.612991,0.705301,0.883455,0.889042,0.923551,0.574777,0.854886,0.481267,spectrum_fno48_floor6_smooth1_qc_peak4
run58_sparc_1358,sparc_1358,0.802925,0.647743,0.743615,0.717077,0.604189,0.696943,0.894457,0.897404,0.919124,0.598903,0.848941,0.648680,spectrum_fno48_floor6_smooth1_qc_peak4
run58_sparc_1359,sparc_1359,0.750055,0.673867,0.704695,0.686805,0.598319,0.666338,0.909378,0.912290,0.933359,0.579152,0.867847,0.582450,spectrum_fno48_floor6_smooth1_qc_peak4
run58_sparc_1365,sparc_1365,0.788344,0.689502,0.732384,0.697518,0.613595,0.677944,0.889007,0.895808,0.922150,0.598654,0.761698,0.681562,spectrum_fno48_floor6_smooth1_qc_peak4
run58_sparc_1402,sparc_1402,0.707373,0.584206,0.754639,0.581614,0.518602,0.676606,0.947094,0.953367,0.966920,0.671791,0.878805,0.714327,spectrum_fno48_floor6_smooth1_qc_peak4
run58_sparc_1403,sparc_1403,0.910926,0.925960,1.404006,0.771114,0.780894,0.938918,0.867537,0.860190,0.918575,0.662399,0.883604,0.920540,spectrum_fno48_floor6_smooth1_qc
run58_sparc_1413,sparc_1413,0.677615,0.630930,0.853644,0.655421,0.609962,0.750100,0.905526,0.906045,0.928063,0.689102,0.789930,0.831264,spectrum_fno48_floor6_smooth1_qc_peak4
run58_sparc_1421,sparc_1421,0.728399,0.761973,0.903322,0.698824,0.724808,0.796644,0.894750,0.889788,0.923136,0.558755,0.824438,0.709443,spectrum_fno48_floor6_smooth1_qc
run58_sparc_1422,sparc_1422,0.725798,0.882922,1.038393,0.668526,0.758462,0.838931,0.888222,0.888514,0.921373,0.787120,0.826379,0.918244,spectrum_fno48_floor6_smooth1_qc
run58_sparc_1429,sparc_1429,1.436844,1.220263,1.746254,0.963430,0.887141,0.962809,0.645011,0.649741,0.589765,0.766302,0.915919,0.907568,spectrum_fno48_floor6_smooth1_qc_peak4
run58_sparc_1440,sparc_1440,1.431208,1.070648,1.634353,0.851348,0.805095,0.964589,0.943176,0.942897,0.958694,0.664979,0.689126,0.768804,spectrum_fno48_floor6_smooth1_qc_peak4
run58_sparc_1503,sparc_1503,1.146087,0.932776,1.525842,0.820735,0.771385,0.932978,0.809256,0.815017,0.879980,0.795078,0.843122,0.936916,spectrum_fno48_floor6_smooth1_qc_peak4
run58_sparc_1512,sparc_1512,0.741774,0.665613,0.823508,0.641294,0.605275,0.751160,0.910399,0.914713,0.937390,0.762144,0.762541,0.722623,spectrum_fno48_floor6_smooth1_qc_peak4
run58_sparc_1516,sparc_1516,0.793498,0.687018,0.832276,0.684373,0.597768,0.746083,0.907478,0.909398,0.932105,0.426898,0.695879,0.792974,spectrum_fno48_floor6_smooth1_qc_peak4
run58_sparc_1522,sparc_1522,0.700387,0.806258,1.012818,0.689097,0.752720,0.858092,0.893248,0.895259,0.905372,0.711522,0.890765,0.959399,spectrum_fno48_floor6_smooth1_qc
run58_sparc_1527,sparc_1527,1.075380,1.141937,1.386468,0.800049,0.845065,0.963579,0.908604,0.923485,0.923814,0.636607,0.660764,0.804492,spectrum_fno48_floor6_smooth1_qc
run58_sparc_1593,sparc_1593,0.943309,0.949142,1.478973,0.766965,0.781906,0.937963,0.844859,0.838248,0.906464,0.671380,0.873582,0.903168,spectrum_fno48_floor6_smooth1_qc
run59_sparc_1300,sparc_1300,0.631030,0.660341,0.670893,0.614982,0.608510,0.646033,0.972582,0.972165,0.972148,0.827800,0.830175,0.865192,spectrum_fno48_floor6_smooth1_qc
run59_sparc_1314,sparc_1314,0.744506,0.696313,0.921058,0.733432,0.694343,0.901151,0.942029,0.940077,0.948473,0.692274,0.810173,0.527313,spectrum_fno48_floor6_smooth1_qc_peak4
run59_sparc_1315,sparc_1315,0.723307,0.676892,0.859574,0.716542,0.670045,0.853733,0.939302,0.941271,0.939038,0.685553,0.854414,0.634799,spectrum_fno48_floor6_smooth1_qc_peak4
run59_sparc_1316,sparc_1316,0.724827,0.659943,0.777338,0.724318,0.659656,0.774771,0.936916,0.937178,0.933029,0.674929,0.910828,0.845227,spectrum_fno48_floor6_smooth1_qc_peak4
run59_sparc_1317,sparc_1317,0.740827,0.679959,0.790971,0.740252,0.679911,0.788445,0.935172,0.938023,0.931739,0.712336,0.872758,0.786543,spectrum_fno48_floor6_smooth1_qc_peak4
run59_sparc_1319,sparc_1319,0.767567,0.683084,0.789370,0.763399,0.680802,0.784516,0.938530,0.935909,0.939535,0.739724,0.786043,0.690259,spectrum_fno48_floor6_smooth1_qc_peak4
run59_sparc_1353,sparc_1353,0.739966,0.674048,0.865219,0.738303,0.673445,0.859506,0.928724,0.926947,0.934078,0.676047,0.860211,0.819750,spectrum_fno48_floor6_smooth1_qc_peak4
run59_sparc_1359,sparc_1359,0.705300,0.672993,0.800402,0.702269,0.670609,0.800401,0.942285,0.942769,0.950225,0.664176,0.830974,0.670694,spectrum_fno48_floor6_smooth1_qc_peak4
run59_sparc_1363,sparc_1363,0.748832,0.712086,0.867304,0.748590,0.707315,0.855721,0.927007,0.931444,0.925597,0.629715,0.890004,0.869307,spectrum_fno48_floor6_smooth1_qc_peak4
run59_sparc_1402,sparc_1402,0.690036,0.831984,0.896097,0.651423,0.606983,0.756858,0.946372,0.942183,0.961677,0.694168,0.749385,0.645112,spectrum_fno48_floor6_smooth1_qc
run59_sparc_1407,sparc_1407,0.958064,0.954398,1.139516,0.793943,0.796497,0.922075,0.930322,0.926260,0.933401,0.756286,0.754168,0.871886,spectrum_fno48_floor6_smooth1_qc_peak4
run59_sparc_1412,sparc_1412,0.776469,0.711951,0.884972,0.754666,0.691602,0.883501,0.938956,0.941474,0.948694,0.692576,0.807568,0.570969,spectrum_fno48_floor6_smooth1_qc_peak4
run59_sparc_1416,sparc_1416,0.731616,0.666194,0.813416,0.724063,0.656754,0.813132,0.939165,0.939600,0.943289,0.746109,0.838010,0.678597,spectrum_fno48_floor6_smooth1_qc_peak4
run59_sparc_1423,sparc_1423,0.908347,0.711914,0.904609,0.812041,0.702166,0.846390,0.926718,0.931412,0.940794,0.805344,0.741692,0.793866,spectrum_fno48_floor6_smooth1_qc_peak4
run59_sparc_1424,sparc_1424,0.841001,0.693554,0.904649,0.788824,0.688964,0.862279,0.936035,0.930068,0.945951,0.749055,0.777882,0.738580,spectrum_fno48_floor6_smooth1_qc_peak4
run59_sparc_1426,sparc_1426,0.718266,0.762487,1.066717,0.689276,0.719408,0.922175,0.931190,0.925086,0.944088,0.682823,0.799446,0.857696,spectrum_fno48_floor6_smooth1_qc
run59_sparc_1430,sparc_1430,0.897862,0.765942,0.942673,0.711446,0.709781,0.822627,0.754515,0.701956,0.694692,0.957679,0.956421,0.926905,spectrum_fno48_floor6_smooth1_qc_peak4
run59_sparc_1512,sparc_1512,0.765334,0.710869,0.847509,0.745062,0.672006,0.845026,0.940950,0.941747,0.946946,0.752870,0.826892,0.646478,spectrum_fno48_floor6_smooth1_qc_peak4
run5_sparc_1302,sparc_1302,0.639744,0.609886,0.958861,0.580330,0.568335,0.794390,0.875492,0.858598,0.871799,0.977156,0.975905,0.951471,spectrum_fno48_floor6_smooth1_qc_peak4
run5_sparc_1307,sparc_1307,0.972238,0.948843,1.003629,0.771861,0.736606,0.854990,0.935245,0.917819,0.939908,0.768028,0.808466,0.805077,spectrum_fno48_floor6_smooth1_qc_peak4
run5_sparc_1314,sparc_1314,0.693676,0.752547,0.801505,0.668999,0.716102,0.723110,0.900510,0.898248,0.928971,0.617301,0.520284,0.788548,spectrum_fno48_floor6_smooth1_qc
run5_sparc_1317,sparc_1317,0.744982,0.686567,0.792766,0.708412,0.667209,0.733280,0.892121,0.894227,0.922393,0.578973,0.633226,0.761954,spectrum_fno48_floor6_smooth1_qc_peak4
run5_sparc_1350,sparc_1350,0.672983,0.772631,0.779155,0.665035,0.718317,0.726252,0.902829,0.900727,0.933783,0.602118,0.548807,0.761084,spectrum_fno48_floor6_smooth1_qc
run5_sparc_1363,sparc_1363,0.781629,0.716220,0.770099,0.731546,0.674392,0.726624,0.867995,0.875796,0.890301,0.856007,0.834209,0.678205,spectrum_fno48_floor6_smooth1_qc_peak4
run5_sparc_1365,sparc_1365,0.610854,0.654020,0.681297,0.607593,0.635025,0.674405,0.887810,0.890806,0.909774,0.328133,0.892836,0.583306,spectrum_fno48_floor6_smooth1_qc
run5_sparc_1408,sparc_1408,1.178101,1.103463,1.238746,0.837072,0.792609,0.871112,0.933281,0.923178,0.946712,0.636784,0.795275,0.814651,spectrum_fno48_floor6_smooth1_qc_peak4
run5_sparc_1411,sparc_1411,0.783932,0.851470,0.873734,0.717984,0.735992,0.767417,0.895490,0.895912,0.930861,0.620147,0.761957,0.622545,spectrum_fno48_floor6_smooth1_qc
run5_sparc_1420,sparc_1420,0.754039,0.701113,0.778133,0.723548,0.664338,0.721842,0.882421,0.887807,0.908120,0.360395,0.772273,0.761266,spectrum_fno48_floor6_smooth1_qc_peak4
run5_sparc_1500,sparc_1500,0.570568,0.520307,0.577692,0.553355,0.504435,0.569199,0.987277,0.988858,0.988794,0.924675,0.905933,0.871691,spectrum_fno48_floor6_smooth1_qc_peak4
run5_sparc_1501,sparc_1501,1.012341,1.093908,1.004129,0.762071,0.792499,0.828770,0.949628,0.953351,0.956370,0.867239,0.846715,0.588679,spectrum_fno48_floor6_smooth1_qc_mhi100
run5_sparc_1509,sparc_1509,0.995905,1.294387,1.035882,0.801858,0.830735,0.839567,0.846442,0.855178,0.902556,0.796252,0.885890,0.901211,spectrum_fno48_floor6_smooth1_qc
run5_sparc_1511,sparc_1511,0.722616,0.808977,0.861955,0.689902,0.706274,0.746249,0.883094,0.883021,0.915648,0.593166,0.663389,0.705722,spectrum_fno48_floor6_smooth1_qc
run5_sparc_1514,sparc_1514,0.738694,0.729744,0.823104,0.702819,0.712939,0.746039,0.894692,0.895242,0.925395,0.669931,0.695933,0.692538,spectrum_fno48_floor6_smooth1_qc_peak4
run5_sparc_1517,sparc_1517,0.687368,0.702111,0.774270,0.671193,0.667606,0.715195,0.889910,0.893895,0.918159,0.583545,0.736272,0.783262,spectrum_fno48_floor6_smooth1_qc
run5_sparc_1523,sparc_1523,0.940830,0.814015,1.018045,0.744783,0.704937,0.811516,0.889307,0.887326,0.911357,0.848306,0.886657,0.730837,spectrum_fno48_floor6_smooth1_qc_peak4
run5_sparc_1526,sparc_1526,1.419914,1.335761,1.592118,0.796681,0.806908,0.932490,0.936564,0.934981,0.946042,0.715018,0.641595,0.696716,spectrum_fno48_floor6_smooth1_qc_peak4
run5_sparc_1530,sparc_1530,0.849116,0.798648,0.739435,0.782812,0.722984,0.739314,0.846617,0.894951,0.871559,0.869508,0.781928,0.581470,spectrum_fno48_floor6_smooth1_qc_mhi100
run5_sparc_1593,sparc_1593,1.197897,1.012223,1.507018,0.799429,0.781686,0.945110,0.938543,0.935303,0.959646,0.757937,0.738639,0.747296,spectrum_fno48_floor6_smooth1_qc_peak4
run60_sparc_1303,sparc_1303,1.152069,1.352037,1.074824,0.816078,0.733028,0.788890,0.884890,0.889293,0.904965,0.898520,0.879772,0.845713,spectrum_fno48_floor6_smooth1_qc_mhi100
run60_sparc_1350,sparc_1350,0.596853,0.555109,0.717353,0.543671,0.511517,0.622848,0.939992,0.938929,0.960429,0.398952,0.733115,0.709401,spectrum_fno48_floor6_smooth1_qc_peak4
run60_sparc_1351,sparc_1351,0.559086,0.532443,0.697825,0.535683,0.510648,0.637921,0.926273,0.929307,0.948350,0.509095,0.809737,0.721622,spectrum_fno48_floor6_smooth1_qc_peak4
run60_sparc_1352,sparc_1352,0.609988,0.559290,0.736256,0.584418,0.529008,0.672935,0.910001,0.909230,0.934205,0.761086,0.830732,0.649647,spectrum_fno48_floor6_smooth1_qc_peak4
run60_sparc_1353,sparc_1353,0.559132,0.538890,0.651767,0.543130,0.529758,0.613801,0.911553,0.914138,0.939887,0.778179,0.773778,0.570586,spectrum_fno48_floor6_smooth1_qc_peak4
run60_sparc_1356,sparc_1356,0.641401,0.626588,0.750104,0.628858,0.581751,0.698506,0.915414,0.914241,0.914700,0.770907,0.870895,0.596680,spectrum_fno48_floor6_smooth1_qc_peak4
run60_sparc_1361,sparc_1361,0.529774,0.532790,0.656679,0.522835,0.513850,0.628298,0.904119,0.905505,0.929797,0.542534,0.847695,0.817587,spectrum_fno48_floor6_smooth1_qc
run60_sparc_1402,sparc_1402,0.702291,0.712749,0.829733,0.682620,0.694115,0.780177,0.803995,0.752541,0.807513,0.872101,0.923802,0.938215,spectrum_fno48_floor6_smooth1_qc
run60_sparc_1403,sparc_1403,1.214534,1.462940,0.898185,0.808810,0.715639,0.797850,0.894401,0.908363,0.939405,0.863022,0.835396,0.653205,spectrum_fno48_floor6_smooth1_qc_mhi100
run60_sparc_1418,sparc_1418,0.518182,0.593734,0.733047,0.497991,0.545143,0.655578,0.924968,0.927164,0.944628,0.434239,0.826611,0.725293,spectrum_fno48_floor6_smooth1_qc
run60_sparc_1421,sparc_1421,0.583310,0.568766,0.781010,0.562929,0.553202,0.692662,0.918992,0.919227,0.942592,0.760252,0.819668,0.833574,spectrum_fno48_floor6_smooth1_qc_peak4
run60_sparc_1423,sparc_1423,1.128451,1.082168,1.094298,0.853616,0.858698,0.893168,0.760641,0.737061,0.827383,0.797729,0.863307,0.893493,spectrum_fno48_floor6_smooth1_qc_peak4
run60_sparc_1428,sparc_1428,0.733496,0.674645,0.811379,0.706704,0.624833,0.737053,0.900991,0.911820,0.925737,0.881377,0.897886,0.907325,spectrum_fno48_floor6_smooth1_qc_peak4
run60_sparc_1430,sparc_1430,0.764319,0.760305,0.770091,0.764300,0.713589,0.763010,0.849388,0.864813,0.842156,0.895972,0.900331,0.811654,spectrum_fno48_floor6_smooth1_qc_peak4
run60_sparc_1440,sparc_1440,1.101523,1.088911,1.351399,0.870722,0.783797,0.894261,0.923682,0.921816,0.938554,0.437081,0.544986,0.678432,spectrum_fno48_floor6_smooth1_qc_peak4
run60_sparc_1500,sparc_1500,0.550506,0.426161,0.616188,0.470373,0.360707,0.456798,0.991817,0.992636,0.992249,0.652211,0.865354,0.760185,spectrum_fno48_floor6_smooth1_qc_peak4
run60_sparc_1503,sparc_1503,1.864899,1.979140,1.603913,0.869232,0.806747,0.905574,0.753151,0.796192,0.736567,0.849561,0.919908,0.904963,spectrum_fno48_floor6_smooth1_qc_mhi100
run60_sparc_1504,sparc_1504,0.987154,0.917242,1.477102,0.777569,0.741645,0.902185,0.868441,0.874707,0.906236,0.756465,0.618446,0.770026,spectrum_fno48_floor6_smooth1_qc_peak4
run60_sparc_1506,sparc_1506,0.949284,0.842802,1.022920,0.822137,0.717151,0.876091,0.877381,0.915976,0.925352,0.578793,0.526025,0.709661,spectrum_fno48_floor6_smooth1_qc_peak4
run60_sparc_1511,sparc_1511,0.565921,0.499173,0.626997,0.565531,0.497036,0.626835,0.941750,0.941518,0.958918,0.582107,0.481184,0.618069,spectrum_fno48_floor6_smooth1_qc_peak4
run60_sparc_1515,sparc_1515,0.526571,0.556408,0.683147,0.511093,0.533040,0.612456,0.921442,0.917919,0.948223,0.348127,0.642765,0.703587,spectrum_fno48_floor6_smooth1_qc
run60_sparc_1521,sparc_1521,0.589166,0.586865,0.812909,0.572671,0.569673,0.714619,0.918399,0.915594,0.941494,0.771694,0.759657,0.907699,spectrum_fno48_floor6_smooth1_qc_peak4
run60_sparc_1523,sparc_1523,0.724042,0.704717,0.757691,0.695904,0.654149,0.737204,0.904313,0.903423,0.922865,0.765087,0.823358,0.874862,spectrum_fno48_floor6_smooth1_qc_peak4
run61_sparc_1303,sparc_1303,0.722681,0.693470,0.850721,0.719782,0.631738,0.744151,0.950218,0.947268,0.955110,0.386966,0.682992,0.578606,spectrum_fno48_floor6_smooth1_qc_peak4
run61_sparc_1305,sparc_1305,1.008890,1.338258,0.971166,0.816866,0.780837,0.840936,0.902129,0.905588,0.895055,0.793388,0.885704,0.860269,spectrum_fno48_floor6_smooth1_qc_mhi100
run61_sparc_1309,sparc_1309,0.726789,0.786349,1.273565,0.616513,0.661455,0.963953,0.909851,0.910724,0.911119,0.596563,0.591162,0.804635,spectrum_fno48_floor6_smooth1_qc
run61_sparc_1313,sparc_1313,0.627194,0.757033,1.201942,0.589619,0.642475,0.925727,0.960901,0.954805,0.965046,0.418152,0.734670,0.468433,spectrum_fno48_floor6_smooth1_qc
run61_sparc_1315,sparc_1315,0.664736,0.794745,1.153340,0.606825,0.687260,0.921936,0.950479,0.951206,0.950116,0.306856,0.737658,0.435407,spectrum_fno48_floor6_smooth1_qc
run61_sparc_1354,sparc_1354,0.657638,0.630529,0.953997,0.655129,0.630503,0.910394,0.912137,0.934171,0.902317,0.744532,0.837384,0.790998,spectrum_fno48_floor6_smooth1_qc_peak4
run61_sparc_1355,sparc_1355,0.779615,0.870522,0.944505,0.779172,0.828949,0.901812,0.817373,0.736624,0.770756,0.534922,0.721195,0.665786,spectrum_fno48_floor6_smooth1_qc
run61_sparc_1356,sparc_1356,0.575141,0.641280,0.920375,0.573921,0.636756,0.912587,0.933686,0.941919,0.950518,0.323013,0.815822,0.707234,spectrum_fno48_floor6_smooth1_qc
run61_sparc_1406,sparc_1406,0.753625,0.764906,0.949703,0.742158,0.759846,0.840211,0.925509,0.883487,0.939145,0.502799,0.961255,0.859882,spectrum_fno48_floor6_smooth1_qc
run61_sparc_1407,sparc_1407,0.702111,0.682682,0.809870,0.701054,0.681082,0.802485,0.921793,0.922777,0.895276,0.762511,0.927369,0.900447,spectrum_fno48_floor6_smooth1_qc_peak4
run61_sparc_1411,sparc_1411,0.673359,0.589515,0.876996,0.637223,0.589391,0.876634,0.953414,0.955680,0.950657,0.405783,0.580152,0.661168,spectrum_fno48_floor6_smooth1_qc_peak4
run61_sparc_1419,sparc_1419,0.552240,0.754021,0.974116,0.533610,0.736317,0.909270,0.932393,0.942281,0.947987,0.841454,0.875755,0.787795,spectrum_fno48_floor6_smooth1_qc
run61_sparc_1426,sparc_1426,0.781804,0.722743,0.869365,0.764419,0.721119,0.790966,0.933059,0.941870,0.929708,0.820772,0.881037,0.892341,spectrum_fno48_floor6_smooth1_qc_peak4
run61_sparc_1430,sparc_1430,0.841351,1.227121,1.254572,0.832292,0.803995,0.867642,0.923837,0.925326,0.879738,0.623137,0.908825,0.901224,spectrum_fno48_floor6_smooth1_qc
run61_sparc_1500,sparc_1500,0.513641,0.452436,0.509635,0.487510,0.451105,0.500781,0.979093,0.982441,0.977610,0.734637,0.836224,0.784820,spectrum_fno48_floor6_smooth1_qc_peak4
run61_sparc_1501,sparc_1501,0.891981,0.724629,0.967494,0.802524,0.698299,0.867482,0.933939,0.939072,0.943298,0.774369,0.922410,0.632184,spectrum_fno48_floor6_smooth1_qc_peak4
run61_sparc_1502,sparc_1502,0.675838,0.825258,1.059261,0.587976,0.675151,0.847414,0.949205,0.945020,0.961732,0.590199,0.781208,0.783571,spectrum_fno48_floor6_smooth1_qc
run61_sparc_1503,sparc_1503,0.717261,0.726214,0.994897,0.714117,0.630939,0.784773,0.951369,0.951807,0.954740,0.378405,0.688031,0.702715,spectrum_fno48_floor6_smooth1_qc
run61_sparc_1508,sparc_1508,0.657101,0.834222,1.038669,0.648638,0.783570,0.914751,0.896449,0.888943,0.916431,0.871786,0.898702,0.865951,spectrum_fno48_floor6_smooth1_qc
run61_sparc_1509,sparc_1509,0.601114,0.603407,0.893357,0.541238,0.599464,0.891783,0.929225,0.911722,0.928393,0.354969,0.346733,0.590666,spectrum_fno48_floor6_smooth1_qc
run61_sparc_1512,sparc_1512,0.651714,0.608514,0.878457,0.620599,0.608480,0.878155,0.962584,0.960819,0.963287,0.454657,0.599555,0.476950,spectrum_fno48_floor6_smooth1_qc_peak4
run61_sparc_1516,sparc_1516,0.613335,0.611037,0.948223,0.612625,0.603503,0.923562,0.951009,0.957273,0.952190,0.443549,0.687490,0.659175,spectrum_fno48_floor6_smooth1_qc_peak4
run61_sparc_1517,sparc_1517,0.636571,0.659131,1.006420,0.632839,0.637321,0.948031,0.942678,0.957836,0.950026,0.488547,0.731260,0.674224,spectrum_fno48_floor6_smooth1_qc
run61_sparc_1522,sparc_1522,0.841018,0.788315,1.076176,0.750783,0.784785,0.895784,0.803074,0.836871,0.808136,0.920674,0.479881,0.911793,spectrum_fno48_floor6_smooth1_qc_peak4
run61_sparc_1527,sparc_1527,0.912410,1.010320,1.057696,0.736976,0.678609,0.787067,0.823279,0.938066,0.898833,0.883267,0.667546,0.847825,spectrum_fno48_floor6_smooth1_qc
run61_sparc_1529,sparc_1529,0.750591,0.772609,0.827240,0.747233,0.768264,0.815979,0.854491,0.849058,0.892200,0.967747,0.973794,0.937983,spectrum_fno48_floor6_smooth1_qc
run61_sparc_1593,sparc_1593,0.716137,0.682045,0.859221,0.713847,0.622441,0.768892,0.949878,0.946322,0.957341,0.395230,0.668973,0.630888,spectrum_fno48_floor6_smooth1_qc_peak4
run62_sparc_1307,sparc_1307,0.934473,0.907628,0.953232,0.749863,0.728883,0.823058,0.944374,0.937351,0.960456,0.872451,0.932884,0.744970,spectrum_fno48_floor6_smooth1_qc_peak4
run62_sparc_1309,sparc_1309,1.155290,0.975373,1.190175,0.777196,0.740026,0.892117,0.914522,0.921662,0.909906,0.736230,0.907078,0.739953,spectrum_fno48_floor6_smooth1_qc_peak4
run62_sparc_1319,sparc_1319,0.546154,0.628384,0.840646,0.542665,0.608335,0.740672,0.912478,0.914776,0.939502,0.480602,0.800020,0.544418,spectrum_fno48_floor6_smooth1_qc
run62_sparc_1351,sparc_1351,0.522524,0.592396,0.736013,0.519193,0.572370,0.679524,0.902167,0.900605,0.927634,0.739350,0.735499,0.604078,spectrum_fno48_floor6_smooth1_qc
run62_sparc_1358,sparc_1358,0.528271,0.582360,0.720346,0.517309,0.560989,0.662883,0.897497,0.897141,0.924849,0.523938,0.903996,0.478601,spectrum_fno48_floor6_smooth1_qc
run62_sparc_1362,sparc_1362,0.490625,0.544014,0.750182,0.489342,0.532042,0.688956,0.902198,0.907351,0.927719,0.464731,0.944805,0.802572,spectrum_fno48_floor6_smooth1_qc
run62_sparc_1404,sparc_1404,1.076137,0.893773,1.382593,0.821479,0.727003,0.929546,0.931710,0.936956,0.942111,0.856440,0.806074,0.904171,spectrum_fno48_floor6_smooth1_qc_peak4
run62_sparc_1405,sparc_1405,1.161565,0.922878,1.405855,0.846584,0.775105,0.942600,0.948215,0.944896,0.956841,0.729296,0.776300,0.805509,spectrum_fno48_floor6_smooth1_qc_peak4
run62_sparc_1416,sparc_1416,0.504520,0.586393,0.770490,0.503338,0.575277,0.722244,0.918443,0.918039,0.943857,0.629565,0.757347,0.283589,spectrum_fno48_floor6_smooth1_qc
run62_sparc_1422,sparc_1422,0.635316,0.650256,0.759995,0.626910,0.612788,0.709956,0.897198,0.902798,0.926372,0.713537,0.773606,0.633823,spectrum_fno48_floor6_smooth1_qc
run62_sparc_1425,sparc_1425,1.389512,1.219330,2.032920,0.859160,0.814300,0.961912,0.946658,0.946150,0.960885,0.703760,0.866421,0.787512,spectrum_fno48_floor6_smooth1_qc_peak4
run62_sparc_1440,sparc_1440,1.053773,0.821536,1.337880,0.818852,0.735855,0.914606,0.956940,0.955027,0.969914,0.714366,0.862804,0.757156,spectrum_fno48_floor6_smooth1_qc_peak4
run62_sparc_1441,sparc_1441,1.082985,0.803744,1.415480,0.815894,0.734059,0.911004,0.956872,0.955123,0.968284,0.722060,0.865951,0.740475,spectrum_fno48_floor6_smooth1_qc_peak4
run62_sparc_1503,sparc_1503,1.194250,1.304298,1.348973,0.851209,0.879557,0.963222,0.852536,0.864097,0.896771,0.860129,0.893362,0.777802,spectrum_fno48_floor6_smooth1_qc
run62_sparc_1508,sparc_1508,1.008432,1.117145,1.164024,0.771514,0.767519,0.884598,0.938802,0.939478,0.958320,0.793683,0.825946,0.707434,spectrum_fno48_floor6_smooth1_qc
run62_sparc_1515,sparc_1515,0.529410,0.611955,0.783357,0.525502,0.588326,0.729515,0.909174,0.906999,0.932481,0.479043,0.759787,0.448398,spectrum_fno48_floor6_smooth1_qc
run62_sparc_1525,sparc_1525,1.023667,0.955818,1.615599,0.799810,0.765200,0.946300,0.939884,0.933745,0.956211,0.593476,0.804581,0.639242,spectrum_fno48_floor6_smooth1_qc_peak4
run63_sparc_1316,sparc_1316,0.611516,0.563647,0.669973,0.561385,0.537111,0.654034,0.917251,0.921820,0.942115,0.651644,0.844294,0.735561,spectrum_fno48_floor6_smooth1_qc_peak4
run63_sparc_1317,sparc_1317,0.633419,0.590177,0.722432,0.586428,0.534596,0.632508,0.919348,0.921911,0.949980,0.582536,0.895273,0.693741,spectrum_fno48_floor6_smooth1_qc_peak4
run63_sparc_1319,sparc_1319,0.624432,0.566457,0.767159,0.574703,0.526719,0.642012,0.923701,0.920354,0.952617,0.563423,0.867093,0.692933,spectrum_fno48_floor6_smooth1_qc_peak4
run63_sparc_1401,sparc_1401,0.818032,0.863049,0.697864,0.802335,0.850027,0.678034,0.920512,0.918644,0.942717,0.982820,0.987173,0.939565,spectrum_fno48_floor6_smooth1_qc_mhi100
run63_sparc_1406,sparc_1406,0.816834,0.817594,0.836570,0.684782,0.689759,0.739485,0.899152,0.912793,0.931282,0.861013,0.937077,0.849457,spectrum_fno48_floor6_smooth1_qc
run63_sparc_1409,sparc_1409,0.943242,0.890559,1.120734,0.888834,0.872752,0.921060,0.777489,0.773048,0.781610,0.925904,0.813182,0.959239,spectrum_fno48_floor6_smooth1_qc_peak4
run63_sparc_1419,sparc_1419,0.697057,0.675559,0.731333,0.666473,0.665314,0.680609,0.908504,0.910507,0.937394,0.885417,0.927041,0.910473,spectrum_fno48_floor6_smooth1_qc_peak4
run63_sparc_1423,sparc_1423,0.716335,0.731898,0.773441,0.702027,0.706143,0.755216,0.890288,0.893033,0.921039,0.870864,0.958457,0.944876,spectrum_fno48_floor6_smooth1_qc
run63_sparc_1425,sparc_1425,0.768790,0.787658,0.827398,0.730227,0.722184,0.758919,0.881808,0.872125,0.923504,0.750541,0.933474,0.908486,spectrum_fno48_floor6_smooth1_qc
run63_sparc_1441,sparc_1441,0.629921,0.672732,0.739010,0.629921,0.667212,0.736024,0.923990,0.919389,0.951889,0.490206,0.765034,0.631517,spectrum_fno48_floor6_smooth1_qc
run63_sparc_1506,sparc_1506,0.707629,0.705647,0.792135,0.687823,0.661634,0.749065,0.901166,0.909820,0.930209,0.819480,0.917205,0.918589,spectrum_fno48_floor6_smooth1_qc_peak4
run63_sparc_1507,sparc_1507,0.676598,0.701328,0.769169,0.664709,0.689750,0.736846,0.917063,0.919193,0.938945,0.610142,0.871003,0.797638,spectrum_fno48_floor6_smooth1_qc
run63_sparc_1516,sparc_1516,0.613544,0.595168,0.677824,0.598445,0.578856,0.634335,0.926834,0.925441,0.948190,0.676494,0.684767,0.643830,spectrum_fno48_floor6_smooth1_qc_peak4
run63_sparc_1519,sparc_1519,0.702863,0.731803,0.718392,0.668326,0.673684,0.679568,0.920769,0.913754,0.937595,0.905904,0.927288,0.915956,spectrum_fno48_floor6_smooth1_qc
run63_sparc_1523,sparc_1523,1.010188,0.782816,0.737492,0.706988,0.641878,0.674204,0.812566,0.859902,0.791535,0.982053,0.972724,0.993410,spectrum_fno48_floor6_smooth1_qc_mhi100
run63_sparc_1525,sparc_1525,0.676866,0.670976,0.717448,0.672306,0.660121,0.705776,0.876119,0.912635,0.934511,0.762251,0.963377,0.936843,spectrum_fno48_floor6_smooth1_qc_peak4
run63_sparc_1527,sparc_1527,0.741862,0.733923,0.821655,0.664303,0.654976,0.722853,0.915440,0.919683,0.941320,0.790522,0.931201,0.850438,spectrum_fno48_floor6_smooth1_qc_peak4
run63_sparc_1593,sparc_1593,0.601752,0.624456,0.716029,0.601556,0.623575,0.715329,0.933564,0.931931,0.947419,0.773879,0.886675,0.858660,spectrum_fno48_floor6_smooth1_qc
run64_sparc_1305,sparc_1305,0.644214,0.654316,0.732272,0.641595,0.653405,0.722968,0.923563,0.925115,0.942065,0.805807,0.919887,0.860571,spectrum_fno48_floor6_smooth1_qc
run64_sparc_1307,sparc_1307,0.924549,0.687502,1.028820,0.650085,0.603103,0.754265,0.916728,0.918637,0.645227,0.980494,0.964595,0.980752,spectrum_fno48_floor6_smooth1_qc_peak4
run64_sparc_1311,sparc_1311,0.675794,0.585783,0.722344,0.638044,0.575422,0.665239,0.912469,0.920998,0.941900,0.538026,0.789643,0.793042,spectrum_fno48_floor6_smooth1_qc_peak4
run64_sparc_1315,sparc_1315,0.652369,0.659319,0.643940,0.594847,0.609386,0.606486,0.918012,0.917547,0.945580,0.716132,0.838718,0.888960,spectrum_fno48_floor6_smooth1_qc_mhi100
run64_sparc_1316,sparc_1316,0.611936,0.672735,0.661804,0.594493,0.612462,0.612776,0.912895,0.920265,0.939563,0.583347,0.839459,0.709184,spectrum_fno48_floor6_smooth1_qc
run64_sparc_1317,sparc_1317,0.592345,0.668668,0.670904,0.579603,0.617340,0.633182,0.918805,0.919889,0.949531,0.631265,0.850358,0.584940,spectrum_fno48_floor6_smooth1_qc
run64_sparc_1350,sparc_1350,0.602889,0.603816,0.605409,0.574739,0.589964,0.596460,0.932471,0.932205,0.961765,0.761727,0.818180,0.715234,spectrum_fno48_floor6_smooth1_qc
run64_sparc_1353,sparc_1353,0.648732,0.772839,0.754100,0.594568,0.686999,0.656850,0.902943,0.907031,0.924005,0.671359,0.906134,0.814608,spectrum_fno48_floor6_smooth1_qc
run64_sparc_1360,sparc_1360,0.703521,0.682345,0.658293,0.619007,0.645986,0.629544,0.899339,0.901247,0.890502,0.742756,0.880436,0.690852,spectrum_fno48_floor6_smooth1_qc_mhi100
run64_sparc_1364,sparc_1364,0.734569,0.787338,0.722307,0.657155,0.677452,0.663436,0.904906,0.912362,0.928400,0.884300,0.962785,0.939125,spectrum_fno48_floor6_smooth1_qc_mhi100
run64_sparc_1404,sparc_1404,0.672636,0.649867,0.812754,0.639491,0.614869,0.727936,0.935386,0.934779,0.947415,0.761331,0.932243,0.876229,spectrum_fno48_floor6_smooth1_qc_peak4
run64_sparc_1405,sparc_1405,0.879661,0.956628,0.886632,0.837402,0.862049,0.838631,0.784347,0.755855,0.841083,0.965063,0.979328,0.975156,spectrum_fno48_floor6_smooth1_qc
run64_sparc_1415,sparc_1415,0.726493,0.712320,0.754935,0.641838,0.660623,0.648987,0.917227,0.916425,0.932117,0.772756,0.884736,0.754475,spectrum_fno48_floor6_smooth1_qc_peak4
run64_sparc_1423,sparc_1423,0.608130,0.663313,0.714901,0.599827,0.660671,0.714450,0.905917,0.909590,0.922817,0.689031,0.884161,0.900290,spectrum_fno48_floor6_smooth1_qc
run64_sparc_1426,sparc_1426,0.692704,0.727667,0.687997,0.691625,0.714234,0.687952,0.916515,0.902329,0.949031,0.734995,0.907631,0.849819,spectrum_fno48_floor6_smooth1_qc_mhi100
run64_sparc_1428,sparc_1428,0.753937,0.721646,0.844146,0.719814,0.696195,0.752441,0.878255,0.889167,0.897981,0.824398,0.899751,0.872555,spectrum_fno48_floor6_smooth1_qc_peak4
run64_sparc_1441,sparc_1441,0.617632,0.617514,0.676645,0.605024,0.600728,0.666621,0.928362,0.927590,0.957135,0.735094,0.832955,0.757160,spectrum_fno48_floor6_smooth1_qc_peak4
run64_sparc_1500,sparc_1500,0.410162,0.442417,0.437259,0.393735,0.413927,0.413959,0.994964,0.993330,0.995339,0.816871,0.925202,0.880909,spectrum_fno48_floor6_smooth1_qc
run64_sparc_1509,sparc_1509,0.781667,0.704740,0.849813,0.691171,0.655638,0.759090,0.914237,0.915700,0.926884,0.662671,0.797737,0.912666,spectrum_fno48_floor6_smooth1_qc_peak4
run64_sparc_1511,sparc_1511,0.678075,0.671376,0.693685,0.671757,0.657898,0.673917,0.917691,0.919614,0.949436,0.792796,0.859504,0.682873,spectrum_fno48_floor6_smooth1_qc_peak4
run64_sparc_1513,sparc_1513,0.708092,0.680503,0.710509,0.702905,0.676005,0.695215,0.894279,0.907166,0.903066,0.871630,0.861698,0.891816,spectrum_fno48_floor6_smooth1_qc_peak4
run64_sparc_1520,sparc_1520,0.729780,0.731520,0.665569,0.690687,0.696984,0.652646,0.902259,0.908346,0.931687,0.935700,0.952156,0.811520,spectrum_fno48_floor6_smooth1_qc_mhi100
run64_sparc_1529,sparc_1529,0.758390,0.749835,0.806702,0.744335,0.745733,0.798224,0.897437,0.900409,0.918705,0.839452,0.915415,0.885814,spectrum_fno48_floor6_smooth1_qc_peak4
run65_sparc_1307,sparc_1307,1.004970,0.920696,1.076994,0.916982,0.875507,0.945624,0.182543,0.362332,0.500061,0.943168,0.956628,0.976355,spectrum_fno48_floor6_smooth1_qc_peak4
run65_sparc_1311,sparc_1311,0.562906,0.657910,0.702769,0.553927,0.614202,0.630237,0.923495,0.922731,0.949669,0.661438,0.832859,0.633556,spectrum_fno48_floor6_smooth1_qc
run65_sparc_1315,sparc_1315,0.627328,0.598996,0.684983,0.567843,0.539722,0.619268,0.911709,0.913057,0.939211,0.493851,0.668339,0.718724,spectrum_fno48_floor6_smooth1_qc_peak4
run65_sparc_1316,sparc_1316,0.584022,0.574472,0.768067,0.559614,0.530253,0.665517,0.898382,0.901553,0.929004,0.466333,0.726603,0.706034,spectrum_fno48_floor6_smooth1_qc_peak4
run65_sparc_1351,sparc_1351,0.629806,0.635574,0.662934,0.546673,0.547725,0.590479,0.889976,0.889459,0.924704,0.600822,0.757727,0.740072,spectrum_fno48_floor6_smooth1_qc
run65_sparc_1359,sparc_1359,0.548729,0.565411,0.661575,0.522647,0.521258,0.610082,0.912239,0.910550,0.934675,0.560516,0.882090,0.656982,spectrum_fno48_floor6_smooth1_qc
run65_sparc_1361,sparc_1361,0.525748,0.551557,0.709159,0.515628,0.522347,0.631541,0.902078,0.903070,0.932451,0.604912,0.902875,0.836599,spectrum_fno48_floor6_smooth1_qc
run65_sparc_1362,sparc_1362,0.544445,0.606610,0.680010,0.528428,0.543436,0.619759,0.847239,0.851500,0.858523,0.666496,0.895226,0.745024,spectrum_fno48_floor6_smooth1_qc
run65_sparc_1363,sparc_1363,0.569139,0.533520,0.745474,0.539233,0.516758,0.649148,0.888693,0.896184,0.917997,0.760192,0.861229,0.758504,spectrum_fno48_floor6_smooth1_qc_peak4
run65_sparc_1364,sparc_1364,0.594975,0.638142,0.863587,0.587002,0.616186,0.705052,0.895778,0.899386,0.929125,0.699222,0.908014,0.863938,spectrum_fno48_floor6_smooth1_qc
run65_sparc_1365,sparc_1365,0.534109,0.596656,0.648748,0.512680,0.541825,0.601442,0.886438,0.889858,0.906838,0.738626,0.916384,0.840508,spectrum_fno48_floor6_smooth1_qc
run65_sparc_1411,sparc_1411,0.600456,0.639064,0.750580,0.553406,0.584953,0.651660,0.930541,0.927421,0.958473,0.642794,0.879434,0.724289,spectrum_fno48_floor6_smooth1_qc
run65_sparc_1421,sparc_1421,0.550580,0.583130,0.742457,0.533835,0.554777,0.657418,0.919521,0.919190,0.939258,0.800286,0.731083,0.656969,spectrum_fno48_floor6_smooth1_qc
run65_sparc_1423,sparc_1423,0.789620,0.762634,0.758826,0.732285,0.733535,0.757118,0.866127,0.860620,0.913375,0.949674,0.780265,0.834335,spectrum_fno48_floor6_smooth1_qc_mhi100
run65_sparc_1425,sparc_1425,0.741716,0.840616,0.788201,0.696924,0.775771,0.758512,0.890863,0.856448,0.934640,0.469505,0.789044,0.702772,spectrum_fno48_floor6_smooth1_qc
run65_sparc_1428,sparc_1428,0.849756,0.872292,0.861181,0.805408,0.790202,0.833667,0.848565,0.810322,0.873954,0.918942,0.902528,0.865376,spectrum_fno48_floor6_smooth1_qc
run65_sparc_1441,sparc_1441,0.907172,1.123961,0.947774,0.887867,0.878641,0.870623,0.842609,0.831380,0.931566,0.519897,0.843503,0.548939,spectrum_fno48_floor6_smooth1_qc
run65_sparc_1506,sparc_1506,1.058308,1.530513,1.120381,0.960181,0.915173,0.925821,0.604509,0.675553,0.654027,0.699143,0.726852,0.915233,spectrum_fno48_floor6_smooth1_qc
run65_sparc_1507,sparc_1507,1.052463,1.383434,1.448114,0.944323,0.902594,0.936077,0.750412,0.636545,0.300510,0.489058,0.912791,0.954536,spectrum_fno48_floor6_smooth1_qc
run65_sparc_1510,sparc_1510,0.667333,0.651534,0.734808,0.579009,0.590160,0.694983,0.932544,0.934381,0.955651,0.619030,0.855318,0.808495,spectrum_fno48_floor6_smooth1_qc_peak4
run65_sparc_1512,sparc_1512,0.633788,0.623384,0.756866,0.584322,0.571339,0.667240,0.936334,0.937129,0.957090,0.675813,0.902563,0.889685,spectrum_fno48_floor6_smooth1_qc_peak4
run65_sparc_1520,sparc_1520,0.557671,0.560617,0.831184,0.546814,0.558093,0.712515,0.915959,0.918466,0.936855,0.558396,0.822695,0.866857,spectrum_fno48_floor6_smooth1_qc
run65_sparc_1525,sparc_1525,0.583000,0.771358,0.680832,0.564810,0.680824,0.674793,0.883241,0.867214,0.925177,0.672888,0.756508,0.787534,spectrum_fno48_floor6_smooth1_qc
run65_sparc_1529,sparc_1529,0.878553,0.765229,0.820178,0.876929,0.760819,0.816269,0.756692,0.844469,0.896621,0.852326,0.930831,0.861397,spectrum_fno48_floor6_smooth1_qc_peak4
run66_sparc_1302,sparc_1302,0.823596,0.830026,0.989051,0.739501,0.775703,0.824987,0.797853,0.792381,0.844475,0.849267,0.842697,0.895269,spectrum_fno48_floor6_smooth1_qc
run66_sparc_1303,sparc_1303,0.824563,0.657286,0.885440,0.761355,0.620138,0.814561,0.857090,0.887074,0.905344,0.812925,0.882745,0.899715,spectrum_fno48_floor6_smooth1_qc_peak4
run66_sparc_1304,sparc_1304,1.188907,1.183860,1.084153,0.877663,0.811037,0.829432,0.831377,0.867655,0.902723,0.895300,0.880749,0.804617,spectrum_fno48_floor6_smooth1_qc_mhi100
run66_sparc_1313,sparc_1313,0.485972,0.549266,0.766466,0.477377,0.514652,0.632508,0.916535,0.917031,0.944481,0.709759,0.812987,0.525702,spectrum_fno48_floor6_smooth1_qc
run66_sparc_1318,sparc_1318,0.513302,0.541283,0.816867,0.508797,0.521533,0.655732,0.910837,0.915984,0.934709,0.755427,0.831404,0.801224,spectrum_fno48_floor6_smooth1_qc
run66_sparc_1319,sparc_1319,0.543844,0.550487,0.779106,0.523875,0.529289,0.669648,0.911772,0.916997,0.936639,0.705372,0.807437,0.797605,spectrum_fno48_floor6_smooth1_qc
run66_sparc_1350,sparc_1350,0.485972,0.549263,0.766465,0.477377,0.514652,0.632507,0.916535,0.917031,0.944480,0.709759,0.812984,0.525701,spectrum_fno48_floor6_smooth1_qc
run66_sparc_1408,sparc_1408,1.169764,1.235328,1.550866,0.882622,0.844995,0.968376,0.905238,0.910270,0.937562,0.774294,0.817774,0.706203,spectrum_fno48_floor6_smooth1_qc
run66_sparc_1415,sparc_1415,0.480843,0.552704,0.650278,0.477319,0.531427,0.612272,0.923252,0.921940,0.946545,0.693044,0.662660,0.742496,spectrum_fno48_floor6_smooth1_qc
run66_sparc_1416,sparc_1416,0.487883,0.567690,0.714751,0.482192,0.545036,0.617048,0.919581,0.919751,0.939258,0.762188,0.684734,0.683641,spectrum_fno48_floor6_smooth1_qc
run66_sparc_1427,sparc_1427,0.729860,0.658641,0.754916,0.724883,0.655282,0.752447,0.860443,0.843145,0.892307,0.685751,0.767580,0.553940,spectrum_fno48_floor6_smooth1_qc_peak4
run66_sparc_1429,sparc_1429,0.670274,0.599580,0.750273,0.666268,0.599552,0.741254,0.899230,0.901303,0.936457,0.901601,0.890174,0.916390,spectrum_fno48_floor6_smooth1_qc_peak4
run66_sparc_1430,sparc_1430,0.706086,0.783380,0.893269,0.705052,0.679162,0.798605,0.886821,0.813817,0.545442,0.807071,0.903797,0.881859,spectrum_fno48_floor6_smooth1_qc
run66_sparc_1509,sparc_1509,0.592931,0.611974,0.818492,0.580678,0.583124,0.737696,0.926549,0.927418,0.911587,0.600796,0.824996,0.935897,spectrum_fno48_floor6_smooth1_qc
run66_sparc_1514,sparc_1514,0.509921,0.540249,0.674502,0.506982,0.530315,0.640370,0.918963,0.921712,0.941029,0.534591,0.725175,0.664645,spectrum_fno48_floor6_smooth1_qc
run66_sparc_1516,sparc_1516,0.489281,0.553465,0.710553,0.483357,0.536524,0.636307,0.909381,0.906070,0.933043,0.610512,0.728145,0.698911,spectrum_fno48_floor6_smooth1_qc
run66_sparc_1529,sparc_1529,1.274823,1.087650,1.216309,0.898062,0.871968,0.903276,0.703458,0.741289,0.777872,0.935785,0.953076,0.887967,spectrum_fno48_floor6_smooth1_qc_peak4
run67_sparc_1302,sparc_1302,1.323112,1.201189,1.134610,0.828458,0.721275,0.777571,0.862771,0.875671,0.891036,0.895749,0.901980,0.849583,spectrum_fno48_floor6_smooth1_qc_mhi100
run67_sparc_1304,sparc_1304,1.130893,1.175164,1.304589,0.846763,0.853530,0.905386,0.665988,0.613968,0.809463,0.920065,0.947055,0.895752,spectrum_fno48_floor6_smooth1_qc
run67_sparc_1318,sparc_1318,0.714695,0.589285,0.793636,0.626253,0.537565,0.702575,0.920557,0.917717,0.948870,0.658985,0.822635,0.825667,spectrum_fno48_floor6_smooth1_qc_peak4
run67_sparc_1350,sparc_1350,0.593093,0.595403,0.688087,0.557994,0.541209,0.616517,0.921287,0.916273,0.949100,0.380177,0.866977,0.425743,spectrum_fno48_floor6_smooth1_qc
run67_sparc_1362,sparc_1362,0.525069,0.539155,0.624172,0.520735,0.524375,0.610028,0.893810,0.899541,0.918664,0.485403,0.892848,0.775745,spectrum_fno48_floor6_smooth1_qc
run67_sparc_1401,sparc_1401,0.735515,0.740545,0.779417,0.735492,0.668984,0.740725,0.841197,0.767548,0.871113,0.817169,0.900860,0.875297,spectrum_fno48_floor6_smooth1_qc
run67_sparc_1403,sparc_1403,0.793322,0.940710,1.069855,0.714690,0.713346,0.815183,0.935642,0.938160,0.955314,0.672781,0.647118,0.514923,spectrum_fno48_floor6_smooth1_qc
run67_sparc_1404,sparc_1404,1.145294,0.929277,1.045173,0.729331,0.668968,0.813241,0.900279,0.899996,0.884146,0.927340,0.966742,0.949118,spectrum_fno48_floor6_smooth1_qc_peak4
run67_sparc_1410,sparc_1410,0.674950,0.676792,0.819437,0.611227,0.588994,0.698784,0.913164,0.913707,0.939444,0.568468,0.826576,0.670440,spectrum_fno48_floor6_smooth1_qc
run67_sparc_1412,sparc_1412,0.589774,0.577741,0.745033,0.574355,0.546075,0.673774,0.913874,0.917473,0.932591,0.302956,0.722601,0.486523,spectrum_fno48_floor6_smooth1_qc_peak4
run67_sparc_1417,sparc_1417,0.580269,0.560234,0.668156,0.565091,0.539253,0.642987,0.897850,0.899130,0.921918,0.662049,0.789773,0.539163,spectrum_fno48_floor6_smooth1_qc_peak4
run67_sparc_1419,sparc_1419,0.724012,0.704275,0.736400,0.671632,0.660328,0.703561,0.866407,0.879483,0.899680,0.827917,0.853344,0.690561,spectrum_fno48_floor6_smooth1_qc_peak4
run67_sparc_1427,sparc_1427,1.950085,1.764101,1.510739,0.969401,0.963571,0.970865,0.673780,0.697054,0.622692,0.835945,0.916364,0.968449,spectrum_fno48_floor6_smooth1_qc_mhi100
run67_sparc_1500,sparc_1500,0.967163,0.939712,0.954036,0.944194,0.924827,0.852833,0.987588,0.987492,0.981473,0.902390,0.908295,0.891852,spectrum_fno48_floor6_smooth1_qc_peak4
run67_sparc_1508,sparc_1508,1.328954,1.520672,1.430908,0.924063,0.872686,0.941416,0.921916,0.928677,0.947978,0.751066,0.773459,0.839036,spectrum_fno48_floor6_smooth1_qc
run67_sparc_1509,sparc_1509,0.751633,0.651246,0.988339,0.706636,0.618298,0.815573,0.910748,0.915119,0.930863,0.844097,0.907837,0.965919,spectrum_fno48_floor6_smooth1_qc_peak4
run67_sparc_1510,sparc_1510,0.631418,0.624425,0.710954,0.616238,0.577394,0.680562,0.921808,0.920740,0.947750,0.418847,0.783283,0.621367,spectrum_fno48_floor6_smooth1_qc_peak4
run67_sparc_1514,sparc_1514,0.554956,0.548891,0.677672,0.545158,0.531955,0.629052,0.924921,0.925665,0.940769,0.267147,0.815703,0.782617,spectrum_fno48_floor6_smooth1_qc_peak4
run67_sparc_1515,sparc_1515,0.538977,0.542486,0.647993,0.529293,0.530323,0.614397,0.922814,0.924218,0.944882,0.335514,0.790693,0.616709,spectrum_fno48_floor6_smooth1_qc
run67_sparc_1517,sparc_1517,0.587881,0.578907,0.690094,0.559613,0.570133,0.642160,0.919312,0.917852,0.946213,0.679444,0.789204,0.563502,spectrum_fno48_floor6_smooth1_qc_peak4
run67_sparc_1519,sparc_1519,0.657434,0.723775,0.774154,0.644075,0.675319,0.716143,0.871924,0.885582,0.908710,0.884925,0.885021,0.905532,spectrum_fno48_floor6_smooth1_qc
run67_sparc_1522,sparc_1522,0.736749,0.634669,0.847587,0.689346,0.601715,0.766659,0.906039,0.913630,0.936004,0.850387,0.806084,0.908156,spectrum_fno48_floor6_smooth1_qc_peak4
run67_sparc_1524,sparc_1524,0.892639,0.829541,1.096546,0.776175,0.755229,0.858679,0.884637,0.899508,0.900412,0.945940,0.888451,0.955473,spectrum_fno48_floor6_smooth1_qc_peak4
run67_sparc_1526,sparc_1526,0.860211,0.895546,0.918967,0.842697,0.813249,0.864807,0.833519,0.868934,0.865205,0.747606,0.837534,0.682105,spectrum_fno48_floor6_smooth1_qc
run67_sparc_1530,sparc_1530,0.746889,0.713047,0.887811,0.698474,0.687786,0.847862,0.917412,0.898066,0.770484,0.899094,0.969743,0.968548,spectrum_fno48_floor6_smooth1_qc_peak4
run68_sparc_1305,sparc_1305,0.854772,0.842461,1.049726,0.829890,0.811259,0.864806,0.928121,0.931214,0.928681,0.887920,0.921613,0.881141,spectrum_fno48_floor6_smooth1_qc_peak4
run68_sparc_1313,sparc_1313,0.850065,0.967160,0.897426,0.803330,0.965751,0.871963,0.926168,0.907262,0.947676,0.320102,0.252412,0.301201,spectrum_fno48_floor6_smooth1_qc
run68_sparc_1314,sparc_1314,0.854790,0.972819,0.873461,0.806441,0.970282,0.849762,0.930534,0.904473,0.946870,0.330672,0.252456,0.304933,spectrum_fno48_floor6_smooth1_qc
run68_sparc_1359,sparc_1359,1.219411,1.110163,1.094797,0.999257,0.997977,0.997165,0.626590,0.740112,0.814393,0.484035,0.281398,0.437227,spectrum_fno48_floor6_smooth1_qc_mhi100
run68_sparc_1364,sparc_1364,1.468413,1.122584,1.397501,0.984198,0.967215,0.959773,0.696532,0.767849,0.741460,0.850240,0.620459,0.865122,spectrum_fno48_floor6_smooth1_qc_peak4
run68_sparc_1401,sparc_1401,1.028280,0.913492,0.952753,0.823157,0.767418,0.857603,0.903132,0.923785,0.933214,0.871395,0.870027,0.863200,spectrum_fno48_floor6_smooth1_qc_peak4
run68_sparc_1414,sparc_1414,0.836771,0.948352,0.884835,0.753283,0.945254,0.838026,0.931468,0.934574,0.951903,0.246301,0.252685,0.308310,spectrum_fno48_floor6_smooth1_qc
run68_sparc_1418,sparc_1418,0.760643,0.940338,0.768740,0.692675,0.937704,0.637049,0.914186,0.926259,0.942505,0.262974,0.252341,0.467848,spectrum_fno48_floor6_smooth1_qc
run68_sparc_1420,sparc_1420,0.721375,0.764286,0.743238,0.682030,0.699298,0.689670,0.890619,0.891572,0.938954,0.555997,0.214955,0.593212,spectrum_fno48_floor6_smooth1_qc
run68_sparc_1426,sparc_1426,1.130745,1.032398,1.641195,0.790267,0.824951,0.887578,0.919837,0.917516,0.936925,0.872223,0.926182,0.709494,spectrum_fno48_floor6_smooth1_qc_peak4
run68_sparc_1430,sparc_1430,1.231939,1.397130,1.204168,0.836169,0.819714,0.911244,0.821948,0.837569,0.828028,0.741336,0.849530,0.836462,spectrum_fno48_floor6_smooth1_qc_mhi100
run68_sparc_1506,sparc_1506,1.147441,0.942197,1.532917,0.909385,0.900876,0.923455,0.877274,0.873064,0.923763,0.960691,0.940555,0.860186,spectrum_fno48_floor6_smooth1_qc_peak4
run68_sparc_1508,sparc_1508,0.714779,0.931534,0.954615,0.707432,0.732900,0.833921,0.922519,0.905902,0.934740,0.467116,0.558793,0.639688,spectrum_fno48_floor6_smooth1_qc
run68_sparc_1517,sparc_1517,0.788272,0.938526,0.842354,0.727315,0.935390,0.718204,0.905492,0.929482,0.933386,0.275860,0.253417,0.399755,spectrum_fno48_floor6_smooth1_qc
run69_sparc_1309,sparc_1309,0.921800,1.059212,0.915265,0.764458,0.777718,0.762497,0.693222,0.706648,0.823589,0.839368,0.964487,0.928940,spectrum_fno48_floor6_smooth1_qc_mhi100
run69_sparc_1310,sparc_1310,0.770225,0.730130,0.796369,0.669782,0.653329,0.700034,0.884659,0.885904,0.906220,0.429576,0.816224,0.828405,spectrum_fno48_floor6_smooth1_qc_peak4
run69_sparc_1311,sparc_1311,0.695311,0.705609,0.813184,0.630627,0.629058,0.708758,0.893111,0.893835,0.909686,0.331362,0.739425,0.828186,spectrum_fno48_floor6_smooth1_qc
run69_sparc_1315,sparc_1315,0.598593,0.656446,0.809111,0.586326,0.597970,0.719598,0.900722,0.900430,0.932957,0.322786,0.727216,0.796782,spectrum_fno48_floor6_smooth1_qc
run69_sparc_1358,sparc_1358,0.602728,0.659597,0.769641,0.582822,0.620499,0.708251,0.897852,0.897233,0.921631,0.347866,0.915550,0.861460,spectrum_fno48_floor6_smooth1_qc
run69_sparc_1359,sparc_1359,0.670625,0.734240,0.871912,0.624742,0.648960,0.714571,0.890105,0.897012,0.928480,0.354092,0.851685,0.769245,spectrum_fno48_floor6_smooth1_qc
run69_sparc_1363,sparc_1363,0.627856,0.674749,0.807455,0.596563,0.641534,0.746582,0.879168,0.883141,0.904100,0.428357,0.875430,0.741661,spectrum_fno48_floor6_smooth1_qc
run69_sparc_1401,sparc_1401,0.565644,0.664787,0.708487,0.564220,0.546090,0.662836,0.948023,0.957228,0.959410,0.980275,0.978114,0.953930,spectrum_fno48_floor6_smooth1_qc
run69_sparc_1404,sparc_1404,1.337856,1.332017,1.527254,0.833301,0.866705,0.954830,0.941960,0.935289,0.953454,0.820283,0.897138,0.879096,spectrum_fno48_floor6_smooth1_qc_peak4
run69_sparc_1411,sparc_1411,0.797997,0.697229,0.776631,0.680275,0.620916,0.691410,0.906762,0.907753,0.931016,0.663862,0.756045,0.743037,spectrum_fno48_floor6_smooth1_qc_peak4
run69_sparc_1416,sparc_1416,0.642064,0.725121,0.811008,0.600094,0.635635,0.714625,0.904109,0.911060,0.929877,0.357612,0.808194,0.768333,spectrum_fno48_floor6_smooth1_qc
run69_sparc_1420,sparc_1420,0.830035,0.913788,1.068742,0.778428,0.807141,0.836853,0.888132,0.891636,0.914751,0.680969,0.869892,0.918480,spectrum_fno48_floor6_smooth1_qc
run69_sparc_1422,sparc_1422,1.021664,0.765591,0.881958,0.847247,0.716936,0.814947,0.883846,0.890821,0.923433,0.918019,0.929393,0.878658,spectrum_fno48_floor6_smooth1_qc_peak4
run69_sparc_1425,sparc_1425,1.247064,1.087914,1.653425,0.853054,0.818648,0.954217,0.908791,0.917136,0.953240,0.782568,0.772345,0.751020,spectrum_fno48_floor6_smooth1_qc_peak4
run69_sparc_1441,sparc_1441,1.393418,1.260159,1.744568,0.874988,0.862009,0.957678,0.950943,0.947351,0.963049,0.766461,0.796049,0.741984,spectrum_fno48_floor6_smooth1_qc_peak4
run69_sparc_1507,sparc_1507,1.197823,1.107141,1.254294,0.900374,0.880318,0.948232,0.845163,0.838411,0.832518,0.980054,0.974206,0.952418,spectrum_fno48_floor6_smooth1_qc_peak4
run69_sparc_1511,sparc_1511,0.816346,0.687930,0.744131,0.701444,0.623517,0.699000,0.911861,0.917523,0.944083,0.834147,0.840224,0.741962,spectrum_fno48_floor6_smooth1_qc_peak4
run69_sparc_1516,sparc_1516,0.654655,0.722330,0.873999,0.632003,0.636095,0.725806,0.901108,0.903084,0.923600,0.459844,0.855544,0.704887,spectrum_fno48_floor6_smooth1_qc
run69_sparc_1525,sparc_1525,1.440152,1.164966,1.460380,0.857933,0.813380,0.954596,0.908629,0.913109,0.932159,0.764021,0.731629,0.849231,spectrum_fno48_floor6_smooth1_qc_peak4
run69_sparc_1530,sparc_1530,0.781465,0.967984,1.002316,0.734306,0.756295,0.797970,0.925022,0.928420,0.927479,0.910862,0.945787,0.890301,spectrum_fno48_floor6_smooth1_qc
run6_sparc_1307,sparc_1307,0.747187,0.798892,0.781311,0.708948,0.753733,0.773899,0.857773,0.846151,0.898201,0.676222,0.915403,0.915955,spectrum_fno48_floor6_smooth1_qc
run6_sparc_1313,sparc_1313,0.653467,0.659939,0.688677,0.610302,0.630529,0.635223,0.930374,0.928615,0.958868,0.683605,0.858565,0.762386,spectrum_fno48_floor6_smooth1_qc
run6_sparc_1317,sparc_1317,0.676883,0.637176,0.704295,0.608335,0.552383,0.624227,0.932462,0.932520,0.956549,0.706293,0.746577,0.828377,spectrum_fno48_floor6_smooth1_qc_peak4
run6_sparc_1351,sparc_1351,0.665257,0.682613,0.690932,0.636197,0.660732,0.660153,0.913461,0.920897,0.939193,0.746068,0.874632,0.815319,spectrum_fno48_floor6_smooth1_qc
run6_sparc_1354,sparc_1354,0.710104,0.771681,0.717857,0.684352,0.754825,0.709886,0.873997,0.877956,0.905870,0.893491,0.916039,0.942506,spectrum_fno48_floor6_smooth1_qc
run6_sparc_1358,sparc_1358,0.670554,0.708464,0.741754,0.640180,0.670170,0.642236,0.914363,0.914815,0.926928,0.819560,0.880875,0.748929,spectrum_fno48_floor6_smooth1_qc
run6_sparc_1360,sparc_1360,0.756050,0.730363,0.708493,0.665568,0.649153,0.642000,0.908666,0.915175,0.943921,0.801844,0.784289,0.688775,spectrum_fno48_floor6_smooth1_qc_mhi100
run6_sparc_1364,sparc_1364,0.768746,0.797786,0.795478,0.720002,0.770021,0.769999,0.902531,0.893991,0.938518,0.802997,0.896916,0.948212,spectrum_fno48_floor6_smooth1_qc
run6_sparc_1401,sparc_1401,0.775527,0.851461,0.707380,0.768834,0.819961,0.685768,0.939550,0.935795,0.949292,0.986420,0.985171,0.949735,spectrum_fno48_floor6_smooth1_qc_mhi100
run6_sparc_1402,sparc_1402,0.711019,0.679413,0.726161,0.698701,0.671640,0.724524,0.949941,0.953599,0.968959,0.900111,0.932893,0.779101,spectrum_fno48_floor6_smooth1_qc_peak4
run6_sparc_1419,sparc_1419,0.687748,0.741749,0.734689,0.599981,0.697684,0.660663,0.884158,0.872828,0.900537,0.944793,0.958797,0.970010,spectrum_fno48_floor6_smooth1_qc
run6_sparc_1423,sparc_1423,0.734193,0.705236,0.859240,0.710474,0.670149,0.755089,0.893758,0.905352,0.920618,0.806975,0.897912,0.922249,spectrum_fno48_floor6_smooth1_qc_peak4
run6_sparc_1428,sparc_1428,0.721783,0.718328,0.733971,0.714409,0.713847,0.733958,0.876540,0.879389,0.951287,0.876644,0.966726,0.964363,spectrum_fno48_floor6_smooth1_qc_peak4
run6_sparc_1430,sparc_1430,1.027162,0.935922,1.449346,0.889711,0.891588,0.999243,0.877857,0.828963,-0.702884,0.983697,0.986039,0.967241,spectrum_fno48_floor6_smooth1_qc_peak4
run6_sparc_1503,sparc_1503,0.680160,0.674449,0.762920,0.675799,0.652682,0.742184,0.927004,0.938344,0.951021,0.742577,0.907311,0.919447,spectrum_fno48_floor6_smooth1_qc_peak4
run6_sparc_1509,sparc_1509,0.900204,0.798286,0.795589,0.879945,0.768741,0.794102,0.886274,0.905453,0.924971,0.731423,0.836435,0.856948,spectrum_fno48_floor6_smooth1_qc_mhi100
run6_sparc_1527,sparc_1527,0.708369,0.655064,0.794381,0.700223,0.650649,0.758485,0.908920,0.925838,0.912685,0.904437,0.920183,0.937067,spectrum_fno48_floor6_smooth1_qc_peak4
run6_sparc_1528,sparc_1528,0.979901,0.941255,0.804474,0.759707,0.758581,0.800084,0.908522,0.866656,0.909697,0.915269,0.941631,0.898175,spectrum_fno48_floor6_smooth1_qc_mhi100
run70_sparc_1301,sparc_1301,0.746244,0.693591,0.800775,0.709603,0.666555,0.738846,0.711379,0.727559,0.843955,0.921193,0.929364,0.835540,spectrum_fno48_floor6_smooth1_qc_peak4
run70_sparc_1307,sparc_1307,1.027875,0.908905,1.104903,0.801827,0.756206,0.813879,0.903713,0.909338,0.923878,0.832821,0.937788,0.990986,spectrum_fno48_floor6_smooth1_qc_peak4
run70_sparc_1309,sparc_1309,0.935044,0.798287,0.928613,0.826465,0.776596,0.847079,0.787165,0.816290,0.773314,0.957956,0.928991,0.981912,spectrum_fno48_floor6_smooth1_qc_peak4
run70_sparc_1354,sparc_1354,0.718352,0.661561,0.846480,0.635169,0.652445,0.717931,0.858666,0.869373,0.901095,0.732443,0.863817,0.822875,spectrum_fno48_floor6_smooth1_qc_peak4
run70_sparc_1359,sparc_1359,0.523599,0.545066,0.645113,0.523595,0.529669,0.634237,0.909114,0.910562,0.936283,0.289414,0.767297,0.761459,spectrum_fno48_floor6_smooth1_qc
run70_sparc_1365,sparc_1365,0.523438,0.566855,0.687535,0.519579,0.550700,0.642293,0.896370,0.897862,0.929006,0.365261,0.740273,0.808160,spectrum_fno48_floor6_smooth1_qc
run70_sparc_1400,sparc_1400,1.310438,1.094707,0.991684,0.945202,0.999819,0.908367,0.989906,0.989771,0.990816,0.697350,0.713629,0.764539,spectrum_fno48_floor6_smooth1_qc_mhi100
run70_sparc_1405,sparc_1405,1.542612,1.409668,1.814852,0.920529,0.958000,0.964539,0.863498,0.880890,0.908735,0.776501,0.856424,0.965044,spectrum_fno48_floor6_smooth1_qc_peak4
run70_sparc_1409,sparc_1409,0.933595,0.847671,0.907502,0.796493,0.799917,0.812458,0.806990,0.822939,0.869083,0.953815,0.912853,0.979910,spectrum_fno48_floor6_smooth1_qc_peak4
run70_sparc_1413,sparc_1413,0.717418,0.675990,0.745839,0.648618,0.620721,0.703226,0.926043,0.931646,0.957639,0.677113,0.716743,0.507788,spectrum_fno48_floor6_smooth1_qc_peak4
run70_sparc_1420,sparc_1420,0.664648,0.622647,0.710898,0.633042,0.598854,0.677165,0.912454,0.918949,0.941231,0.706357,0.803755,0.631602,spectrum_fno48_floor6_smooth1_qc_peak4
run70_sparc_1441,sparc_1441,1.026779,1.417551,1.388948,0.753338,0.942180,0.935956,0.928018,0.902238,0.958753,0.557992,0.456034,0.802753,spectrum_fno48_floor6_smooth1_qc
run70_sparc_1506,sparc_1506,1.622548,1.345719,1.623588,0.914869,0.915177,0.944286,0.883355,0.921347,0.939034,0.934892,0.746431,0.789563,spectrum_fno48_floor6_smooth1_qc_peak4
run70_sparc_1509,sparc_1509,0.845025,0.797515,0.832698,0.790136,0.786287,0.805207,0.852459,0.849985,0.888976,0.933087,0.909541,0.968977,spectrum_fno48_floor6_smooth1_qc_peak4
run70_sparc_1511,sparc_1511,0.694789,0.678754,0.685949,0.644401,0.648444,0.674188,0.924367,0.928183,0.950592,0.608964,0.738752,0.717674,spectrum_fno48_floor6_smooth1_qc_peak4
run70_sparc_1512,sparc_1512,0.675907,0.677803,0.685029,0.660715,0.647618,0.659575,0.918014,0.919650,0.941495,0.662750,0.730424,0.666946,spectrum_fno48_floor6_smooth1_qc
run70_sparc_1513,sparc_1513,0.710805,0.657125,0.695297,0.657170,0.639446,0.651304,0.919614,0.921393,0.944402,0.593044,0.736126,0.507629,spectrum_fno48_floor6_smooth1_qc_peak4
run70_sparc_1516,sparc_1516,0.617232,0.607221,0.714376,0.593568,0.582121,0.656450,0.922372,0.928542,0.950982,0.377577,0.667949,0.539308,spectrum_fno48_floor6_smooth1_qc_peak4
run70_sparc_1517,sparc_1517,0.622898,0.595274,0.680842,0.609524,0.575191,0.665378,0.920272,0.926023,0.945257,0.470376,0.640532,0.594854,spectrum_fno48_floor6_smooth1_qc_peak4
run71_sparc_1300,sparc_1300,0.495283,0.520185,0.535695,0.495138,0.519439,0.492045,0.965416,0.959020,0.953102,0.962930,0.965541,0.815214,spectrum_fno48_floor6_smooth1_qc
run71_sparc_1303,sparc_1303,0.724084,0.794156,0.980988,0.713949,0.748562,0.879242,0.930349,0.916100,0.941217,0.931952,0.958801,0.836528,spectrum_fno48_floor6_smooth1_qc
run71_sparc_1305,sparc_1305,1.215629,1.059266,1.240826,0.801907,0.761368,0.894331,0.917809,0.915292,0.937116,0.689414,0.738747,0.861624,spectrum_fno48_floor6_smooth1_qc_peak4
run71_sparc_1306,sparc_1306,1.058890,1.048757,1.178714,0.806977,0.819156,0.910071,0.926733,0.919451,0.941009,0.766618,0.880159,0.794391,spectrum_fno48_floor6_smooth1_qc_peak4
run71_sparc_1310,sparc_1310,0.731697,0.626414,0.853298,0.718544,0.626414,0.816927,0.896325,0.901694,0.911987,0.374823,0.574222,0.617486,spectrum_fno48_floor6_smooth1_qc_peak4
run71_sparc_1311,sparc_1311,0.774316,0.637776,0.911812,0.735733,0.631693,0.824215,0.894839,0.899038,0.906741,0.475293,0.539873,0.648238,spectrum_fno48_floor6_smooth1_qc_peak4
run71_sparc_1313,sparc_1313,0.920448,0.751234,1.180828,0.819465,0.709520,0.874480,0.909308,0.907272,0.928744,0.721242,0.777694,0.857763,spectrum_fno48_floor6_smooth1_qc_peak4
run71_sparc_1318,sparc_1318,0.689826,0.810999,1.111390,0.673964,0.723217,0.841152,0.883272,0.895630,0.918141,0.361536,0.619821,0.664758,spectrum_fno48_floor6_smooth1_qc
run71_sparc_1352,sparc_1352,1.007158,0.765156,1.077159,0.825140,0.687595,0.860657,0.876893,0.885302,0.904060,0.849373,0.793797,0.852944,spectrum_fno48_floor6_smooth1_qc_peak4
run71_sparc_1357,sparc_1357,1.095022,1.001613,1.355909,0.818953,0.754531,0.859183,0.859903,0.865660,0.904753,0.864650,0.877982,0.850491,spectrum_fno48_floor6_smooth1_qc_peak4
run71_sparc_1364,sparc_1364,0.619874,0.651097,0.908108,0.617053,0.646962,0.842520,0.867167,0.878283,0.885655,0.683977,0.669979,0.860407,spectrum_fno48_floor6_smooth1_qc
run71_sparc_1421,sparc_1421,0.861424,0.711541,1.171579,0.829368,0.711365,0.926287,0.748377,0.831797,0.826922,0.855541,0.684889,0.903550,spectrum_fno48_floor6_smooth1_qc_peak4
run71_sparc_1424,sparc_1424,1.061918,0.880770,1.401278,0.837932,0.773591,0.930297,0.936480,0.947371,0.941606,0.845555,0.852789,0.841745,spectrum_fno48_floor6_smooth1_qc_peak4
run71_sparc_1429,sparc_1429,0.965565,0.941901,1.177730,0.697151,0.682061,0.875532,0.903900,0.901863,0.916182,0.964610,0.963429,0.961498,spectrum_fno48_floor6_smooth1_qc_peak4
run71_sparc_1504,sparc_1504,1.045415,1.067067,1.086991,0.792335,0.801409,0.905329,0.926485,0.932254,0.952566,0.872850,0.894779,0.875243,spectrum_fno48_floor6_smooth1_qc
run71_sparc_1505,sparc_1505,1.143770,0.990794,1.187616,0.816273,0.795619,0.902942,0.912200,0.911589,0.937618,0.767706,0.845908,0.912071,spectrum_fno48_floor6_smooth1_qc_peak4
run71_sparc_1512,sparc_1512,0.730965,0.628948,0.885931,0.689692,0.628792,0.826733,0.893857,0.890530,0.921481,0.285942,0.601866,0.688772,spectrum_fno48_floor6_smooth1_qc_peak4
run71_sparc_1514,sparc_1514,0.820721,0.660375,0.924865,0.801060,0.659528,0.855640,0.874141,0.900780,0.907872,0.409539,0.610231,0.734821,spectrum_fno48_floor6_smooth1_qc_peak4
run71_sparc_1515,sparc_1515,0.840265,0.727169,1.061897,0.832121,0.712076,0.887717,0.837626,0.869594,0.875886,0.476043,0.567724,0.723428,spectrum_fno48_floor6_smooth1_qc_peak4
run71_sparc_1527,sparc_1527,0.847651,0.807992,0.989230,0.682191,0.669501,0.846573,0.926864,0.940363,0.949580,0.778485,0.662273,0.697222,spectrum_fno48_floor6_smooth1_qc_peak4
run72_sparc_1301,sparc_1301,0.811340,0.878043,0.671625,0.785948,0.824430,0.657334,0.886408,0.889052,0.947442,0.975729,0.981784,0.864645,spectrum_fno48_floor6_smooth1_qc_mhi100
run72_sparc_1302,sparc_1302,0.706734,0.762128,0.753313,0.706729,0.762061,0.751074,0.883938,0.868395,0.946637,0.821305,0.948999,0.902930,spectrum_fno48_floor6_smooth1_qc
run72_sparc_1315,sparc_1315,0.592662,0.574867,0.638192,0.586240,0.565166,0.602945,0.913889,0.912756,0.945222,0.858627,0.864351,0.722667,spectrum_fno48_floor6_smooth1_qc_peak4
run72_sparc_1352,sparc_1352,0.626887,0.641546,0.627793,0.591242,0.576299,0.626267,0.915925,0.921248,0.937196,0.658456,0.732815,0.763485,spectrum_fno48_floor6_smooth1_qc
run72_sparc_1353,sparc_1353,0.620747,0.684305,0.685090,0.574839,0.602368,0.583232,0.908262,0.917060,0.938046,0.767801,0.936393,0.751246,spectrum_fno48_floor6_smooth1_qc
run72_sparc_1354,sparc_1354,0.648846,0.708043,0.665631,0.648094,0.672976,0.635796,0.899342,0.882315,0.915939,0.836128,0.890992,0.809689,spectrum_fno48_floor6_smooth1_qc
run72_sparc_1363,sparc_1363,0.759024,0.783417,0.654649,0.684510,0.700095,0.599593,0.917343,0.917086,0.925066,0.905556,0.911878,0.711170,spectrum_fno48_floor6_smooth1_qc_mhi100
run72_sparc_1401,sparc_1401,0.884736,0.881117,0.676462,0.841658,0.847599,0.642841,0.897609,0.886648,0.951465,0.978790,0.981908,0.799629,spectrum_fno48_floor6_smooth1_qc_mhi100
run72_sparc_1420,sparc_1420,0.559759,0.531737,0.665942,0.553527,0.530707,0.641633,0.913601,0.912460,0.930316,0.673586,0.820456,0.658795,spectrum_fno48_floor6_smooth1_qc_peak4
run72_sparc_1421,sparc_1421,0.640428,0.652768,0.697344,0.625780,0.616776,0.661624,0.917868,0.919117,0.941058,0.787235,0.915467,0.778736,spectrum_fno48_floor6_smooth1_qc
run72_sparc_1422,sparc_1422,0.819641,0.785648,0.771124,0.773922,0.747721,0.721158,0.907871,0.908483,0.937422,0.905470,0.908811,0.809964,spectrum_fno48_floor6_smooth1_qc_mhi100
run72_sparc_1504,sparc_1504,0.627826,0.610334,0.711757,0.606543,0.595959,0.665534,0.915374,0.923116,0.947542,0.740318,0.898340,0.745101,spectrum_fno48_floor6_smooth1_qc_peak4
run72_sparc_1506,sparc_1506,0.621838,0.594228,0.702213,0.577573,0.556894,0.680880,0.930581,0.937018,0.949967,0.858701,0.863249,0.649514,spectrum_fno48_floor6_smooth1_qc_peak4
run72_sparc_1509,sparc_1509,0.741612,0.688223,0.702467,0.671600,0.668744,0.677761,0.918765,0.929652,0.944617,0.647027,0.826738,0.849506,spectrum_fno48_floor6_smooth1_qc_peak4
run72_sparc_1519,sparc_1519,0.525370,0.500218,0.714848,0.522464,0.500201,0.642893,0.891484,0.895790,0.911780,0.714622,0.845362,0.844146,spectrum_fno48_floor6_smooth1_qc_peak4
run72_sparc_1521,sparc_1521,0.709320,0.692508,0.763251,0.681480,0.656429,0.688365,0.914524,0.916334,0.932088,0.886646,0.930033,0.901863,spectrum_fno48_floor6_smooth1_qc_peak4
run72_sparc_1525,sparc_1525,0.640309,0.673088,0.768039,0.638472,0.665027,0.730686,0.905417,0.901692,0.931588,0.570922,0.924405,0.787361,spectrum_fno48_floor6_smooth1_qc
run72_sparc_1527,sparc_1527,0.616492,0.585537,0.704516,0.609979,0.582531,0.670208,0.926045,0.930446,0.946856,0.815755,0.898433,0.789683,spectrum_fno48_floor6_smooth1_qc_peak4
run73_sparc_1304,sparc_1304,1.224596,1.544910,1.328347,0.805852,0.762427,0.844135,0.934805,0.941301,0.947337,0.753151,0.846515,0.735976,spectrum_fno48_floor6_smooth1_qc
run73_sparc_1313,sparc_1313,0.751062,0.613127,0.791103,0.655206,0.608072,0.668246,0.925717,0.923200,0.929743,0.249207,0.404259,0.465950,spectrum_fno48_floor6_smooth1_qc_peak4
run73_sparc_1405,sparc_1405,0.795043,0.783276,0.858039,0.794781,0.664835,0.837940,0.916668,0.927852,0.886237,0.588900,0.844175,0.883949,spectrum_fno48_floor6_smooth1_qc_peak4
run73_sparc_1417,sparc_1417,0.589767,0.615746,0.770765,0.503889,0.595037,0.770278,0.889491,0.882216,0.896008,0.575179,0.572375,0.409799,spectrum_fno48_floor6_smooth1_qc
run73_sparc_1418,sparc_1418,0.610747,0.674117,0.871427,0.548936,0.672749,0.837312,0.900779,0.905763,0.913470,0.530112,0.607682,0.569499,spectrum_fno48_floor6_smooth1_qc
run73_sparc_1420,sparc_1420,0.659946,0.645847,1.026488,0.654586,0.630512,0.832953,0.867949,0.907517,0.911671,0.566854,0.474547,0.605981,spectrum_fno48_floor6_smooth1_qc_peak4
run73_sparc_1423,sparc_1423,0.732440,0.637966,1.152206,0.699251,0.637916,0.800051,0.921520,0.898945,0.928673,0.525815,0.523998,0.635522,spectrum_fno48_floor6_smooth1_qc_peak4
run73_sparc_1429,sparc_1429,1.264251,1.322145,1.228313,0.803766,0.847083,0.938680,0.915169,0.912151,0.932589,0.883255,0.933850,0.926780,spectrum_fno48_floor6_smooth1_qc_mhi100
run73_sparc_1500,sparc_1500,0.449409,0.376695,0.448394,0.429234,0.374870,0.445577,0.986439,0.987541,0.986769,0.722770,0.746229,0.769676,spectrum_fno48_floor6_smooth1_qc_peak4
run73_sparc_1511,sparc_1511,0.549023,0.683515,0.816146,0.515014,0.585359,0.812336,0.926262,0.925938,0.935662,0.704496,0.587267,0.663460,spectrum_fno48_floor6_smooth1_qc
run73_sparc_1516,sparc_1516,0.537143,0.612578,0.787596,0.515821,0.603949,0.778296,0.888045,0.880462,0.888809,0.658350,0.637815,0.555021,spectrum_fno48_floor6_smooth1_qc
run73_sparc_1522,sparc_1522,0.643074,0.510690,0.744639,0.622937,0.485755,0.742687,0.838903,0.845052,0.779466,0.817709,0.783609,0.758703,spectrum_fno48_floor6_smooth1_qc_peak4
run73_sparc_1523,sparc_1523,0.727610,0.587200,0.795610,0.666811,0.551411,0.725599,0.879230,0.888827,0.853953,0.644118,0.459987,0.501922,spectrum_fno48_floor6_smooth1_qc_peak4
run73_sparc_1524,sparc_1524,0.900342,0.913103,1.098830,0.763700,0.653038,0.864862,0.858587,0.861104,0.828130,0.720107,0.622060,0.891095,spectrum_fno48_floor6_smooth1_qc
run73_sparc_1525,sparc_1525,0.891234,0.905045,1.110099,0.744388,0.688785,0.809842,0.953980,0.953819,0.958077,0.646497,0.711610,0.646935,spectrum_fno48_floor6_smooth1_qc
run73_sparc_1530,sparc_1530,0.868747,1.017544,1.396703,0.863059,0.786063,0.892558,0.919946,0.899520,0.888539,0.622506,0.946833,0.941364,spectrum_fno48_floor6_smooth1_qc
run74_sparc_1301,sparc_1301,0.794084,0.804568,0.864028,0.736439,0.701873,0.762935,0.718336,0.741325,0.897848,0.857805,0.952338,0.838831,spectrum_fno48_floor6_smooth1_qc
run74_sparc_1303,sparc_1303,2.497921,2.279593,2.374711,0.960479,0.962643,0.978781,0.784779,0.834185,0.836650,0.875143,0.864329,0.956740,spectrum_fno48_floor6_smooth1_qc_peak4
run74_sparc_1305,sparc_1305,1.208177,1.332463,1.357256,0.911923,0.948401,0.956920,0.644875,0.816767,0.830569,0.630272,0.718889,0.774217,spectrum_fno48_floor6_smooth1_qc
run74_sparc_1309,sparc_1309,1.177950,1.065019,1.092023,0.958158,0.983558,0.986238,0.372125,0.142306,0.435266,0.881457,0.862077,0.949455,spectrum_fno48_floor6_smooth1_qc_peak4
run74_sparc_1310,sparc_1310,0.933142,0.876285,1.018811,0.846526,0.822629,0.896868,0.468387,0.312871,0.277778,0.903376,0.885442,0.968204,spectrum_fno48_floor6_smooth1_qc_peak4
run74_sparc_1350,sparc_1350,0.791843,0.648102,0.952280,0.790854,0.648098,0.868530,0.862743,0.904108,0.944759,0.535619,0.315300,0.777871,spectrum_fno48_floor6_smooth1_qc_peak4
run74_sparc_1351,sparc_1351,0.811725,0.648707,1.071442,0.807634,0.648105,0.963378,0.846456,0.873961,0.404726,0.608246,0.314832,0.833444,spectrum_fno48_floor6_smooth1_qc_peak4
run74_sparc_1400,sparc_1400,0.530881,0.412219,0.492471,0.430784,0.360608,0.485279,0.991174,0.987251,0.986622,0.552055,0.645601,0.743816,spectrum_fno48_floor6_smooth1_qc_peak4
run74_sparc_1407,sparc_1407,1.237858,1.362776,1.397155,0.845224,0.921794,0.959402,0.910617,0.910480,0.941913,0.717533,0.455136,0.832873,spectrum_fno48_floor6_smooth1_qc
run74_sparc_1409,sparc_1409,1.143504,1.032478,1.164887,0.947230,0.954158,0.986283,0.558090,0.485127,0.379480,0.712762,0.701495,0.950801,spectrum_fno48_floor6_smooth1_qc_peak4
run74_sparc_1411,sparc_1411,1.071679,0.952852,0.916073,0.900305,0.884335,0.883697,0.882196,0.884814,0.930592,0.958350,0.932246,0.892471,spectrum_fno48_floor6_smooth1_qc_mhi100
run74_sparc_1422,sparc_1422,1.056557,0.732139,1.058609,0.761338,0.661316,0.836599,0.888549,0.904173,0.932914,0.946248,0.870654,0.940801,spectrum_fno48_floor6_smooth1_qc_peak4
run74_sparc_1424,sparc_1424,1.644532,1.326529,2.223839,0.973626,0.959384,0.974826,0.828397,0.832112,0.830314,0.770278,0.587832,0.937564,spectrum_fno48_floor6_smooth1_qc_peak4
run74_sparc_1502,sparc_1502,0.864666,0.638510,0.846694,0.766269,0.636583,0.792195,0.939033,0.937625,0.958061,0.894984,0.785228,0.701938,spectrum_fno48_floor6_smooth1_qc_peak4
run74_sparc_1503,sparc_1503,2.229554,1.853727,2.495978,0.903849,0.885668,0.939814,0.917027,0.916959,0.902600,0.825621,0.805922,0.913106,spectrum_fno48_floor6_smooth1_qc_peak4
run74_sparc_1508,sparc_1508,1.302391,1.402390,1.317873,0.938526,0.900251,0.944907,0.924614,0.924425,0.945510,0.679344,0.783138,0.768500,spectrum_fno48_floor6_smooth1_qc
run74_sparc_1512,sparc_1512,1.092480,0.930023,0.847786,0.886731,0.833000,0.815705,0.855256,0.822884,0.941145,0.973279,0.956174,0.933065,spectrum_fno48_floor6_smooth1_qc_mhi100
run74_sparc_1516,sparc_1516,0.862855,0.668689,0.800260,0.845777,0.659851,0.732666,0.905441,0.924710,0.946859,0.468561,0.848529,0.679238,spectrum_fno48_floor6_smooth1_qc_peak4
run74_sparc_1521,sparc_1521,0.799439,0.717782,0.803486,0.720330,0.668147,0.748757,0.901379,0.912473,0.939162,0.853047,0.873660,0.874330,spectrum_fno48_floor6_smooth1_qc_peak4
run74_sparc_1522,sparc_1522,0.931147,0.829510,0.987594,0.772087,0.739819,0.864092,0.893726,0.885412,0.923679,0.880481,0.907414,0.970080,spectrum_fno48_floor6_smooth1_qc_peak4
run74_sparc_1527,sparc_1527,1.322335,1.566117,1.410739,0.939092,0.903505,0.912510,0.708399,0.830300,0.859926,0.697650,0.824672,0.968611,spectrum_fno48_floor6_smooth1_qc
run74_sparc_1593,sparc_1593,2.347452,1.987843,2.523770,0.939839,0.940304,0.963351,0.878868,0.876142,0.870286,0.850901,0.847825,0.927292,spectrum_fno48_floor6_smooth1_qc_peak4
run75_sparc_1303,sparc_1303,0.749755,0.795419,0.820875,0.714976,0.654479,0.751939,0.932773,0.926915,0.945362,0.866090,0.942444,0.839290,spectrum_fno48_floor6_smooth1_qc
run75_sparc_1307,sparc_1307,0.888994,0.771714,0.982801,0.694920,0.662683,0.774904,0.877115,0.910726,0.904843,0.927391,0.925780,0.957657,spectrum_fno48_floor6_smooth1_qc_peak4
run75_sparc_1350,sparc_1350,0.713907,0.694027,0.817714,0.706930,0.687120,0.817504,0.941753,0.930231,0.942440,0.799154,0.782410,0.559360,spectrum_fno48_floor6_smooth1_qc_peak4
run75_sparc_1352,sparc_1352,0.984776,0.885458,0.975493,0.797857,0.773991,0.865268,0.929177,0.947125,0.936000,0.733310,0.892361,0.696220,spectrum_fno48_floor6_smooth1_qc_peak4
run75_sparc_1353,sparc_1353,0.721043,0.687381,0.895753,0.691983,0.680233,0.809392,0.908456,0.893860,0.904207,0.897289,0.929914,0.863652,spectrum_fno48_floor6_smooth1_qc_peak4
run75_sparc_1354,sparc_1354,0.712730,0.683192,0.789428,0.669982,0.627290,0.745386,0.886245,0.902722,0.870455,0.684866,0.803716,0.650452,spectrum_fno48_floor6_smooth1_qc_peak4
run75_sparc_1400,sparc_1400,0.572692,0.526159,0.638279,0.571884,0.525943,0.632749,0.981461,0.982887,0.977428,0.735939,0.654397,0.795974,spectrum_fno48_floor6_smooth1_qc_peak4
run75_sparc_1403,sparc_1403,0.711495,0.917384,0.822773,0.706013,0.672591,0.761717,0.947263,0.939700,0.954639,0.764686,0.905365,0.720633,spectrum_fno48_floor6_smooth1_qc
run75_sparc_1410,sparc_1410,1.005537,0.974968,1.079650,0.825522,0.815784,0.902456,0.930151,0.936340,0.912454,0.783223,0.883981,0.864591,spectrum_fno48_floor6_smooth1_qc_peak4
run75_sparc_1412,sparc_1412,0.749323,0.755728,0.809674,0.714454,0.689870,0.807408,0.947666,0.950230,0.949812,0.591934,0.628705,0.475384,spectrum_fno48_floor6_smooth1_qc
run75_sparc_1414,sparc_1414,1.111709,1.139926,0.962322,0.873492,0.855185,0.916579,0.917646,0.914711,0.888667,0.752517,0.932184,0.767752,spectrum_fno48_floor6_smooth1_qc_mhi100
run75_sparc_1427,sparc_1427,1.305839,1.291246,1.181062,0.798209,0.812855,0.819037,0.878983,0.909041,0.915698,0.874648,0.890799,0.895164,spectrum_fno48_floor6_smooth1_qc_mhi100
run75_sparc_1503,sparc_1503,0.853922,1.286432,0.938982,0.772553,0.777973,0.824685,0.917016,0.915724,0.933998,0.599254,0.827239,0.600740,spectrum_fno48_floor6_smooth1_qc
run75_sparc_1507,sparc_1507,0.837345,0.995032,1.000583,0.782869,0.758946,0.811263,0.937706,0.942035,0.950936,0.570334,0.768711,0.647362,spectrum_fno48_floor6_smooth1_qc
run75_sparc_1522,sparc_1522,0.832840,0.904898,0.857661,0.769788,0.720492,0.838740,0.896820,0.911775,0.914567,0.817901,0.813911,0.668277,spectrum_fno48_floor6_smooth1_qc
run75_sparc_1527,sparc_1527,0.850899,1.062472,0.943505,0.738937,0.787137,0.823105,0.926511,0.908318,0.911806,0.734906,0.710736,0.729684,spectrum_fno48_floor6_smooth1_qc
run76_sparc_1305,sparc_1305,0.738464,0.551757,0.775186,0.712212,0.549679,0.719240,0.888480,0.918367,0.942257,0.871641,0.854947,0.725223,spectrum_fno48_floor6_smooth1_qc_peak4
run76_sparc_1306,sparc_1306,1.009778,0.973618,1.083347,0.934059,0.882533,0.937837,0.815495,0.877301,0.892334,0.925913,0.887511,0.886411,spectrum_fno48_floor6_smooth1_qc_peak4
run76_sparc_1307,sparc_1307,0.855295,0.797371,0.881193,0.847031,0.797046,0.870192,0.843958,0.889517,0.868677,0.964339,0.933933,0.950783,spectrum_fno48_floor6_smooth1_qc_peak4
run76_sparc_1314,sparc_1314,0.603587,0.555374,0.635730,0.603472,0.555039,0.633767,0.936152,0.933586,0.959005,0.618315,0.853682,0.466053,spectrum_fno48_floor6_smooth1_qc_peak4
run76_sparc_1316,sparc_1316,0.583788,0.527971,0.631353,0.573948,0.521737,0.621548,0.923528,0.925884,0.940949,0.628783,0.726971,0.645703,spectrum_fno48_floor6_smooth1_qc_peak4
run76_sparc_1365,sparc_1365,0.586437,0.599434,0.651740,0.570617,0.576412,0.614424,0.910873,0.913801,0.938498,0.528564,0.780508,0.519835,spectrum_fno48_floor6_smooth1_qc
run76_sparc_1406,sparc_1406,0.700110,0.563265,0.780959,0.675647,0.563126,0.765117,0.912621,0.929686,0.935551,0.863311,0.807557,0.868498,spectrum_fno48_floor6_smooth1_qc_peak4
run76_sparc_1408,sparc_1408,0.761555,0.668089,0.765416,0.747048,0.666816,0.763114,0.890325,0.908402,0.930998,0.927124,0.914833,0.884241,spectrum_fno48_floor6_smooth1_qc_peak4
run76_sparc_1424,sparc_1424,0.675231,0.657172,0.742422,0.659897,0.655666,0.735364,0.891872,0.888030,0.925412,0.851030,0.878676,0.857325,spectrum_fno48_floor6_smooth1_qc_peak4
run76_sparc_1427,sparc_1427,0.753099,0.716061,0.783405,0.660067,0.629392,0.723575,0.904914,0.912491,0.932333,0.912337,0.936222,0.889051,spectrum_fno48_floor6_smooth1_qc_peak4
run76_sparc_1500,sparc_1500,0.395744,0.406336,0.475094,0.340712,0.364768,0.452370,0.994448,0.993042,0.993583,0.596779,0.715189,0.745965,spectrum_fno48_floor6_smooth1_qc
run76_sparc_1513,sparc_1513,0.617131,0.575336,0.642259,0.614384,0.573377,0.642226,0.927402,0.922913,0.949328,0.623111,0.746458,0.630398,spectrum_fno48_floor6_smooth1_qc_peak4
run76_sparc_1515,sparc_1515,0.624734,0.635621,0.674263,0.602998,0.588460,0.613849,0.927207,0.927073,0.950350,0.520368,0.720001,0.507513,spectrum_fno48_floor6_smooth1_qc
run76_sparc_1516,sparc_1516,0.610502,0.639510,0.686691,0.583716,0.589964,0.617477,0.926225,0.926877,0.945403,0.576954,0.843666,0.634445,spectrum_fno48_floor6_smooth1_qc
run76_sparc_1518,sparc_1518,0.563212,0.592172,0.640295,0.552666,0.570636,0.639012,0.923355,0.926467,0.939060,0.511214,0.844280,0.791233,spectrum_fno48_floor6_smooth1_qc
run76_sparc_1519,sparc_1519,0.552011,0.583816,0.789530,0.544358,0.560185,0.710392,0.901835,0.899776,0.927427,0.778711,0.928645,0.935704,spectrum_fno48_floor6_smooth1_qc
run76_sparc_1521,sparc_1521,0.590962,0.593622,0.701875,0.587166,0.578047,0.657405,0.923223,0.923364,0.942763,0.693024,0.900495,0.872294,spectrum_fno48_floor6_smooth1_qc
run76_sparc_1529,sparc_1529,0.713424,0.731722,0.802956,0.712673,0.711035,0.800086,0.823702,0.764036,0.907559,0.855730,0.915173,0.860886,spectrum_fno48_floor6_smooth1_qc
run77_sparc_1303,sparc_1303,0.717471,0.720344,0.811841,0.714397,0.719338,0.796317,0.924274,0.911824,0.916128,0.698775,0.861954,0.871016,spectrum_fno48_floor6_smooth1_qc
run77_sparc_1307,sparc_1307,0.746659,0.966842,0.871896,0.697073,0.804885,0.825165,0.802366,0.706443,0.803170,0.857937,0.964211,0.936782,spectrum_fno48_floor6_smooth1_qc
run77_sparc_1353,sparc_1353,0.641980,0.703436,0.631517,0.629633,0.675572,0.619743,0.898547,0.906171,0.924209,0.874841,0.918089,0.935239,spectrum_fno48_floor6_smooth1_qc_mhi100
run77_sparc_1355,sparc_1355,0.708175,0.670762,0.639103,0.661090,0.620859,0.615784,0.917567,0.918129,0.938307,0.701736,0.777962,0.724280,spectrum_fno48_floor6_smooth1_qc_mhi100
run77_sparc_1360,sparc_1360,0.695468,0.616713,0.680029,0.656304,0.608724,0.646855,0.910697,0.917660,0.937465,0.878035,0.867991,0.858447,spectrum_fno48_floor6_smooth1_qc_peak4
run77_sparc_1363,sparc_1363,0.802112,0.784812,0.694601,0.701690,0.711225,0.625251,0.921408,0.915567,0.948218,0.873984,0.893052,0.826766,spectrum_fno48_floor6_smooth1_qc_mhi100
run77_sparc_1404,sparc_1404,0.659418,0.649971,0.756381,0.657294,0.646764,0.748293,0.904543,0.909527,0.943251,0.775587,0.926006,0.855822,spectrum_fno48_floor6_smooth1_qc_peak4
run77_sparc_1408,sparc_1408,1.216232,1.437655,1.124321,0.864451,0.945172,0.975671,0.813073,0.715958,0.786823,0.916363,0.970201,0.812622,spectrum_fno48_floor6_smooth1_qc_mhi100
run77_sparc_1425,sparc_1425,0.691069,0.687345,0.782954,0.664958,0.648776,0.733326,0.898910,0.913577,0.939053,0.837150,0.893326,0.936307,spectrum_fno48_floor6_smooth1_qc_peak4
run77_sparc_1426,sparc_1426,0.652542,0.628109,0.704848,0.652517,0.628027,0.704491,0.894628,0.902122,0.946793,0.917769,0.952929,0.936124,spectrum_fno48_floor6_smooth1_qc_peak4
run77_sparc_1427,sparc_1427,0.719994,0.754267,0.856106,0.708255,0.740683,0.782286,0.925034,0.914777,0.943896,0.768089,0.921791,0.912557,spectrum_fno48_floor6_smooth1_qc
run77_sparc_1500,sparc_1500,0.529135,0.477375,0.474988,0.524361,0.477375,0.468102,0.994681,0.994423,0.995181,0.761551,0.865542,0.736024,spectrum_fno48_floor6_smooth1_qc_mhi100
run77_sparc_1505,sparc_1505,0.680156,0.630039,0.713943,0.658765,0.615850,0.713729,0.920029,0.918044,0.941312,0.818692,0.904333,0.870845,spectrum_fno48_floor6_smooth1_qc_peak4
run77_sparc_1512,sparc_1512,0.843320,0.731369,0.698155,0.768576,0.662171,0.661066,0.920750,0.930346,0.954617,0.592692,0.564112,0.838294,spectrum_fno48_floor6_smooth1_qc_mhi100
run77_sparc_1517,sparc_1517,0.652670,0.798496,0.702559,0.618110,0.751431,0.691448,0.913776,0.907259,0.917171,0.348685,0.849584,0.861515,spectrum_fno48_floor6_smooth1_qc
run77_sparc_1528,sparc_1528,0.769730,0.791623,0.862981,0.711465,0.739490,0.798003,0.925385,0.923855,0.942898,0.785641,0.925089,0.879678,spectrum_fno48_floor6_smooth1_qc
run78_sparc_1301,sparc_1301,0.733264,0.681776,0.731881,0.643579,0.650896,0.696403,0.960620,0.961879,0.963859,0.711538,0.850839,0.772105,spectrum_fno48_floor6_smooth1_qc_peak4
run78_sparc_1317,sparc_1317,0.637665,0.645774,0.853078,0.619428,0.633685,0.776528,0.905958,0.907933,0.937663,0.361604,0.846005,0.702992,spectrum_fno48_floor6_smooth1_qc
run78_sparc_1318,sparc_1318,0.650967,0.661308,0.918366,0.626800,0.645004,0.783982,0.903403,0.905419,0.933751,0.475498,0.877774,0.785029,spectrum_fno48_floor6_smooth1_qc
run78_sparc_1352,sparc_1352,0.663704,0.656066,0.779083,0.629721,0.611807,0.715046,0.895467,0.897413,0.915609,0.591594,0.690432,0.807987,spectrum_fno48_floor6_smooth1_qc_peak4
run78_sparc_1357,sparc_1357,0.728823,0.726129,0.952936,0.668149,0.679942,0.802970,0.867730,0.876324,0.904914,0.595610,0.723661,0.870244,spectrum_fno48_floor6_smooth1_qc_peak4
run78_sparc_1401,sparc_1401,0.615688,0.586062,0.616764,0.581862,0.562429,0.605460,0.955476,0.951018,0.960930,0.780200,0.923270,0.812702,spectrum_fno48_floor6_smooth1_qc_peak4
run78_sparc_1407,sparc_1407,1.626566,1.271156,1.717136,0.868087,0.841717,0.944139,0.911678,0.914968,0.933371,0.965375,0.946338,0.950864,spectrum_fno48_floor6_smooth1_qc_peak4
run78_sparc_1415,sparc_1415,0.659265,0.612713,0.838518,0.637240,0.593620,0.765741,0.910216,0.913723,0.928914,0.650334,0.766591,0.810433,spectrum_fno48_floor6_smooth1_qc_peak4
run78_sparc_1416,sparc_1416,0.668448,0.615029,0.794937,0.654475,0.607727,0.770541,0.911151,0.914996,0.930300,0.613240,0.765860,0.735716,spectrum_fno48_floor6_smooth1_qc_peak4
run78_sparc_1428,sparc_1428,1.341269,1.092672,1.294117,0.910918,0.870201,0.968430,0.817468,0.783532,0.799876,0.824292,0.895579,0.911674,spectrum_fno48_floor6_smooth1_qc_peak4
run78_sparc_1429,sparc_1429,0.761720,0.711714,0.874676,0.739063,0.710562,0.840528,0.638172,0.676779,0.604510,0.981544,0.982796,0.980031,spectrum_fno48_floor6_smooth1_qc_peak4
run78_sparc_1440,sparc_1440,1.340305,1.268871,1.211233,0.909584,0.901025,0.972071,0.944638,0.940833,0.956641,0.792759,0.818319,0.830628,spectrum_fno48_floor6_smooth1_qc_mhi100
run78_sparc_1511,sparc_1511,0.715057,0.697791,0.741054,0.692778,0.664622,0.724353,0.911680,0.916198,0.936312,0.774478,0.824886,0.620441,spectrum_fno48_floor6_smooth1_qc_peak4
run78_sparc_1512,sparc_1512,0.680674,0.656297,0.744161,0.660499,0.636758,0.714005,0.914641,0.917948,0.937282,0.733235,0.795208,0.675922,spectrum_fno48_floor6_smooth1_qc_peak4
run78_sparc_1514,sparc_1514,0.693031,0.636950,0.802131,0.661329,0.607500,0.755639,0.911789,0.914717,0.929515,0.631941,0.661071,0.653087,spectrum_fno48_floor6_smooth1_qc_peak4
run78_sparc_1524,sparc_1524,0.846681,0.875099,0.906375,0.767273,0.727632,0.804445,0.868699,0.863243,0.890562,0.886962,0.851508,0.846546,spectrum_fno48_floor6_smooth1_qc
run78_sparc_1530,sparc_1530,0.614268,0.626453,0.743976,0.606719,0.594284,0.663605,0.951528,0.949178,0.924952,0.702751,0.932398,0.951606,spectrum_fno48_floor6_smooth1_qc
run79_sparc_1302,sparc_1302,0.760047,0.688323,0.694782,0.759956,0.684192,0.682171,0.934043,0.935532,0.953908,0.969926,0.965526,0.868828,spectrum_fno48_floor6_smooth1_qc_peak4
run79_sparc_1308,sparc_1308,0.888405,0.936800,0.984135,0.852528,0.870913,0.880044,0.777563,0.800209,0.780593,0.984759,0.976544,0.984402,spectrum_fno48_floor6_smooth1_qc
run79_sparc_1316,sparc_1316,0.613852,0.722441,0.676458,0.573622,0.656672,0.619206,0.913459,0.907810,0.931299,0.647870,0.881906,0.768230,spectrum_fno48_floor6_smooth1_qc
run79_sparc_1350,sparc_1350,0.625505,0.633475,0.692938,0.625113,0.620314,0.641479,0.938704,0.932622,0.963187,0.665740,0.777252,0.632720,spectrum_fno48_floor6_smooth1_qc
run79_sparc_1351,sparc_1351,0.659805,0.628029,0.669835,0.659680,0.625939,0.642207,0.921877,0.924410,0.946833,0.790680,0.872128,0.779195,spectrum_fno48_floor6_smooth1_qc_peak4
run79_sparc_1361,sparc_1361,0.877452,0.852196,0.951117,0.683212,0.701732,0.683867,0.908319,0.897014,0.924012,0.677921,0.836819,0.888066,spectrum_fno48_floor6_smooth1_qc_peak4
run79_sparc_1362,sparc_1362,0.657321,0.679441,0.721027,0.639174,0.654542,0.646817,0.913437,0.922140,0.932538,0.652323,0.869276,0.800283,spectrum_fno48_floor6_smooth1_qc
run79_sparc_1363,sparc_1363,0.738260,0.802673,0.708834,0.702497,0.766423,0.665640,0.906880,0.903611,0.917327,0.764217,0.922925,0.844703,spectrum_fno48_floor6_smooth1_qc_mhi100
run79_sparc_1405,sparc_1405,0.698095,0.700324,0.737541,0.696625,0.692842,0.737440,0.889805,0.872394,0.898208,0.951811,0.967074,0.947676,spectrum_fno48_floor6_smooth1_qc
run79_sparc_1406,sparc_1406,0.623564,0.576009,0.639994,0.623525,0.573999,0.639938,0.935311,0.933764,0.954180,0.916164,0.948414,0.872068,spectrum_fno48_floor6_smooth1_qc_peak4
run79_sparc_1511,sparc_1511,0.684998,0.647218,0.726270,0.640378,0.616863,0.654216,0.934473,0.929626,0.958900,0.749699,0.804676,0.770023,spectrum_fno48_floor6_smooth1_qc_peak4
run79_sparc_1513,sparc_1513,0.648573,0.631411,0.679250,0.647223,0.626322,0.671340,0.925989,0.921112,0.936304,0.805800,0.801468,0.846523,spectrum_fno48_floor6_smooth1_qc_peak4
run79_sparc_1514,sparc_1514,0.617326,0.589814,0.658817,0.617295,0.582843,0.651001,0.929906,0.930188,0.943157,0.764097,0.817962,0.796655,spectrum_fno48_floor6_smooth1_qc_peak4
run79_sparc_1515,sparc_1515,0.668002,0.648085,0.657045,0.625727,0.604495,0.645282,0.917847,0.922187,0.935641,0.747488,0.874952,0.741202,spectrum_fno48_floor6_smooth1_qc_peak4
run79_sparc_1518,sparc_1518,0.691792,0.686620,0.743946,0.605274,0.651647,0.655453,0.913815,0.926188,0.932615,0.665882,0.853468,0.821665,spectrum_fno48_floor6_smooth1_qc_peak4
run79_sparc_1523,sparc_1523,1.275064,1.422303,1.178454,0.951326,0.940411,0.937689,0.815061,0.822839,0.913377,0.861369,0.944159,0.859550,spectrum_fno48_floor6_smooth1_qc_mhi100
run79_sparc_1524,sparc_1524,1.610014,1.651175,1.459584,0.973483,0.971384,0.947406,0.776592,0.787137,0.884257,0.960697,0.959379,0.847167,spectrum_fno48_floor6_smooth1_qc_mhi100
run79_sparc_1530,sparc_1530,0.512543,0.496567,1.146851,0.446508,0.402751,0.997544,0.828010,0.895632,-0.042813,0.994680,0.979770,0.995204,spectrum_fno48_floor6_smooth1_qc_peak4
run79_sparc_1593,sparc_1593,0.604013,0.567954,0.710605,0.597534,0.557512,0.635494,0.930285,0.923747,0.933413,0.737268,0.832652,0.858790,spectrum_fno48_floor6_smooth1_qc_peak4
run7_sparc_1300,sparc_1300,0.550819,0.514059,0.543208,0.526092,0.472253,0.514060,0.991002,0.988716,0.992653,0.845700,0.818659,0.768755,spectrum_fno48_floor6_smooth1_qc_peak4
run7_sparc_1355,sparc_1355,1.010557,0.996927,0.953039,0.942348,0.920239,0.925907,0.840553,0.869362,0.896017,0.731691,0.716231,0.870285,spectrum_fno48_floor6_smooth1_qc_mhi100
run7_sparc_1362,sparc_1362,0.894084,0.843110,0.848359,0.846845,0.811519,0.819941,0.857413,0.882993,0.911055,0.912415,0.905089,0.880954,spectrum_fno48_floor6_smooth1_qc_peak4
run7_sparc_1412,sparc_1412,0.869651,0.796279,1.001810,0.869515,0.762526,0.890183,0.842100,0.810449,0.881662,0.414646,0.734218,0.713369,spectrum_fno48_floor6_smooth1_qc_peak4
run7_sparc_1428,sparc_1428,1.279260,1.293743,1.465696,0.866941,0.862211,0.916163,0.854577,0.790695,0.866307,0.808015,0.852241,0.787746,spectrum_fno48_floor6_smooth1_qc
run7_sparc_1440,sparc_1440,1.173269,1.360646,1.495084,0.869709,0.874388,0.957588,0.928312,0.891530,0.946207,0.820516,0.834013,0.842463,spectrum_fno48_floor6_smooth1_qc
run7_sparc_1503,sparc_1503,0.855576,0.828460,1.119369,0.793014,0.773606,0.930429,0.931249,0.933794,0.957884,0.818987,0.710670,0.797522,spectrum_fno48_floor6_smooth1_qc_peak4
run7_sparc_1510,sparc_1510,0.787948,0.694805,0.907019,0.773074,0.691634,0.846851,0.886661,0.907693,0.916283,0.412150,0.640022,0.545278,spectrum_fno48_floor6_smooth1_qc_peak4
run7_sparc_1512,sparc_1512,0.946572,0.733431,1.118046,0.874875,0.713555,0.931802,0.872720,0.867141,0.893828,0.606670,0.691483,0.751974,spectrum_fno48_floor6_smooth1_qc_peak4
run7_sparc_1526,sparc_1526,1.036706,1.057209,1.162817,0.820583,0.802763,0.920149,0.905346,0.918389,0.925611,0.810342,0.640673,0.905286,spectrum_fno48_floor6_smooth1_qc
run7_sparc_1529,sparc_1529,0.980090,0.850695,1.371012,0.830183,0.796550,0.937494,0.311428,0.387962,0.379551,0.906740,0.872385,0.928376,spectrum_fno48_floor6_smooth1_qc_peak4
run80_sparc_1302,sparc_1302,0.861919,0.780268,0.976675,0.675965,0.664335,0.807620,0.935806,0.943714,0.947627,0.833827,0.810947,0.876733,spectrum_fno48_floor6_smooth1_qc_peak4
run80_sparc_1307,sparc_1307,0.608409,0.563724,0.723254,0.559205,0.563406,0.722813,0.924578,0.929374,0.939360,0.950743,0.969184,0.845773,spectrum_fno48_floor6_smooth1_qc_peak4
run80_sparc_1315,sparc_1315,0.639659,0.601147,1.228623,0.625121,0.558498,0.776696,0.917947,0.914466,0.855588,0.402770,0.554214,0.534980,spectrum_fno48_floor6_smooth1_qc_peak4
run80_sparc_1351,sparc_1351,0.869869,1.018715,1.268315,0.706442,0.655623,0.788035,0.872317,0.919509,0.901250,0.354461,0.486467,0.384848,spectrum_fno48_floor6_smooth1_qc
run80_sparc_1352,sparc_1352,0.630713,0.548903,0.775229,0.570512,0.535128,0.762822,0.910908,0.911135,0.899129,0.819741,0.896384,0.734297,spectrum_fno48_floor6_smooth1_qc_peak4
run80_sparc_1354,sparc_1354,0.893164,0.737460,1.009035,0.738057,0.683841,0.880194,0.898791,0.914125,0.876814,0.861214,0.826798,0.764885,spectrum_fno48_floor6_smooth1_qc_peak4
run80_sparc_1356,sparc_1356,0.884605,0.853715,1.555913,0.692408,0.653734,0.853545,0.899438,0.907355,0.869735,0.414900,0.685616,0.491431,spectrum_fno48_floor6_smooth1_qc_peak4
run80_sparc_1361,sparc_1361,1.155701,1.407789,1.824604,0.741030,0.697376,0.846121,0.685709,0.739195,0.637538,0.554433,0.740718,0.754950,spectrum_fno48_floor6_smooth1_qc
run80_sparc_1365,sparc_1365,1.297973,1.046743,1.361164,0.731074,0.728109,0.815422,0.867700,0.858426,0.854475,0.740911,0.766975,0.897788,spectrum_fno48_floor6_smooth1_qc_peak4
run80_sparc_1405,sparc_1405,0.829978,0.910570,0.956672,0.775585,0.666355,0.834629,0.931089,0.938546,0.937650,0.674160,0.885279,0.846925,spectrum_fno48_floor6_smooth1_qc
run80_sparc_1408,sparc_1408,0.549883,0.681142,0.582307,0.498171,0.524410,0.571733,0.918498,0.939007,0.940181,0.927558,0.881943,0.801422,spectrum_fno48_floor6_smooth1_qc
run80_sparc_1411,sparc_1411,0.612775,0.591625,0.832866,0.557579,0.582754,0.811441,0.931963,0.937288,0.944002,0.677068,0.557740,0.422949,spectrum_fno48_floor6_smooth1_qc_peak4
run80_sparc_1414,sparc_1414,0.579533,0.538901,0.774256,0.565402,0.535565,0.758232,0.919777,0.918526,0.899306,0.570638,0.322492,0.306379,spectrum_fno48_floor6_smooth1_qc_peak4
run80_sparc_1416,sparc_1416,0.585256,0.515426,0.701775,0.574591,0.515172,0.682005,0.905340,0.903991,0.907094,0.567760,0.575820,0.500127,spectrum_fno48_floor6_smooth1_qc_peak4
run80_sparc_1421,sparc_1421,0.827249,0.650649,0.900510,0.768755,0.620932,0.775963,0.895363,0.913630,0.881875,0.789374,0.879803,0.967232,spectrum_fno48_floor6_smooth1_qc_peak4
run80_sparc_1425,sparc_1425,0.831186,0.882097,0.866362,0.747053,0.711001,0.796049,0.948941,0.957541,0.956997,0.439875,0.603980,0.617591,spectrum_fno48_floor6_smooth1_qc
run80_sparc_1426,sparc_1426,0.890749,0.898900,0.992899,0.771430,0.704028,0.814684,0.950997,0.953874,0.928149,0.651195,0.682750,0.637303,spectrum_fno48_floor6_smooth1_qc
run80_sparc_1427,sparc_1427,0.807825,1.117932,1.417088,0.739555,0.719410,0.785924,0.943625,0.943971,0.949179,0.467700,0.811259,0.840500,spectrum_fno48_floor6_smooth1_qc
run80_sparc_1501,sparc_1501,0.941787,0.780702,1.270599,0.839160,0.739013,0.924188,0.936277,0.941260,0.945376,0.610359,0.722133,0.694299,spectrum_fno48_floor6_smooth1_qc_peak4
run80_sparc_1502,sparc_1502,0.887276,0.967658,0.954375,0.665825,0.705721,0.799473,0.949755,0.942551,0.963274,0.807766,0.892162,0.740956,spectrum_fno48_floor6_smooth1_qc
run80_sparc_1505,sparc_1505,0.957049,0.860326,0.999613,0.791756,0.691182,0.840142,0.946497,0.947724,0.951114,0.727456,0.813311,0.760288,spectrum_fno48_floor6_smooth1_qc_peak4
run80_sparc_1513,sparc_1513,0.640729,0.546503,0.792374,0.601882,0.545991,0.761947,0.918432,0.921872,0.896444,0.643676,0.421665,0.276819,spectrum_fno48_floor6_smooth1_qc_peak4
run80_sparc_1519,sparc_1519,0.751987,0.659831,0.945826,0.684133,0.648954,0.843146,0.899575,0.917988,0.916271,0.708154,0.943898,0.926591,spectrum_fno48_floor6_smooth1_qc_peak4
run80_sparc_1522,sparc_1522,0.747506,0.591105,0.807553,0.646188,0.571403,0.749220,0.831010,0.863836,0.796877,0.898347,0.962360,0.948801,spectrum_fno48_floor6_smooth1_qc_peak4
run80_sparc_1523,sparc_1523,0.960758,0.790922,0.904044,0.663928,0.633272,0.738617,0.880730,0.890770,0.887629,0.738828,0.683672,0.839735,spectrum_fno48_floor6_smooth1_qc_peak4
run80_sparc_1528,sparc_1528,0.766134,1.000049,0.688927,0.678227,0.659722,0.667638,0.887456,0.873934,0.932105,0.945570,0.935057,0.965649,spectrum_fno48_floor6_smooth1_qc_mhi100
run80_sparc_1593,sparc_1593,0.704169,0.692431,0.922392,0.626538,0.621649,0.775565,0.950004,0.950889,0.964516,0.513902,0.689761,0.735915,spectrum_fno48_floor6_smooth1_qc_peak4
run81_sparc_1302,sparc_1302,0.872746,0.940116,0.765339,0.867048,0.915487,0.763238,0.908795,0.894100,0.949037,0.956704,0.984294,0.896635,spectrum_fno48_floor6_smooth1_qc_mhi100
run81_sparc_1303,sparc_1303,0.539267,0.607043,0.715467,0.536182,0.601317,0.712596,0.943645,0.943135,0.958827,0.544815,0.881538,0.862097,spectrum_fno48_floor6_smooth1_qc
run81_sparc_1309,sparc_1309,1.157632,0.932017,0.946140,0.811439,0.846933,0.862002,0.774890,0.433917,0.129687,0.908702,0.937709,0.986473,spectrum_fno48_floor6_smooth1_qc_peak4
run81_sparc_1319,sparc_1319,0.708998,0.614464,0.763260,0.607419,0.583782,0.647415,0.927154,0.932921,0.957606,0.738236,0.738232,0.855023,spectrum_fno48_floor6_smooth1_qc_peak4
run81_sparc_1356,sparc_1356,0.760081,0.812267,0.669255,0.744539,0.795258,0.657816,0.916516,0.905480,0.933494,0.782398,0.901883,0.842776,spectrum_fno48_floor6_smooth1_qc_mhi100
run81_sparc_1364,sparc_1364,0.875413,0.844136,0.783585,0.790816,0.773813,0.721258,0.903289,0.911067,0.915122,0.895588,0.900987,0.920503,spectrum_fno48_floor6_smooth1_qc_mhi100
run81_sparc_1402,sparc_1402,0.856443,0.944616,0.756132,0.846737,0.904472,0.754262,0.907944,0.876230,0.958148,0.955914,0.982470,0.921875,spectrum_fno48_floor6_smooth1_qc_mhi100
run81_sparc_1420,sparc_1420,0.846146,0.815143,0.777562,0.790419,0.791366,0.719390,0.895972,0.899630,0.931440,0.870892,0.937372,0.846821,spectrum_fno48_floor6_smooth1_qc_mhi100
run81_sparc_1423,sparc_1423,0.854624,0.874991,0.847958,0.793733,0.768390,0.770238,0.832773,0.860607,0.924077,0.949726,0.965970,0.899449,spectrum_fno48_floor6_smooth1_qc_mhi100
run81_sparc_1426,sparc_1426,0.702364,0.856941,0.780819,0.686214,0.760781,0.713700,0.897738,0.898642,0.940476,0.689274,0.920342,0.901470,spectrum_fno48_floor6_smooth1_qc
run81_sparc_1430,sparc_1430,1.022403,0.918660,1.386066,0.874238,0.857361,0.999385,0.892227,0.861562,-0.960689,0.986702,0.990087,0.964385,spectrum_fno48_floor6_smooth1_qc_peak4
run81_sparc_1500,sparc_1500,0.483688,0.455138,0.403273,0.478502,0.422282,0.384094,0.995725,0.994114,0.995708,0.719812,0.884264,0.896802,spectrum_fno48_floor6_smooth1_qc_mhi100
run81_sparc_1502,sparc_1502,0.852314,0.954881,0.748692,0.842142,0.902603,0.742004,0.912296,0.880928,0.954935,0.955030,0.983023,0.925858,spectrum_fno48_floor6_smooth1_qc_mhi100
run81_sparc_1512,sparc_1512,0.811891,0.642918,0.748714,0.705314,0.620916,0.658199,0.916659,0.922741,0.952329,0.835088,0.836868,0.759204,spectrum_fno48_floor6_smooth1_qc_peak4
run81_sparc_1514,sparc_1514,0.684091,0.595866,0.671504,0.659792,0.590927,0.662867,0.920483,0.925563,0.951343,0.861030,0.812663,0.805805,spectrum_fno48_floor6_smooth1_qc_peak4
run81_sparc_1519,sparc_1519,0.823951,0.789703,0.706243,0.775045,0.765788,0.694551,0.878356,0.896149,0.931288,0.905665,0.957202,0.889231,spectrum_fno48_floor6_smooth1_qc_mhi100
run81_sparc_1520,sparc_1520,0.862906,0.808593,0.880131,0.767338,0.760973,0.723272,0.894591,0.900760,0.929055,0.904056,0.933118,0.841844,spectrum_fno48_floor6_smooth1_qc_peak4
run81_sparc_1524,sparc_1524,1.367001,1.489772,1.490252,0.970376,0.961226,0.937342,0.812283,0.823068,0.891840,0.918743,0.870318,0.945975,spectrum_fno48_floor6_smooth1_qc
run82_sparc_1304,sparc_1304,0.908916,0.890672,0.890368,0.902147,0.885810,0.889889,0.734191,0.682299,0.690767,0.976396,0.977290,0.971258,spectrum_fno48_floor6_smooth1_qc_mhi100
run82_sparc_1305,sparc_1305,1.021213,0.991221,1.342738,0.884774,0.852131,0.969791,0.909018,0.905916,0.924810,0.621251,0.581513,0.771711,spectrum_fno48_floor6_smooth1_qc_peak4
run82_sparc_1306,sparc_1306,0.898641,0.864710,1.112822,0.848677,0.806941,0.945597,0.903985,0.899325,0.935656,0.886677,0.734296,0.785654,spectrum_fno48_floor6_smooth1_qc_peak4
run82_sparc_1309,sparc_1309,0.785658,0.755012,0.981737,0.784418,0.754978,0.949981,0.893187,0.907269,0.907541,0.616904,0.800353,0.853262,spectrum_fno48_floor6_smooth1_qc_peak4
run82_sparc_1349,sparc_1349,0.959135,0.890329,1.120127,0.801476,0.752393,0.893874,0.909752,0.914176,0.925028,0.803341,0.772440,0.834105,spectrum_fno48_floor6_smooth1_qc_peak4
run82_sparc_1354,sparc_1354,0.658245,0.641512,0.920669,0.658170,0.640916,0.873262,0.933147,0.937225,0.937810,0.858405,0.860414,0.874511,spectrum_fno48_floor6_smooth1_qc_peak4
run82_sparc_1360,sparc_1360,0.676573,0.793825,0.964172,0.663510,0.716361,0.878953,0.940837,0.928141,0.952181,0.753904,0.777269,0.705440,spectrum_fno48_floor6_smooth1_qc
run82_sparc_1364,sparc_1364,0.889482,0.844314,1.171417,0.742084,0.785300,0.906443,0.916210,0.925864,0.929437,0.782623,0.750153,0.869245,spectrum_fno48_floor6_smooth1_qc_peak4
run82_sparc_1401,sparc_1401,0.953374,0.931611,1.089530,0.800291,0.751981,0.867053,0.925717,0.930300,0.924460,0.878862,0.840173,0.808743,spectrum_fno48_floor6_smooth1_qc_peak4
run82_sparc_1404,sparc_1404,1.157442,1.330741,1.728709,0.866293,0.853577,0.974055,0.916750,0.897833,0.938021,0.735071,0.461248,0.759099,spectrum_fno48_floor6_smooth1_qc
run82_sparc_1406,sparc_1406,1.269649,1.169669,1.681856,0.913357,0.859192,0.976332,0.922236,0.910566,0.933755,0.795939,0.708829,0.880671,spectrum_fno48_floor6_smooth1_qc_peak4
run82_sparc_1410,sparc_1410,0.646833,0.635995,0.861527,0.617730,0.575336,0.855924,0.932321,0.941226,0.943333,0.495134,0.712453,0.531041,spectrum_fno48_floor6_smooth1_qc_peak4
run82_sparc_1411,sparc_1411,0.642602,0.647452,0.885430,0.622111,0.584244,0.874646,0.941122,0.949567,0.946609,0.382082,0.715529,0.523312,spectrum_fno48_floor6_smooth1_qc
run82_sparc_1423,sparc_1423,1.133902,0.872313,1.085480,0.841236,0.766553,0.924614,0.886492,0.890270,0.907434,0.816457,0.624304,0.838688,spectrum_fno48_floor6_smooth1_qc_peak4
run82_sparc_1428,sparc_1428,1.137839,0.807765,0.994187,0.764100,0.806317,0.844096,0.814313,0.695030,0.828911,0.964240,0.969277,0.967063,spectrum_fno48_floor6_smooth1_qc_peak4
run82_sparc_1430,sparc_1430,1.190939,1.040965,1.465010,0.842444,0.799166,0.953557,0.892505,0.913170,0.856395,0.763220,0.777134,0.895824,spectrum_fno48_floor6_smooth1_qc_peak4
run82_sparc_1500,sparc_1500,0.595244,0.484098,0.571624,0.562842,0.483980,0.551187,0.984042,0.982644,0.984524,0.749485,0.614786,0.724813,spectrum_fno48_floor6_smooth1_qc_peak4
run82_sparc_1510,sparc_1510,0.627779,0.591760,0.850773,0.603791,0.567728,0.829297,0.936103,0.940432,0.943682,0.539723,0.678028,0.545158,spectrum_fno48_floor6_smooth1_qc_peak4
run82_sparc_1519,sparc_1519,0.649589,0.684193,0.962009,0.629727,0.682439,0.879149,0.947098,0.947342,0.952493,0.266498,0.606695,0.709775,spectrum_fno48_floor6_smooth1_qc
run82_sparc_1527,sparc_1527,1.026207,0.833095,1.112207,0.856947,0.784991,0.912163,0.858702,0.872350,0.913717,0.841109,0.420415,0.878609,spectrum_fno48_floor6_smooth1_qc_peak4
run82_sparc_1529,sparc_1529,1.261471,1.407915,1.469314,0.832084,0.891223,0.935408,0.746992,0.822492,0.787496,0.889010,0.872050,0.920188,spectrum_fno48_floor6_smooth1_qc
run82_sparc_1593,sparc_1593,0.852209,1.174220,1.228866,0.775304,0.796037,0.840034,0.931379,0.932815,0.956738,0.704328,0.715160,0.751004,spectrum_fno48_floor6_smooth1_qc
run83_sparc_1306,sparc_1306,0.846354,0.927554,0.802728,0.833950,0.883443,0.781233,0.882809,0.871517,0.940682,0.913623,0.946878,0.964352,spectrum_fno48_floor6_smooth1_qc_mhi100
run83_sparc_1308,sparc_1308,0.790185,0.773542,0.796478,0.780985,0.769798,0.775165,0.880589,0.859091,0.898450,0.861929,0.920765,0.963651,spectrum_fno48_floor6_smooth1_qc_peak4
run83_sparc_1309,sparc_1309,1.171061,1.857985,1.309255,0.867817,0.935317,0.861689,0.736503,0.651591,0.823609,0.911119,0.953810,0.947878,spectrum_fno48_floor6_smooth1_qc
run83_sparc_1310,sparc_1310,0.795140,0.799379,0.783082,0.774857,0.760493,0.751669,0.894838,0.906064,0.929909,0.893181,0.743516,0.886839,spectrum_fno48_floor6_smooth1_qc_mhi100
run83_sparc_1318,sparc_1318,0.931163,0.913976,0.848430,0.840622,0.815221,0.793541,0.912534,0.911465,0.954215,0.857648,0.841989,0.677081,spectrum_fno48_floor6_smooth1_qc_mhi100
run83_sparc_1350,sparc_1350,0.715515,0.749890,0.653623,0.702404,0.698108,0.646387,0.931161,0.932955,0.964283,0.801457,0.869637,0.718231,spectrum_fno48_floor6_smooth1_qc_mhi100
run83_sparc_1352,sparc_1352,0.838049,0.803375,0.807378,0.800234,0.784453,0.777153,0.875214,0.877608,0.913292,0.741381,0.834017,0.659901,spectrum_fno48_floor6_smooth1_qc_peak4
run83_sparc_1357,sparc_1357,1.055233,0.852081,0.995872,0.870840,0.797052,0.808348,0.803712,0.873445,0.865500,0.907547,0.900966,0.879743,spectrum_fno48_floor6_smooth1_qc_peak4
run83_sparc_1400,sparc_1400,0.485050,0.411699,0.467815,0.414015,0.404772,0.466539,0.995727,0.995091,0.995854,0.618323,0.674108,0.813390,spectrum_fno48_floor6_smooth1_qc_peak4
run83_sparc_1407,sparc_1407,0.912964,0.922613,0.851824,0.845926,0.820331,0.825787,0.841409,0.879795,0.903946,0.916549,0.933197,0.955148,spectrum_fno48_floor6_smooth1_qc_mhi100
run83_sparc_1408,sparc_1408,0.766048,0.764501,0.778869,0.764662,0.741047,0.776620,0.921896,0.924265,0.953159,0.780420,0.903599,0.927035,spectrum_fno48_floor6_smooth1_qc_peak4
run83_sparc_1413,sparc_1413,0.754611,0.754762,0.754246,0.745732,0.737845,0.731367,0.916368,0.918811,0.956205,0.712099,0.844029,0.774249,spectrum_fno48_floor6_smooth1_qc_mhi100
run83_sparc_1414,sparc_1414,0.853299,0.846595,0.960297,0.809460,0.798942,0.815112,0.909524,0.904885,0.921461,0.732679,0.831841,0.879129,spectrum_fno48_floor6_smooth1_qc_peak4
run83_sparc_1417,sparc_1417,0.846054,0.888628,0.804466,0.711048,0.698558,0.681551,0.881704,0.896139,0.903894,0.960014,0.970365,0.956443,spectrum_fno48_floor6_smooth1_qc_mhi100
run83_sparc_1419,sparc_1419,1.048848,1.212042,1.046847,0.857572,0.842954,0.845195,0.864222,0.888333,0.925899,0.957467,0.925499,0.900358,spectrum_fno48_floor6_smooth1_qc_mhi100
run83_sparc_1421,sparc_1421,1.531036,1.758216,1.050485,0.985381,0.984325,0.965433,0.835795,0.862897,0.890173,0.962674,0.969859,0.931142,spectrum_fno48_floor6_smooth1_qc_mhi100
run83_sparc_1427,sparc_1427,0.957511,0.927963,0.978800,0.770768,0.716928,0.759883,0.794431,0.861257,0.804698,0.901681,0.926139,0.954041,spectrum_fno48_floor6_smooth1_qc_peak4
run83_sparc_1505,sparc_1505,0.790052,0.801943,0.880773,0.699338,0.672522,0.774504,0.932639,0.919331,0.914229,0.873894,0.959688,0.938282,spectrum_fno48_floor6_smooth1_qc
run83_sparc_1507,sparc_1507,0.860601,0.871509,0.826150,0.838455,0.815417,0.813820,0.849877,0.885549,0.907076,0.930791,0.945851,0.954810,spectrum_fno48_floor6_smooth1_qc_mhi100
run83_sparc_1509,sparc_1509,0.925193,0.931267,1.047047,0.806523,0.817219,0.832815,0.864930,0.862960,0.907793,0.731163,0.867048,0.932636,spectrum_fno48_floor6_smooth1_qc
run83_sparc_1521,sparc_1521,1.218050,1.340340,0.999686,0.975002,0.974159,0.936892,0.836300,0.869932,0.921896,0.984185,0.989762,0.869186,spectrum_fno48_floor6_smooth1_qc_mhi100
run83_sparc_1524,sparc_1524,2.614771,2.156640,1.175069,0.983557,0.981746,0.908944,0.582471,0.658191,0.896967,0.992038,0.978628,0.960626,spectrum_fno48_floor6_smooth1_qc_mhi100
run83_sparc_1529,sparc_1529,1.024409,1.012219,0.847487,0.949924,0.929803,0.812166,0.854247,0.796293,0.766715,0.972532,0.985502,0.940288,spectrum_fno48_floor6_smooth1_qc_mhi100
run83_sparc_1530,sparc_1530,0.452921,0.793379,1.189509,0.409194,0.560611,0.993474,0.922077,0.884501,-0.074510,0.952398,0.763187,0.996141,spectrum_fno48_floor6_smooth1_qc
run84_sparc_1300,sparc_1300,0.390721,0.357629,0.364086,0.315070,0.303094,0.363597,0.992718,0.993906,0.995354,0.716224,0.716049,0.867590,spectrum_fno48_floor6_smooth1_qc_peak4
run84_sparc_1307,sparc_1307,1.163339,1.056779,1.252286,0.775986,0.724842,0.802850,0.870218,0.863759,0.783852,0.976617,0.940044,0.984898,spectrum_fno48_floor6_smooth1_qc_peak4
run84_sparc_1315,sparc_1315,0.580370,0.574701,0.628463,0.580363,0.567761,0.610239,0.933379,0.933043,0.956868,0.804603,0.834000,0.647235,spectrum_fno48_floor6_smooth1_qc_peak4
run84_sparc_1356,sparc_1356,0.643694,0.672781,0.665376,0.637368,0.651483,0.646594,0.911955,0.914933,0.938656,0.823151,0.830717,0.606193,spectrum_fno48_floor6_smooth1_qc
run84_sparc_1358,sparc_1358,0.606928,0.588404,0.752693,0.568441,0.561766,0.642330,0.907235,0.909587,0.924117,0.672394,0.765837,0.830383,spectrum_fno48_floor6_smooth1_qc_peak4
run84_sparc_1359,sparc_1359,0.569499,0.591107,0.688582,0.566004,0.576431,0.646576,0.911581,0.910178,0.938701,0.532445,0.747263,0.665321,spectrum_fno48_floor6_smooth1_qc
run84_sparc_1364,sparc_1364,0.620814,0.730728,0.677794,0.609193,0.676560,0.644491,0.923634,0.919730,0.928251,0.838446,0.915582,0.833289,spectrum_fno48_floor6_smooth1_qc
run84_sparc_1405,sparc_1405,0.683255,0.613369,0.678450,0.646914,0.572803,0.648708,0.915482,0.915078,0.930225,0.908292,0.947081,0.880758,spectrum_fno48_floor6_smooth1_qc_peak4
run84_sparc_1417,sparc_1417,0.549744,0.559305,0.682791,0.543971,0.550149,0.630513,0.928484,0.926582,0.946056,0.833909,0.708664,0.658087,spectrum_fno48_floor6_smooth1_qc
run84_sparc_1420,sparc_1420,0.591182,0.587534,0.695810,0.579881,0.568803,0.648808,0.922835,0.925281,0.934245,0.633173,0.871389,0.761426,spectrum_fno48_floor6_smooth1_qc_peak4
run84_sparc_1430,sparc_1430,0.839968,0.851942,0.912763,0.766107,0.777801,0.829425,0.752289,0.660726,0.715865,0.940210,0.949773,0.887195,spectrum_fno48_floor6_smooth1_qc
run84_sparc_1441,sparc_1441,0.636040,0.634871,0.699269,0.622056,0.609482,0.682717,0.928094,0.931573,0.952894,0.771342,0.787965,0.598597,spectrum_fno48_floor6_smooth1_qc_peak4
run84_sparc_1500,sparc_1500,0.444612,0.401058,0.482994,0.345417,0.345814,0.408640,0.992654,0.992391,0.993886,0.518512,0.827235,0.837157,spectrum_fno48_floor6_smooth1_qc_peak4
run84_sparc_1506,sparc_1506,0.689314,0.611446,0.785636,0.675544,0.592217,0.760884,0.903240,0.910705,0.893439,0.903369,0.936988,0.952870,spectrum_fno48_floor6_smooth1_qc_peak4
run84_sparc_1511,sparc_1511,0.615061,0.571159,0.657602,0.615033,0.567256,0.643003,0.937211,0.933407,0.955080,0.749886,0.738589,0.587011,spectrum_fno48_floor6_smooth1_qc_peak4
run84_sparc_1518,sparc_1518,0.542275,0.566063,0.676095,0.542267,0.555496,0.647583,0.913495,0.909696,0.925551,0.817408,0.726015,0.791321,spectrum_fno48_floor6_smooth1_qc
run84_sparc_1522,sparc_1522,0.826714,0.759151,0.902224,0.777141,0.730841,0.799978,0.880032,0.887023,0.905743,0.812745,0.775045,0.888859,spectrum_fno48_floor6_smooth1_qc_peak4
run84_sparc_1528,sparc_1528,0.832623,0.830772,0.898582,0.810978,0.762795,0.821908,0.847819,0.880686,0.912405,0.912969,0.949512,0.912332,spectrum_fno48_floor6_smooth1_qc_peak4
run85_sparc_1304,sparc_1304,0.774409,0.685557,0.796075,0.758869,0.672914,0.776370,0.932489,0.927415,0.933911,0.747097,0.920885,0.910376,spectrum_fno48_floor6_smooth1_qc_peak4
run85_sparc_1317,sparc_1317,0.904782,0.906571,1.188893,0.803496,0.784456,0.845029,0.867024,0.881200,0.877910,0.523105,0.896656,0.805557,spectrum_fno48_floor6_smooth1_qc
run85_sparc_1351,sparc_1351,0.892976,0.836239,0.935175,0.868293,0.824726,0.871874,0.904416,0.920453,0.906212,0.664534,0.807562,0.732996,spectrum_fno48_floor6_smooth1_qc_peak4
run85_sparc_1358,sparc_1358,0.747921,0.670304,0.819811,0.694647,0.668749,0.793530,0.913832,0.925982,0.915284,0.827627,0.817305,0.694601,spectrum_fno48_floor6_smooth1_qc_peak4
run85_sparc_1363,sparc_1363,0.764489,0.710439,0.912799,0.747945,0.700301,0.802271,0.887699,0.909806,0.887311,0.633992,0.846085,0.726034,spectrum_fno48_floor6_smooth1_qc_peak4
run85_sparc_1365,sparc_1365,0.846528,0.765707,0.901562,0.738063,0.738070,0.851547,0.885909,0.877448,0.886955,0.669254,0.869669,0.749426,spectrum_fno48_floor6_smooth1_qc_peak4
run85_sparc_1403,sparc_1403,0.774203,1.099606,1.029481,0.681139,0.715191,0.805768,0.954388,0.950863,0.968140,0.689715,0.852697,0.728385,spectrum_fno48_floor6_smooth1_qc
run85_sparc_1406,sparc_1406,0.885515,0.936089,0.930508,0.736852,0.716332,0.799507,0.936491,0.947191,0.954290,0.544695,0.744410,0.704014,spectrum_fno48_floor6_smooth1_qc
run85_sparc_1408,sparc_1408,0.694255,0.689182,0.768485,0.638104,0.587123,0.715074,0.895584,0.932295,0.866643,0.749499,0.831078,0.805480,spectrum_fno48_floor6_smooth1_qc_peak4
run85_sparc_1413,sparc_1413,0.797218,0.699688,1.094999,0.775500,0.667880,0.887002,0.913932,0.907791,0.903398,0.719347,0.765861,0.826185,spectrum_fno48_floor6_smooth1_qc_peak4
run85_sparc_1414,sparc_1414,0.762608,0.672981,0.861437,0.761839,0.648068,0.846400,0.921656,0.926778,0.905523,0.741928,0.780817,0.869181,spectrum_fno48_floor6_smooth1_qc_peak4
run85_sparc_1416,sparc_1416,1.387468,1.723099,1.368061,0.749420,0.784448,0.839626,0.863851,0.886376,0.851790,0.365589,0.857701,0.732431,spectrum_fno48_floor6_smooth1_qc_mhi100
run85_sparc_1423,sparc_1423,0.904277,0.917277,0.970165,0.696860,0.668061,0.770788,0.944163,0.950390,0.932953,0.759801,0.786461,0.895939,spectrum_fno48_floor6_smooth1_qc
run85_sparc_1441,sparc_1441,1.036451,0.945542,0.953733,0.743894,0.722790,0.818794,0.936464,0.943065,0.950718,0.565184,0.608664,0.623359,spectrum_fno48_floor6_smooth1_qc_peak4
run85_sparc_1507,sparc_1507,0.779981,0.963291,0.938454,0.779911,0.763451,0.828578,0.945047,0.949351,0.953724,0.440392,0.789314,0.638431,spectrum_fno48_floor6_smooth1_qc
run85_sparc_1510,sparc_1510,0.831377,0.737536,0.918481,0.734541,0.633156,0.876098,0.914791,0.908852,0.918727,0.812237,0.771530,0.830627,spectrum_fno48_floor6_smooth1_qc_peak4
run85_sparc_1518,sparc_1518,0.812280,0.929829,1.016884,0.796259,0.741145,0.872133,0.904070,0.930571,0.910477,0.674544,0.877095,0.762904,spectrum_fno48_floor6_smooth1_qc
run86_sparc_1301,sparc_1301,0.819020,0.949300,1.011093,0.733238,0.772134,0.835955,0.893634,0.902159,0.922529,0.717175,0.856150,0.803072,spectrum_fno48_floor6_smooth1_qc
run86_sparc_1304,sparc_1304,1.458472,1.325433,1.739571,0.820673,0.805852,0.932920,0.934439,0.932725,0.928525,0.843396,0.783980,0.825199,spectrum_fno48_floor6_smooth1_qc_peak4
run86_sparc_1350,sparc_1350,0.784025,1.035308,1.223769,0.730239,0.750295,0.850916,0.902930,0.902223,0.929059,0.590704,0.639279,0.837905,spectrum_fno48_floor6_smooth1_qc
run86_sparc_1353,sparc_1353,0.708599,0.725659,0.990237,0.697426,0.673592,0.816880,0.880609,0.880513,0.896378,0.523786,0.765187,0.864805,spectrum_fno48_floor6_smooth1_qc
run86_sparc_1354,sparc_1354,0.937066,0.860189,1.001950,0.926009,0.859339,0.935570,0.835577,0.835127,0.840324,0.771700,0.847384,0.835682,spectrum_fno48_floor6_smooth1_qc_peak4
run86_sparc_1361,sparc_1361,0.564514,0.749023,0.764761,0.564346,0.703059,0.727436,0.898703,0.898942,0.915180,0.568910,0.802965,0.625530,spectrum_fno48_floor6_smooth1_qc
run86_sparc_1401,sparc_1401,0.915265,0.985678,1.016072,0.750883,0.784579,0.856479,0.852473,0.906006,0.865745,0.819017,0.879526,0.892726,spectrum_fno48_floor6_smooth1_qc
run86_sparc_1413,sparc_1413,0.721816,0.672564,0.998362,0.715690,0.670278,0.880300,0.888021,0.828777,0.913608,0.476950,0.835166,0.845531,spectrum_fno48_floor6_smooth1_qc_peak4
run86_sparc_1422,sparc_1422,0.884512,0.781062,0.900311,0.870812,0.780484,0.883484,0.859106,0.875118,0.886371,0.767734,0.813166,0.813995,spectrum_fno48_floor6_smooth1_qc_peak4
run86_sparc_1423,sparc_1423,1.187892,0.814483,1.365498,0.823088,0.665605,0.923241,0.924665,0.943888,0.936252,0.799066,0.557832,0.864190,spectrum_fno48_floor6_smooth1_qc_peak4
run86_sparc_1428,sparc_1428,1.239002,1.256545,1.396514,0.773007,0.804820,0.872900,0.707760,0.716189,0.699230,0.744937,0.818717,0.943688,spectrum_fno48_floor6_smooth1_qc
run86_sparc_1441,sparc_1441,1.380917,1.322724,1.367725,0.875456,0.852925,0.943248,0.933571,0.924161,0.953508,0.781527,0.809931,0.781115,spectrum_fno48_floor6_smooth1_qc_peak4
run86_sparc_1504,sparc_1504,1.101583,1.260276,1.607344,0.781019,0.843135,0.943105,0.917426,0.914864,0.924251,0.837282,0.861203,0.897442,spectrum_fno48_floor6_smooth1_qc
run86_sparc_1506,sparc_1506,1.398168,1.259479,1.445192,0.889815,0.841331,0.947989,0.907892,0.929983,0.928932,0.872335,0.862941,0.892305,spectrum_fno48_floor6_smooth1_qc_peak4
run86_sparc_1514,sparc_1514,0.931888,0.824497,0.976799,0.917677,0.821881,0.950342,0.808564,0.875735,0.838713,0.811191,0.692476,0.814104,spectrum_fno48_floor6_smooth1_qc_peak4
run86_sparc_1519,sparc_1519,1.031602,0.824400,1.022742,0.868703,0.791226,0.908826,0.714512,0.889903,0.887707,0.842044,0.692921,0.782400,spectrum_fno48_floor6_smooth1_qc_peak4
run86_sparc_1524,sparc_1524,0.961883,0.766113,0.972712,0.812791,0.759207,0.858252,0.803139,0.452417,0.590176,0.803403,0.714216,0.895214,spectrum_fno48_floor6_smooth1_qc_peak4
run86_sparc_1525,sparc_1525,0.965133,0.973556,1.197554,0.712304,0.768581,0.915000,0.933622,0.934736,0.950363,0.848032,0.664844,0.767325,spectrum_fno48_floor6_smooth1_qc
run86_sparc_1527,sparc_1527,0.900770,0.914465,1.128981,0.744911,0.756890,0.901939,0.927508,0.926558,0.949926,0.752789,0.751705,0.790404,spectrum_fno48_floor6_smooth1_qc
run87_sparc_1305,sparc_1305,0.961288,1.172335,1.189463,0.777484,0.809278,0.930613,0.904845,0.890571,0.936470,0.708083,0.870196,0.715341,spectrum_fno48_floor6_smooth1_qc
run87_sparc_1310,sparc_1310,0.653634,0.719253,0.854154,0.629667,0.647001,0.779078,0.905596,0.907644,0.933590,0.256489,0.722792,0.843131,spectrum_fno48_floor6_smooth1_qc
run87_sparc_1317,sparc_1317,0.572043,0.750365,0.942224,0.568297,0.641525,0.758254,0.885765,0.895073,0.919867,0.242965,0.841127,0.662095,spectrum_fno48_floor6_smooth1_qc
run87_sparc_1319,sparc_1319,0.598227,0.723125,0.866605,0.586628,0.656291,0.795266,0.884541,0.887450,0.918953,0.380168,0.884141,0.799844,spectrum_fno48_floor6_smooth1_qc
run87_sparc_1349,sparc_1349,0.775024,0.758033,0.869149,0.654749,0.637840,0.790039,0.885317,0.887518,0.898465,0.786809,0.829760,0.894538,spectrum_fno48_floor6_smooth1_qc_peak4
run87_sparc_1351,sparc_1351,0.656893,0.672685,0.771338,0.619739,0.605595,0.712355,0.886580,0.887855,0.913424,0.466718,0.700475,0.650861,spectrum_fno48_floor6_smooth1_qc
run87_sparc_1353,sparc_1353,0.752808,0.673421,0.916563,0.651859,0.622097,0.780684,0.888980,0.893318,0.899953,0.850470,0.861157,0.877573,spectrum_fno48_floor6_smooth1_qc_peak4
run87_sparc_1356,sparc_1356,0.755214,0.702944,0.883907,0.658666,0.626331,0.803240,0.875617,0.883731,0.900995,0.550225,0.856191,0.891754,spectrum_fno48_floor6_smooth1_qc_peak4
run87_sparc_1360,sparc_1360,0.771538,0.713713,0.836991,0.679272,0.640646,0.747711,0.892740,0.894210,0.917558,0.698353,0.794335,0.862265,spectrum_fno48_floor6_smooth1_qc_peak4
run87_sparc_1362,sparc_1362,0.670909,0.668151,0.808713,0.612972,0.615236,0.701746,0.900788,0.900112,0.921430,0.792445,0.923634,0.796848,spectrum_fno48_floor6_smooth1_qc_peak4
run87_sparc_1402,sparc_1402,1.031756,0.823828,1.056129,0.712558,0.632400,0.816112,0.891732,0.912812,0.927699,0.895206,0.910412,0.902432,spectrum_fno48_floor6_smooth1_qc_peak4
run87_sparc_1414,sparc_1414,0.632012,0.724105,0.814613,0.595076,0.621117,0.730766,0.902905,0.905156,0.927106,0.361792,0.779535,0.717873,spectrum_fno48_floor6_smooth1_qc
run87_sparc_1423,sparc_1423,1.500108,1.449754,1.716530,0.847413,0.873201,0.962993,0.840329,0.887589,0.825319,0.808097,0.845150,0.933702,spectrum_fno48_floor6_smooth1_qc_peak4
run87_sparc_1426,sparc_1426,1.467044,1.398875,1.373232,0.820544,0.872241,0.945423,0.916574,0.905619,0.840460,0.640737,0.797016,0.837903,spectrum_fno48_floor6_smooth1_qc_mhi100
run87_sparc_1428,sparc_1428,1.391104,1.261883,1.572011,0.876235,0.855224,0.976590,0.909070,0.904900,0.937701,0.657888,0.749729,0.901301,spectrum_fno48_floor6_smooth1_qc_peak4
run87_sparc_1506,sparc_1506,1.028176,1.021378,1.434298,0.766252,0.768627,0.906873,0.887770,0.901659,0.898840,0.952033,0.941632,0.958584,spectrum_fno48_floor6_smooth1_qc_peak4
run87_sparc_1507,sparc_1507,0.868560,1.023854,1.309561,0.692590,0.748577,0.892525,0.928051,0.929319,0.929722,0.960527,0.958947,0.931922,spectrum_fno48_floor6_smooth1_qc
run87_sparc_1509,sparc_1509,0.739566,0.694603,1.024776,0.709022,0.670396,0.825111,0.889733,0.905643,0.905725,0.771260,0.930740,0.945864,spectrum_fno48_floor6_smooth1_qc_peak4
run87_sparc_1511,sparc_1511,0.632726,0.667266,0.860987,0.614308,0.612359,0.765974,0.909410,0.912815,0.938061,0.268421,0.818518,0.810067,spectrum_fno48_floor6_smooth1_qc
run87_sparc_1517,sparc_1517,0.611495,0.675208,0.865141,0.601624,0.636719,0.738136,0.894574,0.896993,0.914269,0.412461,0.811744,0.806372,spectrum_fno48_floor6_smooth1_qc
run87_sparc_1521,sparc_1521,0.871494,1.159005,0.937938,0.771081,0.895326,0.809512,0.858289,0.872044,0.897994,0.830543,0.950017,0.739905,spectrum_fno48_floor6_smooth1_qc
run87_sparc_1523,sparc_1523,1.001007,0.853357,1.024877,0.837499,0.706362,0.874036,0.875331,0.892582,0.903049,0.945718,0.874031,0.958009,spectrum_fno48_floor6_smooth1_qc_peak4
run87_sparc_1524,sparc_1524,1.534303,0.963786,1.368858,0.928356,0.745834,0.919034,0.764098,0.877687,0.858971,0.976573,0.882277,0.976486,spectrum_fno48_floor6_smooth1_qc_peak4
run87_sparc_1526,sparc_1526,1.066289,1.114616,1.337063,0.771127,0.801788,0.930078,0.903794,0.911537,0.924413,0.676100,0.776047,0.890117,spectrum_fno48_floor6_smooth1_qc
run87_sparc_1528,sparc_1528,0.893999,1.127610,1.497980,0.752020,0.818776,0.950691,0.854982,0.845138,0.849154,0.888838,0.854487,0.886537,spectrum_fno48_floor6_smooth1_qc
run88_sparc_1307,sparc_1307,0.972629,0.983890,1.313622,0.780092,0.782738,0.860335,0.785258,0.807986,0.678281,0.961991,0.961042,0.978998,spectrum_fno48_floor6_smooth1_qc
run88_sparc_1315,sparc_1315,0.575762,0.529847,0.672317,0.564501,0.527626,0.651449,0.928401,0.930523,0.954110,0.739396,0.884869,0.677723,spectrum_fno48_floor6_smooth1_qc_peak4
run88_sparc_1349,sparc_1349,0.607426,0.737538,0.756863,0.572793,0.668065,0.657113,0.911689,0.904837,0.938488,0.721037,0.903935,0.889904,spectrum_fno48_floor6_smooth1_qc
run88_sparc_1353,sparc_1353,0.666336,0.740852,0.818263,0.585533,0.687383,0.664076,0.909846,0.907989,0.936471,0.710575,0.897116,0.923202,spectrum_fno48_floor6_smooth1_qc
run88_sparc_1356,sparc_1356,0.745295,0.750370,0.704338,0.712961,0.708082,0.646531,0.912449,0.912438,0.933314,0.772271,0.897474,0.863764,spectrum_fno48_floor6_smooth1_qc_mhi100
run88_sparc_1361,sparc_1361,0.635494,0.616339,0.747837,0.554722,0.563534,0.635427,0.920674,0.922683,0.942354,0.667637,0.854849,0.715521,spectrum_fno48_floor6_smooth1_qc_peak4
run88_sparc_1363,sparc_1363,0.676383,0.734914,0.736473,0.636572,0.704319,0.665967,0.908855,0.904159,0.925331,0.845332,0.907641,0.928136,spectrum_fno48_floor6_smooth1_qc
run88_sparc_1404,sparc_1404,0.695307,0.667341,0.724197,0.678906,0.647375,0.715933,0.911305,0.919100,0.940186,0.583605,0.912972,0.901271,spectrum_fno48_floor6_smooth1_qc_peak4
run88_sparc_1406,sparc_1406,0.639313,0.650489,0.759462,0.609361,0.608631,0.736726,0.918933,0.925311,0.925147,0.750251,0.871033,0.888993,spectrum_fno48_floor6_smooth1_qc
run88_sparc_1409,sparc_1409,0.741445,0.695073,0.756308,0.718919,0.669590,0.730668,0.914788,0.909696,0.908631,0.881953,0.916534,0.971504,spectrum_fno48_floor6_smooth1_qc_peak4
run88_sparc_1421,sparc_1421,0.634227,0.655865,0.792361,0.629654,0.607860,0.696353,0.924137,0.923704,0.945137,0.862472,0.870164,0.850154,spectrum_fno48_floor6_smooth1_qc
run88_sparc_1424,sparc_1424,0.685474,0.634665,0.807195,0.682960,0.627825,0.782492,0.884712,0.902987,0.922070,0.627669,0.792396,0.927597,spectrum_fno48_floor6_smooth1_qc_peak4
run88_sparc_1425,sparc_1425,0.714842,0.699967,0.765167,0.693675,0.650660,0.740172,0.894634,0.906077,0.922556,0.489135,0.825436,0.913975,spectrum_fno48_floor6_smooth1_qc_peak4
run88_sparc_1427,sparc_1427,0.639714,0.665774,0.704225,0.639191,0.658282,0.703837,0.921704,0.907583,0.949593,0.773188,0.934687,0.781691,spectrum_fno48_floor6_smooth1_qc
run88_sparc_1440,sparc_1440,0.696078,0.674078,0.759518,0.693574,0.670259,0.756104,0.918199,0.923371,0.947130,0.537540,0.746937,0.659615,spectrum_fno48_floor6_smooth1_qc_peak4
run88_sparc_1503,sparc_1503,0.623686,0.607730,0.662360,0.621504,0.606759,0.661746,0.933521,0.935285,0.956737,0.578008,0.906713,0.790924,spectrum_fno48_floor6_smooth1_qc_peak4
run88_sparc_1504,sparc_1504,0.640255,0.645535,0.702322,0.633215,0.629890,0.697315,0.913755,0.917457,0.947088,0.441177,0.819399,0.763924,spectrum_fno48_floor6_smooth1_qc
run88_sparc_1513,sparc_1513,0.601543,0.578761,0.655381,0.582208,0.563627,0.617652,0.921106,0.928798,0.947512,0.849821,0.867113,0.812222,spectrum_fno48_floor6_smooth1_qc_peak4
run88_sparc_1515,sparc_1515,0.602715,0.563521,0.637513,0.560043,0.545374,0.626578,0.931025,0.932189,0.948823,0.631083,0.849501,0.645155,spectrum_fno48_floor6_smooth1_qc_peak4
run88_sparc_1523,sparc_1523,1.058496,1.067723,1.052740,0.993871,0.993941,0.996941,0.771001,0.776974,0.744918,0.935478,0.948053,0.992091,spectrum_fno48_floor6_smooth1_qc_mhi100
run88_sparc_1528,sparc_1528,0.630775,0.626727,0.735319,0.623909,0.625695,0.732350,0.918723,0.917874,0.943547,0.828350,0.919562,0.938354,spectrum_fno48_floor6_smooth1_qc_peak4
run89_sparc_1303,sparc_1303,0.751269,0.679828,0.774569,0.735452,0.679826,0.774397,0.905010,0.912904,0.932653,0.916419,0.917058,0.812291,spectrum_fno48_floor6_smooth1_qc_peak4
run89_sparc_1305,sparc_1305,2.516857,1.377194,2.439158,0.978338,0.983213,0.982068,0.771756,0.621674,0.845469,0.634147,0.659208,0.858102,spectrum_fno48_floor6_smooth1_qc_peak4
run89_sparc_1309,sparc_1309,0.862584,0.883751,0.919211,0.803647,0.811906,0.862306,0.880420,0.865140,0.864593,0.948195,0.963688,0.960478,spectrum_fno48_floor6_smooth1_qc
run89_sparc_1314,sparc_1314,0.616065,0.582455,0.694147,0.590977,0.561203,0.666636,0.925264,0.926289,0.951038,0.536967,0.787512,0.569819,spectrum_fno48_floor6_smooth1_qc_peak4
run89_sparc_1353,sparc_1353,0.611894,0.657745,0.831123,0.563227,0.589791,0.710564,0.877235,0.890547,0.918164,0.851602,0.931948,0.872219,spectrum_fno48_floor6_smooth1_qc
run89_sparc_1362,sparc_1362,0.574227,0.577682,0.695525,0.567081,0.555521,0.646312,0.877850,0.883702,0.912665,0.863962,0.948732,0.839155,spectrum_fno48_floor6_smooth1_qc
run89_sparc_1364,sparc_1364,0.810149,0.707205,0.911413,0.713057,0.672084,0.787446,0.870940,0.874128,0.914854,0.896250,0.923367,0.941351,spectrum_fno48_floor6_smooth1_qc_peak4
run89_sparc_1402,sparc_1402,0.852422,0.824221,0.849052,0.774486,0.812147,0.844642,0.912181,0.911864,0.939994,0.914669,0.919372,0.898325,spectrum_fno48_floor6_smooth1_qc_peak4
run89_sparc_1404,sparc_1404,1.775164,1.229773,2.492334,0.974665,0.997112,0.989744,0.436290,0.699921,0.403248,0.784546,0.469777,0.956328,spectrum_fno48_floor6_smooth1_qc_peak4
run89_sparc_1409,sparc_1409,0.719452,0.727460,1.046833,0.639185,0.660614,0.812713,0.899068,0.911807,0.884143,0.918432,0.938486,0.974642,spectrum_fno48_floor6_smooth1_qc
run89_sparc_1410,sparc_1410,0.662557,0.628969,0.815134,0.642462,0.614537,0.738860,0.918750,0.924116,0.951712,0.795924,0.921344,0.828409,spectrum_fno48_floor6_smooth1_qc_peak4
run89_sparc_1417,sparc_1417,0.553804,0.621140,0.786495,0.544100,0.586993,0.691920,0.924637,0.929175,0.938723,0.382878,0.847188,0.707504,spectrum_fno48_floor6_smooth1_qc
run89_sparc_1421,sparc_1421,0.590438,0.594783,0.807574,0.586947,0.587717,0.723296,0.909793,0.913568,0.926091,0.670963,0.820144,0.849956,spectrum_fno48_floor6_smooth1_qc
run89_sparc_1422,sparc_1422,0.684959,0.668349,0.860692,0.660421,0.633726,0.742668,0.900397,0.909240,0.916930,0.728089,0.896742,0.890006,spectrum_fno48_floor6_smooth1_qc_peak4
run89_sparc_1426,sparc_1426,0.766340,0.819242,0.932410,0.765655,0.818676,0.814166,0.802451,0.795464,0.644966,0.964788,0.846055,0.967517,spectrum_fno48_floor6_smooth1_qc
run89_sparc_1428,sparc_1428,0.808980,0.796639,0.852443,0.780038,0.764285,0.816903,0.860038,0.845548,0.913549,0.887735,0.870925,0.709786,spectrum_fno48_floor6_smooth1_qc_peak4
run89_sparc_1429,sparc_1429,0.783362,0.785954,0.827703,0.781180,0.764106,0.823361,0.840066,0.851749,0.915653,0.955079,0.935461,0.932857,spectrum_fno48_floor6_smooth1_qc
run89_sparc_1430,sparc_1430,0.683833,0.761474,1.156699,0.683767,0.695233,0.943518,0.859887,0.701885,0.370958,0.800078,0.937591,0.958516,spectrum_fno48_floor6_smooth1_qc
run89_sparc_1500,sparc_1500,0.460779,0.540036,0.750415,0.433996,0.535185,0.703314,0.993021,0.990759,0.991694,0.735715,0.856715,0.774581,spectrum_fno48_floor6_smooth1_qc
run89_sparc_1501,sparc_1501,0.703336,0.629886,0.857158,0.666542,0.601953,0.788058,0.893593,0.892556,0.907777,0.801033,0.860136,0.881900,spectrum_fno48_floor6_smooth1_qc_peak4
run89_sparc_1510,sparc_1510,0.711203,0.653100,0.810537,0.649456,0.615958,0.773420,0.912052,0.918560,0.941518,0.653839,0.831336,0.901849,spectrum_fno48_floor6_smooth1_qc_peak4
run89_sparc_1512,sparc_1512,0.696262,0.637534,0.819346,0.660327,0.605931,0.749028,0.916353,0.920846,0.943409,0.755660,0.873342,0.867294,spectrum_fno48_floor6_smooth1_qc_peak4
run89_sparc_1517,sparc_1517,0.539576,0.595585,0.705785,0.530572,0.570107,0.654718,0.907441,0.906843,0.930036,0.617483,0.909250,0.850491,spectrum_fno48_floor6_smooth1_qc
run8_sparc_1302,sparc_1302,0.859145,0.880161,0.938908,0.743451,0.752705,0.807144,0.879836,0.874099,0.895230,0.885795,0.960781,0.924434,spectrum_fno48_floor6_smooth1_qc
run8_sparc_1313,sparc_1313,0.615740,0.557022,0.761256,0.568989,0.516425,0.660256,0.930708,0.933199,0.954797,0.645717,0.666496,0.493358,spectrum_fno48_floor6_smooth1_qc_peak4
run8_sparc_1350,sparc_1350,0.615741,0.557021,0.761255,0.568989,0.516424,0.660256,0.930707,0.933199,0.954797,0.645716,0.666506,0.493358,spectrum_fno48_floor6_smooth1_qc_peak4
run8_sparc_1403,sparc_1403,0.763193,0.784751,0.848667,0.666812,0.673890,0.743387,0.904115,0.904106,0.949545,0.681115,0.759196,0.599368,spectrum_fno48_floor6_smooth1_qc
run8_sparc_1405,sparc_1405,0.765649,0.711632,0.759873,0.761526,0.706856,0.758069,0.829382,0.845288,0.878462,0.703550,0.856432,0.526048,spectrum_fno48_floor6_smooth1_qc_peak4
run8_sparc_1408,sparc_1408,0.826289,0.749466,0.743989,0.788231,0.749460,0.732882,0.829028,0.870023,0.874244,0.969728,0.964497,0.979204,spectrum_fno48_floor6_smooth1_qc_mhi100
run8_sparc_1409,sparc_1409,0.702717,0.686178,0.724654,0.638882,0.646886,0.723907,0.909377,0.920933,0.943040,0.784042,0.877802,0.920517,spectrum_fno48_floor6_smooth1_qc_peak4
run8_sparc_1426,sparc_1426,0.732568,0.660450,0.757400,0.730766,0.659648,0.750018,0.854732,0.884738,0.905934,0.873649,0.830650,0.946779,spectrum_fno48_floor6_smooth1_qc_peak4
run8_sparc_1427,sparc_1427,0.747232,0.665839,0.749218,0.744461,0.660901,0.746347,0.869325,0.872939,0.927177,0.925355,0.922479,0.717546,spectrum_fno48_floor6_smooth1_qc_peak4
run8_sparc_1428,sparc_1428,0.667011,0.670337,0.770262,0.667008,0.666645,0.768498,0.906070,0.905267,0.937524,0.860772,0.876928,0.941053,spectrum_fno48_floor6_smooth1_qc
run8_sparc_1440,sparc_1440,0.617690,0.662030,0.745592,0.617536,0.642468,0.732630,0.911900,0.919271,0.944443,0.574546,0.870082,0.609756,spectrum_fno48_floor6_smooth1_qc
run8_sparc_1502,sparc_1502,0.639143,0.641627,0.731173,0.617672,0.620624,0.720530,0.918955,0.924394,0.956619,0.858850,0.902942,0.832682,spectrum_fno48_floor6_smooth1_qc
run8_sparc_1508,sparc_1508,1.245127,1.068679,1.146665,0.907193,0.896767,0.895893,0.693327,0.594666,0.745791,0.853862,0.832726,0.900565,spectrum_fno48_floor6_smooth1_qc_peak4
run8_sparc_1510,sparc_1510,0.677149,0.632537,0.797125,0.614762,0.599156,0.686720,0.929675,0.933834,0.949999,0.460079,0.700489,0.734514,spectrum_fno48_floor6_smooth1_qc_peak4
run90_sparc_1302,sparc_1302,0.701385,0.677551,0.757397,0.701247,0.677549,0.756824,0.745959,0.769060,0.872566,0.970632,0.969653,0.957593,spectrum_fno48_floor6_smooth1_qc_peak4
run90_sparc_1307,sparc_1307,1.346656,1.250501,1.323049,0.910909,0.892521,0.933343,0.291022,0.375037,0.571013,0.968529,0.941177,0.983480,spectrum_fno48_floor6_smooth1_qc_peak4
run90_sparc_1315,sparc_1315,0.566360,0.593375,0.672851,0.535870,0.522423,0.631821,0.932932,0.937203,0.956170,0.790895,0.878908,0.792979,spectrum_fno48_floor6_smooth1_qc
run90_sparc_1318,sparc_1318,0.517056,0.573673,0.791134,0.511862,0.543810,0.689030,0.934558,0.931482,0.957243,0.497759,0.632130,0.755253,spectrum_fno48_floor6_smooth1_qc
run90_sparc_1350,sparc_1350,0.599274,0.588924,0.697726,0.542927,0.525678,0.634019,0.937439,0.934432,0.964465,0.425471,0.701465,0.654315,spectrum_fno48_floor6_smooth1_qc_peak4
run90_sparc_1357,sparc_1357,0.714256,0.674160,1.002554,0.602715,0.571442,0.716815,0.902512,0.910088,0.937167,0.804032,0.862288,0.858492,spectrum_fno48_floor6_smooth1_qc_peak4
run90_sparc_1358,sparc_1358,0.522219,0.536656,0.660339,0.520960,0.529033,0.612340,0.910727,0.911377,0.937129,0.539381,0.906446,0.736314,spectrum_fno48_floor6_smooth1_qc
run90_sparc_1364,sparc_1364,0.567434,0.719862,0.768100,0.555101,0.654956,0.670664,0.892813,0.888573,0.917233,0.830488,0.937464,0.940028,spectrum_fno48_floor6_smooth1_qc
run90_sparc_1400,sparc_1400,0.533036,0.923118,0.680761,0.522291,0.905048,0.671338,0.995091,0.992493,0.993122,0.598444,0.835905,0.547619,spectrum_fno48_floor6_smooth1_qc
run90_sparc_1408,sparc_1408,0.839831,0.777399,0.846704,0.825811,0.775424,0.827445,0.873131,0.896351,0.901241,0.952251,0.960372,0.946001,spectrum_fno48_floor6_smooth1_qc_peak4
run90_sparc_1413,sparc_1413,0.570238,0.583520,0.670730,0.558537,0.554845,0.652079,0.930607,0.931180,0.949623,0.436395,0.777864,0.617728,spectrum_fno48_floor6_smooth1_qc
run90_sparc_1416,sparc_1416,0.547056,0.623368,0.739154,0.532356,0.561318,0.655866,0.925054,0.927073,0.948844,0.494683,0.795371,0.687032,spectrum_fno48_floor6_smooth1_qc
run90_sparc_1417,sparc_1417,0.511541,0.591694,0.733585,0.503633,0.562210,0.648154,0.925887,0.924827,0.937675,0.454792,0.842275,0.672576,spectrum_fno48_floor6_smooth1_qc
run90_sparc_1419,sparc_1419,0.528863,0.612685,0.787562,0.528789,0.573138,0.699725,0.916691,0.913547,0.943551,0.609220,0.836035,0.798914,spectrum_fno48_floor6_smooth1_qc
run90_sparc_1422,sparc_1422,0.681507,0.649135,0.783450,0.616239,0.617524,0.716646,0.903192,0.903817,0.930876,0.660129,0.832763,0.682669,spectrum_fno48_floor6_smooth1_qc_peak4
run90_sparc_1423,sparc_1423,0.666394,0.714388,0.723833,0.635745,0.676737,0.717244,0.884310,0.899536,0.914841,0.876284,0.846099,0.725812,spectrum_fno48_floor6_smooth1_qc
run90_sparc_1427,sparc_1427,0.673523,0.635161,0.746096,0.671773,0.633280,0.735304,0.892470,0.884143,0.930238,0.859819,0.836303,0.715832,spectrum_fno48_floor6_smooth1_qc_peak4
run90_sparc_1429,sparc_1429,0.648193,0.640229,0.773163,0.642559,0.632204,0.762086,0.901495,0.901210,0.932994,0.775920,0.853299,0.883180,spectrum_fno48_floor6_smooth1_qc_peak4
run90_sparc_1506,sparc_1506,0.764201,0.698588,0.784936,0.749981,0.696405,0.783445,0.833090,0.867236,0.914501,0.915892,0.886644,0.925554,spectrum_fno48_floor6_smooth1_qc_peak4
run90_sparc_1593,sparc_1593,0.750993,0.740349,0.800022,0.714213,0.677027,0.747054,0.904730,0.904848,0.943798,0.753455,0.884653,0.785902,spectrum_fno48_floor6_smooth1_qc_peak4
run91_sparc_1304,sparc_1304,0.794721,0.916387,0.910113,0.781543,0.716155,0.778839,0.941851,0.944019,0.948245,0.296336,0.603881,0.544357,spectrum_fno48_floor6_smooth1_qc
run91_sparc_1313,sparc_1313,0.938891,0.837840,1.110069,0.772104,0.771841,0.873518,0.943265,0.941931,0.935645,0.457814,0.851561,0.694929,spectrum_fno48_floor6_smooth1_qc_peak4
run91_sparc_1358,sparc_1358,0.707664,0.671551,0.881566,0.694007,0.671134,0.824559,0.921780,0.932525,0.926811,0.898525,0.865438,0.744376,spectrum_fno48_floor6_smooth1_qc_peak4
run91_sparc_1363,sparc_1363,0.832393,0.721676,0.914413,0.710665,0.682077,0.797000,0.911401,0.926217,0.882509,0.763631,0.845424,0.770343,spectrum_fno48_floor6_smooth1_qc_peak4
run91_sparc_1401,sparc_1401,0.741754,0.889802,0.921789,0.619437,0.655641,0.736402,0.952943,0.958989,0.956257,0.785616,0.858860,0.703604,spectrum_fno48_floor6_smooth1_qc
run91_sparc_1406,sparc_1406,0.909739,0.921236,0.951877,0.792586,0.757217,0.844261,0.951061,0.952735,0.955907,0.722742,0.775401,0.567882,spectrum_fno48_floor6_smooth1_qc
run91_sparc_1409,sparc_1409,0.818982,0.747963,0.872690,0.721146,0.692771,0.771657,0.934336,0.945066,0.931690,0.620451,0.763074,0.717094,spectrum_fno48_floor6_smooth1_qc_peak4
run91_sparc_1413,sparc_1413,0.892559,0.859534,1.062028,0.782662,0.793308,0.918800,0.916640,0.918078,0.918078,0.657233,0.847117,0.773127,spectrum_fno48_floor6_smooth1_qc_peak4
run91_sparc_1414,sparc_1414,0.782085,0.717242,0.924832,0.777548,0.712756,0.841712,0.929239,0.933956,0.922999,0.668138,0.780429,0.779077,spectrum_fno48_floor6_smooth1_qc_peak4
run91_sparc_1416,sparc_1416,0.791557,0.862285,0.869222,0.741216,0.691484,0.817067,0.927638,0.940226,0.906613,0.758830,0.823688,0.708704,spectrum_fno48_floor6_smooth1_qc
run91_sparc_1420,sparc_1420,0.824404,0.792511,0.843824,0.791135,0.755621,0.834358,0.911114,0.928549,0.910619,0.289564,0.643717,0.545354,spectrum_fno48_floor6_smooth1_qc_peak4
run91_sparc_1440,sparc_1440,0.986161,0.911036,0.937504,0.802373,0.770280,0.860996,0.952922,0.953450,0.961493,0.661158,0.695062,0.608139,spectrum_fno48_floor6_smooth1_qc_peak4
run91_sparc_1500,sparc_1500,0.375362,0.376217,0.380074,0.348799,0.333705,0.372427,0.982445,0.984827,0.983233,0.648974,0.837802,0.590721,spectrum_fno48_floor6_smooth1_qc
run91_sparc_1501,sparc_1501,0.761782,1.029719,1.061938,0.609540,0.749994,0.802878,0.953933,0.958934,0.957153,0.678540,0.888537,0.620085,spectrum_fno48_floor6_smooth1_qc
run91_sparc_1504,sparc_1504,0.847703,0.959313,0.936408,0.804240,0.730622,0.795680,0.940066,0.941076,0.948414,0.380503,0.672323,0.658373,spectrum_fno48_floor6_smooth1_qc
run91_sparc_1507,sparc_1507,0.796514,0.972721,0.986225,0.794951,0.757443,0.813036,0.942923,0.946262,0.952404,0.470060,0.807472,0.532871,spectrum_fno48_floor6_smooth1_qc
run91_sparc_1513,sparc_1513,0.740571,0.725759,0.919105,0.739693,0.719055,0.834984,0.927831,0.945905,0.923169,0.706764,0.785167,0.849652,spectrum_fno48_floor6_smooth1_qc_peak4
run91_sparc_1525,sparc_1525,0.753032,0.729015,0.767024,0.696786,0.656552,0.734787,0.958269,0.953406,0.947990,0.561574,0.699151,0.829825,spectrum_fno48_floor6_smooth1_qc_peak4
run91_sparc_1526,sparc_1526,0.788850,0.851652,0.911740,0.703941,0.659425,0.752009,0.947160,0.941208,0.954670,0.645521,0.693016,0.503775,spectrum_fno48_floor6_smooth1_qc
run91_sparc_1528,sparc_1528,1.266161,1.103012,1.381879,0.784380,0.825851,0.887379,0.814034,0.826358,0.779303,0.845167,0.775661,0.888769,spectrum_fno48_floor6_smooth1_qc_peak4
run91_sparc_1529,sparc_1529,0.964451,0.869211,1.083802,0.736490,0.712943,0.839595,0.922166,0.912778,0.946216,0.883799,0.852208,0.832269,spectrum_fno48_floor6_smooth1_qc_peak4
run92_sparc_1301,sparc_1301,0.693108,0.579981,0.715283,0.678724,0.524763,0.654954,0.901140,0.913821,0.945058,0.842395,0.833865,0.702379,spectrum_fno48_floor6_smooth1_qc_peak4
run92_sparc_1307,sparc_1307,1.131583,1.206113,1.415969,0.822842,0.800076,0.863850,0.879825,0.875958,0.855559,0.830558,0.901080,0.876525,spectrum_fno48_floor6_smooth1_qc
run92_sparc_1309,sparc_1309,0.747401,0.679571,0.844891,0.666286,0.627966,0.745176,0.903250,0.905006,0.910039,0.897403,0.858173,0.873045,spectrum_fno48_floor6_smooth1_qc_peak4
run92_sparc_1310,sparc_1310,0.574805,0.578641,0.672294,0.567436,0.576928,0.660756,0.920658,0.916395,0.939200,0.527503,0.729399,0.682437,spectrum_fno48_floor6_smooth1_qc
run92_sparc_1313,sparc_1313,0.537225,0.518398,0.683509,0.524649,0.509414,0.626955,0.928782,0.925852,0.954961,0.669040,0.569921,0.599054,spectrum_fno48_floor6_smooth1_qc_peak4
run92_sparc_1349,sparc_1349,0.521855,0.552103,0.664669,0.521847,0.542110,0.627210,0.891887,0.900528,0.917986,0.532720,0.863812,0.786616,spectrum_fno48_floor6_smooth1_qc
run92_sparc_1351,sparc_1351,0.538335,0.539223,0.697432,0.519955,0.510166,0.618787,0.913268,0.916089,0.937939,0.730982,0.678983,0.742442,spectrum_fno48_floor6_smooth1_qc
run92_sparc_1352,sparc_1352,0.638823,0.597042,0.754156,0.558351,0.529923,0.650579,0.914071,0.917213,0.938361,0.742468,0.842867,0.753293,spectrum_fno48_floor6_smooth1_qc_peak4
run92_sparc_1355,sparc_1355,0.505062,0.524526,0.650113,0.504635,0.511288,0.602138,0.903878,0.906152,0.912231,0.524909,0.879468,0.840696,spectrum_fno48_floor6_smooth1_qc
run92_sparc_1358,sparc_1358,0.532320,0.486819,0.621967,0.523636,0.484608,0.587897,0.899696,0.909665,0.927936,0.679419,0.844997,0.739721,spectrum_fno48_floor6_smooth1_qc_peak4
run92_sparc_1363,sparc_1363,0.573479,0.574075,0.616247,0.567317,0.555554,0.602997,0.903676,0.907626,0.925075,0.625153,0.874435,0.601572,spectrum_fno48_floor6_smooth1_qc
run92_sparc_1410,sparc_1410,0.581639,0.586629,0.689284,0.554911,0.555353,0.662122,0.928992,0.931138,0.951342,0.548289,0.694429,0.672776,spectrum_fno48_floor6_smooth1_qc
run92_sparc_1416,sparc_1416,0.515462,0.544689,0.673667,0.504102,0.528069,0.625139,0.919608,0.920702,0.942157,0.716918,0.821921,0.698287,spectrum_fno48_floor6_smooth1_qc
run92_sparc_1421,sparc_1421,0.587003,0.575975,0.686905,0.586476,0.562874,0.643103,0.904141,0.903598,0.930073,0.666942,0.735266,0.712801,spectrum_fno48_floor6_smooth1_qc_peak4
run92_sparc_1425,sparc_1425,0.755826,0.672603,0.852586,0.715949,0.650800,0.738789,0.889524,0.899840,0.920062,0.851460,0.895425,0.749793,spectrum_fno48_floor6_smooth1_qc_peak4
run92_sparc_1426,sparc_1426,0.720781,0.660669,0.731925,0.715939,0.660635,0.731529,0.851163,0.863818,0.903827,0.853415,0.886946,0.666987,spectrum_fno48_floor6_smooth1_qc_peak4
run92_sparc_1430,sparc_1430,0.621885,0.824304,0.845307,0.579866,0.656997,0.742597,0.915454,0.919593,0.923715,0.748735,0.869050,0.779753,spectrum_fno48_floor6_smooth1_qc
run92_sparc_1440,sparc_1440,0.748724,0.750370,0.719307,0.718829,0.715378,0.719093,0.894414,0.912566,0.918334,0.899112,0.926041,0.909795,spectrum_fno48_floor6_smooth1_qc_mhi100
run92_sparc_1505,sparc_1505,0.740680,0.718001,0.732062,0.717475,0.672550,0.726661,0.885245,0.903973,0.931600,0.827032,0.828001,0.701541,spectrum_fno48_floor6_smooth1_qc_peak4
run92_sparc_1507,sparc_1507,0.940643,1.224291,0.916980,0.850244,0.866495,0.786500,0.790890,0.726025,0.820588,0.931242,0.970263,0.954922,spectrum_fno48_floor6_smooth1_qc_mhi100
run92_sparc_1511,sparc_1511,0.566978,0.564672,0.688033,0.557266,0.547251,0.612076,0.933082,0.933005,0.954710,0.623289,0.800289,0.807178,spectrum_fno48_floor6_smooth1_qc_peak4
run92_sparc_1513,sparc_1513,0.513122,0.530937,0.623729,0.506256,0.520307,0.596857,0.931849,0.926969,0.948312,0.392300,0.872334,0.670285,spectrum_fno48_floor6_smooth1_qc
run92_sparc_1518,sparc_1518,0.485049,0.504900,0.706401,0.485048,0.504719,0.639116,0.921669,0.922613,0.937928,0.466715,0.832316,0.611713,spectrum_fno48_floor6_smooth1_qc
run92_sparc_1530,sparc_1530,0.754514,0.631590,0.803890,0.752890,0.629743,0.775436,0.889286,0.848078,0.702504,0.869558,0.992146,0.992231,spectrum_fno48_floor6_smooth1_qc_peak4
run93_sparc_1311,sparc_1311,0.705893,0.645229,0.809616,0.685507,0.598930,0.801233,0.926779,0.922210,0.930183,0.666068,0.683389,0.801898,spectrum_fno48_floor6_smooth1_qc_peak4
run93_sparc_1349,sparc_1349,0.751771,0.788008,1.036833,0.726577,0.741381,0.888462,0.927704,0.920857,0.936888,0.755695,0.815227,0.834309,spectrum_fno48_floor6_smooth1_qc
run93_sparc_1355,sparc_1355,0.711607,0.731565,0.961546,0.698514,0.702440,0.862151,0.925989,0.932370,0.933105,0.675068,0.840831,0.823636,spectrum_fno48_floor6_smooth1_qc
run93_sparc_1408,sparc_1408,0.713492,0.734665,0.940583,0.698440,0.732224,0.895273,0.903685,0.865605,0.916992,0.755932,0.948947,0.955418,spectrum_fno48_floor6_smooth1_qc
run93_sparc_1411,sparc_1411,0.686463,0.595737,0.787688,0.675246,0.573468,0.785574,0.936013,0.934398,0.933733,0.656025,0.683240,0.577963,spectrum_fno48_floor6_smooth1_qc_peak4
run93_sparc_1413,sparc_1413,0.706421,0.627111,0.800109,0.699049,0.594096,0.800041,0.940445,0.938047,0.948642,0.632992,0.620219,0.515213,spectrum_fno48_floor6_smooth1_qc_peak4
run93_sparc_1417,sparc_1417,0.707724,0.652365,0.790001,0.702936,0.645354,0.790000,0.935067,0.938080,0.933162,0.520160,0.597337,0.580839,spectrum_fno48_floor6_smooth1_qc_peak4
run93_sparc_1426,sparc_1426,0.682170,0.620733,1.007661,0.676299,0.616097,0.891816,0.907986,0.906697,0.932824,0.366945,0.612872,0.818429,spectrum_fno48_floor6_smooth1_qc_peak4
run93_sparc_1428,sparc_1428,0.957706,1.051471,0.919801,0.777537,0.784984,0.801637,0.507217,0.558156,0.560836,0.968360,0.949600,0.984169,spectrum_fno48_floor6_smooth1_qc_mhi100
run93_sparc_1429,sparc_1429,1.043515,1.169698,0.910609,0.812331,0.705639,0.741499,0.578261,0.750081,0.799197,0.985116,0.977545,0.984698,spectrum_fno48_floor6_smooth1_qc_mhi100
run93_sparc_1504,sparc_1504,0.785087,1.009881,1.271656,0.734982,0.770352,0.926283,0.899197,0.921260,0.923081,0.809882,0.820156,0.897643,spectrum_fno48_floor6_smooth1_qc
run93_sparc_1507,sparc_1507,1.004997,0.958556,1.186121,0.771704,0.802057,0.933252,0.932603,0.931432,0.945451,0.785538,0.931996,0.823909,spectrum_fno48_floor6_smooth1_qc_peak4
run93_sparc_1508,sparc_1508,0.730139,0.738891,0.935771,0.704614,0.737091,0.900645,0.909488,0.860336,0.921006,0.659878,0.931913,0.958210,spectrum_fno48_floor6_smooth1_qc
run93_sparc_1528,sparc_1528,0.783769,0.859976,0.976077,0.717492,0.776488,0.902730,0.898449,0.893692,0.925875,0.898000,0.860615,0.716209,spectrum_fno48_floor6_smooth1_qc
run94_sparc_1306,sparc_1306,1.416293,1.156872,1.218648,0.939399,0.903381,0.951647,0.905988,0.881142,0.926668,0.906434,0.847599,0.845801,spectrum_fno48_floor6_smooth1_qc_peak4
run94_sparc_1307,sparc_1307,0.917268,0.894093,1.004203,0.814240,0.819521,0.872714,0.900574,0.871207,0.916097,0.937414,0.853957,0.988722,spectrum_fno48_floor6_smooth1_qc_peak4
run94_sparc_1308,sparc_1308,0.861723,0.825911,1.013371,0.744314,0.722645,0.854152,0.873028,0.884562,0.890516,0.975870,0.972866,0.970509,spectrum_fno48_floor6_smooth1_qc_peak4
run94_sparc_1309,sparc_1309,1.243510,1.054350,0.955621,0.918731,0.886426,0.900032,0.327830,-0.035425,0.872068,0.983507,0.979081,0.957194,spectrum_fno48_floor6_smooth1_qc_mhi100
run94_sparc_1313,sparc_1313,0.599220,0.716207,0.782097,0.555328,0.639649,0.669130,0.921908,0.917604,0.948154,0.432189,0.844469,0.587088,spectrum_fno48_floor6_smooth1_qc
run94_sparc_1318,sparc_1318,0.759698,0.873924,0.856814,0.667057,0.740728,0.723086,0.898471,0.892433,0.927836,0.872616,0.888700,0.745667,spectrum_fno48_floor6_smooth1_qc
run94_sparc_1319,sparc_1319,0.752846,0.894407,0.877039,0.672106,0.753471,0.735280,0.896929,0.891991,0.930894,0.868768,0.892019,0.756455,spectrum_fno48_floor6_smooth1_qc
run94_sparc_1350,sparc_1350,0.599220,0.716207,0.782097,0.555328,0.639649,0.669130,0.921907,0.917604,0.948153,0.432189,0.844469,0.587088,spectrum_fno48_floor6_smooth1_qc
run94_sparc_1355,sparc_1355,0.672021,0.790992,0.710937,0.630383,0.720310,0.679095,0.896357,0.894091,0.920561,0.753081,0.860418,0.783973,spectrum_fno48_floor6_smooth1_qc
run94_sparc_1356,sparc_1356,0.616305,0.662743,0.852129,0.583230,0.598450,0.728573,0.895193,0.897399,0.921589,0.731625,0.821989,0.787811,spectrum_fno48_floor6_smooth1_qc
run94_sparc_1415,sparc_1415,0.570283,0.807592,0.689828,0.564239,0.709110,0.664000,0.908037,0.904502,0.934910,0.388697,0.842630,0.765071,spectrum_fno48_floor6_smooth1_qc
run94_sparc_1419,sparc_1419,0.751085,1.000888,0.808364,0.711037,0.860874,0.742276,0.893470,0.883595,0.925137,0.780015,0.888540,0.723784,spectrum_fno48_floor6_smooth1_qc
run94_sparc_1424,sparc_1424,1.226165,1.133732,1.469163,0.888113,0.857945,0.973217,0.914081,0.903728,0.940426,0.487488,0.440202,0.812871,spectrum_fno48_floor6_smooth1_qc_peak4
run94_sparc_1429,sparc_1429,2.181963,2.058003,2.508560,0.956631,0.954267,0.964662,0.749902,0.612954,0.768757,0.860827,0.899425,0.942683,spectrum_fno48_floor6_smooth1_qc_peak4
run94_sparc_1505,sparc_1505,1.153479,1.054527,1.477269,0.826804,0.822258,0.951054,0.842054,0.827193,0.877625,0.841704,0.848984,0.702475,spectrum_fno48_floor6_smooth1_qc_peak4
run94_sparc_1509,sparc_1509,1.200362,1.037778,1.133756,0.866569,0.819820,0.959208,0.863971,0.867190,0.416289,0.895879,0.872382,0.969847,spectrum_fno48_floor6_smooth1_qc_peak4
run94_sparc_1513,sparc_1513,0.599108,0.787969,0.708255,0.595023,0.702504,0.679435,0.913321,0.912095,0.937321,0.536498,0.852434,0.595102,spectrum_fno48_floor6_smooth1_qc
run94_sparc_1514,sparc_1514,0.608167,0.792446,0.685469,0.594161,0.722538,0.662230,0.911917,0.909476,0.935709,0.469813,0.842690,0.775175,spectrum_fno48_floor6_smooth1_qc
run94_sparc_1520,sparc_1520,0.764909,0.697345,0.780491,0.659066,0.662805,0.731977,0.897745,0.895458,0.927163,0.913730,0.873919,0.797727,spectrum_fno48_floor6_smooth1_qc_peak4
run94_sparc_1525,sparc_1525,1.267790,1.104447,1.772593,0.889385,0.807223,0.978792,0.865440,0.910760,0.887440,0.578802,0.742423,0.907924,spectrum_fno48_floor6_smooth1_qc_peak4
run94_sparc_1527,sparc_1527,1.094621,0.901249,1.568117,0.856016,0.783514,0.960283,0.908540,0.926662,0.940341,0.636712,0.783304,0.700798,spectrum_fno48_floor6_smooth1_qc_peak4
run95_sparc_1310,sparc_1310,0.799430,0.762371,0.795843,0.783464,0.761444,0.793278,0.842356,0.856465,0.931637,0.967158,0.915112,0.964242,spectrum_fno48_floor6_smooth1_qc_peak4
run95_sparc_1314,sparc_1314,0.729425,0.691209,0.725838,0.702947,0.689061,0.714274,0.922417,0.915249,0.952201,0.684765,0.903546,0.842598,spectrum_fno48_floor6_smooth1_qc_peak4
run95_sparc_1315,sparc_1315,0.739123,0.661371,0.730176,0.661783,0.656353,0.673482,0.907505,0.901072,0.937623,0.842195,0.858522,0.720180,spectrum_fno48_floor6_smooth1_qc_peak4
run95_sparc_1316,sparc_1316,0.784036,0.674427,0.663951,0.658214,0.660244,0.640386,0.911363,0.910954,0.917851,0.845894,0.816534,0.691243,spectrum_fno48_floor6_smooth1_qc_mhi100
run95_sparc_1318,sparc_1318,0.765706,0.696013,0.712503,0.684536,0.676911,0.669965,0.910012,0.914120,0.940207,0.772795,0.810000,0.624053,spectrum_fno48_floor6_smooth1_qc_peak4
run95_sparc_1319,sparc_1319,0.770812,0.702512,0.705420,0.682655,0.675018,0.662315,0.908832,0.916161,0.944443,0.810460,0.816345,0.695956,spectrum_fno48_floor6_smooth1_qc_peak4
run95_sparc_1350,sparc_1350,0.737960,0.671364,0.703880,0.689076,0.669996,0.700218,0.925749,0.920879,0.956603,0.675601,0.892528,0.775156,spectrum_fno48_floor6_smooth1_qc_peak4
run95_sparc_1364,sparc_1364,0.728045,0.758558,0.792801,0.686223,0.700536,0.709744,0.907317,0.907264,0.931775,0.852473,0.905645,0.898013,spectrum_fno48_floor6_smooth1_qc
run95_sparc_1403,sparc_1403,0.546819,0.582021,0.649356,0.544565,0.562663,0.638319,0.951581,0.952288,0.972773,0.379864,0.884643,0.641966,spectrum_fno48_floor6_smooth1_qc
run95_sparc_1409,sparc_1409,1.547454,1.103068,1.445624,0.961073,0.936561,0.981153,0.817908,0.682465,0.779299,0.949575,0.903856,0.925162,spectrum_fno48_floor6_smooth1_qc_peak4
run95_sparc_1415,sparc_1415,0.782080,0.690343,0.734682,0.750767,0.690037,0.718273,0.896546,0.910569,0.932085,0.836106,0.843501,0.830295,spectrum_fno48_floor6_smooth1_qc_peak4
run95_sparc_1416,sparc_1416,0.726055,0.668728,0.719175,0.714994,0.668705,0.718984,0.915330,0.920337,0.933738,0.854602,0.748539,0.737048,spectrum_fno48_floor6_smooth1_qc_peak4
run95_sparc_1423,sparc_1423,0.776305,0.741456,0.767228,0.767997,0.733443,0.738740,0.864936,0.875592,0.928209,0.921532,0.929093,0.940966,spectrum_fno48_floor6_smooth1_qc_peak4
run95_sparc_1430,sparc_1430,0.976524,1.012652,1.166788,0.869194,0.879454,0.999366,0.880841,0.894863,-0.733526,0.981971,0.987226,0.962436,spectrum_fno48_floor6_smooth1_qc
run95_sparc_1502,sparc_1502,0.710546,0.747860,0.717557,0.706185,0.745439,0.716150,0.953053,0.946419,0.969698,0.864570,0.956677,0.644418,spectrum_fno48_floor6_smooth1_qc
run95_sparc_1503,sparc_1503,0.544478,0.589210,0.695724,0.528631,0.557089,0.694065,0.943147,0.945229,0.957702,0.401917,0.912509,0.947688,spectrum_fno48_floor6_smooth1_qc
run95_sparc_1505,sparc_1505,0.633428,0.689605,0.716772,0.603579,0.593497,0.698371,0.939172,0.941463,0.947655,0.647866,0.871435,0.845074,spectrum_fno48_floor6_smooth1_qc
run95_sparc_1509,sparc_1509,1.541368,1.257975,1.322499,0.958045,0.948773,0.990673,0.812645,0.654433,0.260128,0.936945,0.917984,0.981331,spectrum_fno48_floor6_smooth1_qc_peak4
run95_sparc_1510,sparc_1510,0.736111,0.683050,0.766895,0.711755,0.678984,0.747416,0.919281,0.927003,0.950928,0.775741,0.757702,0.922996,spectrum_fno48_floor6_smooth1_qc_peak4
run95_sparc_1514,sparc_1514,0.784061,0.693753,0.761056,0.728236,0.689028,0.736401,0.901978,0.909707,0.935248,0.653293,0.884284,0.862705,spectrum_fno48_floor6_smooth1_qc_peak4
run95_sparc_1515,sparc_1515,0.780970,0.721967,0.743382,0.684735,0.667895,0.713816,0.906095,0.909510,0.924258,0.828361,0.864761,0.844261,spectrum_fno48_floor6_smooth1_qc_peak4
run95_sparc_1518,sparc_1518,0.779378,0.691416,0.754378,0.707368,0.678351,0.673643,0.896815,0.905162,0.919866,0.898662,0.760002,0.831347,spectrum_fno48_floor6_smooth1_qc_peak4
run95_sparc_1523,sparc_1523,1.581786,1.418191,1.124296,0.963553,0.961198,0.915525,0.816167,0.813775,0.908950,0.811964,0.820915,0.897360,spectrum_fno48_floor6_smooth1_qc_mhi100
run96_sparc_1307,sparc_1307,1.418538,1.405810,1.395161,0.836586,0.811332,0.853223,0.898938,0.893994,0.934900,0.870625,0.935782,0.822717,spectrum_fno48_floor6_smooth1_qc_mhi100
run96_sparc_1315,sparc_1315,0.519822,0.584420,0.655926,0.512172,0.543265,0.596479,0.930290,0.925810,0.951975,0.633736,0.711078,0.831716,spectrum_fno48_floor6_smooth1_qc
run96_sparc_1317,sparc_1317,0.575980,0.560548,0.666923,0.566080,0.542054,0.635517,0.929063,0.929195,0.949383,0.640524,0.830012,0.552622,spectrum_fno48_floor6_smooth1_qc_peak4
run96_sparc_1349,sparc_1349,0.541633,0.554248,0.625465,0.541103,0.551757,0.618064,0.897305,0.902523,0.917770,0.685126,0.818916,0.663246,spectrum_fno48_floor6_smooth1_qc
run96_sparc_1353,sparc_1353,0.549201,0.572877,0.640517,0.531862,0.548237,0.595047,0.908120,0.911384,0.930142,0.727817,0.867125,0.621555,spectrum_fno48_floor6_smooth1_qc
run96_sparc_1357,sparc_1357,0.643193,0.588321,0.728533,0.619563,0.577883,0.692417,0.919511,0.910161,0.942629,0.858979,0.783262,0.789755,spectrum_fno48_floor6_smooth1_qc_peak4
run96_sparc_1363,sparc_1363,0.535505,0.566251,0.687176,0.534906,0.545091,0.649929,0.910387,0.910277,0.930653,0.633762,0.869339,0.775678,spectrum_fno48_floor6_smooth1_qc
run96_sparc_1364,sparc_1364,0.548217,0.619533,0.659530,0.544725,0.607333,0.650888,0.894451,0.896352,0.917599,0.598979,0.894116,0.554060,spectrum_fno48_floor6_smooth1_qc
run96_sparc_1403,sparc_1403,0.901349,0.824845,0.814027,0.743447,0.676263,0.778053,0.889219,0.914348,0.929523,0.871796,0.933385,0.828509,spectrum_fno48_floor6_smooth1_qc_mhi100
run96_sparc_1411,sparc_1411,0.583354,0.531221,0.668855,0.541133,0.510854,0.611211,0.930247,0.927862,0.939274,0.466884,0.844594,0.667739,spectrum_fno48_floor6_smooth1_qc_peak4
run96_sparc_1413,sparc_1413,0.523783,0.547558,0.611699,0.523089,0.543690,0.607459,0.937615,0.935751,0.960812,0.426236,0.590650,0.783023,spectrum_fno48_floor6_smooth1_qc
run96_sparc_1440,sparc_1440,1.125547,0.955732,0.977611,0.803672,0.738231,0.866481,0.872668,0.867191,0.900194,0.830028,0.715122,0.817564,spectrum_fno48_floor6_smooth1_qc_peak4
run96_sparc_1516,sparc_1516,0.531337,0.577181,0.667479,0.518196,0.547342,0.631829,0.929792,0.929941,0.946330,0.640736,0.568131,0.736455,spectrum_fno48_floor6_smooth1_qc
run96_sparc_1518,sparc_1518,0.552303,0.575954,0.706941,0.516503,0.548864,0.630869,0.923015,0.919808,0.943752,0.598711,0.819546,0.725100,spectrum_fno48_floor6_smooth1_qc
run96_sparc_1524,sparc_1524,0.777292,0.729781,0.954959,0.732010,0.698068,0.819131,0.895207,0.882451,0.908300,0.627203,0.803990,0.932039,spectrum_fno48_floor6_smooth1_qc_peak4
run96_sparc_1593,sparc_1593,0.757097,0.687229,0.769896,0.725577,0.666147,0.769762,0.897520,0.916982,0.930887,0.899783,0.945133,0.888756,spectrum_fno48_floor6_smooth1_qc_peak4
run97_sparc_1302,sparc_1302,0.622073,0.594274,0.675657,0.621983,0.594188,0.674972,0.937930,0.940187,0.955582,0.887011,0.879270,0.876917,spectrum_fno48_floor6_smooth1_qc_peak4
run97_sparc_1303,sparc_1303,0.563899,0.563635,0.650069,0.543047,0.556444,0.648113,0.928877,0.928557,0.954116,0.941321,0.922651,0.884586,spectrum_fno48_floor6_smooth1_qc_peak4
run97_sparc_1304,sparc_1304,0.586537,0.641677,0.686911,0.580573,0.595542,0.683981,0.932811,0.937114,0.954519,0.812804,0.937602,0.861727,spectrum_fno48_floor6_smooth1_qc
run97_sparc_1315,sparc_1315,0.705447,0.791315,0.644643,0.665098,0.713487,0.638351,0.909599,0.911833,0.946453,0.670594,0.638102,0.244472,spectrum_fno48_floor6_smooth1_qc_mhi100
run97_sparc_1317,sparc_1317,0.661695,0.652963,0.668658,0.657621,0.652932,0.668592,0.926406,0.926290,0.953778,0.715515,0.818391,0.703246,spectrum_fno48_floor6_smooth1_qc_peak4
run97_sparc_1355,sparc_1355,0.886372,0.812084,0.845585,0.732817,0.706953,0.693504,0.895171,0.917469,0.938403,0.778905,0.874083,0.788572,spectrum_fno48_floor6_smooth1_qc_peak4
run97_sparc_1359,sparc_1359,0.674846,0.676888,0.774484,0.652470,0.661985,0.679411,0.922254,0.918650,0.945772,0.693032,0.834296,0.648393,spectrum_fno48_floor6_smooth1_qc
run97_sparc_1403,sparc_1403,0.628583,0.610336,0.742545,0.614619,0.597034,0.726516,0.908568,0.923895,0.917828,0.940581,0.941447,0.936480,spectrum_fno48_floor6_smooth1_qc_peak4
run97_sparc_1405,sparc_1405,0.683226,0.658637,0.741529,0.681704,0.655474,0.726090,0.921897,0.922825,0.947194,0.660955,0.900445,0.858209,spectrum_fno48_floor6_smooth1_qc_peak4
run97_sparc_1411,sparc_1411,0.907683,1.040916,0.935833,0.902617,0.991056,0.907334,0.716688,0.842438,0.710355,0.605146,0.255126,0.450966,spectrum_fno48_floor6_smooth1_qc
run97_sparc_1419,sparc_1419,0.721161,0.865259,0.783933,0.678410,0.815357,0.723521,0.898670,0.892268,0.917956,0.794184,0.906231,0.809867,spectrum_fno48_floor6_smooth1_qc
run97_sparc_1440,sparc_1440,0.625173,0.578034,0.676309,0.607222,0.568885,0.661944,0.940906,0.941818,0.964390,0.606384,0.674532,0.673579,spectrum_fno48_floor6_smooth1_qc_peak4
run97_sparc_1501,sparc_1501,0.931260,0.957560,0.743673,0.726675,0.790718,0.703060,0.920521,0.916445,0.931120,0.961058,0.983557,0.902844,spectrum_fno48_floor6_smooth1_qc_mhi100
run97_sparc_1504,sparc_1504,0.700030,0.689143,0.732808,0.686694,0.658493,0.718226,0.911499,0.915462,0.947248,0.792525,0.938216,0.865097,spectrum_fno48_floor6_smooth1_qc_peak4
run97_sparc_1516,sparc_1516,0.863958,0.924893,0.811967,0.862917,0.882185,0.773532,0.895340,0.893015,0.932061,0.315399,0.796508,0.694126,spectrum_fno48_floor6_smooth1_qc_mhi100
run97_sparc_1517,sparc_1517,0.692881,0.766164,0.661788,0.691999,0.763496,0.633157,0.907792,0.901939,0.936787,0.588157,0.758077,0.842934,spectrum_fno48_floor6_smooth1_qc_mhi100
run97_sparc_1518,sparc_1518,0.684687,0.805029,0.601682,0.670592,0.772277,0.596018,0.908555,0.905565,0.938416,0.690651,0.844644,0.834699,spectrum_fno48_floor6_smooth1_qc_mhi100
run97_sparc_1524,sparc_1524,1.039191,0.987867,0.984587,0.907485,0.899482,0.880675,0.789438,0.781808,0.894295,0.922691,0.821100,0.938200,spectrum_fno48_floor6_smooth1_qc_mhi100
run98_sparc_1302,sparc_1302,1.102007,1.053521,1.305903,0.822559,0.790571,0.928842,0.923112,0.914562,0.938828,0.604545,0.725129,0.811280,spectrum_fno48_floor6_smooth1_qc_peak4
run98_sparc_1306,sparc_1306,1.466091,1.308480,1.302158,0.892567,0.896867,0.918442,0.793495,0.876594,0.894341,0.929488,0.900602,0.889381,spectrum_fno48_floor6_smooth1_qc_mhi100
run98_sparc_1309,sparc_1309,0.728612,0.758955,0.956675,0.696625,0.663965,0.813785,0.890654,0.885546,0.915561,0.527619,0.781449,0.835029,spectrum_fno48_floor6_smooth1_qc
run98_sparc_1315,sparc_1315,0.886587,0.649315,0.954019,0.717029,0.627206,0.806917,0.907006,0.903214,0.905329,0.627034,0.634401,0.708403,spectrum_fno48_floor6_smooth1_qc_peak4
run98_sparc_1319,sparc_1319,0.845936,0.905322,0.956381,0.757743,0.752427,0.821765,0.895304,0.904957,0.915031,0.696816,0.712292,0.850958,spectrum_fno48_floor6_smooth1_qc
run98_sparc_1357,sparc_1357,0.767444,0.675465,1.007580,0.707485,0.621020,0.792186,0.900981,0.908235,0.922668,0.428875,0.579530,0.697492,spectrum_fno48_floor6_smooth1_qc_peak4
run98_sparc_1358,sparc_1358,0.843874,0.660107,0.840680,0.726764,0.632860,0.752254,0.900298,0.891791,0.925501,0.785335,0.499654,0.627564,spectrum_fno48_floor6_smooth1_qc_peak4
run98_sparc_1359,sparc_1359,0.688883,0.684570,0.815789,0.655310,0.635107,0.747448,0.896386,0.896042,0.915232,0.799144,0.717483,0.692034,spectrum_fno48_floor6_smooth1_qc_peak4
run98_sparc_1365,sparc_1365,0.826304,0.727201,0.900072,0.731794,0.689298,0.803768,0.891642,0.894847,0.913085,0.895809,0.697362,0.850763,spectrum_fno48_floor6_smooth1_qc_peak4
run98_sparc_1408,sparc_1408,0.898499,0.979881,1.037179,0.738088,0.723607,0.809547,0.907578,0.910482,0.933210,0.728987,0.887738,0.776599,spectrum_fno48_floor6_smooth1_qc
run98_sparc_1409,sparc_1409,0.673704,0.624962,0.805902,0.663250,0.622576,0.777613,0.894765,0.896412,0.913901,0.508142,0.803775,0.849918,spectrum_fno48_floor6_smooth1_qc_peak4
run98_sparc_1425,sparc_1425,1.028424,0.916678,1.065972,0.750583,0.693720,0.866797,0.940716,0.941635,0.958296,0.825285,0.701508,0.717426,spectrum_fno48_floor6_smooth1_qc_peak4
run98_sparc_1427,sparc_1427,1.065355,0.950829,1.251294,0.737997,0.667282,0.866917,0.949824,0.945376,0.963609,0.757349,0.727122,0.691140,spectrum_fno48_floor6_smooth1_qc_peak4
run98_sparc_1501,sparc_1501,0.762650,0.742308,0.787434,0.709985,0.712415,0.767648,0.934128,0.913799,0.932850,0.862327,0.864356,0.748127,spectrum_fno48_floor6_smooth1_qc_peak4
run98_sparc_1503,sparc_1503,1.120373,0.954515,1.405236,0.835268,0.730117,0.938488,0.933778,0.932896,0.950526,0.894065,0.836451,0.870831,spectrum_fno48_floor6_smooth1_qc_peak4
run98_sparc_1504,sparc_1504,1.366554,1.247991,1.337895,0.829754,0.832016,0.921206,0.928042,0.931117,0.948214,0.911165,0.868831,0.832546,spectrum_fno48_floor6_smooth1_qc_peak4
run98_sparc_1505,sparc_1505,1.158521,1.155360,1.350156,0.777136,0.824854,0.923852,0.918307,0.923032,0.945703,0.825762,0.833880,0.873685,spectrum_fno48_floor6_smooth1_qc_peak4
run98_sparc_1509,sparc_1509,0.681183,0.691374,0.864186,0.664632,0.631396,0.790053,0.894580,0.907213,0.921752,0.479893,0.760219,0.694155,spectrum_fno48_floor6_smooth1_qc
run98_sparc_1511,sparc_1511,0.655698,0.627632,0.803925,0.638523,0.610250,0.786398,0.933215,0.931034,0.946438,0.413169,0.717085,0.616100,spectrum_fno48_floor6_smooth1_qc_peak4
run98_sparc_1513,sparc_1513,0.648537,0.590203,0.863492,0.648451,0.590185,0.794482,0.931080,0.929138,0.937799,0.349662,0.660028,0.538839,spectrum_fno48_floor6_smooth1_qc_peak4
run98_sparc_1521,sparc_1521,0.941330,0.729049,1.018573,0.767808,0.684840,0.839477,0.876823,0.887760,0.910011,0.805340,0.690832,0.690848,spectrum_fno48_floor6_smooth1_qc_peak4
run98_sparc_1525,sparc_1525,0.998241,1.015920,1.203164,0.741549,0.745032,0.878658,0.936909,0.939340,0.942878,0.836465,0.738469,0.753668,spectrum_fno48_floor6_smooth1_qc
run99_sparc_1300,sparc_1300,1.057592,1.074724,0.840578,0.981893,0.987615,0.810570,0.994225,0.991710,0.995323,0.651121,0.699770,0.932059,spectrum_fno48_floor6_smooth1_qc_mhi100
run99_sparc_1308,sparc_1308,1.408496,1.479528,1.457619,0.959500,0.942389,0.887926,0.457440,0.411981,0.840446,0.970727,0.979865,0.939744,spectrum_fno48_floor6_smooth1_qc
run99_sparc_1314,sparc_1314,1.085572,1.120721,0.999342,0.954800,0.952026,0.929222,0.920513,0.914654,0.957476,0.831916,0.935003,0.596287,spectrum_fno48_floor6_smooth1_qc_mhi100
run99_sparc_1351,sparc_1351,1.339551,1.479223,1.309127,0.908624,0.907711,0.884325,0.910819,0.906629,0.940348,0.975473,0.976258,0.972633,spectrum_fno48_floor6_smooth1_qc_mhi100
run99_sparc_1357,sparc_1357,1.152203,1.090956,1.542795,0.937778,0.922102,0.883836,0.872269,0.892203,0.927756,0.912502,0.916940,0.687788,spectrum_fno48_floor6_smooth1_qc_peak4
run99_sparc_1365,sparc_1365,1.731792,1.850380,1.089724,0.964509,0.962140,0.930791,0.854481,0.876997,0.923587,0.936478,0.955946,0.843377,spectrum_fno48_floor6_smooth1_qc_mhi100
run99_sparc_1406,sparc_1406,0.937196,1.099230,0.783503,0.848658,0.845266,0.735539,0.885739,0.916784,0.960400,0.955634,0.967578,0.829421,spectrum_fno48_floor6_smooth1_qc_mhi100
run99_sparc_1407,sparc_1407,0.748946,0.823248,0.770481,0.747166,0.770243,0.717552,0.922190,0.925132,0.949494,0.948149,0.974461,0.961969,spectrum_fno48_floor6_smooth1_qc
run99_sparc_1412,sparc_1412,1.346749,1.536226,1.121558,0.964626,0.959814,0.938857,0.874566,0.885613,0.916416,0.955194,0.979011,0.650879,spectrum_fno48_floor6_smooth1_qc_mhi100
run99_sparc_1413,sparc_1413,1.224515,1.284308,1.096419,0.968522,0.963780,0.942542,0.885598,0.890596,0.919686,0.963783,0.980937,0.674566,spectrum_fno48_floor6_smooth1_qc_mhi100
run99_sparc_1423,sparc_1423,0.934278,1.002832,1.153882,0.799693,0.821866,0.808561,0.901787,0.887885,0.919352,0.879088,0.950799,0.895651,spectrum_fno48_floor6_smooth1_qc
run99_sparc_1429,sparc_1429,0.920181,0.930359,0.917013,0.915359,0.874922,0.793245,0.854942,0.891907,0.910028,0.961816,0.980859,0.972484,spectrum_fno48_floor6_smooth1_qc_mhi100
run99_sparc_1430,sparc_1430,1.044827,0.933494,1.424176,0.903387,0.902790,0.982410,0.857977,0.789737,0.125756,0.992419,0.991974,0.993911,spectrum_fno48_floor6_smooth1_qc_peak4
run99_sparc_1506,sparc_1506,0.826818,0.793535,0.763348,0.810456,0.779064,0.755646,0.907182,0.930269,0.944929,0.974344,0.972767,0.968026,spectrum_fno48_floor6_smooth1_qc_mhi100
run99_sparc_1521,sparc_1521,1.222124,1.215981,0.762655,0.981722,0.980283,0.754078,0.837952,0.862372,0.920688,0.970412,0.945469,0.952349,spectrum_fno48_floor6_smooth1_qc_mhi100
run99_sparc_1525,sparc_1525,0.734929,0.787867,0.724236,0.718330,0.718763,0.706377,0.922053,0.928847,0.941659,0.918007,0.943803,0.866119,spectrum_fno48_floor6_smooth1_qc_mhi100
run99_sparc_1528,sparc_1528,0.826706,0.864226,0.755361,0.809676,0.827183,0.741030,0.913762,0.916142,0.931554,0.924455,0.968211,0.822359,spectrum_fno48_floor6_smooth1_qc_mhi100
run99_sparc_1530,sparc_1530,0.670500,0.655249,1.007349,0.669400,0.643805,0.939317,0.743560,0.404467,0.210884,0.995302,0.995529,0.994206,spectrum_fno48_floor6_smooth1_qc_peak4
run9_sparc_1305,sparc_1305,0.927135,0.773786,1.148089,0.839048,0.720301,0.869445,0.898730,0.912243,0.940636,0.598030,0.712961,0.739665,spectrum_fno48_floor6_smooth1_qc_peak4
run9_sparc_1307,sparc_1307,0.818303,0.773866,0.860571,0.763319,0.738003,0.816257,0.878228,0.889842,0.919027,0.981129,0.980075,0.987611,spectrum_fno48_floor6_smooth1_qc_peak4
run9_sparc_1308,sparc_1308,0.873088,0.801921,0.851717,0.773213,0.743090,0.807688,0.867027,0.856764,0.909977,0.986571,0.987183,0.991825,spectrum_fno48_floor6_smooth1_qc_peak4
run9_sparc_1350,sparc_1350,0.834152,1.036153,0.762407,0.778525,0.886085,0.693238,0.912585,0.895294,0.929003,0.768160,0.892634,0.351641,spectrum_fno48_floor6_smooth1_qc_mhi100
run9_sparc_1351,sparc_1351,0.833617,1.071127,0.654026,0.773890,0.875579,0.644054,0.883656,0.885535,0.915810,0.788717,0.892585,0.701038,spectrum_fno48_floor6_smooth1_qc_mhi100
run9_sparc_1354,sparc_1354,0.891991,1.018164,0.823578,0.790957,0.887264,0.759552,0.841118,0.881980,0.920955,0.900503,0.876972,0.916683,spectrum_fno48_floor6_smooth1_qc_mhi100
run9_sparc_1360,sparc_1360,0.679050,0.710002,0.870410,0.645298,0.703148,0.791564,0.876498,0.871682,0.915592,0.898755,0.875686,0.868252,spectrum_fno48_floor6_smooth1_qc
run9_sparc_1402,sparc_1402,0.699878,0.586077,0.813209,0.635078,0.565259,0.701742,0.939328,0.942885,0.965547,0.647414,0.811968,0.729863,spectrum_fno48_floor6_smooth1_qc_peak4
run9_sparc_1406,sparc_1406,1.018204,1.094326,1.345019,0.801792,0.744430,0.885735,0.914656,0.923029,0.929159,0.810976,0.873225,0.883771,spectrum_fno48_floor6_smooth1_qc
run9_sparc_1421,sparc_1421,1.050225,0.766007,0.856373,0.843315,0.753597,0.766616,0.833243,0.878551,0.905921,0.971455,0.845594,0.777727,spectrum_fno48_floor6_smooth1_qc_peak4
run9_sparc_1429,sparc_1429,0.974263,0.746383,0.781751,0.772335,0.696871,0.775647,0.842606,0.870055,0.931017,0.946478,0.940434,0.925963,spectrum_fno48_floor6_smooth1_qc_peak4
run9_sparc_1430,sparc_1430,0.794411,0.834877,1.096986,0.659415,0.647590,0.915876,0.888526,0.837227,0.410331,0.953847,0.951342,0.951242,spectrum_fno48_floor6_smooth1_qc
run9_sparc_1441,sparc_1441,1.011630,1.162401,1.361797,0.807724,0.771378,0.897969,0.932652,0.935473,0.956706,0.656026,0.817991,0.786591,spectrum_fno48_floor6_smooth1_qc
run9_sparc_1506,sparc_1506,0.915023,0.904582,1.197347,0.818960,0.733896,0.886860,0.901219,0.911450,0.916980,0.666922,0.685627,0.943025,spectrum_fno48_floor6_smooth1_qc_peak4
run9_sparc_1514,sparc_1514,0.723574,0.931546,0.800649,0.711002,0.844064,0.760655,0.888616,0.891070,0.918124,0.250022,0.861273,0.590960,spectrum_fno48_floor6_smooth1_qc
run9_sparc_1515,sparc_1515,0.692605,0.895406,0.811381,0.690588,0.845879,0.779409,0.894339,0.889458,0.915247,0.242737,0.851787,0.722174,spectrum_fno48_floor6_smooth1_qc
run9_sparc_1526,sparc_1526,1.174311,1.335755,1.744476,0.900866,0.862340,0.936868,0.769670,0.858672,0.815918,0.652458,0.717636,0.854023,spectrum_fno48_floor6_smooth1_qc
run9_sparc_1593,sparc_1593,1.650478,1.288557,1.404101,0.798912,0.764320,0.857532,0.925026,0.929916,0.952124,0.754733,0.851379,0.758078,spectrum_fno48_floor6_smooth1_qc_peak4
