key,family,relL2_spectrum_fno48_floor6_smooth1_qc_peak4_fieldloss,relL2_spectrum_fno48_floor6_smooth1_qc_peak4,relL2_spectrum_fno48_floor6_smooth1_qc_peak4_fieldloss_geom,relL2_alpha_spectrum_fno48_floor6_smooth1_qc_peak4_fieldloss,relL2_alpha_spectrum_fno48_floor6_smooth1_qc_peak4,relL2_alpha_spectrum_fno48_floor6_smooth1_qc_peak4_fieldloss_geom,patR2_spectrum_fno48_floor6_smooth1_qc_peak4_fieldloss,patR2_spectrum_fno48_floor6_smooth1_qc_peak4,patR2_spectrum_fno48_floor6_smooth1_qc_peak4_fieldloss_geom,crf_spectrum_fno48_floor6_smooth1_qc_peak4_fieldloss,crf_spectrum_fno48_floor6_smooth1_qc_peak4,crf_spectrum_fno48_floor6_smooth1_qc_peak4_fieldloss_geom,winner
run10_sparc_1300,sparc_1300,0.473958,0.468011,0.426082,0.473958,0.467559,0.425999,0.969102,0.980066,0.946829,0.911237,0.835203,0.955514,spectrum_fno48_floor6_smooth1_qc_peak4_fieldloss_geom
run10_sparc_1302,sparc_1302,1.725874,2.010591,1.936259,0.891510,0.958201,0.915574,0.915161,0.931316,0.925518,0.876751,0.565947,0.924068,spectrum_fno48_floor6_smooth1_qc_peak4_fieldloss
run10_sparc_1305,sparc_1305,1.033249,1.359383,1.367617,0.767044,0.832664,0.838997,0.908107,0.913037,0.915506,0.770080,0.543004,0.908171,spectrum_fno48_floor6_smooth1_qc_peak4_fieldloss
run10_sparc_1306,sparc_1306,0.987921,1.060983,0.979814,0.789869,0.787666,0.829135,0.882125,0.896296,0.912985,0.938200,0.881919,0.897652,spectrum_fno48_floor6_smooth1_qc_peak4_fieldloss_geom
run10_sparc_1307,sparc_1307,0.623549,0.694049,0.613855,0.612457,0.680527,0.613155,0.880310,0.907545,0.905758,0.975480,0.950186,0.977946,spectrum_fno48_floor6_smooth1_qc_peak4_fieldloss_geom
run10_sparc_1319,sparc_1319,0.634834,0.789359,0.634988,0.623362,0.754848,0.621294,0.885322,0.875940,0.886331,0.938039,0.698815,0.960299,spectrum_fno48_floor6_smooth1_qc_peak4_fieldloss
run10_sparc_1360,sparc_1360,0.518886,0.804488,0.521037,0.514780,0.749382,0.516695,0.896313,0.891935,0.906298,0.924466,0.891672,0.915927,spectrum_fno48_floor6_smooth1_qc_peak4_fieldloss
run10_sparc_1361,sparc_1361,0.493879,0.816923,0.503331,0.492533,0.745036,0.500356,0.890172,0.881799,0.887087,0.933963,0.903984,0.939447,spectrum_fno48_floor6_smooth1_qc_peak4_fieldloss
run10_sparc_1364,sparc_1364,0.549323,0.645901,0.573366,0.549138,0.644044,0.573209,0.882216,0.887226,0.879792,0.834555,0.600333,0.885902,spectrum_fno48_floor6_smooth1_qc_peak4_fieldloss
run10_sparc_1407,sparc_1407,1.154886,1.323896,1.461963,0.874880,0.837334,0.911852,0.898102,0.924528,0.921144,0.889174,0.875175,0.864027,spectrum_fno48_floor6_smooth1_qc_peak4_fieldloss
run10_sparc_1412,sparc_1412,0.525755,0.773905,0.605208,0.525721,0.770780,0.601524,0.892217,0.889862,0.937531,0.821221,0.443581,0.935264,spectrum_fno48_floor6_smooth1_qc_peak4_fieldloss
run10_sparc_1420,sparc_1420,0.739863,0.858817,0.764720,0.739625,0.852000,0.764634,0.893103,0.884180,0.880521,0.854617,0.799323,0.937224,spectrum_fno48_floor6_smooth1_qc_peak4_fieldloss
run10_sparc_1440,sparc_1440,0.977739,1.525237,1.397552,0.898255,0.882251,0.869193,0.865319,0.864623,0.885041,0.675039,0.860264,0.878281,spectrum_fno48_floor6_smooth1_qc_peak4_fieldloss
run10_sparc_1441,sparc_1441,0.968591,1.452417,1.344201,0.898970,0.876183,0.868026,0.870424,0.871650,0.891685,0.722492,0.854401,0.858130,spectrum_fno48_floor6_smooth1_qc_peak4_fieldloss
run10_sparc_1515,sparc_1515,0.927250,0.970241,0.994554,0.916113,0.945840,0.964490,0.825221,0.815760,0.805747,0.978456,0.916321,0.979572,spectrum_fno48_floor6_smooth1_qc_peak4_fieldloss
run11_sparc_1308,sparc_1308,0.857397,0.912532,0.771839,0.837433,0.877834,0.763627,0.782450,0.835405,0.857432,0.956224,0.888503,0.922699,spectrum_fno48_floor6_smooth1_qc_peak4_fieldloss_geom
run11_sparc_1309,sparc_1309,0.660678,1.023566,0.588481,0.623271,0.850380,0.583036,0.877333,0.882779,0.870113,0.808812,0.872677,0.960404,spectrum_fno48_floor6_smooth1_qc_peak4_fieldloss_geom
run11_sparc_1310,sparc_1310,0.594817,0.905658,0.580956,0.593553,0.827202,0.580912,0.890412,0.886648,0.939689,0.829530,0.797830,0.911220,spectrum_fno48_floor6_smooth1_qc_peak4_fieldloss_geom
run11_sparc_1316,sparc_1316,0.545703,0.834315,0.565313,0.539862,0.799520,0.562363,0.888340,0.876221,0.887130,0.962973,0.752481,0.949575,spectrum_fno48_floor6_smooth1_qc_peak4_fieldloss
run11_sparc_1349,sparc_1349,0.552024,0.845251,0.567480,0.551906,0.826833,0.567466,0.883970,0.888750,0.887312,0.834328,0.727920,0.903251,spectrum_fno48_floor6_smooth1_qc_peak4_fieldloss
run11_sparc_1350,sparc_1350,0.583290,1.029436,0.559751,0.572802,0.867233,0.558709,0.913589,0.893539,0.950936,0.870739,0.901279,0.888245,spectrum_fno48_floor6_smooth1_qc_peak4_fieldloss_geom
run11_sparc_1361,sparc_1361,0.474578,0.583330,0.485804,0.471525,0.574852,0.479895,0.888673,0.886129,0.890817,0.843154,0.747147,0.972025,spectrum_fno48_floor6_smooth1_qc_peak4_fieldloss
run11_sparc_1401,sparc_1401,0.497916,0.562898,0.543595,0.497907,0.552123,0.541666,0.892668,0.909477,0.894315,0.941488,0.925076,0.939417,spectrum_fno48_floor6_smooth1_qc_peak4_fieldloss
run11_sparc_1407,sparc_1407,0.796767,0.868676,0.728897,0.707571,0.742678,0.684542,0.923240,0.923399,0.923140,0.875368,0.801450,0.932941,spectrum_fno48_floor6_smooth1_qc_peak4_fieldloss_geom
run11_sparc_1410,sparc_1410,0.559885,1.054115,0.567372,0.558264,0.867885,0.562615,0.893651,0.893949,0.935417,0.818720,0.846851,0.912863,spectrum_fno48_floor6_smooth1_qc_peak4_fieldloss
run11_sparc_1413,sparc_1413,0.567479,0.984902,0.576843,0.567464,0.854648,0.574535,0.893327,0.886621,0.949731,0.870144,0.853805,0.873950,spectrum_fno48_floor6_smooth1_qc_peak4_fieldloss
run11_sparc_1414,sparc_1414,0.545394,0.847389,0.559520,0.543904,0.807055,0.555749,0.881157,0.881977,0.931915,0.847589,0.826176,0.867546,spectrum_fno48_floor6_smooth1_qc_peak4_fieldloss
run11_sparc_1421,sparc_1421,0.600257,0.755865,0.570553,0.585491,0.741396,0.561521,0.886007,0.857872,0.857671,0.768431,0.888328,0.985127,spectrum_fno48_floor6_smooth1_qc_peak4_fieldloss_geom
run11_sparc_1425,sparc_1425,0.994843,1.311207,1.204307,0.748528,0.892052,0.863072,0.890737,0.735911,0.772451,0.822659,0.713322,0.972622,spectrum_fno48_floor6_smooth1_qc_peak4_fieldloss
run11_sparc_1427,sparc_1427,0.844520,0.954139,0.741613,0.718496,0.814251,0.662765,0.622592,0.741548,0.644250,0.978710,0.948504,0.981997,spectrum_fno48_floor6_smooth1_qc_peak4_fieldloss_geom
run11_sparc_1429,sparc_1429,0.776570,0.785166,0.775945,0.774681,0.780048,0.775937,0.866658,0.860571,0.861518,0.973031,0.856216,0.974545,spectrum_fno48_floor6_smooth1_qc_peak4_fieldloss_geom
run11_sparc_1503,sparc_1503,0.555272,0.948372,0.641657,0.554248,0.764955,0.612376,0.919632,0.907067,0.913454,0.886285,0.886046,0.971433,spectrum_fno48_floor6_smooth1_qc_peak4_fieldloss
run11_sparc_1515,sparc_1515,0.538569,0.635945,0.527141,0.538106,0.635545,0.527121,0.889351,0.879998,0.934509,0.841596,0.324720,0.884794,spectrum_fno48_floor6_smooth1_qc_peak4_fieldloss_geom
run11_sparc_1519,sparc_1519,0.537793,0.779615,0.625850,0.535151,0.750890,0.613121,0.856214,0.842153,0.830249,0.856705,0.884174,0.967021,spectrum_fno48_floor6_smooth1_qc_peak4_fieldloss
run11_sparc_1520,sparc_1520,0.510811,0.669329,0.539788,0.510802,0.645511,0.535382,0.869658,0.885385,0.887477,0.774560,0.830988,0.966862,spectrum_fno48_floor6_smooth1_qc_peak4_fieldloss
run11_sparc_1521,sparc_1521,0.654748,0.851567,0.585341,0.637299,0.791243,0.567963,0.877297,0.874224,0.861395,0.733594,0.864011,0.956793,spectrum_fno48_floor6_smooth1_qc_peak4_fieldloss_geom
run12_sparc_1300,sparc_1300,0.391896,0.414612,0.437326,0.391765,0.411106,0.437192,0.984914,0.991262,0.988575,0.969198,0.923728,0.987778,spectrum_fno48_floor6_smooth1_qc_peak4_fieldloss
run12_sparc_1301,sparc_1301,0.640432,0.627342,0.585489,0.624450,0.619993,0.585280,0.951808,0.951394,0.948222,0.844912,0.914491,0.988856,spectrum_fno48_floor6_smooth1_qc_peak4_fieldloss_geom
run12_sparc_1308,sparc_1308,0.959965,1.118520,0.992303,0.739005,0.790862,0.729620,0.929784,0.929904,0.930058,0.827083,0.808322,0.909608,spectrum_fno48_floor6_smooth1_qc_peak4_fieldloss
run12_sparc_1313,sparc_1313,0.593981,0.656968,0.597071,0.565444,0.604727,0.566577,0.896982,0.900990,0.934503,0.950137,0.691554,0.912752,spectrum_fno48_floor6_smooth1_qc_peak4_fieldloss
run12_sparc_1314,sparc_1314,0.598456,0.638866,0.595941,0.563309,0.594111,0.563468,0.896367,0.901795,0.936799,0.952157,0.684592,0.888230,spectrum_fno48_floor6_smooth1_qc_peak4_fieldloss_geom
run12_sparc_1316,sparc_1316,0.552794,0.599565,0.565080,0.550619,0.578918,0.561539,0.896400,0.900629,0.907222,0.974485,0.734590,0.903373,spectrum_fno48_floor6_smooth1_qc_peak4_fieldloss
run12_sparc_1319,sparc_1319,0.529319,0.626470,0.554508,0.526318,0.606104,0.546655,0.908744,0.908965,0.947175,0.896090,0.833698,0.926206,spectrum_fno48_floor6_smooth1_qc_peak4_fieldloss
run12_sparc_1350,sparc_1350,0.593982,0.656990,0.597070,0.565442,0.604740,0.566577,0.896983,0.900990,0.934503,0.950155,0.691434,0.912752,spectrum_fno48_floor6_smooth1_qc_peak4_fieldloss
run12_sparc_1357,sparc_1357,0.554027,0.736210,0.564376,0.538355,0.671582,0.543999,0.880211,0.874721,0.922907,0.891620,0.778645,0.941946,spectrum_fno48_floor6_smooth1_qc_peak4_fieldloss
run12_sparc_1360,sparc_1360,0.487979,0.601817,0.494390,0.482793,0.600816,0.491034,0.903784,0.906528,0.915726,0.919298,0.912464,0.908017,spectrum_fno48_floor6_smooth1_qc_peak4_fieldloss
run12_sparc_1361,sparc_1361,0.457601,0.571598,0.469717,0.457555,0.559597,0.469057,0.906609,0.908108,0.914157,0.920390,0.934345,0.948849,spectrum_fno48_floor6_smooth1_qc_peak4_fieldloss
run12_sparc_1362,sparc_1362,0.448083,0.566142,0.463771,0.443673,0.535859,0.457611,0.906237,0.905744,0.895282,0.954653,0.942989,0.975547,spectrum_fno48_floor6_smooth1_qc_peak4_fieldloss
run12_sparc_1407,sparc_1407,0.774609,0.953902,0.800728,0.706637,0.770126,0.730366,0.928504,0.937950,0.946136,0.912369,0.878982,0.945056,spectrum_fno48_floor6_smooth1_qc_peak4_fieldloss
run12_sparc_1408,sparc_1408,0.798165,0.975467,0.814999,0.707352,0.767374,0.698207,0.919593,0.928454,0.948614,0.848485,0.838206,0.878957,spectrum_fno48_floor6_smooth1_qc_peak4_fieldloss
run12_sparc_1410,sparc_1410,0.645993,0.797967,0.774467,0.645547,0.685303,0.662375,0.896387,0.896745,0.847727,0.958982,0.941173,0.981297,spectrum_fno48_floor6_smooth1_qc_peak4_fieldloss
run12_sparc_1414,sparc_1414,0.559504,0.606344,0.565372,0.550010,0.591727,0.549575,0.927580,0.926476,0.946439,0.882474,0.707753,0.905995,spectrum_fno48_floor6_smooth1_qc_peak4_fieldloss
run12_sparc_1421,sparc_1421,0.550496,0.656969,0.558258,0.543253,0.624883,0.549146,0.902037,0.903686,0.906060,0.876076,0.658392,0.846739,spectrum_fno48_floor6_smooth1_qc_peak4_fieldloss
run12_sparc_1428,sparc_1428,0.905671,1.032507,1.041917,0.727200,0.778691,0.788984,0.838801,0.772120,0.793273,0.879522,0.712521,0.959991,spectrum_fno48_floor6_smooth1_qc_peak4_fieldloss
run12_sparc_1504,sparc_1504,0.750788,0.821828,0.721207,0.708154,0.734404,0.695170,0.881908,0.881758,0.911842,0.918493,0.848255,0.900953,spectrum_fno48_floor6_smooth1_qc_peak4_fieldloss_geom
run12_sparc_1507,sparc_1507,0.843967,1.096960,0.875317,0.707245,0.786806,0.731996,0.927579,0.938146,0.946626,0.845225,0.885337,0.922500,spectrum_fno48_floor6_smooth1_qc_peak4_fieldloss
run12_sparc_1509,sparc_1509,1.054292,0.886651,1.105899,0.696759,0.688196,0.724522,0.916571,0.921441,0.942367,0.888925,0.854860,0.904256,spectrum_fno48_floor6_smooth1_qc_peak4
run12_sparc_1516,sparc_1516,0.517744,0.575326,0.521354,0.517115,0.565945,0.520938,0.915221,0.910010,0.919375,0.879569,0.784109,0.925152,spectrum_fno48_floor6_smooth1_qc_peak4_fieldloss
run12_sparc_1521,sparc_1521,0.529944,0.655781,0.537833,0.519728,0.623719,0.530183,0.894810,0.894281,0.893919,0.861746,0.753958,0.919517,spectrum_fno48_floor6_smooth1_qc_peak4_fieldloss
run12_sparc_1522,sparc_1522,0.511696,0.639269,0.518679,0.504549,0.608194,0.511989,0.904728,0.903547,0.908252,0.872874,0.764078,0.949323,spectrum_fno48_floor6_smooth1_qc_peak4_fieldloss
run12_sparc_1528,sparc_1528,0.658220,0.838390,0.756268,0.650218,0.767693,0.715325,0.919022,0.930002,0.938947,0.881339,0.678775,0.909449,spectrum_fno48_floor6_smooth1_qc_peak4_fieldloss
run13_sparc_1304,sparc_1304,0.887040,1.099672,1.164933,0.776623,0.883996,0.830501,0.891119,0.890898,0.920022,0.973385,0.961918,0.964802,spectrum_fno48_floor6_smooth1_qc_peak4_fieldloss
run13_sparc_1306,sparc_1306,0.991850,1.091385,1.108762,0.885102,0.926306,0.931873,0.830017,0.769378,0.783215,0.942454,0.947713,0.952532,spectrum_fno48_floor6_smooth1_qc_peak4_fieldloss
run13_sparc_1313,sparc_1313,0.646173,1.140691,0.624242,0.605011,0.876075,0.597574,0.915985,0.898481,0.961252,0.755052,0.879791,0.857217,spectrum_fno48_floor6_smooth1_qc_peak4_fieldloss_geom
run13_sparc_1353,sparc_1353,0.574429,0.921286,0.566375,0.569010,0.839989,0.555288,0.882626,0.884662,0.901980,0.804008,0.813465,0.898507,spectrum_fno48_floor6_smooth1_qc_peak4_fieldloss_geom
run13_sparc_1365,sparc_1365,0.498865,0.815368,0.484525,0.492377,0.726499,0.480258,0.861310,0.862119,0.865706,0.870768,0.929010,0.942114,spectrum_fno48_floor6_smooth1_qc_peak4_fieldloss_geom
run13_sparc_1400,sparc_1400,1.482577,1.242271,1.310329,0.998627,0.999978,0.921498,0.963573,0.969164,0.963951,0.965568,0.926281,0.983139,spectrum_fno48_floor6_smooth1_qc_peak4
run13_sparc_1407,sparc_1407,1.367603,1.546895,1.382323,0.869819,0.890639,0.883118,0.909855,0.911549,0.919100,0.924108,0.728334,0.928313,spectrum_fno48_floor6_smooth1_qc_peak4_fieldloss
run13_sparc_1410,sparc_1410,0.544388,0.959493,0.585248,0.544130,0.956470,0.585190,0.893161,0.902176,0.893557,0.614104,0.252165,0.911114,spectrum_fno48_floor6_smooth1_qc_peak4_fieldloss
run13_sparc_1413,sparc_1413,0.538520,0.955240,0.560468,0.538162,0.951624,0.559899,0.922526,0.931415,0.957004,0.651648,0.251430,0.856888,spectrum_fno48_floor6_smooth1_qc_peak4_fieldloss
run13_sparc_1417,sparc_1417,0.582613,0.913535,0.584070,0.581404,0.892777,0.583189,0.926644,0.939628,0.951021,0.650219,0.242498,0.865072,spectrum_fno48_floor6_smooth1_qc_peak4_fieldloss
run13_sparc_1421,sparc_1421,0.606630,0.723359,0.597829,0.606160,0.707224,0.597494,0.902120,0.837510,0.911076,0.790937,0.472096,0.954200,spectrum_fno48_floor6_smooth1_qc_peak4_fieldloss_geom
run13_sparc_1422,sparc_1422,0.547192,0.873685,0.598111,0.546140,0.789186,0.597875,0.869910,0.913147,0.865184,0.738183,0.190663,0.861518,spectrum_fno48_floor6_smooth1_qc_peak4_fieldloss
run13_sparc_1425,sparc_1425,0.766873,0.794778,0.774194,0.766727,0.782759,0.747302,-0.183376,0.300505,0.331056,0.989257,0.985160,0.989417,spectrum_fno48_floor6_smooth1_qc_peak4_fieldloss
run13_sparc_1501,sparc_1501,0.676103,0.662122,0.644316,0.675349,0.660145,0.642959,0.856025,0.888079,0.879465,0.950287,0.925410,0.964865,spectrum_fno48_floor6_smooth1_qc_peak4_fieldloss_geom
run13_sparc_1510,sparc_1510,0.545263,0.960610,0.609394,0.543507,0.958342,0.593368,0.900347,0.923864,0.909757,0.841167,0.251352,0.885193,spectrum_fno48_floor6_smooth1_qc_peak4_fieldloss
run13_sparc_1514,sparc_1514,0.559033,0.954035,0.581960,0.551968,0.950989,0.569915,0.905186,0.940773,0.958076,0.797652,0.251309,0.927550,spectrum_fno48_floor6_smooth1_qc_peak4_fieldloss
run13_sparc_1523,sparc_1523,0.833436,0.829825,0.988534,0.832933,0.798178,0.982970,0.619954,0.757151,0.337786,0.889932,0.556851,0.983905,spectrum_fno48_floor6_smooth1_qc_peak4
run13_sparc_1527,sparc_1527,1.082617,1.063572,1.406842,0.798774,0.818216,0.857199,0.872083,0.885083,0.836478,0.916016,0.844278,0.958970,spectrum_fno48_floor6_smooth1_qc_peak4
run14_sparc_1305,sparc_1305,0.687374,0.673063,0.654750,0.675001,0.665031,0.648610,0.918315,0.919688,0.911446,0.952244,0.928707,0.969348,spectrum_fno48_floor6_smooth1_qc_peak4_fieldloss_geom
run14_sparc_1306,sparc_1306,0.706512,0.739499,0.734713,0.628463,0.694922,0.672926,0.901668,0.888547,0.891702,0.882683,0.802624,0.940125,spectrum_fno48_floor6_smooth1_qc_peak4_fieldloss
run14_sparc_1307,sparc_1307,0.666359,0.712742,0.689659,0.654288,0.684529,0.670605,0.890711,0.894272,0.887338,0.929999,0.903637,0.955728,spectrum_fno48_floor6_smooth1_qc_peak4_fieldloss
run14_sparc_1309,sparc_1309,1.476352,1.540902,1.681190,0.926335,0.958745,0.961904,0.853933,0.829802,0.771557,0.930147,0.929179,0.950864,spectrum_fno48_floor6_smooth1_qc_peak4_fieldloss
run14_sparc_1315,sparc_1315,0.801747,0.812811,0.797355,0.800970,0.812108,0.797272,0.909206,0.911267,0.898556,0.958484,0.932064,0.961291,spectrum_fno48_floor6_smooth1_qc_peak4_fieldloss_geom
run14_sparc_1358,sparc_1358,0.712683,0.719543,0.868399,0.622446,0.630986,0.688182,0.909362,0.914092,0.880928,0.852183,0.757462,0.913156,spectrum_fno48_floor6_smooth1_qc_peak4_fieldloss
run14_sparc_1359,sparc_1359,0.774465,0.771345,0.768594,0.686595,0.700112,0.689573,0.888407,0.897056,0.901937,0.907928,0.859038,0.931351,spectrum_fno48_floor6_smooth1_qc_peak4_fieldloss_geom
run14_sparc_1364,sparc_1364,0.809103,0.916679,0.846632,0.719028,0.839468,0.748124,0.902238,0.902168,0.868244,0.947450,0.913148,0.970210,spectrum_fno48_floor6_smooth1_qc_peak4_fieldloss
run14_sparc_1404,sparc_1404,0.728851,0.696524,0.696906,0.702949,0.649781,0.669918,0.922755,0.934194,0.922874,0.924249,0.924528,0.948304,spectrum_fno48_floor6_smooth1_qc_peak4
run14_sparc_1411,sparc_1411,0.677826,0.701943,0.675218,0.677686,0.701871,0.673353,0.910439,0.910421,0.925713,0.934575,0.869888,0.957993,spectrum_fno48_floor6_smooth1_qc_peak4_fieldloss_geom
run14_sparc_1415,sparc_1415,0.783333,0.831603,0.746801,0.783333,0.829932,0.745335,0.887185,0.897672,0.903027,0.972266,0.963237,0.960005,spectrum_fno48_floor6_smooth1_qc_peak4_fieldloss_geom
run14_sparc_1424,sparc_1424,0.736261,0.760440,0.742851,0.716010,0.733511,0.733978,0.873965,0.884487,0.891191,0.915237,0.872107,0.941435,spectrum_fno48_floor6_smooth1_qc_peak4_fieldloss
run14_sparc_1428,sparc_1428,0.699832,0.757075,0.749097,0.684627,0.685240,0.697094,0.894275,0.903294,0.885258,0.959155,0.939550,0.970133,spectrum_fno48_floor6_smooth1_qc_peak4_fieldloss
run14_sparc_1429,sparc_1429,0.795917,0.808231,0.735923,0.773705,0.769271,0.712606,0.921637,0.928463,0.931232,0.965166,0.969831,0.957386,spectrum_fno48_floor6_smooth1_qc_peak4_fieldloss_geom
run14_sparc_1504,sparc_1504,0.686932,0.652820,0.681479,0.686795,0.650483,0.679965,0.920817,0.933409,0.927103,0.923602,0.904790,0.957371,spectrum_fno48_floor6_smooth1_qc_peak4
run14_sparc_1505,sparc_1505,0.677938,0.670977,0.700537,0.672724,0.665555,0.695493,0.919130,0.918206,0.908517,0.969439,0.955307,0.975256,spectrum_fno48_floor6_smooth1_qc_peak4
run14_sparc_1510,sparc_1510,0.716972,0.789455,0.735122,0.705803,0.761593,0.708867,0.915477,0.920231,0.919196,0.894830,0.837523,0.948513,spectrum_fno48_floor6_smooth1_qc_peak4_fieldloss
run14_sparc_1514,sparc_1514,0.636552,0.673521,0.660357,0.622072,0.652407,0.620051,0.918871,0.923789,0.917473,0.924481,0.844886,0.925972,spectrum_fno48_floor6_smooth1_qc_peak4_fieldloss
run14_sparc_1518,sparc_1518,0.574705,0.627354,0.548924,0.566807,0.615880,0.544119,0.909507,0.915857,0.893978,0.913227,0.821909,0.898020,spectrum_fno48_floor6_smooth1_qc_peak4_fieldloss_geom
run14_sparc_1519,sparc_1519,0.839228,0.794984,1.215088,0.693482,0.678828,0.662432,0.872360,0.888124,0.861131,0.949827,0.966263,0.965880,spectrum_fno48_floor6_smooth1_qc_peak4
run14_sparc_1520,sparc_1520,0.891578,0.845113,0.811279,0.793335,0.767542,0.738212,0.856448,0.884698,0.879025,0.957969,0.935093,0.945042,spectrum_fno48_floor6_smooth1_qc_peak4_fieldloss_geom
run14_sparc_1522,sparc_1522,1.259000,1.398347,1.226374,0.864910,0.899808,0.881042,0.847744,0.861590,0.853585,0.962385,0.978001,0.978168,spectrum_fno48_floor6_smooth1_qc_peak4_fieldloss_geom
run14_sparc_1593,sparc_1593,0.573788,0.592924,0.508831,0.557080,0.588763,0.508457,0.948675,0.956729,0.959898,0.938752,0.819645,0.939913,spectrum_fno48_floor6_smooth1_qc_peak4_fieldloss_geom
run15_sparc_1301,sparc_1301,0.519763,0.562529,0.675567,0.518895,0.561088,0.649478,0.857243,0.895480,0.861446,0.868916,0.845806,0.949177,spectrum_fno48_floor6_smooth1_qc_peak4_fieldloss
run15_sparc_1307,sparc_1307,0.946658,1.163701,0.953694,0.886129,0.914321,0.850909,0.860878,0.849704,0.795255,0.956587,0.924886,0.940556,spectrum_fno48_floor6_smooth1_qc_peak4_fieldloss
run15_sparc_1314,sparc_1314,0.537914,0.558714,0.544956,0.503041,0.506639,0.503805,0.918720,0.919011,0.946823,0.898359,0.762461,0.905163,spectrum_fno48_floor6_smooth1_qc_peak4_fieldloss
run15_sparc_1317,sparc_1317,0.510020,0.535215,0.495641,0.489103,0.512491,0.488373,0.908439,0.911877,0.904448,0.893968,0.718804,0.904912,spectrum_fno48_floor6_smooth1_qc_peak4_fieldloss_geom
run15_sparc_1318,sparc_1318,0.480657,0.494577,0.471748,0.470312,0.492080,0.470891,0.926967,0.928857,0.949984,0.873628,0.603492,0.844565,spectrum_fno48_floor6_smooth1_qc_peak4_fieldloss_geom
run15_sparc_1349,sparc_1349,0.478670,0.609153,0.475835,0.455193,0.554345,0.454074,0.905658,0.905389,0.895096,0.936071,0.872733,0.929615,spectrum_fno48_floor6_smooth1_qc_peak4_fieldloss_geom
run15_sparc_1350,sparc_1350,0.553232,0.565869,0.541592,0.503695,0.510363,0.501633,0.918056,0.919531,0.950988,0.884885,0.786623,0.912738,spectrum_fno48_floor6_smooth1_qc_peak4_fieldloss_geom
run15_sparc_1351,sparc_1351,0.525712,0.556610,0.521041,0.499739,0.506175,0.498541,0.909855,0.911333,0.896276,0.871625,0.817068,0.960074,spectrum_fno48_floor6_smooth1_qc_peak4_fieldloss_geom
run15_sparc_1363,sparc_1363,0.441163,0.521838,0.454743,0.439173,0.504632,0.451955,0.889080,0.890511,0.868781,0.961030,0.805812,0.946223,spectrum_fno48_floor6_smooth1_qc_peak4_fieldloss
run15_sparc_1408,sparc_1408,0.841940,0.903142,0.696702,0.747693,0.820025,0.692475,0.811970,0.737819,0.825414,0.986511,0.982100,0.983691,spectrum_fno48_floor6_smooth1_qc_peak4_fieldloss_geom
run15_sparc_1414,sparc_1414,0.536934,0.562536,0.540748,0.536229,0.558558,0.540295,0.916828,0.912861,0.923671,0.888325,0.802152,0.887841,spectrum_fno48_floor6_smooth1_qc_peak4_fieldloss
run15_sparc_1418,sparc_1418,0.471615,0.521032,0.492743,0.471533,0.520143,0.492539,0.905773,0.907538,0.896030,0.941043,0.619824,0.932262,spectrum_fno48_floor6_smooth1_qc_peak4_fieldloss
run15_sparc_1440,sparc_1440,0.517266,0.894766,0.508339,0.516780,0.802966,0.494906,0.889674,0.866290,0.949303,0.976511,0.942139,0.954969,spectrum_fno48_floor6_smooth1_qc_peak4_fieldloss_geom
run15_sparc_1503,sparc_1503,0.696458,0.742514,0.864952,0.586330,0.742102,0.657436,0.889474,0.886294,0.795722,0.968957,0.813018,0.981608,spectrum_fno48_floor6_smooth1_qc_peak4_fieldloss
run15_sparc_1506,sparc_1506,0.548579,1.083373,0.532460,0.548098,0.835134,0.528046,0.852880,0.662437,0.760113,0.979407,0.973762,0.987145,spectrum_fno48_floor6_smooth1_qc_peak4_fieldloss_geom
run15_sparc_1513,sparc_1513,0.577184,0.634225,0.590168,0.525773,0.546790,0.524534,0.925713,0.925891,0.927009,0.907144,0.768329,0.909922,spectrum_fno48_floor6_smooth1_qc_peak4_fieldloss
run15_sparc_1526,sparc_1526,0.555603,0.599679,0.561861,0.551617,0.597177,0.558367,0.891207,0.871301,0.879948,0.935096,0.862474,0.966029,spectrum_fno48_floor6_smooth1_qc_peak4_fieldloss
run15_sparc_1530,sparc_1530,0.521833,0.544635,0.528478,0.516353,0.532503,0.497206,0.887433,0.899857,0.933845,0.992439,0.990654,0.951189,spectrum_fno48_floor6_smooth1_qc_peak4_fieldloss
run16_sparc_1304,sparc_1304,0.641663,0.744286,0.708864,0.637836,0.705739,0.667408,0.936271,0.940732,0.935152,0.885846,0.792997,0.957744,spectrum_fno48_floor6_smooth1_qc_peak4_fieldloss
run16_sparc_1307,sparc_1307,0.965112,0.995518,0.934770,0.687737,0.737240,0.739032,0.925180,0.920684,0.894148,0.922197,0.830009,0.937832,spectrum_fno48_floor6_smooth1_qc_peak4_fieldloss_geom
run16_sparc_1309,sparc_1309,1.087268,1.463850,0.784679,0.683627,0.702551,0.632459,0.930322,0.926468,0.934088,0.942086,0.822449,0.860031,spectrum_fno48_floor6_smooth1_qc_peak4_fieldloss_geom
run16_sparc_1310,sparc_1310,0.614770,0.564742,0.708626,0.543136,0.500989,0.536989,0.925159,0.929616,0.914352,0.907399,0.816240,0.921061,spectrum_fno48_floor6_smooth1_qc_peak4
run16_sparc_1311,sparc_1311,0.526328,0.485009,0.519645,0.522977,0.483474,0.498639,0.922250,0.931677,0.916897,0.752526,0.659031,0.833540,spectrum_fno48_floor6_smooth1_qc_peak4
run16_sparc_1313,sparc_1313,0.556769,1.112942,0.604359,0.512955,0.637153,0.536868,0.871964,0.914929,0.952513,0.799755,0.821496,0.915254,spectrum_fno48_floor6_smooth1_qc_peak4_fieldloss
run16_sparc_1318,sparc_1318,0.708998,1.408439,0.826609,0.694534,0.715571,0.703720,0.906838,0.922178,0.942355,0.765907,0.726708,0.871648,spectrum_fno48_floor6_smooth1_qc_peak4_fieldloss
run16_sparc_1353,sparc_1353,0.575224,1.139388,0.708777,0.563819,0.640640,0.620422,0.872921,0.887081,0.912742,0.826772,0.866588,0.939787,spectrum_fno48_floor6_smooth1_qc_peak4_fieldloss
run16_sparc_1359,sparc_1359,0.553381,1.165254,0.667233,0.553296,0.672862,0.551164,0.901160,0.916828,0.927216,0.966308,0.835524,0.909216,spectrum_fno48_floor6_smooth1_qc_peak4_fieldloss
run16_sparc_1362,sparc_1362,0.624908,0.781674,0.909958,0.623299,0.663904,0.709796,0.892102,0.911624,0.906133,0.908653,0.815864,0.970611,spectrum_fno48_floor6_smooth1_qc_peak4_fieldloss
run16_sparc_1364,sparc_1364,0.755188,0.968721,0.814078,0.716805,0.727087,0.710744,0.889783,0.880118,0.870028,0.948368,0.808699,0.900592,spectrum_fno48_floor6_smooth1_qc_peak4_fieldloss
run16_sparc_1365,sparc_1365,0.672641,1.081922,0.650333,0.672615,0.741571,0.650034,0.839735,0.885097,0.869967,0.943882,0.874866,0.962779,spectrum_fno48_floor6_smooth1_qc_peak4_fieldloss_geom
run16_sparc_1401,sparc_1401,0.732677,0.808705,0.719202,0.690372,0.745450,0.666736,0.933441,0.942849,0.941707,0.944379,0.755399,0.915889,spectrum_fno48_floor6_smooth1_qc_peak4_fieldloss_geom
run16_sparc_1405,sparc_1405,0.616991,0.727618,0.600886,0.598667,0.651824,0.596592,0.944917,0.947358,0.926575,0.894176,0.813535,0.946530,spectrum_fno48_floor6_smooth1_qc_peak4_fieldloss_geom
run16_sparc_1406,sparc_1406,0.701160,0.816134,0.706692,0.624738,0.678668,0.652929,0.946705,0.935933,0.951868,0.918181,0.846004,0.908358,spectrum_fno48_floor6_smooth1_qc_peak4_fieldloss
run16_sparc_1408,sparc_1408,0.587736,0.718275,0.625704,0.566834,0.592040,0.562318,0.924260,0.924415,0.943481,0.728120,0.772979,0.908279,spectrum_fno48_floor6_smooth1_qc_peak4_fieldloss
run16_sparc_1410,sparc_1410,0.626087,0.520631,0.694006,0.592472,0.474283,0.612644,0.928464,0.932270,0.922776,0.888433,0.577858,0.917823,spectrum_fno48_floor6_smooth1_qc_peak4
run16_sparc_1421,sparc_1421,0.771313,1.385003,1.131871,0.596641,0.658028,0.681647,0.865798,0.921745,0.905651,0.889996,0.789501,0.970020,spectrum_fno48_floor6_smooth1_qc_peak4_fieldloss
run16_sparc_1424,sparc_1424,0.853663,1.036817,0.872980,0.754474,0.770884,0.804261,0.943099,0.949481,0.952233,0.903121,0.846787,0.937089,spectrum_fno48_floor6_smooth1_qc_peak4_fieldloss
run16_sparc_1426,sparc_1426,1.179567,1.045830,0.813481,0.637034,0.682590,0.602598,0.946894,0.944162,0.924319,0.907147,0.729866,0.941284,spectrum_fno48_floor6_smooth1_qc_peak4_fieldloss_geom
run16_sparc_1427,sparc_1427,0.815715,0.824961,0.758564,0.685370,0.771733,0.659147,0.697732,0.718278,0.758561,0.966338,0.825405,0.976651,spectrum_fno48_floor6_smooth1_qc_peak4_fieldloss_geom
run16_sparc_1428,sparc_1428,1.130180,1.056841,0.857756,0.711898,0.781115,0.652209,0.882026,0.844106,0.819448,0.895265,0.866638,0.934776,spectrum_fno48_floor6_smooth1_qc_peak4_fieldloss_geom
run16_sparc_1429,sparc_1429,1.033738,1.259299,1.266829,0.734100,0.820227,0.767303,0.903277,0.902766,0.865036,0.929600,0.927290,0.971368,spectrum_fno48_floor6_smooth1_qc_peak4_fieldloss
run16_sparc_1504,sparc_1504,0.664910,0.898363,0.616079,0.618859,0.683262,0.605334,0.942545,0.945502,0.943618,0.793271,0.678768,0.943398,spectrum_fno48_floor6_smooth1_qc_peak4_fieldloss_geom
run16_sparc_1512,sparc_1512,0.614402,0.567621,0.516716,0.612794,0.522927,0.515380,0.897278,0.916881,0.927583,0.872883,0.639540,0.862688,spectrum_fno48_floor6_smooth1_qc_peak4_fieldloss_geom
run16_sparc_1519,sparc_1519,0.580536,0.515267,0.615385,0.500665,0.502292,0.566088,0.914578,0.929694,0.914585,0.944188,0.797148,0.965478,spectrum_fno48_floor6_smooth1_qc_peak4
run16_sparc_1524,sparc_1524,0.756411,1.129204,0.880263,0.566064,0.658774,0.590945,0.886763,0.894956,0.896089,0.791476,0.727566,0.895695,spectrum_fno48_floor6_smooth1_qc_peak4_fieldloss
run16_sparc_1525,sparc_1525,0.720652,0.900534,0.696425,0.676253,0.723339,0.652748,0.951992,0.952294,0.953781,0.859545,0.654297,0.944299,spectrum_fno48_floor6_smooth1_qc_peak4_fieldloss_geom
run16_sparc_1529,sparc_1529,0.840757,1.127833,0.869327,0.739132,0.773521,0.690499,0.531295,0.587025,0.741863,0.980568,0.979704,0.980640,spectrum_fno48_floor6_smooth1_qc_peak4_fieldloss
run17_sparc_1356,sparc_1356,0.503710,0.655631,0.520188,0.484052,0.580127,0.489809,0.923159,0.923742,0.927782,0.924814,0.745960,0.897139,spectrum_fno48_floor6_smooth1_qc_peak4_fieldloss
run17_sparc_1361,sparc_1361,0.450132,0.564295,0.457134,0.431624,0.507183,0.438346,0.896318,0.899908,0.896021,0.906207,0.882664,0.920665,spectrum_fno48_floor6_smooth1_qc_peak4_fieldloss
run17_sparc_1365,sparc_1365,0.427865,0.552609,0.422209,0.426359,0.521641,0.421754,0.894490,0.899821,0.886320,0.918786,0.923241,0.939359,spectrum_fno48_floor6_smooth1_qc_peak4_fieldloss_geom
run17_sparc_1403,sparc_1403,0.590751,0.793326,0.586038,0.576143,0.754125,0.575773,0.916237,0.915653,0.911502,0.953579,0.750723,0.923755,spectrum_fno48_floor6_smooth1_qc_peak4_fieldloss_geom
run17_sparc_1412,sparc_1412,0.552981,0.650375,0.543865,0.531488,0.588399,0.523425,0.932361,0.930042,0.956219,0.912155,0.727198,0.868787,spectrum_fno48_floor6_smooth1_qc_peak4_fieldloss_geom
run17_sparc_1414,sparc_1414,0.576881,0.633487,0.596451,0.528761,0.583176,0.541837,0.933263,0.931710,0.944957,0.927693,0.861021,0.977000,spectrum_fno48_floor6_smooth1_qc_peak4_fieldloss
run17_sparc_1418,sparc_1418,0.499766,0.565598,0.524281,0.482102,0.539125,0.500936,0.920048,0.923859,0.925149,0.916178,0.834597,0.952726,spectrum_fno48_floor6_smooth1_qc_peak4_fieldloss
run17_sparc_1420,sparc_1420,0.495228,0.555069,0.513695,0.489251,0.518313,0.501782,0.916854,0.919120,0.912557,0.889777,0.774755,0.941405,spectrum_fno48_floor6_smooth1_qc_peak4_fieldloss
run17_sparc_1428,sparc_1428,0.768424,0.781939,0.756101,0.729039,0.739996,0.724571,0.892552,0.884318,0.878609,0.968263,0.854247,0.976714,spectrum_fno48_floor6_smooth1_qc_peak4_fieldloss_geom
run17_sparc_1500,sparc_1500,0.562668,0.482153,0.403527,0.511361,0.449787,0.369790,0.990878,0.993962,0.990561,0.951870,0.672224,0.965199,spectrum_fno48_floor6_smooth1_qc_peak4_fieldloss_geom
run17_sparc_1501,sparc_1501,0.650262,0.777194,0.842209,0.649647,0.756056,0.823003,0.885807,0.859425,0.820518,0.956738,0.977258,0.977339,spectrum_fno48_floor6_smooth1_qc_peak4_fieldloss
run17_sparc_1508,sparc_1508,1.365144,1.634607,0.988677,0.841450,0.921767,0.806996,0.775456,0.865083,0.825702,0.931019,0.856033,0.966765,spectrum_fno48_floor6_smooth1_qc_peak4_fieldloss_geom
run17_sparc_1512,sparc_1512,0.599609,0.646253,0.575479,0.529780,0.575339,0.516560,0.934083,0.936496,0.950529,0.883747,0.801117,0.866359,spectrum_fno48_floor6_smooth1_qc_peak4_fieldloss_geom
run18_sparc_1303,sparc_1303,0.588699,0.636086,0.541268,0.552897,0.632194,0.524077,0.929491,0.924996,0.930356,0.940354,0.652690,0.944549,spectrum_fno48_floor6_smooth1_qc_peak4_fieldloss_geom
run18_sparc_1305,sparc_1305,0.753169,0.862386,0.712235,0.720918,0.778082,0.706874,0.929359,0.928815,0.931863,0.916143,0.885983,0.915326,spectrum_fno48_floor6_smooth1_qc_peak4_fieldloss_geom
run18_sparc_1311,sparc_1311,0.661248,0.651359,0.668047,0.649036,0.640356,0.660050,0.928969,0.930133,0.945602,0.871325,0.733738,0.905316,spectrum_fno48_floor6_smooth1_qc_peak4
run18_sparc_1319,sparc_1319,0.621462,0.676507,0.661470,0.621347,0.672612,0.661403,0.935082,0.938962,0.952790,0.798822,0.873612,0.878611,spectrum_fno48_floor6_smooth1_qc_peak4_fieldloss
run18_sparc_1354,sparc_1354,0.664586,0.644069,0.680045,0.663808,0.642805,0.679645,0.921538,0.922952,0.923435,0.929423,0.833995,0.923214,spectrum_fno48_floor6_smooth1_qc_peak4
run18_sparc_1359,sparc_1359,0.657685,0.701995,0.699506,0.657680,0.698877,0.698210,0.935950,0.934542,0.942777,0.902851,0.814242,0.913625,spectrum_fno48_floor6_smooth1_qc_peak4_fieldloss
run18_sparc_1361,sparc_1361,0.649765,0.685024,0.689269,0.647653,0.682055,0.689229,0.929371,0.929639,0.940251,0.879417,0.794402,0.917304,spectrum_fno48_floor6_smooth1_qc_peak4_fieldloss
run18_sparc_1401,sparc_1401,0.560910,0.730257,0.577791,0.539895,0.646543,0.541741,0.951288,0.957755,0.961977,0.944548,0.879231,0.954755,spectrum_fno48_floor6_smooth1_qc_peak4_fieldloss
run18_sparc_1413,sparc_1413,0.625427,0.625366,0.632215,0.605625,0.601665,0.619261,0.939246,0.940614,0.945845,0.862153,0.755600,0.928261,spectrum_fno48_floor6_smooth1_qc_peak4
run18_sparc_1419,sparc_1419,0.638500,0.662684,0.659463,0.630142,0.660766,0.652315,0.932465,0.932260,0.941784,0.930167,0.746898,0.898793,spectrum_fno48_floor6_smooth1_qc_peak4_fieldloss
run18_sparc_1421,sparc_1421,0.630169,0.652909,0.643812,0.617566,0.648064,0.641717,0.935428,0.940822,0.937122,0.905607,0.761094,0.895363,spectrum_fno48_floor6_smooth1_qc_peak4_fieldloss
run18_sparc_1425,sparc_1425,0.699531,0.715210,0.699554,0.694747,0.692557,0.693042,0.923209,0.928747,0.926024,0.924158,0.657929,0.927893,spectrum_fno48_floor6_smooth1_qc_peak4_fieldloss
run18_sparc_1426,sparc_1426,0.680476,0.720347,0.704465,0.665843,0.701495,0.682249,0.927238,0.925162,0.921165,0.892597,0.806983,0.869290,spectrum_fno48_floor6_smooth1_qc_peak4_fieldloss
run18_sparc_1428,sparc_1428,0.850878,0.780984,0.830426,0.830461,0.777575,0.809079,0.904589,0.880872,0.903021,0.913265,0.949407,0.938188,spectrum_fno48_floor6_smooth1_qc_peak4
run18_sparc_1440,sparc_1440,0.824109,1.023299,0.934754,0.746398,0.822641,0.780916,0.929424,0.932088,0.927552,0.894529,0.899543,0.938078,spectrum_fno48_floor6_smooth1_qc_peak4_fieldloss
run18_sparc_1441,sparc_1441,0.808353,1.029775,0.915985,0.744136,0.822384,0.781155,0.927654,0.931974,0.928004,0.891930,0.899979,0.934354,spectrum_fno48_floor6_smooth1_qc_peak4_fieldloss
run18_sparc_1522,sparc_1522,0.627534,0.639817,0.638324,0.626633,0.637818,0.636927,0.922767,0.927951,0.925237,0.829285,0.699777,0.874996,spectrum_fno48_floor6_smooth1_qc_peak4_fieldloss
run18_sparc_1530,sparc_1530,0.670333,0.968114,0.693006,0.612432,0.737642,0.633069,0.838138,0.894953,0.874455,0.931961,0.926179,0.934508,spectrum_fno48_floor6_smooth1_qc_peak4_fieldloss
run19_sparc_1305,sparc_1305,0.705994,0.956653,0.786345,0.635206,0.743362,0.651063,0.890273,0.891589,0.920340,0.885291,0.659571,0.873305,spectrum_fno48_floor6_smooth1_qc_peak4_fieldloss
run19_sparc_1306,sparc_1306,1.312301,1.170554,1.412565,0.900463,0.905638,0.918170,0.863833,0.872170,0.902769,0.934269,0.914307,0.940082,spectrum_fno48_floor6_smooth1_qc_peak4
run19_sparc_1315,sparc_1315,0.495091,0.544769,0.524595,0.474058,0.512789,0.490751,0.927429,0.928409,0.943159,0.923852,0.665742,0.928929,spectrum_fno48_floor6_smooth1_qc_peak4_fieldloss
run19_sparc_1317,sparc_1317,0.486541,0.547086,0.497847,0.479653,0.546917,0.492748,0.931734,0.928350,0.945021,0.900636,0.636797,0.913605,spectrum_fno48_floor6_smooth1_qc_peak4_fieldloss
run19_sparc_1319,sparc_1319,0.476884,0.553245,0.483128,0.476007,0.540923,0.481939,0.926284,0.924516,0.948231,0.906831,0.761883,0.954697,spectrum_fno48_floor6_smooth1_qc_peak4_fieldloss
run19_sparc_1352,sparc_1352,0.488657,0.534628,0.536998,0.479905,0.516852,0.502966,0.920261,0.919911,0.905495,0.906165,0.690079,0.953017,spectrum_fno48_floor6_smooth1_qc_peak4_fieldloss
run19_sparc_1360,sparc_1360,0.433915,0.535155,0.444241,0.433902,0.521605,0.443742,0.911157,0.911954,0.917524,0.892237,0.887777,0.919002,spectrum_fno48_floor6_smooth1_qc_peak4_fieldloss
run19_sparc_1364,sparc_1364,0.476126,0.612515,0.530107,0.474458,0.603338,0.518779,0.888677,0.889718,0.880169,0.914551,0.885920,0.963429,spectrum_fno48_floor6_smooth1_qc_peak4_fieldloss
run19_sparc_1406,sparc_1406,0.800074,0.891070,0.841932,0.683857,0.762138,0.707108,0.919901,0.923567,0.907063,0.864032,0.591414,0.941007,spectrum_fno48_floor6_smooth1_qc_peak4_fieldloss
run19_sparc_1416,sparc_1416,0.500318,0.629439,0.523600,0.490153,0.560562,0.505108,0.922883,0.926319,0.915483,0.960871,0.626462,0.930788,spectrum_fno48_floor6_smooth1_qc_peak4_fieldloss
run19_sparc_1417,sparc_1417,0.488673,0.597696,0.499860,0.481715,0.565113,0.490894,0.918122,0.922288,0.917085,0.952148,0.723439,0.875527,spectrum_fno48_floor6_smooth1_qc_peak4_fieldloss
run19_sparc_1428,sparc_1428,0.607846,0.743874,0.632704,0.595439,0.706638,0.618903,0.904583,0.900915,0.896972,0.952472,0.870475,0.955860,spectrum_fno48_floor6_smooth1_qc_peak4_fieldloss
run19_sparc_1440,sparc_1440,0.764103,0.892386,0.731159,0.667268,0.749523,0.664801,0.888868,0.897549,0.961654,0.831198,0.694497,0.838732,spectrum_fno48_floor6_smooth1_qc_peak4_fieldloss_geom
run19_sparc_1503,sparc_1503,0.986046,1.167190,0.738295,0.603966,0.786042,0.517815,0.904188,0.921151,0.929792,0.897458,0.736353,0.924069,spectrum_fno48_floor6_smooth1_qc_peak4_fieldloss_geom
run19_sparc_1505,sparc_1505,0.641164,0.763050,0.685001,0.641107,0.726968,0.667909,0.844825,0.869009,0.874357,0.967797,0.908451,0.968920,spectrum_fno48_floor6_smooth1_qc_peak4_fieldloss
run19_sparc_1511,sparc_1511,0.510442,0.534092,0.518918,0.510409,0.532487,0.515429,0.938128,0.936148,0.961539,0.889564,0.636808,0.896852,spectrum_fno48_floor6_smooth1_qc_peak4_fieldloss
run19_sparc_1514,sparc_1514,0.489862,0.542292,0.504709,0.487160,0.535671,0.497331,0.923698,0.931073,0.938131,0.915359,0.571976,0.940515,spectrum_fno48_floor6_smooth1_qc_peak4_fieldloss
run19_sparc_1517,sparc_1517,0.489257,0.610397,0.496458,0.474159,0.558782,0.478516,0.926280,0.927178,0.935816,0.908727,0.861561,0.963429,spectrum_fno48_floor6_smooth1_qc_peak4_fieldloss
run19_sparc_1522,sparc_1522,0.595132,0.662247,0.718717,0.592112,0.633275,0.683568,0.926883,0.930248,0.912990,0.761226,0.833030,0.904552,spectrum_fno48_floor6_smooth1_qc_peak4_fieldloss
run19_sparc_1530,sparc_1530,0.665030,0.484114,0.635210,0.650263,0.466716,0.601957,0.765987,0.896457,0.794856,0.996578,0.995142,0.996884,spectrum_fno48_floor6_smooth1_qc_peak4
run1_sparc_1300,sparc_1300,0.249317,0.429005,0.241523,0.249315,0.345733,0.239629,0.993104,0.995935,0.996419,0.803309,0.574283,0.909935,spectrum_fno48_floor6_smooth1_qc_peak4_fieldloss_geom
run1_sparc_1303,sparc_1303,0.567400,0.561462,0.552874,0.562926,0.561177,0.552751,0.923896,0.924064,0.919890,0.881971,0.801846,0.871782,spectrum_fno48_floor6_smooth1_qc_peak4_fieldloss_geom
run1_sparc_1308,sparc_1308,0.533716,0.704324,0.649840,0.528940,0.664347,0.641421,0.858399,0.817039,0.757041,0.882597,0.959942,0.971229,spectrum_fno48_floor6_smooth1_qc_peak4_fieldloss
run1_sparc_1310,sparc_1310,0.528890,0.550829,0.547175,0.527673,0.546704,0.543856,0.929795,0.924383,0.944606,0.921498,0.788491,0.886780,spectrum_fno48_floor6_smooth1_qc_peak4_fieldloss
run1_sparc_1313,sparc_1313,0.543165,0.532411,0.563657,0.533172,0.518153,0.543540,0.933789,0.931157,0.954179,0.915473,0.816966,0.864320,spectrum_fno48_floor6_smooth1_qc_peak4
run1_sparc_1315,sparc_1315,0.532864,0.524923,0.544477,0.532770,0.517725,0.540775,0.931725,0.931381,0.935484,0.847304,0.776252,0.964238,spectrum_fno48_floor6_smooth1_qc_peak4
run1_sparc_1318,sparc_1318,0.504442,0.550603,0.522809,0.488638,0.520847,0.502978,0.939468,0.938634,0.962752,0.876832,0.846640,0.903804,spectrum_fno48_floor6_smooth1_qc_peak4_fieldloss
run1_sparc_1349,sparc_1349,0.531658,0.594851,0.559161,0.525599,0.579318,0.540675,0.923130,0.923415,0.911231,0.869767,0.912410,0.938951,spectrum_fno48_floor6_smooth1_qc_peak4_fieldloss
run1_sparc_1350,sparc_1350,0.543165,0.532411,0.563657,0.533172,0.518153,0.543540,0.933789,0.931157,0.954179,0.915473,0.816966,0.864320,spectrum_fno48_floor6_smooth1_qc_peak4
run1_sparc_1353,sparc_1353,0.570731,0.651563,0.600629,0.531886,0.597103,0.550759,0.917168,0.915832,0.904882,0.847168,0.918177,0.926886,spectrum_fno48_floor6_smooth1_qc_peak4_fieldloss
run1_sparc_1359,sparc_1359,0.556557,0.599155,0.559835,0.556054,0.585628,0.557581,0.912809,0.916736,0.907185,0.929072,0.840841,0.899511,spectrum_fno48_floor6_smooth1_qc_peak4_fieldloss
run1_sparc_1361,sparc_1361,0.541128,0.585629,0.551146,0.539985,0.566498,0.546038,0.926883,0.924209,0.917672,0.862198,0.729369,0.875026,spectrum_fno48_floor6_smooth1_qc_peak4_fieldloss
run1_sparc_1363,sparc_1363,0.617381,0.743822,0.742607,0.597809,0.706981,0.695525,0.917093,0.915926,0.902838,0.848904,0.907512,0.907317,spectrum_fno48_floor6_smooth1_qc_peak4_fieldloss
run1_sparc_1365,sparc_1365,0.609040,0.619999,0.565297,0.602738,0.610751,0.564700,0.924330,0.927633,0.919051,0.908631,0.830460,0.781519,spectrum_fno48_floor6_smooth1_qc_peak4_fieldloss_geom
run1_sparc_1400,sparc_1400,0.369225,0.426875,0.294216,0.332627,0.369284,0.294113,0.992752,0.994406,0.993238,0.878752,0.778763,0.966721,spectrum_fno48_floor6_smooth1_qc_peak4_fieldloss_geom
run1_sparc_1401,sparc_1401,0.962386,1.015739,1.231484,0.863239,0.895587,0.990086,0.811129,0.824943,0.697741,0.984430,0.984653,0.985615,spectrum_fno48_floor6_smooth1_qc_peak4_fieldloss
run1_sparc_1403,sparc_1403,0.571822,0.553745,0.544335,0.563865,0.551212,0.540008,0.931831,0.934070,0.950895,0.914660,0.719735,0.907343,spectrum_fno48_floor6_smooth1_qc_peak4_fieldloss_geom
run1_sparc_1411,sparc_1411,0.581646,0.576298,0.578667,0.571506,0.565799,0.564156,0.924008,0.925077,0.923206,0.909829,0.895368,0.886223,spectrum_fno48_floor6_smooth1_qc_peak4
run1_sparc_1414,sparc_1414,0.554127,0.604112,0.558047,0.549629,0.590333,0.548810,0.932443,0.933878,0.937514,0.951983,0.831560,0.955759,spectrum_fno48_floor6_smooth1_qc_peak4_fieldloss
run1_sparc_1422,sparc_1422,0.717310,0.728913,0.775893,0.692121,0.707271,0.751506,0.906134,0.914488,0.907500,0.888361,0.872564,0.901942,spectrum_fno48_floor6_smooth1_qc_peak4_fieldloss
run1_sparc_1423,sparc_1423,0.643241,0.712288,0.648627,0.640139,0.687188,0.636981,0.884610,0.884980,0.889144,0.927120,0.792584,0.898546,spectrum_fno48_floor6_smooth1_qc_peak4_fieldloss
run1_sparc_1507,sparc_1507,0.515017,0.559860,0.519018,0.514853,0.559492,0.516961,0.919658,0.921240,0.927726,0.886169,0.852602,0.950584,spectrum_fno48_floor6_smooth1_qc_peak4_fieldloss
run1_sparc_1511,sparc_1511,0.598202,0.612789,0.606871,0.581254,0.590952,0.589353,0.918784,0.918086,0.910279,0.895452,0.840838,0.906961,spectrum_fno48_floor6_smooth1_qc_peak4_fieldloss
run1_sparc_1519,sparc_1519,0.523794,0.539927,0.594325,0.523707,0.539919,0.573231,0.903740,0.909434,0.899811,0.902113,0.748777,0.960250,spectrum_fno48_floor6_smooth1_qc_peak4_fieldloss
run1_sparc_1523,sparc_1523,0.887118,0.887050,0.946305,0.832010,0.843489,0.860015,0.791500,0.767740,0.728269,0.914322,0.805686,0.929778,spectrum_fno48_floor6_smooth1_qc_peak4
run1_sparc_1524,sparc_1524,1.003447,0.987003,0.972314,0.822418,0.816901,0.811085,0.866186,0.858860,0.848746,0.924027,0.866388,0.943098,spectrum_fno48_floor6_smooth1_qc_peak4_fieldloss_geom
run1_sparc_1526,sparc_1526,0.680618,0.699236,0.705845,0.680522,0.698518,0.705709,0.879883,0.868751,0.866180,0.973875,0.941031,0.979464,spectrum_fno48_floor6_smooth1_qc_peak4_fieldloss
run1_sparc_1527,sparc_1527,0.541420,0.574234,0.567056,0.541394,0.567404,0.566114,0.923241,0.925545,0.911757,0.924411,0.834637,0.940538,spectrum_fno48_floor6_smooth1_qc_peak4_fieldloss
run20_sparc_1302,sparc_1302,0.578910,0.714250,0.756956,0.572437,0.630281,0.693745,0.905276,0.910286,0.858495,0.961508,0.939536,0.977603,spectrum_fno48_floor6_smooth1_qc_peak4_fieldloss
run20_sparc_1304,sparc_1304,0.662678,0.713749,0.693447,0.606800,0.606011,0.617526,0.906655,0.918407,0.902612,0.951138,0.906123,0.964183,spectrum_fno48_floor6_smooth1_qc_peak4_fieldloss
run20_sparc_1311,sparc_1311,0.595729,0.632968,0.621209,0.590071,0.629437,0.607334,0.921954,0.926903,0.941466,0.934808,0.651940,0.862328,spectrum_fno48_floor6_smooth1_qc_peak4_fieldloss
run20_sparc_1315,sparc_1315,0.627366,0.638570,0.636966,0.585699,0.591797,0.588343,0.925454,0.926983,0.926964,0.890308,0.846138,0.874806,spectrum_fno48_floor6_smooth1_qc_peak4_fieldloss
run20_sparc_1317,sparc_1317,0.528437,0.586552,0.539062,0.522665,0.569600,0.530553,0.928542,0.931148,0.941814,0.907156,0.853381,0.884447,spectrum_fno48_floor6_smooth1_qc_peak4_fieldloss
run20_sparc_1319,sparc_1319,0.534364,0.600687,0.533118,0.528607,0.585150,0.529679,0.919996,0.927066,0.946695,0.907124,0.876693,0.872699,spectrum_fno48_floor6_smooth1_qc_peak4_fieldloss_geom
run20_sparc_1403,sparc_1403,0.570436,0.591039,0.559150,0.557487,0.582439,0.551607,0.928205,0.931690,0.950442,0.970762,0.899892,0.959680,spectrum_fno48_floor6_smooth1_qc_peak4_fieldloss_geom
run20_sparc_1405,sparc_1405,0.508281,0.614894,0.517197,0.504766,0.583493,0.512526,0.895966,0.877994,0.878845,0.931519,0.884957,0.900010,spectrum_fno48_floor6_smooth1_qc_peak4_fieldloss
run20_sparc_1408,sparc_1408,0.532885,0.646234,0.526988,0.532850,0.642189,0.526861,0.903348,0.910593,0.916419,0.929664,0.901981,0.953011,spectrum_fno48_floor6_smooth1_qc_peak4_fieldloss_geom
run20_sparc_1411,sparc_1411,0.593444,0.617501,0.603747,0.590392,0.613791,0.597963,0.922408,0.926892,0.944998,0.896970,0.753434,0.920792,spectrum_fno48_floor6_smooth1_qc_peak4_fieldloss
run20_sparc_1412,sparc_1412,0.576643,0.616870,0.564612,0.571637,0.602166,0.555034,0.931971,0.929535,0.956265,0.870573,0.817145,0.836408,spectrum_fno48_floor6_smooth1_qc_peak4_fieldloss_geom
run20_sparc_1419,sparc_1419,0.475653,0.639876,0.542852,0.459100,0.569001,0.497009,0.893079,0.901699,0.895133,0.898902,0.919455,0.869814,spectrum_fno48_floor6_smooth1_qc_peak4_fieldloss
run20_sparc_1421,sparc_1421,0.589424,0.610868,0.604482,0.571286,0.597956,0.582017,0.917277,0.918197,0.916634,0.871639,0.834371,0.930550,spectrum_fno48_floor6_smooth1_qc_peak4_fieldloss
run20_sparc_1502,sparc_1502,0.602001,0.587400,0.647483,0.570962,0.586090,0.632532,0.918657,0.913969,0.907177,0.880881,0.851392,0.954585,spectrum_fno48_floor6_smooth1_qc_peak4
run20_sparc_1510,sparc_1510,0.645967,0.661260,0.644726,0.611021,0.631317,0.621169,0.919646,0.926222,0.941006,0.892127,0.794291,0.874644,spectrum_fno48_floor6_smooth1_qc_peak4_fieldloss_geom
run20_sparc_1520,sparc_1520,0.527385,0.585945,0.548991,0.527285,0.581875,0.548873,0.911065,0.918388,0.920872,0.814976,0.921005,0.889040,spectrum_fno48_floor6_smooth1_qc_peak4_fieldloss
run20_sparc_1522,sparc_1522,0.642133,0.717538,0.742319,0.618181,0.676847,0.697433,0.909588,0.919052,0.906442,0.873719,0.853729,0.890426,spectrum_fno48_floor6_smooth1_qc_peak4_fieldloss
run20_sparc_1523,sparc_1523,0.842756,0.767641,0.839838,0.757150,0.742929,0.794910,0.887106,0.895508,0.873614,0.882776,0.839220,0.894840,spectrum_fno48_floor6_smooth1_qc_peak4
run21_sparc_1303,sparc_1303,0.598808,0.628694,0.641317,0.598258,0.624977,0.640513,0.926152,0.933080,0.925029,0.939793,0.911501,0.955826,spectrum_fno48_floor6_smooth1_qc_peak4_fieldloss
run21_sparc_1306,sparc_1306,0.676235,0.699866,0.662222,0.675357,0.699853,0.661732,0.878319,0.896070,0.883226,0.948221,0.958875,0.951415,spectrum_fno48_floor6_smooth1_qc_peak4_fieldloss_geom
run21_sparc_1307,sparc_1307,1.309791,1.523670,1.314896,0.888388,0.866856,0.784259,0.655798,0.678170,0.600961,0.983665,0.982361,0.980259,spectrum_fno48_floor6_smooth1_qc_peak4_fieldloss
run21_sparc_1308,sparc_1308,1.271153,1.356049,1.140096,0.892589,0.874693,0.844939,0.641844,0.661814,0.562931,0.975965,0.971036,0.978652,spectrum_fno48_floor6_smooth1_qc_peak4_fieldloss_geom
run21_sparc_1311,sparc_1311,0.656415,0.751556,0.661392,0.614340,0.677700,0.606754,0.886829,0.886920,0.913203,0.918615,0.660030,0.942904,spectrum_fno48_floor6_smooth1_qc_peak4_fieldloss
run21_sparc_1351,sparc_1351,0.578296,0.652461,0.606979,0.576521,0.647458,0.600510,0.902265,0.896428,0.875056,0.929879,0.856142,0.937945,spectrum_fno48_floor6_smooth1_qc_peak4_fieldloss
run21_sparc_1353,sparc_1353,0.597633,0.665895,0.570398,0.588576,0.643532,0.559580,0.907068,0.908434,0.896782,0.909829,0.914881,0.937746,spectrum_fno48_floor6_smooth1_qc_peak4_fieldloss_geom
run21_sparc_1362,sparc_1362,0.597133,0.710851,0.621631,0.551368,0.626400,0.583971,0.907661,0.909701,0.900796,0.938727,0.881884,0.889967,spectrum_fno48_floor6_smooth1_qc_peak4_fieldloss
run21_sparc_1403,sparc_1403,0.585918,0.632715,0.565157,0.585446,0.631960,0.564448,0.927388,0.932796,0.952001,0.927980,0.911055,0.958136,spectrum_fno48_floor6_smooth1_qc_peak4_fieldloss_geom
run21_sparc_1404,sparc_1404,0.570163,0.674309,0.569106,0.567808,0.622569,0.567302,0.923616,0.928974,0.919969,0.941186,0.898420,0.917217,spectrum_fno48_floor6_smooth1_qc_peak4_fieldloss_geom
run21_sparc_1406,sparc_1406,0.536162,0.590536,0.544957,0.535257,0.586056,0.544854,0.930164,0.934972,0.931862,0.925047,0.877366,0.919947,spectrum_fno48_floor6_smooth1_qc_peak4_fieldloss
run21_sparc_1412,sparc_1412,0.634614,0.730104,0.655769,0.593517,0.651378,0.592418,0.919893,0.918602,0.939062,0.913414,0.620719,0.892824,spectrum_fno48_floor6_smooth1_qc_peak4_fieldloss
run21_sparc_1417,sparc_1417,0.616459,0.743598,0.560279,0.581862,0.714964,0.551821,0.925433,0.918397,0.912686,0.932354,0.721205,0.898062,spectrum_fno48_floor6_smooth1_qc_peak4_fieldloss_geom
run21_sparc_1426,sparc_1426,0.617190,0.661754,0.626161,0.616369,0.661456,0.625134,0.913171,0.909815,0.895988,0.957604,0.955863,0.967046,spectrum_fno48_floor6_smooth1_qc_peak4_fieldloss
run21_sparc_1429,sparc_1429,0.728604,0.870785,0.766737,0.686865,0.749468,0.695099,0.898466,0.878841,0.900059,0.948411,0.933987,0.955029,spectrum_fno48_floor6_smooth1_qc_peak4_fieldloss
run21_sparc_1430,sparc_1430,0.904007,0.866140,0.738623,0.884372,0.837805,0.735686,0.806841,0.876956,0.892900,0.992242,0.983861,0.981054,spectrum_fno48_floor6_smooth1_qc_peak4_fieldloss_geom
run21_sparc_1507,sparc_1507,0.653367,0.704181,0.671771,0.653251,0.687655,0.648961,0.900878,0.911246,0.912744,0.966167,0.909143,0.966740,spectrum_fno48_floor6_smooth1_qc_peak4_fieldloss
run21_sparc_1516,sparc_1516,0.573825,0.710961,0.600581,0.566937,0.674813,0.573545,0.924529,0.916831,0.915105,0.843269,0.711781,0.915702,spectrum_fno48_floor6_smooth1_qc_peak4_fieldloss
run21_sparc_1517,sparc_1517,0.550514,0.675103,0.564319,0.543610,0.660897,0.551031,0.911182,0.892758,0.912011,0.902812,0.756328,0.927545,spectrum_fno48_floor6_smooth1_qc_peak4_fieldloss
run21_sparc_1524,sparc_1524,2.191402,1.541736,2.282676,0.991883,0.992489,0.964925,-0.644257,-0.123010,0.311449,0.983633,0.982654,0.981095,spectrum_fno48_floor6_smooth1_qc_peak4
run21_sparc_1526,sparc_1526,0.685256,0.694888,0.727775,0.675533,0.670337,0.723907,0.905069,0.909023,0.878253,0.963037,0.945828,0.973203,spectrum_fno48_floor6_smooth1_qc_peak4_fieldloss
run22_sparc_1300,sparc_1300,0.377777,0.552899,0.294019,0.372485,0.552584,0.283415,0.986100,0.991364,0.993917,0.729775,0.756765,0.796743,spectrum_fno48_floor6_smooth1_qc_peak4_fieldloss_geom
run22_sparc_1305,sparc_1305,0.727288,0.720105,0.714825,0.690346,0.691397,0.677794,0.890827,0.919909,0.917584,0.969796,0.938257,0.967561,spectrum_fno48_floor6_smooth1_qc_peak4_fieldloss_geom
run22_sparc_1310,sparc_1310,0.634841,0.946350,0.695234,0.633193,0.945249,0.685299,0.900078,0.838512,0.706074,0.847090,0.251419,0.950759,spectrum_fno48_floor6_smooth1_qc_peak4_fieldloss
run22_sparc_1319,sparc_1319,0.600051,0.893715,0.618687,0.589821,0.829023,0.603401,0.912488,0.884407,0.944657,0.785279,0.736432,0.876770,spectrum_fno48_floor6_smooth1_qc_peak4_fieldloss
run22_sparc_1351,sparc_1351,0.802965,0.986869,0.599516,0.784364,0.977276,0.598745,0.778012,0.468609,0.868713,0.681178,0.250863,0.983946,spectrum_fno48_floor6_smooth1_qc_peak4_fieldloss_geom
run22_sparc_1354,sparc_1354,1.064793,1.166704,1.076510,0.981402,0.998258,0.988815,0.842781,0.774175,0.847879,0.980287,0.888446,0.989239,spectrum_fno48_floor6_smooth1_qc_peak4_fieldloss
run22_sparc_1360,sparc_1360,0.499262,0.824817,0.485003,0.496460,0.772814,0.484948,0.893313,0.864697,0.901997,0.901297,0.940194,0.957138,spectrum_fno48_floor6_smooth1_qc_peak4_fieldloss_geom
run22_sparc_1363,sparc_1363,0.593348,1.003230,0.570502,0.563754,0.867518,0.551285,0.884224,0.870352,0.902896,0.908289,0.845648,0.858976,spectrum_fno48_floor6_smooth1_qc_peak4_fieldloss_geom
run22_sparc_1402,sparc_1402,0.687631,0.785939,0.752296,0.682262,0.730991,0.690884,0.873997,0.870675,0.881981,0.891017,0.851777,0.916642,spectrum_fno48_floor6_smooth1_qc_peak4_fieldloss
run22_sparc_1409,sparc_1409,0.589763,0.964762,0.614339,0.565663,0.964751,0.595193,0.868522,0.871701,0.904131,0.835371,0.252120,0.929106,spectrum_fno48_floor6_smooth1_qc_peak4_fieldloss
run22_sparc_1414,sparc_1414,0.588649,0.942209,0.547023,0.522154,0.939841,0.527854,0.896175,0.859027,0.941629,0.681532,0.250829,0.883709,spectrum_fno48_floor6_smooth1_qc_peak4_fieldloss_geom
run22_sparc_1426,sparc_1426,1.216729,1.396997,1.163447,0.838466,0.881394,0.868486,0.866162,0.861194,0.860721,0.898080,0.592226,0.931326,spectrum_fno48_floor6_smooth1_qc_peak4_fieldloss_geom
run22_sparc_1428,sparc_1428,0.816428,0.990967,1.071446,0.705082,0.911326,0.797272,0.388667,0.318033,0.444777,0.982453,0.908032,0.984980,spectrum_fno48_floor6_smooth1_qc_peak4_fieldloss
run22_sparc_1502,sparc_1502,0.692996,0.784637,0.763552,0.688277,0.731532,0.698598,0.880363,0.878160,0.884549,0.887619,0.817641,0.895773,spectrum_fno48_floor6_smooth1_qc_peak4_fieldloss
run22_sparc_1505,sparc_1505,0.770662,0.801941,0.742162,0.739884,0.747530,0.729922,0.925435,0.913731,0.925396,0.941215,0.867446,0.926554,spectrum_fno48_floor6_smooth1_qc_peak4_fieldloss_geom
run22_sparc_1506,sparc_1506,0.963466,0.922024,1.013162,0.727220,0.721990,0.731739,0.885579,0.926885,0.928767,0.947567,0.881618,0.945154,spectrum_fno48_floor6_smooth1_qc_peak4
run22_sparc_1511,sparc_1511,0.600714,0.959793,0.600626,0.564739,0.959554,0.580373,0.914829,0.904864,0.961986,0.635653,0.250866,0.906247,spectrum_fno48_floor6_smooth1_qc_peak4_fieldloss_geom
run22_sparc_1519,sparc_1519,1.288109,1.353127,0.824447,0.870332,0.899318,0.735066,0.730520,0.789491,0.823567,0.987561,0.982443,0.984638,spectrum_fno48_floor6_smooth1_qc_peak4_fieldloss_geom
run22_sparc_1521,sparc_1521,0.652423,0.804003,0.575300,0.651243,0.770930,0.561992,0.780342,0.821728,0.841916,0.978404,0.960306,0.981577,spectrum_fno48_floor6_smooth1_qc_peak4_fieldloss_geom
run22_sparc_1524,sparc_1524,1.895123,1.694401,0.943516,0.991330,0.990872,0.735698,0.098680,-0.006432,0.627454,0.982238,0.982777,0.979989,spectrum_fno48_floor6_smooth1_qc_peak4_fieldloss_geom
run23_sparc_1300,sparc_1300,0.481579,0.538443,0.481574,0.481427,0.521043,0.477824,0.971223,0.982185,0.983173,0.843285,0.782034,0.916784,spectrum_fno48_floor6_smooth1_qc_peak4_fieldloss_geom
run23_sparc_1303,sparc_1303,0.563413,0.633340,0.539166,0.561810,0.633109,0.536078,0.921969,0.932694,0.933641,0.949168,0.738247,0.956934,spectrum_fno48_floor6_smooth1_qc_peak4_fieldloss_geom
run23_sparc_1304,sparc_1304,1.626828,1.752862,1.397413,0.966700,0.925439,0.930820,0.893198,0.901657,0.904225,0.955640,0.939635,0.941951,spectrum_fno48_floor6_smooth1_qc_peak4_fieldloss_geom
run23_sparc_1307,sparc_1307,0.747356,0.772135,0.763506,0.676875,0.673748,0.675147,0.927701,0.920150,0.928433,0.907704,0.772964,0.919815,spectrum_fno48_floor6_smooth1_qc_peak4_fieldloss
run23_sparc_1319,sparc_1319,0.643707,0.691364,0.666745,0.640396,0.674343,0.660372,0.933124,0.931886,0.956073,0.833460,0.777471,0.844453,spectrum_fno48_floor6_smooth1_qc_peak4_fieldloss
run23_sparc_1351,sparc_1351,0.646524,0.641434,0.656275,0.645310,0.639617,0.656271,0.927665,0.931857,0.932195,0.912192,0.805514,0.913080,spectrum_fno48_floor6_smooth1_qc_peak4
run23_sparc_1357,sparc_1357,0.638148,0.649384,0.648526,0.637562,0.649364,0.648310,0.928624,0.926472,0.940792,0.827557,0.659446,0.904833,spectrum_fno48_floor6_smooth1_qc_peak4_fieldloss
run23_sparc_1364,sparc_1364,0.720278,0.789229,0.746490,0.711134,0.750538,0.735801,0.919370,0.918196,0.913159,0.908371,0.774563,0.932446,spectrum_fno48_floor6_smooth1_qc_peak4_fieldloss
run23_sparc_1365,sparc_1365,0.630663,0.674475,0.668911,0.620719,0.651126,0.650163,0.924198,0.923049,0.928886,0.932808,0.817996,0.933042,spectrum_fno48_floor6_smooth1_qc_peak4_fieldloss
run23_sparc_1405,sparc_1405,0.843970,0.885315,0.791532,0.772587,0.818854,0.744544,0.929104,0.924880,0.934646,0.895761,0.848572,0.913608,spectrum_fno48_floor6_smooth1_qc_peak4_fieldloss_geom
run23_sparc_1413,sparc_1413,0.652169,0.633927,0.667501,0.639260,0.626011,0.652916,0.943127,0.945402,0.946001,0.906408,0.725727,0.907722,spectrum_fno48_floor6_smooth1_qc_peak4
run23_sparc_1416,sparc_1416,0.621870,0.612941,0.638679,0.620646,0.612211,0.631643,0.932901,0.934413,0.935079,0.895940,0.731886,0.915270,spectrum_fno48_floor6_smooth1_qc_peak4
run23_sparc_1417,sparc_1417,0.666185,0.658823,0.677892,0.650741,0.653501,0.666904,0.927300,0.926884,0.932941,0.892203,0.779051,0.898504,spectrum_fno48_floor6_smooth1_qc_peak4
run23_sparc_1423,sparc_1423,0.669864,0.787505,0.742569,0.663753,0.736091,0.729933,0.929738,0.928839,0.919471,0.900041,0.692565,0.914186,spectrum_fno48_floor6_smooth1_qc_peak4_fieldloss
run23_sparc_1424,sparc_1424,0.655578,0.747934,0.765959,0.655570,0.733780,0.733106,0.920937,0.918621,0.915769,0.762324,0.562145,0.868979,spectrum_fno48_floor6_smooth1_qc_peak4_fieldloss
run23_sparc_1430,sparc_1430,1.028270,1.034958,0.928764,0.771906,0.788872,0.773978,0.567778,0.655796,0.562089,0.958657,0.899184,0.974379,spectrum_fno48_floor6_smooth1_qc_peak4_fieldloss_geom
run23_sparc_1440,sparc_1440,0.791549,1.039880,0.770243,0.715379,0.817678,0.722005,0.936189,0.937346,0.966437,0.863953,0.854063,0.855147,spectrum_fno48_floor6_smooth1_qc_peak4_fieldloss_geom
run23_sparc_1500,sparc_1500,0.434400,0.506334,0.442023,0.433373,0.479734,0.426212,0.978192,0.986053,0.986704,0.759983,0.756901,0.950634,spectrum_fno48_floor6_smooth1_qc_peak4_fieldloss
run23_sparc_1515,sparc_1515,0.647177,0.632605,0.657573,0.644171,0.631712,0.655507,0.930746,0.931557,0.932196,0.937075,0.808504,0.922594,spectrum_fno48_floor6_smooth1_qc_peak4
run23_sparc_1517,sparc_1517,0.619948,0.623221,0.633231,0.618959,0.623193,0.631846,0.927023,0.928465,0.932269,0.868620,0.778354,0.902469,spectrum_fno48_floor6_smooth1_qc_peak4_fieldloss
run23_sparc_1519,sparc_1519,0.639919,0.655399,0.653155,0.639894,0.654515,0.652776,0.930423,0.931871,0.937041,0.879375,0.687327,0.931268,spectrum_fno48_floor6_smooth1_qc_peak4_fieldloss
run23_sparc_1521,sparc_1521,0.653955,0.682243,0.673734,0.647884,0.679683,0.669611,0.934831,0.934562,0.940891,0.892203,0.754592,0.911174,spectrum_fno48_floor6_smooth1_qc_peak4_fieldloss
run23_sparc_1528,sparc_1528,0.884696,0.888812,0.777939,0.783379,0.751667,0.730613,0.909280,0.925257,0.925243,0.924747,0.819811,0.962117,spectrum_fno48_floor6_smooth1_qc_peak4_fieldloss_geom
run23_sparc_1530,sparc_1530,0.695877,0.911320,0.960045,0.654526,0.787215,0.756080,0.804405,0.882948,0.829200,0.966859,0.924157,0.924057,spectrum_fno48_floor6_smooth1_qc_peak4_fieldloss
run24_sparc_1306,sparc_1306,1.304074,1.733457,1.383249,0.879988,0.928559,0.889695,0.843310,0.865690,0.865935,0.951892,0.909676,0.945190,spectrum_fno48_floor6_smooth1_qc_peak4_fieldloss
run24_sparc_1307,sparc_1307,0.944846,1.045107,0.971568,0.818907,0.837543,0.796487,0.882398,0.883671,0.886358,0.935187,0.943137,0.983242,spectrum_fno48_floor6_smooth1_qc_peak4_fieldloss
run24_sparc_1308,sparc_1308,1.042545,1.006025,1.028146,0.832429,0.849725,0.830598,0.866960,0.853205,0.861704,0.948159,0.950191,0.986315,spectrum_fno48_floor6_smooth1_qc_peak4
run24_sparc_1314,sparc_1314,0.502819,0.674550,0.511091,0.498746,0.627604,0.501773,0.910512,0.910676,0.958050,0.874851,0.703592,0.916527,spectrum_fno48_floor6_smooth1_qc_peak4_fieldloss
run24_sparc_1317,sparc_1317,0.462809,0.737453,0.499654,0.461752,0.649990,0.489376,0.913941,0.915471,0.935050,0.818340,0.745517,0.931407,spectrum_fno48_floor6_smooth1_qc_peak4_fieldloss
run24_sparc_1351,sparc_1351,0.513495,0.724417,0.527973,0.503512,0.630985,0.512776,0.907864,0.908329,0.897432,0.855115,0.774382,0.945249,spectrum_fno48_floor6_smooth1_qc_peak4_fieldloss
run24_sparc_1362,sparc_1362,0.440341,0.615546,0.443350,0.439543,0.596732,0.443342,0.885594,0.889594,0.876283,0.900318,0.832017,0.957784,spectrum_fno48_floor6_smooth1_qc_peak4_fieldloss
run24_sparc_1404,sparc_1404,0.995001,1.526345,1.337786,0.792346,0.884711,0.859330,0.912556,0.900577,0.909061,0.885160,0.687136,0.964729,spectrum_fno48_floor6_smooth1_qc_peak4_fieldloss
run24_sparc_1409,sparc_1409,0.703086,0.797510,0.695311,0.695568,0.775066,0.691135,0.886914,0.881726,0.869667,0.921951,0.826437,0.955405,spectrum_fno48_floor6_smooth1_qc_peak4_fieldloss_geom
run24_sparc_1412,sparc_1412,0.482865,0.763393,0.500282,0.476691,0.636057,0.484214,0.890373,0.907933,0.911378,0.884119,0.733202,0.916554,spectrum_fno48_floor6_smooth1_qc_peak4_fieldloss
run24_sparc_1414,sparc_1414,0.480460,0.692948,0.485219,0.478120,0.613975,0.478445,0.898571,0.913391,0.927229,0.919558,0.748077,0.923968,spectrum_fno48_floor6_smooth1_qc_peak4_fieldloss
run24_sparc_1416,sparc_1416,0.462996,0.663993,0.469623,0.462328,0.631949,0.469480,0.908831,0.925643,0.943081,0.908919,0.817212,0.929388,spectrum_fno48_floor6_smooth1_qc_peak4_fieldloss
run24_sparc_1424,sparc_1424,1.025817,1.211239,0.921211,0.828055,0.882710,0.801827,0.830008,0.859133,0.889069,0.835513,0.708618,0.961297,spectrum_fno48_floor6_smooth1_qc_peak4_fieldloss_geom
run24_sparc_1425,sparc_1425,1.719884,2.154954,1.442079,0.920716,0.951678,0.918103,0.742185,0.703869,0.723519,0.962349,0.824445,0.981931,spectrum_fno48_floor6_smooth1_qc_peak4_fieldloss_geom
run24_sparc_1426,sparc_1426,0.710013,1.092858,0.761749,0.694623,0.833415,0.703902,0.759452,0.734600,0.735149,0.984073,0.977765,0.987488,spectrum_fno48_floor6_smooth1_qc_peak4_fieldloss
run24_sparc_1504,sparc_1504,0.958895,1.185172,1.516516,0.761781,0.876429,0.862467,0.864141,0.898474,0.860776,0.949118,0.790614,0.957631,spectrum_fno48_floor6_smooth1_qc_peak4_fieldloss
run24_sparc_1505,sparc_1505,1.043312,1.427668,1.351618,0.793552,0.898941,0.867174,0.926768,0.917420,0.920852,0.886934,0.741421,0.929150,spectrum_fno48_floor6_smooth1_qc_peak4_fieldloss
run24_sparc_1509,sparc_1509,0.560848,0.718846,0.543146,0.542411,0.684120,0.534911,0.903817,0.902761,0.902051,0.944493,0.841080,0.976391,spectrum_fno48_floor6_smooth1_qc_peak4_fieldloss_geom
run24_sparc_1512,sparc_1512,0.508267,0.709818,0.532249,0.493821,0.639800,0.501531,0.904316,0.919348,0.952138,0.955279,0.777836,0.953655,spectrum_fno48_floor6_smooth1_qc_peak4_fieldloss
run24_sparc_1513,sparc_1513,0.494174,0.654721,0.494098,0.493683,0.611386,0.494007,0.915181,0.922071,0.936508,0.913790,0.597122,0.925442,spectrum_fno48_floor6_smooth1_qc_peak4_fieldloss_geom
run24_sparc_1523,sparc_1523,0.723857,0.810686,0.938969,0.667495,0.721371,0.786026,0.907532,0.901540,0.885692,0.842238,0.790157,0.894981,spectrum_fno48_floor6_smooth1_qc_peak4_fieldloss
run25_sparc_1302,sparc_1302,0.688475,0.801645,0.752113,0.642316,0.692728,0.685035,0.901796,0.900961,0.932129,0.930608,0.807732,0.947416,spectrum_fno48_floor6_smooth1_qc_peak4_fieldloss
run25_sparc_1307,sparc_1307,0.947809,1.126500,1.012989,0.687721,0.727494,0.681649,0.923981,0.938616,0.946218,0.947625,0.922469,0.966483,spectrum_fno48_floor6_smooth1_qc_peak4_fieldloss
run25_sparc_1316,sparc_1316,0.545622,0.616167,0.559922,0.542071,0.605519,0.553061,0.850539,0.869660,0.843355,0.969482,0.717934,0.957106,spectrum_fno48_floor6_smooth1_qc_peak4_fieldloss
run25_sparc_1349,sparc_1349,0.467817,0.595289,0.480784,0.467611,0.574019,0.478940,0.897041,0.899458,0.903963,0.873670,0.923691,0.949678,spectrum_fno48_floor6_smooth1_qc_peak4_fieldloss
run25_sparc_1350,sparc_1350,0.563644,0.584993,0.565454,0.548585,0.559797,0.550074,0.916411,0.910580,0.966082,0.903038,0.609140,0.816595,spectrum_fno48_floor6_smooth1_qc_peak4_fieldloss
run25_sparc_1351,sparc_1351,0.561204,0.598255,0.580732,0.553226,0.583903,0.564370,0.909649,0.909322,0.906431,0.932514,0.768930,0.924128,spectrum_fno48_floor6_smooth1_qc_peak4_fieldloss
run25_sparc_1356,sparc_1356,0.571480,0.678466,0.575174,0.565418,0.662542,0.570916,0.887594,0.894800,0.918047,0.903038,0.823494,0.896099,spectrum_fno48_floor6_smooth1_qc_peak4_fieldloss
run25_sparc_1358,sparc_1358,0.486069,0.580822,0.500415,0.482304,0.568339,0.491186,0.881281,0.898395,0.899823,0.915662,0.908934,0.925190,spectrum_fno48_floor6_smooth1_qc_peak4_fieldloss
run25_sparc_1359,sparc_1359,0.475219,0.601712,0.484012,0.475053,0.588329,0.483773,0.906998,0.909392,0.911959,0.913071,0.921153,0.943995,spectrum_fno48_floor6_smooth1_qc_peak4_fieldloss
run25_sparc_1360,sparc_1360,0.469834,0.605342,0.482502,0.468860,0.590807,0.478697,0.894412,0.899443,0.902980,0.886741,0.932974,0.925933,spectrum_fno48_floor6_smooth1_qc_peak4_fieldloss
run25_sparc_1365,sparc_1365,0.478109,0.579449,0.487504,0.478109,0.571300,0.487138,0.906645,0.906290,0.918852,0.892609,0.905469,0.942195,spectrum_fno48_floor6_smooth1_qc_peak4_fieldloss
run25_sparc_1400,sparc_1400,0.530933,0.518761,0.452767,0.523663,0.514390,0.437598,0.984286,0.992453,0.992127,0.910428,0.759165,0.910079,spectrum_fno48_floor6_smooth1_qc_peak4_fieldloss_geom
run25_sparc_1411,sparc_1411,0.611103,0.702048,0.650186,0.579650,0.632737,0.590957,0.914788,0.909285,0.917943,0.910187,0.740889,0.964894,spectrum_fno48_floor6_smooth1_qc_peak4_fieldloss
run25_sparc_1413,sparc_1413,0.569145,0.598862,0.589897,0.552507,0.574294,0.560682,0.919117,0.922224,0.951901,0.867322,0.727371,0.917684,spectrum_fno48_floor6_smooth1_qc_peak4_fieldloss
run25_sparc_1418,sparc_1418,0.538151,0.596669,0.559995,0.534575,0.590313,0.552732,0.904199,0.905714,0.905181,0.945941,0.930491,0.968339,spectrum_fno48_floor6_smooth1_qc_peak4_fieldloss
run25_sparc_1421,sparc_1421,0.543125,0.685987,0.570256,0.535737,0.654664,0.557877,0.878909,0.881798,0.871532,0.928678,0.769935,0.910128,spectrum_fno48_floor6_smooth1_qc_peak4_fieldloss
run25_sparc_1423,sparc_1423,0.926090,1.226585,1.300705,0.746938,0.803280,0.807526,0.940055,0.945806,0.952529,0.947757,0.789214,0.916460,spectrum_fno48_floor6_smooth1_qc_peak4_fieldloss
run25_sparc_1428,sparc_1428,1.234727,1.278370,1.410308,0.776971,0.819138,0.821052,0.927729,0.925633,0.915312,0.902338,0.818659,0.927142,spectrum_fno48_floor6_smooth1_qc_peak4_fieldloss
run25_sparc_1500,sparc_1500,0.501075,0.500719,0.447648,0.497206,0.496187,0.427750,0.984200,0.992212,0.992282,0.890394,0.753060,0.904957,spectrum_fno48_floor6_smooth1_qc_peak4_fieldloss_geom
run25_sparc_1503,sparc_1503,1.488440,1.641279,1.872706,0.837264,0.870796,0.887432,0.939801,0.942962,0.940777,0.858871,0.824139,0.959240,spectrum_fno48_floor6_smooth1_qc_peak4_fieldloss
run25_sparc_1505,sparc_1505,0.917203,1.135667,1.055865,0.705199,0.782345,0.748351,0.936575,0.934153,0.942433,0.921703,0.806056,0.947152,spectrum_fno48_floor6_smooth1_qc_peak4_fieldloss
run25_sparc_1511,sparc_1511,0.561055,0.634680,0.564813,0.551312,0.621328,0.552589,0.924628,0.925030,0.956152,0.935412,0.732370,0.824345,spectrum_fno48_floor6_smooth1_qc_peak4_fieldloss
run25_sparc_1513,sparc_1513,0.547215,0.579188,0.556888,0.544242,0.575568,0.554762,0.917610,0.919444,0.920131,0.914025,0.678820,0.907037,spectrum_fno48_floor6_smooth1_qc_peak4_fieldloss
run25_sparc_1514,sparc_1514,0.548993,0.592141,0.550103,0.545397,0.589376,0.546372,0.914854,0.916858,0.918313,0.908985,0.751169,0.893746,spectrum_fno48_floor6_smooth1_qc_peak4_fieldloss
run25_sparc_1515,sparc_1515,0.539262,0.580709,0.547620,0.537720,0.569799,0.542544,0.913596,0.915502,0.921488,0.932819,0.732843,0.903587,spectrum_fno48_floor6_smooth1_qc_peak4_fieldloss
run25_sparc_1523,sparc_1523,0.468263,0.729903,0.512877,0.467572,0.660783,0.507436,0.894151,0.897771,0.898481,0.917076,0.867992,0.891360,spectrum_fno48_floor6_smooth1_qc_peak4_fieldloss
run25_sparc_1525,sparc_1525,0.910809,1.148445,1.214064,0.721947,0.816046,0.809265,0.946533,0.946657,0.940752,0.742164,0.787529,0.937704,spectrum_fno48_floor6_smooth1_qc_peak4_fieldloss
run25_sparc_1527,sparc_1527,0.998834,1.303077,1.278230,0.781995,0.860772,0.822601,0.917751,0.886980,0.891189,0.948872,0.918340,0.973190,spectrum_fno48_floor6_smooth1_qc_peak4_fieldloss
run26_sparc_1305,sparc_1305,1.083283,1.394205,1.316699,0.805549,0.856661,0.841145,0.923219,0.884117,0.877593,0.921930,0.847865,0.958720,spectrum_fno48_floor6_smooth1_qc_peak4_fieldloss
run26_sparc_1314,sparc_1314,0.550498,0.607363,0.565990,0.538085,0.573509,0.546614,0.907557,0.907798,0.944943,0.929192,0.565982,0.880963,spectrum_fno48_floor6_smooth1_qc_peak4_fieldloss
run26_sparc_1351,sparc_1351,0.528420,0.579764,0.534635,0.524412,0.576349,0.527791,0.906545,0.903941,0.895603,0.919227,0.766566,0.934119,spectrum_fno48_floor6_smooth1_qc_peak4_fieldloss
run26_sparc_1353,sparc_1353,0.492425,0.588059,0.497519,0.491494,0.581635,0.496577,0.898100,0.898435,0.891718,0.906787,0.890240,0.929330,spectrum_fno48_floor6_smooth1_qc_peak4_fieldloss
run26_sparc_1403,sparc_1403,0.705414,0.816279,0.741850,0.685507,0.706153,0.672521,0.943702,0.951405,0.963130,0.861115,0.777554,0.929820,spectrum_fno48_floor6_smooth1_qc_peak4_fieldloss
run26_sparc_1414,sparc_1414,0.541917,0.605580,0.548546,0.541574,0.592191,0.545180,0.919134,0.920984,0.939738,0.903890,0.647805,0.918459,spectrum_fno48_floor6_smooth1_qc_peak4_fieldloss
run26_sparc_1416,sparc_1416,0.552608,0.603325,0.569589,0.551795,0.596416,0.562058,0.911093,0.910286,0.934769,0.930621,0.669097,0.930216,spectrum_fno48_floor6_smooth1_qc_peak4_fieldloss
run26_sparc_1429,sparc_1429,1.109739,0.990388,1.196434,0.797532,0.793270,0.832831,0.880161,0.865210,0.872765,0.893935,0.780664,0.937492,spectrum_fno48_floor6_smooth1_qc_peak4
run26_sparc_1441,sparc_1441,0.911706,1.271880,0.961680,0.730781,0.843988,0.743314,0.906972,0.913646,0.964174,0.859586,0.883476,0.878712,spectrum_fno48_floor6_smooth1_qc_peak4_fieldloss
run26_sparc_1505,sparc_1505,0.951078,1.096201,1.208627,0.815450,0.852600,0.868696,0.920452,0.919107,0.881807,0.897090,0.788268,0.980809,spectrum_fno48_floor6_smooth1_qc_peak4_fieldloss
run26_sparc_1507,sparc_1507,0.953955,1.347519,1.228016,0.790020,0.874630,0.849329,0.929493,0.923724,0.920433,0.888585,0.800019,0.940083,spectrum_fno48_floor6_smooth1_qc_peak4_fieldloss
run26_sparc_1510,sparc_1510,0.608979,0.947189,0.596494,0.602552,0.774340,0.595653,0.897872,0.868703,0.926348,0.911938,0.938996,0.913972,spectrum_fno48_floor6_smooth1_qc_peak4_fieldloss_geom
run26_sparc_1516,sparc_1516,0.544822,0.615242,0.603748,0.532054,0.588683,0.555965,0.914677,0.913814,0.923503,0.962441,0.597305,0.955291,spectrum_fno48_floor6_smooth1_qc_peak4_fieldloss
run26_sparc_1520,sparc_1520,0.579225,0.662237,0.587365,0.561952,0.622858,0.569085,0.897021,0.899469,0.880409,0.912282,0.720124,0.942092,spectrum_fno48_floor6_smooth1_qc_peak4_fieldloss
run27_sparc_1302,sparc_1302,0.788174,0.744997,0.777708,0.787893,0.744877,0.777060,0.854047,0.859623,0.831002,0.978716,0.972326,0.983477,spectrum_fno48_floor6_smooth1_qc_peak4
run27_sparc_1306,sparc_1306,0.772071,0.743842,0.874327,0.732722,0.683652,0.742872,0.711009,0.662336,0.745791,0.940904,0.933189,0.934312,spectrum_fno48_floor6_smooth1_qc_peak4
run27_sparc_1308,sparc_1308,0.817266,0.976590,0.742767,0.693799,0.854126,0.672127,0.697844,0.620888,0.481514,0.987812,0.976813,0.987316,spectrum_fno48_floor6_smooth1_qc_peak4_fieldloss_geom
run27_sparc_1310,sparc_1310,0.544972,0.674996,0.530015,0.515219,0.622602,0.507838,0.911586,0.913471,0.938611,0.958222,0.789276,0.916576,spectrum_fno48_floor6_smooth1_qc_peak4_fieldloss_geom
run27_sparc_1354,sparc_1354,0.549364,0.611044,0.547517,0.543334,0.596173,0.539063,0.850343,0.845930,0.841384,0.942416,0.937884,0.952635,spectrum_fno48_floor6_smooth1_qc_peak4_fieldloss_geom
run27_sparc_1358,sparc_1358,0.450129,0.578671,0.479636,0.449856,0.554887,0.473751,0.907465,0.907667,0.894687,0.916587,0.911166,0.932635,spectrum_fno48_floor6_smooth1_qc_peak4_fieldloss
run27_sparc_1405,sparc_1405,0.622385,0.982301,0.682654,0.579478,0.896351,0.605366,0.823707,0.369732,0.827052,0.982875,0.979022,0.987490,spectrum_fno48_floor6_smooth1_qc_peak4_fieldloss
run27_sparc_1408,sparc_1408,1.030623,1.046462,1.066482,0.788443,0.846260,0.821757,0.901993,0.896983,0.926261,0.927761,0.853324,0.964523,spectrum_fno48_floor6_smooth1_qc_peak4_fieldloss
run27_sparc_1414,sparc_1414,0.501962,0.615922,0.496069,0.501750,0.585228,0.495973,0.922755,0.926345,0.934084,0.896962,0.849771,0.918096,spectrum_fno48_floor6_smooth1_qc_peak4_fieldloss_geom
run27_sparc_1416,sparc_1416,0.484472,0.633132,0.503833,0.471750,0.582336,0.486681,0.922861,0.925652,0.931478,0.935842,0.842065,0.905896,spectrum_fno48_floor6_smooth1_qc_peak4_fieldloss
run27_sparc_1441,sparc_1441,0.715458,0.925394,0.638486,0.683607,0.852175,0.624013,0.896161,0.869135,0.946808,0.859395,0.868561,0.939541,spectrum_fno48_floor6_smooth1_qc_peak4_fieldloss_geom
run27_sparc_1520,sparc_1520,0.494278,0.613003,0.560535,0.483387,0.557653,0.519145,0.915398,0.921503,0.912129,0.744457,0.876274,0.909278,spectrum_fno48_floor6_smooth1_qc_peak4_fieldloss
run27_sparc_1530,sparc_1530,0.786379,0.774592,1.027230,0.776033,0.729927,0.847430,0.800705,0.938749,0.923841,0.995392,0.972183,0.987268,spectrum_fno48_floor6_smooth1_qc_peak4
run27_sparc_1593,sparc_1593,0.585657,0.663749,0.573481,0.581998,0.660164,0.570146,0.931906,0.931610,0.952988,0.903906,0.810453,0.932661,spectrum_fno48_floor6_smooth1_qc_peak4_fieldloss_geom
run28_sparc_1304,sparc_1304,0.629417,0.626931,0.654548,0.616664,0.624584,0.641509,0.924838,0.934335,0.909633,0.955286,0.922200,0.966464,spectrum_fno48_floor6_smooth1_qc_peak4
run28_sparc_1306,sparc_1306,0.564123,0.599255,0.593762,0.564049,0.599229,0.593751,0.923441,0.925586,0.926446,0.945058,0.911190,0.934795,spectrum_fno48_floor6_smooth1_qc_peak4_fieldloss
run28_sparc_1311,sparc_1311,0.609249,0.591854,0.606395,0.593229,0.579569,0.587568,0.893241,0.905970,0.918696,0.895199,0.760968,0.959026,spectrum_fno48_floor6_smooth1_qc_peak4
run28_sparc_1316,sparc_1316,0.662561,0.628808,0.586634,0.628820,0.602368,0.576878,0.918889,0.916337,0.907611,0.840525,0.867399,0.894562,spectrum_fno48_floor6_smooth1_qc_peak4_fieldloss_geom
run28_sparc_1317,sparc_1317,0.598387,0.610668,0.541887,0.596493,0.610477,0.540512,0.924378,0.929427,0.926833,0.883134,0.811175,0.921149,spectrum_fno48_floor6_smooth1_qc_peak4_fieldloss_geom
run28_sparc_1352,sparc_1352,0.698760,0.677393,0.676788,0.685325,0.663392,0.634767,0.912750,0.913468,0.911427,0.891411,0.875468,0.888953,spectrum_fno48_floor6_smooth1_qc_peak4_fieldloss_geom
run28_sparc_1355,sparc_1355,0.697052,0.724142,0.724450,0.652678,0.656838,0.649410,0.918088,0.916755,0.911123,0.868083,0.822985,0.891563,spectrum_fno48_floor6_smooth1_qc_peak4_fieldloss
run28_sparc_1361,sparc_1361,0.737330,0.794941,0.644045,0.639954,0.693369,0.588194,0.908176,0.903980,0.909719,0.957045,0.905282,0.926240,spectrum_fno48_floor6_smooth1_qc_peak4_fieldloss_geom
run28_sparc_1406,sparc_1406,0.580148,0.653691,0.627787,0.565103,0.648258,0.620975,0.932028,0.933691,0.911651,0.950439,0.951048,0.979435,spectrum_fno48_floor6_smooth1_qc_peak4_fieldloss
run28_sparc_1418,sparc_1418,0.668608,0.710357,0.648213,0.608305,0.663179,0.582607,0.907419,0.913974,0.893805,0.929180,0.852936,0.936633,spectrum_fno48_floor6_smooth1_qc_peak4_fieldloss_geom
run28_sparc_1420,sparc_1420,0.844008,0.773122,0.722212,0.782802,0.735716,0.671616,0.863558,0.885489,0.860003,0.955787,0.949585,0.943815,spectrum_fno48_floor6_smooth1_qc_peak4_fieldloss_geom
run28_sparc_1423,sparc_1423,0.689417,0.712949,0.741907,0.665069,0.679614,0.717110,0.884214,0.886437,0.889293,0.932475,0.886250,0.929454,spectrum_fno48_floor6_smooth1_qc_peak4_fieldloss
run28_sparc_1506,sparc_1506,0.549188,0.619176,0.562386,0.542479,0.617821,0.558290,0.935049,0.939008,0.925470,0.933467,0.923018,0.955988,spectrum_fno48_floor6_smooth1_qc_peak4_fieldloss
run28_sparc_1516,sparc_1516,0.560791,0.599445,0.522865,0.555509,0.594514,0.522115,0.896446,0.909235,0.906624,0.892100,0.794313,0.956477,spectrum_fno48_floor6_smooth1_qc_peak4_fieldloss_geom
run28_sparc_1525,sparc_1525,0.625426,0.634817,0.592316,0.609965,0.626781,0.589796,0.933848,0.936924,0.935832,0.939018,0.946218,0.967287,spectrum_fno48_floor6_smooth1_qc_peak4_fieldloss_geom
run28_sparc_1527,sparc_1527,0.689964,0.755693,0.724849,0.662080,0.685195,0.664631,0.929403,0.923047,0.915312,0.937832,0.930484,0.946103,spectrum_fno48_floor6_smooth1_qc_peak4_fieldloss
run28_sparc_1528,sparc_1528,0.662928,0.697373,0.670670,0.604892,0.661229,0.644587,0.927954,0.936510,0.930741,0.911489,0.913775,0.944228,spectrum_fno48_floor6_smooth1_qc_peak4_fieldloss
run29_sparc_1300,sparc_1300,0.512053,0.547259,0.571222,0.511476,0.538359,0.519871,0.968718,0.983467,0.983211,0.973752,0.923750,0.986126,spectrum_fno48_floor6_smooth1_qc_peak4_fieldloss
run29_sparc_1305,sparc_1305,0.948935,1.091087,0.902556,0.766067,0.819762,0.766339,0.935620,0.931140,0.922523,0.870993,0.823426,0.918862,spectrum_fno48_floor6_smooth1_qc_peak4_fieldloss_geom
run29_sparc_1308,sparc_1308,1.140572,1.476625,1.327785,0.720370,0.786223,0.740939,0.908394,0.905812,0.906735,0.892886,0.821188,0.931779,spectrum_fno48_floor6_smooth1_qc_peak4_fieldloss
run29_sparc_1310,sparc_1310,0.537004,0.750240,0.583842,0.513691,0.648286,0.538344,0.914353,0.907825,0.936704,0.967918,0.720209,0.880302,spectrum_fno48_floor6_smooth1_qc_peak4_fieldloss
run29_sparc_1314,sparc_1314,0.537666,0.705946,0.553738,0.521203,0.628917,0.530743,0.902927,0.897004,0.947159,0.932820,0.775912,0.901726,spectrum_fno48_floor6_smooth1_qc_peak4_fieldloss
run29_sparc_1315,sparc_1315,0.555351,0.729404,0.570369,0.530058,0.636241,0.537486,0.900450,0.892479,0.911894,0.919414,0.782492,0.931593,spectrum_fno48_floor6_smooth1_qc_peak4_fieldloss
run29_sparc_1316,sparc_1316,0.535895,0.734746,0.558990,0.515537,0.635534,0.533315,0.897154,0.892002,0.884138,0.917727,0.795021,0.939506,spectrum_fno48_floor6_smooth1_qc_peak4_fieldloss
run29_sparc_1349,sparc_1349,0.486185,0.656640,0.518537,0.477425,0.612506,0.498771,0.883117,0.881277,0.856901,0.890776,0.895169,0.950920,spectrum_fno48_floor6_smooth1_qc_peak4_fieldloss
run29_sparc_1354,sparc_1354,0.505964,0.630363,0.512692,0.492377,0.575864,0.498334,0.871388,0.866814,0.859580,0.893797,0.878094,0.918261,spectrum_fno48_floor6_smooth1_qc_peak4_fieldloss
run29_sparc_1361,sparc_1361,0.528189,0.774039,0.547354,0.503604,0.634857,0.518205,0.883521,0.880915,0.868642,0.902736,0.907088,0.937953,spectrum_fno48_floor6_smooth1_qc_peak4_fieldloss
run29_sparc_1363,sparc_1363,0.528496,0.783404,0.559341,0.503702,0.641778,0.524368,0.886547,0.883904,0.864283,0.886059,0.897974,0.884496,spectrum_fno48_floor6_smooth1_qc_peak4_fieldloss
run29_sparc_1365,sparc_1365,0.520284,0.741664,0.536855,0.507807,0.673252,0.522949,0.876169,0.867983,0.860811,0.908210,0.895729,0.943503,spectrum_fno48_floor6_smooth1_qc_peak4_fieldloss
run29_sparc_1401,sparc_1401,0.598681,0.668315,0.597424,0.596778,0.610748,0.565856,0.928819,0.930798,0.916299,0.967551,0.970260,0.984515,spectrum_fno48_floor6_smooth1_qc_peak4_fieldloss_geom
run29_sparc_1403,sparc_1403,0.411513,0.603110,0.426144,0.407804,0.517926,0.417690,0.935863,0.937372,0.948394,0.978318,0.898209,0.973156,spectrum_fno48_floor6_smooth1_qc_peak4_fieldloss
run29_sparc_1408,sparc_1408,0.840101,1.176776,1.019253,0.757882,0.824471,0.790825,0.919340,0.923111,0.925781,0.806298,0.728293,0.932811,spectrum_fno48_floor6_smooth1_qc_peak4_fieldloss
run29_sparc_1416,sparc_1416,0.520372,0.715644,0.523254,0.518497,0.646423,0.520339,0.911398,0.906497,0.929787,0.912269,0.885357,0.948935,spectrum_fno48_floor6_smooth1_qc_peak4_fieldloss
run29_sparc_1418,sparc_1418,0.546549,0.760704,0.544461,0.529576,0.662530,0.526376,0.891991,0.887883,0.902140,0.904197,0.905829,0.939536,spectrum_fno48_floor6_smooth1_qc_peak4_fieldloss_geom
run29_sparc_1419,sparc_1419,0.516655,0.808729,0.533639,0.516459,0.714376,0.530052,0.871036,0.874434,0.839301,0.956444,0.954256,0.934861,spectrum_fno48_floor6_smooth1_qc_peak4_fieldloss
run29_sparc_1429,sparc_1429,0.732131,1.006286,1.004327,0.631362,0.839485,0.683284,0.752104,0.706830,0.788842,0.956971,0.881508,0.956992,spectrum_fno48_floor6_smooth1_qc_peak4_fieldloss
run29_sparc_1501,sparc_1501,0.726925,0.769718,0.720033,0.722694,0.749680,0.707912,0.857620,0.905653,0.882174,0.939527,0.932429,0.968723,spectrum_fno48_floor6_smooth1_qc_peak4_fieldloss_geom
run29_sparc_1507,sparc_1507,0.925241,1.070886,0.863149,0.736654,0.807424,0.724165,0.862807,0.873177,0.876937,0.976241,0.958300,0.977281,spectrum_fno48_floor6_smooth1_qc_peak4_fieldloss_geom
run29_sparc_1509,sparc_1509,0.533251,0.719490,0.550761,0.523943,0.654004,0.535380,0.901565,0.901112,0.896390,0.946783,0.817570,0.887647,spectrum_fno48_floor6_smooth1_qc_peak4_fieldloss
run29_sparc_1517,sparc_1517,0.523075,0.722495,0.525357,0.518313,0.650790,0.517627,0.903157,0.901609,0.932932,0.965408,0.839449,0.898135,spectrum_fno48_floor6_smooth1_qc_peak4_fieldloss
run29_sparc_1528,sparc_1528,0.905273,0.948529,1.017842,0.771331,0.830610,0.827163,0.864808,0.863313,0.856399,0.896055,0.686672,0.895398,spectrum_fno48_floor6_smooth1_qc_peak4_fieldloss
run29_sparc_1593,sparc_1593,0.408617,0.634659,0.447028,0.401906,0.541515,0.432045,0.927398,0.920945,0.945076,0.922600,0.805119,0.871180,spectrum_fno48_floor6_smooth1_qc_peak4_fieldloss
run2_sparc_1302,sparc_1302,0.734647,0.785799,0.808904,0.681983,0.683143,0.750655,0.844325,0.875886,0.787029,0.967626,0.947835,0.977714,spectrum_fno48_floor6_smooth1_qc_peak4_fieldloss
run2_sparc_1304,sparc_1304,0.589118,0.640281,0.607528,0.584369,0.607582,0.591681,0.881851,0.889777,0.887546,0.953890,0.945531,0.957874,spectrum_fno48_floor6_smooth1_qc_peak4_fieldloss
run2_sparc_1306,sparc_1306,0.779462,0.899133,0.812629,0.764882,0.822443,0.788260,0.888181,0.878859,0.878329,0.926121,0.904953,0.936070,spectrum_fno48_floor6_smooth1_qc_peak4_fieldloss
run2_sparc_1307,sparc_1307,0.627192,0.746577,0.626583,0.619023,0.732491,0.624386,0.881397,0.856720,0.869572,0.937015,0.939449,0.957583,spectrum_fno48_floor6_smooth1_qc_peak4_fieldloss_geom
run2_sparc_1308,sparc_1308,0.860416,0.893202,0.859309,0.857828,0.877321,0.854969,0.875025,0.864142,0.837236,0.950666,0.912930,0.935918,spectrum_fno48_floor6_smooth1_qc_peak4_fieldloss_geom
run2_sparc_1317,sparc_1317,0.550203,0.674705,0.550680,0.535013,0.616044,0.530267,0.926260,0.926591,0.942459,0.909101,0.775692,0.920389,spectrum_fno48_floor6_smooth1_qc_peak4_fieldloss
run2_sparc_1319,sparc_1319,0.544944,0.686416,0.550005,0.534180,0.616363,0.529589,0.926806,0.929327,0.950164,0.849448,0.771445,0.882734,spectrum_fno48_floor6_smooth1_qc_peak4_fieldloss
run2_sparc_1352,sparc_1352,0.577797,0.564684,0.578761,0.577595,0.562976,0.578002,0.924696,0.922847,0.912766,0.870608,0.777170,0.904605,spectrum_fno48_floor6_smooth1_qc_peak4
run2_sparc_1401,sparc_1401,0.802063,0.929029,0.653827,0.794893,0.892830,0.653558,0.794081,0.792931,0.775600,0.978952,0.981426,0.962519,spectrum_fno48_floor6_smooth1_qc_peak4_fieldloss_geom
run2_sparc_1403,sparc_1403,0.700544,0.776846,0.653592,0.657549,0.696335,0.643573,0.914938,0.925114,0.952470,0.942896,0.731415,0.953457,spectrum_fno48_floor6_smooth1_qc_peak4_fieldloss_geom
run2_sparc_1404,sparc_1404,0.577615,0.704206,0.624748,0.565087,0.607637,0.563689,0.887056,0.879145,0.874083,0.964269,0.937993,0.975467,spectrum_fno48_floor6_smooth1_qc_peak4_fieldloss
run2_sparc_1406,sparc_1406,0.494315,0.539413,0.485596,0.483869,0.539245,0.481352,0.916719,0.920362,0.919329,0.956437,0.717052,0.939540,spectrum_fno48_floor6_smooth1_qc_peak4_fieldloss_geom
run2_sparc_1408,sparc_1408,0.950611,0.967990,0.929836,0.853995,0.867823,0.843483,0.729707,0.777657,0.796834,0.992893,0.962167,0.990627,spectrum_fno48_floor6_smooth1_qc_peak4_fieldloss_geom
run2_sparc_1412,sparc_1412,0.577142,0.637286,0.588589,0.566718,0.618856,0.569927,0.931623,0.932221,0.947848,0.930509,0.736823,0.896366,spectrum_fno48_floor6_smooth1_qc_peak4_fieldloss
run2_sparc_1414,sparc_1414,0.575969,0.668218,0.579887,0.562996,0.634595,0.566468,0.919643,0.919140,0.920195,0.957404,0.756212,0.929319,spectrum_fno48_floor6_smooth1_qc_peak4_fieldloss
run2_sparc_1415,sparc_1415,0.570525,0.689335,0.584304,0.548356,0.647357,0.551746,0.925793,0.924274,0.915211,0.936463,0.797591,0.912924,spectrum_fno48_floor6_smooth1_qc_peak4_fieldloss
run2_sparc_1421,sparc_1421,0.531064,0.665966,0.549253,0.531062,0.625040,0.549033,0.914261,0.920721,0.914070,0.869903,0.791733,0.876825,spectrum_fno48_floor6_smooth1_qc_peak4_fieldloss
run2_sparc_1501,sparc_1501,0.834444,0.950176,0.743571,0.828210,0.919138,0.742756,0.822841,0.818054,0.834036,0.973068,0.979399,0.950255,spectrum_fno48_floor6_smooth1_qc_peak4_fieldloss_geom
run2_sparc_1506,sparc_1506,0.543231,0.565073,0.538277,0.534550,0.564043,0.528173,0.902332,0.908212,0.895856,0.962685,0.819893,0.954131,spectrum_fno48_floor6_smooth1_qc_peak4_fieldloss_geom
run2_sparc_1509,sparc_1509,0.630905,0.661306,0.659568,0.629641,0.660437,0.650614,0.902555,0.914018,0.910694,0.933657,0.764549,0.931130,spectrum_fno48_floor6_smooth1_qc_peak4_fieldloss
run2_sparc_1514,sparc_1514,0.569695,0.626511,0.563361,0.566521,0.623859,0.562344,0.920403,0.924832,0.930603,0.873018,0.777288,0.881312,spectrum_fno48_floor6_smooth1_qc_peak4_fieldloss_geom
run2_sparc_1516,sparc_1516,0.548820,0.646580,0.553200,0.520434,0.605369,0.514697,0.920851,0.924093,0.926755,0.907501,0.753345,0.899739,spectrum_fno48_floor6_smooth1_qc_peak4_fieldloss
run2_sparc_1520,sparc_1520,0.518263,0.673351,0.578256,0.516295,0.620664,0.555940,0.922668,0.922916,0.919015,0.775921,0.824611,0.919704,spectrum_fno48_floor6_smooth1_qc_peak4_fieldloss
run2_sparc_1521,sparc_1521,0.667565,0.752654,0.674573,0.657675,0.667461,0.660681,0.899652,0.909708,0.889639,0.856522,0.868736,0.889430,spectrum_fno48_floor6_smooth1_qc_peak4_fieldloss
run2_sparc_1523,sparc_1523,0.712213,0.780470,0.794783,0.679266,0.720527,0.754775,0.899998,0.907041,0.893237,0.862187,0.781329,0.872506,spectrum_fno48_floor6_smooth1_qc_peak4_fieldloss
run2_sparc_1525,sparc_1525,0.672646,0.710990,0.646946,0.655292,0.653207,0.638274,0.895827,0.872592,0.883959,0.973622,0.959143,0.981782,spectrum_fno48_floor6_smooth1_qc_peak4_fieldloss_geom
run30_sparc_1301,sparc_1301,0.622614,0.574657,0.635554,0.566294,0.554929,0.600541,0.950844,0.955335,0.942166,0.965110,0.952660,0.992273,spectrum_fno48_floor6_smooth1_qc_peak4
run30_sparc_1304,sparc_1304,0.905078,1.219751,1.213655,0.786304,0.863769,0.861308,0.892405,0.904312,0.877291,0.888345,0.906645,0.910110,spectrum_fno48_floor6_smooth1_qc_peak4_fieldloss
run30_sparc_1314,sparc_1314,0.570392,0.592696,0.559594,0.559454,0.581442,0.551478,0.897910,0.896854,0.940836,0.904903,0.800121,0.885560,spectrum_fno48_floor6_smooth1_qc_peak4_fieldloss_geom
run30_sparc_1350,sparc_1350,0.579265,0.592146,0.565532,0.560951,0.579383,0.552304,0.903537,0.901772,0.947660,0.918923,0.780765,0.893542,spectrum_fno48_floor6_smooth1_qc_peak4_fieldloss_geom
run30_sparc_1352,sparc_1352,0.590522,0.611239,0.584190,0.568106,0.595494,0.564998,0.881214,0.884616,0.869001,0.940632,0.760892,0.933031,spectrum_fno48_floor6_smooth1_qc_peak4_fieldloss_geom
run30_sparc_1355,sparc_1355,0.500061,0.595090,0.513297,0.490733,0.574201,0.500894,0.875574,0.874758,0.850198,0.899015,0.905587,0.923741,spectrum_fno48_floor6_smooth1_qc_peak4_fieldloss
run30_sparc_1359,sparc_1359,0.497294,0.600780,0.494468,0.490490,0.580508,0.489865,0.889555,0.894024,0.888571,0.947088,0.855622,0.940708,spectrum_fno48_floor6_smooth1_qc_peak4_fieldloss_geom
run30_sparc_1363,sparc_1363,0.521633,0.677235,0.536687,0.510504,0.630735,0.527293,0.861215,0.861660,0.844388,0.928989,0.881051,0.937941,spectrum_fno48_floor6_smooth1_qc_peak4_fieldloss
run30_sparc_1407,sparc_1407,1.029493,1.421874,1.539230,0.799234,0.881381,0.866370,0.934183,0.925089,0.918707,0.863604,0.835936,0.968888,spectrum_fno48_floor6_smooth1_qc_peak4_fieldloss
run30_sparc_1409,sparc_1409,0.953086,0.832558,0.920037,0.730157,0.719078,0.724716,0.888233,0.881045,0.851594,0.933228,0.898632,0.934103,spectrum_fno48_floor6_smooth1_qc_peak4
run30_sparc_1411,sparc_1411,0.590592,0.674998,0.598110,0.563706,0.625935,0.563487,0.907751,0.904244,0.928833,0.960520,0.733500,0.952953,spectrum_fno48_floor6_smooth1_qc_peak4_fieldloss
run30_sparc_1424,sparc_1424,1.263631,1.554375,1.273940,0.822030,0.891403,0.847697,0.934397,0.921593,0.904365,0.884770,0.899891,0.953262,spectrum_fno48_floor6_smooth1_qc_peak4_fieldloss
run30_sparc_1426,sparc_1426,0.971072,0.958103,1.085323,0.766377,0.740883,0.790862,0.936029,0.935966,0.936629,0.860695,0.717658,0.915699,spectrum_fno48_floor6_smooth1_qc_peak4
run30_sparc_1504,sparc_1504,0.907315,0.965797,0.908320,0.802939,0.841815,0.788932,0.891657,0.894920,0.916172,0.965395,0.928717,0.958902,spectrum_fno48_floor6_smooth1_qc_peak4_fieldloss
run30_sparc_1505,sparc_1505,1.145963,1.276919,1.244068,0.820262,0.855594,0.842304,0.915681,0.908445,0.918749,0.933438,0.826434,0.949564,spectrum_fno48_floor6_smooth1_qc_peak4_fieldloss
run30_sparc_1508,sparc_1508,0.866654,1.067748,0.901062,0.734166,0.791056,0.737267,0.918407,0.919336,0.926556,0.904525,0.884599,0.942808,spectrum_fno48_floor6_smooth1_qc_peak4_fieldloss
run30_sparc_1522,sparc_1522,0.511482,0.972617,0.563790,0.510989,0.765566,0.553836,0.874064,0.872608,0.847949,0.865473,0.849994,0.915398,spectrum_fno48_floor6_smooth1_qc_peak4_fieldloss
run30_sparc_1528,sparc_1528,0.814369,1.159475,0.964111,0.726264,0.902711,0.773701,0.895750,0.869590,0.771170,0.868585,0.740870,0.945717,spectrum_fno48_floor6_smooth1_qc_peak4_fieldloss
run31_sparc_1301,sparc_1301,1.153770,1.098169,1.015029,0.878344,0.869644,0.790690,0.871698,0.891357,0.900725,0.993207,0.990994,0.987087,spectrum_fno48_floor6_smooth1_qc_peak4_fieldloss_geom
run31_sparc_1304,sparc_1304,0.594622,0.615023,0.604545,0.594234,0.613867,0.601497,0.909218,0.901008,0.910791,0.914516,0.879829,0.933517,spectrum_fno48_floor6_smooth1_qc_peak4_fieldloss
run31_sparc_1309,sparc_1309,0.936272,0.949432,0.939856,0.908735,0.918704,0.908378,0.334617,0.221903,0.349822,0.975657,0.970436,0.977011,spectrum_fno48_floor6_smooth1_qc_peak4_fieldloss
run31_sparc_1361,sparc_1361,0.703909,0.724527,0.660651,0.661376,0.676471,0.631042,0.922623,0.926215,0.913440,0.820188,0.717736,0.907806,spectrum_fno48_floor6_smooth1_qc_peak4_fieldloss_geom
run31_sparc_1401,sparc_1401,1.081879,1.096710,0.972902,0.868984,0.854608,0.860344,0.887962,0.900469,0.921415,0.990799,0.986981,0.977081,spectrum_fno48_floor6_smooth1_qc_peak4_fieldloss_geom
run31_sparc_1403,sparc_1403,0.615256,0.625675,0.591994,0.589998,0.611914,0.566439,0.936806,0.940756,0.951001,0.889322,0.795345,0.921794,spectrum_fno48_floor6_smooth1_qc_peak4_fieldloss_geom
run31_sparc_1406,sparc_1406,0.648371,0.659431,0.725326,0.607918,0.648708,0.653991,0.919780,0.922665,0.914464,0.944248,0.928851,0.974361,spectrum_fno48_floor6_smooth1_qc_peak4_fieldloss
run31_sparc_1412,sparc_1412,0.631843,0.606454,0.679535,0.609769,0.598991,0.627085,0.924626,0.925864,0.918506,0.934242,0.835147,0.961464,spectrum_fno48_floor6_smooth1_qc_peak4
run31_sparc_1413,sparc_1413,0.691158,0.614912,0.714189,0.613252,0.600024,0.630500,0.925420,0.927134,0.919722,0.922514,0.839533,0.951508,spectrum_fno48_floor6_smooth1_qc_peak4
run31_sparc_1418,sparc_1418,0.631587,0.768414,0.683648,0.599528,0.699376,0.603598,0.929012,0.928306,0.915980,0.930532,0.833376,0.925631,spectrum_fno48_floor6_smooth1_qc_peak4_fieldloss
run31_sparc_1421,sparc_1421,0.754885,0.732169,0.713211,0.747006,0.718456,0.703259,0.888659,0.895817,0.887865,0.924123,0.935021,0.935617,spectrum_fno48_floor6_smooth1_qc_peak4_fieldloss_geom
run31_sparc_1426,sparc_1426,0.726751,0.699714,0.634239,0.680404,0.678231,0.619450,0.903805,0.899133,0.905867,0.901478,0.891457,0.878364,spectrum_fno48_floor6_smooth1_qc_peak4_fieldloss_geom
run31_sparc_1440,sparc_1440,0.635131,0.609312,0.594941,0.625174,0.609185,0.594404,0.918462,0.928827,0.926727,0.927547,0.889586,0.953013,spectrum_fno48_floor6_smooth1_qc_peak4_fieldloss_geom
run31_sparc_1441,sparc_1441,0.653757,0.618108,0.608534,0.642232,0.617637,0.607950,0.913066,0.925661,0.923818,0.938168,0.896320,0.957277,spectrum_fno48_floor6_smooth1_qc_peak4_fieldloss_geom
run31_sparc_1500,sparc_1500,0.362615,0.451563,0.306669,0.358107,0.392972,0.306646,0.990081,0.991631,0.993612,0.979154,0.891796,0.967723,spectrum_fno48_floor6_smooth1_qc_peak4_fieldloss_geom
run31_sparc_1501,sparc_1501,0.843560,0.825639,0.757838,0.799067,0.782554,0.730711,0.862649,0.898741,0.889804,0.992393,0.986726,0.965109,spectrum_fno48_floor6_smooth1_qc_peak4_fieldloss_geom
run31_sparc_1502,sparc_1502,0.574025,0.745881,0.461612,0.573556,0.718957,0.460656,0.918747,0.920373,0.956227,0.907203,0.947829,0.894325,spectrum_fno48_floor6_smooth1_qc_peak4_fieldloss_geom
run31_sparc_1507,sparc_1507,0.515687,0.597263,0.505893,0.515678,0.590833,0.505832,0.909984,0.922321,0.924706,0.918901,0.903578,0.917513,spectrum_fno48_floor6_smooth1_qc_peak4_fieldloss_geom
run31_sparc_1513,sparc_1513,0.666014,0.659640,0.666171,0.666012,0.654350,0.665086,0.926755,0.928648,0.921168,0.940449,0.822810,0.923911,spectrum_fno48_floor6_smooth1_qc_peak4
run31_sparc_1525,sparc_1525,0.598748,0.668082,0.634476,0.590182,0.643459,0.590545,0.917936,0.904421,0.918908,0.920652,0.906627,0.935869,spectrum_fno48_floor6_smooth1_qc_peak4_fieldloss
run31_sparc_1528,sparc_1528,0.736432,0.734196,0.790429,0.702076,0.702960,0.784500,0.914219,0.915697,0.892304,0.954532,0.935865,0.972393,spectrum_fno48_floor6_smooth1_qc_peak4
run31_sparc_1530,sparc_1530,1.037485,0.631002,0.442860,0.987884,0.548876,0.433503,0.117388,0.960259,0.944217,0.996337,0.642087,0.973173,spectrum_fno48_floor6_smooth1_qc_peak4_fieldloss_geom
run31_sparc_1593,sparc_1593,0.541462,0.591042,0.516085,0.541295,0.588108,0.516081,0.941987,0.944270,0.947509,0.924793,0.860030,0.945347,spectrum_fno48_floor6_smooth1_qc_peak4_fieldloss_geom
run32_sparc_1300,sparc_1300,0.272062,0.681408,0.290383,0.242328,0.635288,0.267193,0.993886,0.992572,0.994955,0.750053,0.442031,0.947722,spectrum_fno48_floor6_smooth1_qc_peak4_fieldloss
run32_sparc_1302,sparc_1302,0.861734,0.885424,0.831869,0.795861,0.793470,0.766048,0.879897,0.860031,0.876702,0.973324,0.938781,0.947188,spectrum_fno48_floor6_smooth1_qc_peak4_fieldloss_geom
run32_sparc_1305,sparc_1305,0.618226,0.659925,0.626368,0.614260,0.655538,0.596069,0.913411,0.903018,0.919059,0.921811,0.909134,0.942107,spectrum_fno48_floor6_smooth1_qc_peak4_fieldloss
run32_sparc_1315,sparc_1315,0.540435,0.608739,0.566897,0.536497,0.593094,0.546011,0.914457,0.917753,0.920265,0.908430,0.869656,0.921585,spectrum_fno48_floor6_smooth1_qc_peak4_fieldloss
run32_sparc_1353,sparc_1353,0.491798,0.647169,0.514350,0.491527,0.633524,0.508859,0.920836,0.925870,0.920235,0.926867,0.918841,0.931400,spectrum_fno48_floor6_smooth1_qc_peak4_fieldloss
run32_sparc_1355,sparc_1355,0.542031,0.582283,0.681118,0.537567,0.558929,0.636083,0.891677,0.897056,0.889053,0.837720,0.870226,0.889324,spectrum_fno48_floor6_smooth1_qc_peak4_fieldloss
run32_sparc_1358,sparc_1358,0.543690,0.530845,0.608431,0.526535,0.521177,0.574734,0.915395,0.921430,0.910395,0.868918,0.799498,0.887253,spectrum_fno48_floor6_smooth1_qc_peak4
run32_sparc_1402,sparc_1402,0.538701,0.655506,0.531236,0.538479,0.649274,0.530096,0.933433,0.936704,0.953603,0.910365,0.869284,0.928232,spectrum_fno48_floor6_smooth1_qc_peak4_fieldloss_geom
run32_sparc_1422,sparc_1422,0.822813,0.884167,0.878234,0.772765,0.783816,0.782135,0.857704,0.878174,0.869822,0.948652,0.908401,0.933228,spectrum_fno48_floor6_smooth1_qc_peak4_fieldloss
run32_sparc_1501,sparc_1501,0.737794,0.746494,0.687739,0.735270,0.745779,0.680703,0.869723,0.919953,0.880181,0.974612,0.976916,0.957750,spectrum_fno48_floor6_smooth1_qc_peak4_fieldloss_geom
run32_sparc_1507,sparc_1507,0.580227,0.676759,0.591690,0.569196,0.631225,0.571322,0.919743,0.919375,0.923887,0.937912,0.789377,0.911185,spectrum_fno48_floor6_smooth1_qc_peak4_fieldloss
run32_sparc_1517,sparc_1517,0.508411,0.550122,0.511991,0.508257,0.549723,0.511755,0.919335,0.926898,0.917002,0.839477,0.883584,0.912337,spectrum_fno48_floor6_smooth1_qc_peak4_fieldloss
run32_sparc_1524,sparc_1524,0.919763,0.875747,0.915084,0.831598,0.829346,0.840799,0.819043,0.817563,0.807719,0.930342,0.911574,0.947950,spectrum_fno48_floor6_smooth1_qc_peak4
run32_sparc_1526,sparc_1526,0.640920,0.749943,0.670187,0.640385,0.706340,0.651670,0.882734,0.871428,0.877537,0.951352,0.944420,0.948764,spectrum_fno48_floor6_smooth1_qc_peak4_fieldloss
run32_sparc_1529,sparc_1529,0.649687,0.624931,0.667240,0.647411,0.624860,0.660636,0.880898,0.913762,0.903815,0.972565,0.971521,0.966764,spectrum_fno48_floor6_smooth1_qc_peak4
run33_sparc_1303,sparc_1303,0.667902,0.992703,0.824335,0.622349,0.836943,0.690755,0.925821,0.935543,0.948271,0.917895,0.764960,0.933652,spectrum_fno48_floor6_smooth1_qc_peak4_fieldloss
run33_sparc_1308,sparc_1308,0.687353,0.776493,0.661494,0.687244,0.756543,0.660142,0.924756,0.923223,0.909786,0.949616,0.879694,0.953434,spectrum_fno48_floor6_smooth1_qc_peak4_fieldloss_geom
run33_sparc_1310,sparc_1310,0.727372,0.918248,0.707038,0.626637,0.804957,0.622170,0.890454,0.885702,0.928243,0.872134,0.804213,0.904927,spectrum_fno48_floor6_smooth1_qc_peak4_fieldloss_geom
run33_sparc_1351,sparc_1351,0.595928,0.738445,0.627272,0.578317,0.725920,0.592605,0.880758,0.882915,0.879947,0.941270,0.618464,0.948411,spectrum_fno48_floor6_smooth1_qc_peak4_fieldloss
run33_sparc_1361,sparc_1361,0.474115,0.782397,0.491094,0.468100,0.712478,0.483620,0.896301,0.886989,0.888013,0.892520,0.865221,0.954613,spectrum_fno48_floor6_smooth1_qc_peak4_fieldloss
run33_sparc_1363,sparc_1363,0.515775,0.733881,0.541222,0.515659,0.697419,0.536372,0.890842,0.888195,0.866008,0.858826,0.892197,0.946210,spectrum_fno48_floor6_smooth1_qc_peak4_fieldloss
run33_sparc_1411,sparc_1411,0.643628,0.793846,0.655540,0.592514,0.731845,0.599515,0.894976,0.892178,0.888367,0.874158,0.815478,0.947706,spectrum_fno48_floor6_smooth1_qc_peak4_fieldloss
run33_sparc_1420,sparc_1420,0.556366,0.697838,0.561677,0.554992,0.664045,0.560117,0.894917,0.884302,0.871401,0.944967,0.918772,0.973757,spectrum_fno48_floor6_smooth1_qc_peak4_fieldloss
run33_sparc_1425,sparc_1425,1.535639,1.444921,1.621376,0.795749,0.823282,0.808997,0.947616,0.927465,0.930197,0.934826,0.894431,0.959034,spectrum_fno48_floor6_smooth1_qc_peak4
run33_sparc_1440,sparc_1440,0.967024,1.298698,1.173623,0.726580,0.810980,0.748107,0.937245,0.945516,0.945895,0.915118,0.843290,0.928224,spectrum_fno48_floor6_smooth1_qc_peak4_fieldloss
run33_sparc_1441,sparc_1441,0.929264,1.260213,1.128840,0.720049,0.807191,0.739881,0.937954,0.946196,0.947677,0.916822,0.842593,0.926464,spectrum_fno48_floor6_smooth1_qc_peak4_fieldloss
run33_sparc_1502,sparc_1502,0.765583,0.863679,0.775272,0.696924,0.756292,0.706304,0.940221,0.940516,0.967007,0.817562,0.755816,0.825361,spectrum_fno48_floor6_smooth1_qc_peak4_fieldloss
run33_sparc_1503,sparc_1503,0.701204,1.246761,0.872112,0.661361,0.857407,0.731034,0.938690,0.937609,0.949304,0.847668,0.802955,0.928869,spectrum_fno48_floor6_smooth1_qc_peak4_fieldloss
run33_sparc_1506,sparc_1506,0.908755,1.119035,0.979706,0.728065,0.770844,0.728536,0.936529,0.940703,0.939521,0.928233,0.846113,0.924233,spectrum_fno48_floor6_smooth1_qc_peak4_fieldloss
run33_sparc_1511,sparc_1511,0.609097,0.780199,0.670899,0.570005,0.722738,0.600831,0.903715,0.902856,0.934728,0.873759,0.784295,0.876144,spectrum_fno48_floor6_smooth1_qc_peak4_fieldloss
run33_sparc_1512,sparc_1512,0.615774,0.757004,0.682596,0.568574,0.719480,0.603523,0.896902,0.894265,0.907568,0.893378,0.763289,0.868856,spectrum_fno48_floor6_smooth1_qc_peak4_fieldloss
run33_sparc_1521,sparc_1521,0.619031,0.749635,0.648293,0.591398,0.694022,0.600838,0.866953,0.871914,0.867763,0.949065,0.807140,0.926149,spectrum_fno48_floor6_smooth1_qc_peak4_fieldloss
run33_sparc_1529,sparc_1529,0.983980,1.254270,1.112193,0.777506,0.923130,0.799121,0.855851,0.818346,0.845680,0.895476,0.826921,0.941150,spectrum_fno48_floor6_smooth1_qc_peak4_fieldloss
run34_sparc_1315,sparc_1315,0.662822,0.709338,0.643522,0.614387,0.643172,0.619381,0.923420,0.932494,0.933348,0.962692,0.812142,0.962300,spectrum_fno48_floor6_smooth1_qc_peak4_fieldloss_geom
run34_sparc_1349,sparc_1349,0.629959,0.720294,0.692463,0.618902,0.609004,0.678248,0.812328,0.859527,0.893678,0.979319,0.894575,0.957054,spectrum_fno48_floor6_smooth1_qc_peak4_fieldloss
run34_sparc_1360,sparc_1360,0.489730,0.602185,0.486309,0.464355,0.598594,0.472062,0.924850,0.934601,0.942021,0.979351,0.905583,0.974565,spectrum_fno48_floor6_smooth1_qc_peak4_fieldloss_geom
run34_sparc_1363,sparc_1363,0.734075,0.917404,0.712113,0.713650,0.787188,0.712044,0.916266,0.911898,0.907872,0.900156,0.874592,0.933874,spectrum_fno48_floor6_smooth1_qc_peak4_fieldloss_geom
run34_sparc_1400,sparc_1400,0.475169,0.496857,0.412652,0.474825,0.496695,0.410611,0.978863,0.987635,0.988184,0.792216,0.725674,0.844167,spectrum_fno48_floor6_smooth1_qc_peak4_fieldloss_geom
run34_sparc_1401,sparc_1401,0.800362,0.964609,0.940126,0.709963,0.831055,0.732378,0.943076,0.940335,0.939960,0.817330,0.739686,0.885793,spectrum_fno48_floor6_smooth1_qc_peak4_fieldloss
run34_sparc_1406,sparc_1406,0.697071,0.681504,0.726588,0.673677,0.662447,0.693425,0.945243,0.942659,0.936441,0.868167,0.762232,0.913573,spectrum_fno48_floor6_smooth1_qc_peak4
run34_sparc_1415,sparc_1415,0.584353,0.559107,0.537684,0.561053,0.557708,0.534823,0.921416,0.936657,0.931884,0.966392,0.914721,0.966054,spectrum_fno48_floor6_smooth1_qc_peak4_fieldloss_geom
run34_sparc_1417,sparc_1417,0.527496,1.071197,0.744984,0.516210,0.645355,0.603301,0.920685,0.898072,0.894090,0.910373,0.851489,0.979285,spectrum_fno48_floor6_smooth1_qc_peak4_fieldloss
run34_sparc_1423,sparc_1423,0.868521,1.080232,0.842128,0.707838,0.711511,0.755804,0.950413,0.950960,0.946309,0.887441,0.844991,0.947259,spectrum_fno48_floor6_smooth1_qc_peak4_fieldloss_geom
run34_sparc_1515,sparc_1515,0.542020,0.620493,0.612128,0.538176,0.581296,0.568700,0.929735,0.940140,0.934766,0.966197,0.869559,0.934166,spectrum_fno48_floor6_smooth1_qc_peak4_fieldloss
run35_sparc_1307,sparc_1307,0.725394,1.057285,0.892632,0.653586,0.823684,0.741673,0.764148,0.817386,0.724332,0.969000,0.964644,0.977473,spectrum_fno48_floor6_smooth1_qc_peak4_fieldloss
run35_sparc_1315,sparc_1315,0.541399,0.660521,0.594061,0.536194,0.639647,0.580584,0.930862,0.928690,0.940978,0.895303,0.874211,0.889367,spectrum_fno48_floor6_smooth1_qc_peak4_fieldloss
run35_sparc_1317,sparc_1317,0.636074,0.627492,0.586431,0.594626,0.598310,0.557583,0.931487,0.933464,0.946923,0.901204,0.812864,0.885195,spectrum_fno48_floor6_smooth1_qc_peak4_fieldloss_geom
run35_sparc_1351,sparc_1351,0.582899,0.624720,0.584932,0.549472,0.583721,0.555058,0.931077,0.932295,0.922182,0.860299,0.859869,0.909091,spectrum_fno48_floor6_smooth1_qc_peak4_fieldloss
run35_sparc_1357,sparc_1357,0.673194,0.624610,0.715266,0.660627,0.617904,0.691540,0.909632,0.907513,0.883318,0.900313,0.809758,0.892557,spectrum_fno48_floor6_smooth1_qc_peak4
run35_sparc_1400,sparc_1400,0.344420,0.412993,0.527763,0.314329,0.367311,0.505910,0.992580,0.993906,0.987600,0.926801,0.935274,0.993909,spectrum_fno48_floor6_smooth1_qc_peak4_fieldloss
run35_sparc_1404,sparc_1404,0.499221,0.558621,0.508271,0.497959,0.551811,0.508261,0.934501,0.938716,0.924878,0.914858,0.925037,0.956884,spectrum_fno48_floor6_smooth1_qc_peak4_fieldloss
run35_sparc_1407,sparc_1407,0.574063,0.660554,0.568377,0.566151,0.619405,0.558249,0.912212,0.914638,0.921581,0.901954,0.848777,0.951329,spectrum_fno48_floor6_smooth1_qc_peak4_fieldloss_geom
run35_sparc_1409,sparc_1409,0.739354,0.777823,0.745979,0.721286,0.762241,0.726947,0.883766,0.890826,0.884447,0.898333,0.802091,0.908750,spectrum_fno48_floor6_smooth1_qc_peak4_fieldloss
run35_sparc_1412,sparc_1412,0.597505,0.628797,0.623186,0.584180,0.605269,0.595646,0.933411,0.927831,0.917295,0.951256,0.880893,0.913277,spectrum_fno48_floor6_smooth1_qc_peak4_fieldloss
run35_sparc_1413,sparc_1413,0.600732,0.622945,0.620175,0.577868,0.593381,0.591890,0.935642,0.929790,0.918713,0.950400,0.884937,0.908548,spectrum_fno48_floor6_smooth1_qc_peak4_fieldloss
run35_sparc_1415,sparc_1415,0.589964,0.659890,0.576570,0.559078,0.623037,0.558446,0.928215,0.928406,0.928383,0.928086,0.721698,0.852964,spectrum_fno48_floor6_smooth1_qc_peak4_fieldloss_geom
run35_sparc_1419,sparc_1419,0.758754,0.712214,0.754056,0.729301,0.694851,0.731537,0.885132,0.892558,0.864079,0.922159,0.910022,0.941060,spectrum_fno48_floor6_smooth1_qc_peak4
run35_sparc_1421,sparc_1421,0.634553,0.681155,0.698999,0.629260,0.673653,0.677178,0.890965,0.888501,0.887029,0.909479,0.908961,0.931164,spectrum_fno48_floor6_smooth1_qc_peak4_fieldloss
run35_sparc_1427,sparc_1427,0.654590,0.696896,0.661785,0.644546,0.685878,0.660365,0.880941,0.899445,0.877055,0.937009,0.894027,0.950634,spectrum_fno48_floor6_smooth1_qc_peak4_fieldloss
run35_sparc_1430,sparc_1430,0.835033,0.826520,0.760124,0.833785,0.826455,0.758072,0.787374,0.898279,0.876852,0.991681,0.988123,0.984238,spectrum_fno48_floor6_smooth1_qc_peak4_fieldloss_geom
run35_sparc_1440,sparc_1440,0.566286,0.640207,0.549338,0.565360,0.636502,0.548949,0.932230,0.936664,0.962377,0.805446,0.797792,0.847353,spectrum_fno48_floor6_smooth1_qc_peak4_fieldloss_geom
run35_sparc_1501,sparc_1501,0.854058,0.826831,0.785314,0.820506,0.783224,0.776534,0.881054,0.900618,0.882735,0.985430,0.982238,0.969075,spectrum_fno48_floor6_smooth1_qc_peak4_fieldloss_geom
run35_sparc_1515,sparc_1515,0.537674,0.590729,0.542252,0.534781,0.590459,0.538559,0.930831,0.929651,0.925541,0.867325,0.785072,0.900152,spectrum_fno48_floor6_smooth1_qc_peak4_fieldloss
run35_sparc_1518,sparc_1518,0.547803,0.615222,0.547003,0.532255,0.575894,0.531636,0.915812,0.914750,0.906435,0.829314,0.838507,0.972485,spectrum_fno48_floor6_smooth1_qc_peak4_fieldloss_geom
run35_sparc_1519,sparc_1519,0.767123,0.718620,0.784048,0.721127,0.686666,0.736528,0.919565,0.916723,0.905783,0.894146,0.912346,0.915904,spectrum_fno48_floor6_smooth1_qc_peak4
run35_sparc_1520,sparc_1520,0.610872,0.691811,0.590705,0.586555,0.671389,0.578419,0.917656,0.918465,0.904789,0.786805,0.889644,0.865468,spectrum_fno48_floor6_smooth1_qc_peak4_fieldloss_geom
run35_sparc_1522,sparc_1522,0.825743,0.828078,0.914837,0.766434,0.787724,0.811415,0.867105,0.869021,0.849027,0.893611,0.821391,0.903630,spectrum_fno48_floor6_smooth1_qc_peak4_fieldloss
run35_sparc_1525,sparc_1525,0.621649,0.630207,0.613790,0.617043,0.629645,0.613781,0.889879,0.905065,0.898072,0.934951,0.882714,0.920155,spectrum_fno48_floor6_smooth1_qc_peak4_fieldloss_geom
run36_sparc_1302,sparc_1302,0.679038,1.101275,0.800554,0.634290,0.810130,0.701888,0.908885,0.906843,0.924242,0.947460,0.795512,0.940783,spectrum_fno48_floor6_smooth1_qc_peak4_fieldloss
run36_sparc_1306,sparc_1306,1.405048,1.483417,1.299904,0.904289,0.915124,0.895072,0.915001,0.910575,0.914212,0.906400,0.921585,0.935044,spectrum_fno48_floor6_smooth1_qc_peak4_fieldloss_geom
run36_sparc_1307,sparc_1307,0.847689,1.014798,0.866244,0.739905,0.776534,0.738893,0.901679,0.906355,0.906663,0.967810,0.943069,0.982880,spectrum_fno48_floor6_smooth1_qc_peak4_fieldloss
run36_sparc_1353,sparc_1353,0.495306,0.690947,0.495349,0.493001,0.641787,0.494352,0.875421,0.884001,0.872631,0.907699,0.923102,0.938920,spectrum_fno48_floor6_smooth1_qc_peak4_fieldloss
run36_sparc_1355,sparc_1355,0.518137,0.595535,0.518565,0.507317,0.565719,0.504285,0.899503,0.900503,0.879815,0.926920,0.827597,0.944690,spectrum_fno48_floor6_smooth1_qc_peak4_fieldloss
run36_sparc_1358,sparc_1358,0.530293,0.615993,0.524266,0.512161,0.578632,0.508839,0.889017,0.889270,0.875880,0.914509,0.860046,0.924480,spectrum_fno48_floor6_smooth1_qc_peak4_fieldloss_geom
run36_sparc_1364,sparc_1364,0.509839,0.757208,0.552444,0.504258,0.715543,0.540111,0.878780,0.878671,0.860819,0.889527,0.910608,0.944157,spectrum_fno48_floor6_smooth1_qc_peak4_fieldloss
run36_sparc_1400,sparc_1400,0.412093,0.472854,0.463653,0.411421,0.463703,0.445699,0.985320,0.990272,0.988638,0.900684,0.901453,0.954398,spectrum_fno48_floor6_smooth1_qc_peak4_fieldloss
run36_sparc_1414,sparc_1414,0.583823,0.670441,0.596044,0.557730,0.640064,0.561017,0.905601,0.905509,0.929581,0.899456,0.653509,0.880150,spectrum_fno48_floor6_smooth1_qc_peak4_fieldloss
run36_sparc_1417,sparc_1417,0.559125,0.635985,0.565324,0.552178,0.621264,0.557916,0.906019,0.907391,0.925560,0.911653,0.720995,0.883422,spectrum_fno48_floor6_smooth1_qc_peak4_fieldloss
run36_sparc_1426,sparc_1426,0.948506,1.245307,1.106425,0.747630,0.802523,0.785545,0.923015,0.915492,0.928608,0.866086,0.817381,0.894699,spectrum_fno48_floor6_smooth1_qc_peak4_fieldloss
run36_sparc_1502,sparc_1502,0.670629,1.075844,0.651539,0.618718,0.790461,0.608034,0.870152,0.881038,0.952382,0.956949,0.778121,0.842616,spectrum_fno48_floor6_smooth1_qc_peak4_fieldloss_geom
run36_sparc_1507,sparc_1507,1.122314,1.474549,1.478935,0.824415,0.901176,0.896735,0.912996,0.917231,0.917626,0.884593,0.821742,0.895958,spectrum_fno48_floor6_smooth1_qc_peak4_fieldloss
run36_sparc_1513,sparc_1513,0.557858,0.619722,0.568765,0.553597,0.609179,0.562338,0.912343,0.911836,0.929905,0.945646,0.631748,0.917984,spectrum_fno48_floor6_smooth1_qc_peak4_fieldloss
run36_sparc_1522,sparc_1522,0.539608,0.821376,0.598015,0.509490,0.674904,0.553176,0.889860,0.895821,0.869344,0.843826,0.881497,0.952008,spectrum_fno48_floor6_smooth1_qc_peak4_fieldloss
run36_sparc_1523,sparc_1523,0.524076,0.871476,0.606536,0.517043,0.711399,0.573354,0.891533,0.890313,0.876118,0.880715,0.866184,0.905274,spectrum_fno48_floor6_smooth1_qc_peak4_fieldloss
run36_sparc_1525,sparc_1525,1.065665,1.159941,1.203362,0.790331,0.803907,0.807415,0.940009,0.930399,0.934544,0.836322,0.678972,0.907867,spectrum_fno48_floor6_smooth1_qc_peak4_fieldloss
run36_sparc_1527,sparc_1527,0.931832,1.177958,0.977377,0.808607,0.859974,0.808199,0.910935,0.842538,0.915372,0.899219,0.847360,0.942558,spectrum_fno48_floor6_smooth1_qc_peak4_fieldloss
run36_sparc_1529,sparc_1529,1.219469,1.253567,1.290523,0.889417,0.885507,0.884470,0.787918,0.808041,0.762749,0.924836,0.920283,0.945283,spectrum_fno48_floor6_smooth1_qc_peak4_fieldloss
run36_sparc_1530,sparc_1530,0.755930,0.703492,0.653736,0.753454,0.696769,0.653619,0.893056,0.917453,0.913889,0.983590,0.976769,0.990424,spectrum_fno48_floor6_smooth1_qc_peak4_fieldloss_geom
run37_sparc_1300,sparc_1300,0.688700,0.706768,0.769298,0.638300,0.657237,0.642926,0.921823,0.959689,0.952856,0.913013,0.864337,0.958618,spectrum_fno48_floor6_smooth1_qc_peak4_fieldloss
run37_sparc_1305,sparc_1305,0.888149,0.895405,0.847687,0.713042,0.722127,0.712473,0.924855,0.927750,0.928741,0.908803,0.784653,0.924752,spectrum_fno48_floor6_smooth1_qc_peak4_fieldloss_geom
run37_sparc_1306,sparc_1306,0.831703,0.903207,0.892972,0.754000,0.765397,0.763314,0.860323,0.870940,0.870658,0.956455,0.934509,0.945808,spectrum_fno48_floor6_smooth1_qc_peak4_fieldloss
run37_sparc_1313,sparc_1313,0.671850,0.688775,0.686627,0.647077,0.673674,0.661992,0.941498,0.944075,0.952630,0.940848,0.810940,0.900500,spectrum_fno48_floor6_smooth1_qc_peak4_fieldloss
run37_sparc_1314,sparc_1314,0.661634,0.677447,0.675570,0.641702,0.665227,0.654938,0.941893,0.945189,0.949535,0.948771,0.811365,0.915630,spectrum_fno48_floor6_smooth1_qc_peak4_fieldloss
run37_sparc_1317,sparc_1317,0.682301,0.680822,0.696472,0.680290,0.674076,0.694245,0.915206,0.926463,0.945710,0.926852,0.814914,0.937744,spectrum_fno48_floor6_smooth1_qc_peak4
run37_sparc_1318,sparc_1318,0.675942,0.678371,0.694683,0.675023,0.670145,0.692876,0.929551,0.935522,0.955012,0.890511,0.724953,0.869788,spectrum_fno48_floor6_smooth1_qc_peak4_fieldloss
run37_sparc_1359,sparc_1359,0.661597,0.691356,0.671927,0.654501,0.690457,0.668528,0.934468,0.935367,0.942395,0.891030,0.764721,0.895025,spectrum_fno48_floor6_smooth1_qc_peak4_fieldloss
run37_sparc_1364,sparc_1364,0.706601,0.741375,0.729682,0.698906,0.740276,0.726479,0.929678,0.933092,0.916231,0.905930,0.786640,0.935436,spectrum_fno48_floor6_smooth1_qc_peak4_fieldloss
run37_sparc_1400,sparc_1400,0.650750,0.617010,0.590786,0.650348,0.616879,0.587646,0.947114,0.969381,0.971991,0.941448,0.852748,0.955718,spectrum_fno48_floor6_smooth1_qc_peak4_fieldloss_geom
run37_sparc_1402,sparc_1402,0.767145,0.685954,0.464128,0.545325,0.630067,0.382069,0.928127,0.938595,0.955198,0.955368,0.877977,0.976094,spectrum_fno48_floor6_smooth1_qc_peak4_fieldloss_geom
run37_sparc_1403,sparc_1403,0.828880,0.997923,0.718740,0.739810,0.777570,0.689228,0.902214,0.916415,0.945478,0.943380,0.847516,0.776905,spectrum_fno48_floor6_smooth1_qc_peak4_fieldloss_geom
run37_sparc_1406,sparc_1406,0.875535,0.953271,0.864743,0.742636,0.792531,0.737972,0.934459,0.938975,0.929555,0.907098,0.900363,0.951415,spectrum_fno48_floor6_smooth1_qc_peak4_fieldloss_geom
run37_sparc_1407,sparc_1407,0.742594,0.886375,0.737607,0.713404,0.766183,0.715049,0.929854,0.932022,0.938330,0.869421,0.828371,0.920009,spectrum_fno48_floor6_smooth1_qc_peak4_fieldloss_geom
run37_sparc_1408,sparc_1408,0.700214,0.726219,0.686503,0.698633,0.715406,0.683145,0.920457,0.928829,0.936051,0.923624,0.920133,0.893444,spectrum_fno48_floor6_smooth1_qc_peak4_fieldloss_geom
run37_sparc_1413,sparc_1413,0.682676,0.723843,0.699998,0.668526,0.712492,0.685595,0.939739,0.942277,0.953831,0.930134,0.824697,0.880541,spectrum_fno48_floor6_smooth1_qc_peak4_fieldloss
run37_sparc_1414,sparc_1414,0.665635,0.694709,0.673773,0.637564,0.677852,0.651599,0.940191,0.943947,0.939246,0.914833,0.798465,0.895287,spectrum_fno48_floor6_smooth1_qc_peak4_fieldloss
run37_sparc_1423,sparc_1423,0.672603,0.725462,0.680788,0.672586,0.704323,0.680202,0.907934,0.910277,0.912722,0.860007,0.805305,0.914341,spectrum_fno48_floor6_smooth1_qc_peak4_fieldloss
run37_sparc_1425,sparc_1425,0.661208,0.683139,0.660926,0.661208,0.681397,0.658206,0.930398,0.933438,0.938193,0.860206,0.666722,0.880289,spectrum_fno48_floor6_smooth1_qc_peak4_fieldloss_geom
run37_sparc_1500,sparc_1500,0.575263,0.548628,0.524206,0.573510,0.547478,0.524100,0.959694,0.976979,0.977164,0.921399,0.862967,0.956751,spectrum_fno48_floor6_smooth1_qc_peak4_fieldloss_geom
run37_sparc_1501,sparc_1501,1.040001,1.086836,0.950232,0.767688,0.846936,0.753509,0.925425,0.930974,0.934751,0.923043,0.910177,0.964044,spectrum_fno48_floor6_smooth1_qc_peak4_fieldloss_geom
run37_sparc_1505,sparc_1505,0.788259,0.803351,0.785800,0.705759,0.719317,0.711785,0.922535,0.918304,0.930681,0.899562,0.837837,0.915585,spectrum_fno48_floor6_smooth1_qc_peak4_fieldloss_geom
run37_sparc_1511,sparc_1511,0.689171,0.731701,0.704089,0.661033,0.711404,0.676347,0.939339,0.940451,0.956310,0.923624,0.866986,0.885037,spectrum_fno48_floor6_smooth1_qc_peak4_fieldloss
run37_sparc_1517,sparc_1517,0.672483,0.693219,0.687086,0.660044,0.685283,0.674527,0.931833,0.933275,0.924341,0.875918,0.808671,0.911983,spectrum_fno48_floor6_smooth1_qc_peak4_fieldloss
run37_sparc_1520,sparc_1520,0.680219,0.697758,0.685023,0.666895,0.693369,0.679441,0.935447,0.933124,0.935806,0.914491,0.843770,0.932748,spectrum_fno48_floor6_smooth1_qc_peak4_fieldloss
run37_sparc_1528,sparc_1528,0.689953,0.645625,0.714947,0.679579,0.639604,0.692182,0.896072,0.897757,0.895088,0.928918,0.767262,0.956918,spectrum_fno48_floor6_smooth1_qc_peak4
run38_sparc_1300,sparc_1300,0.402097,0.418647,0.299816,0.397722,0.403255,0.299606,0.984033,0.975845,0.986056,0.882050,0.604993,0.821708,spectrum_fno48_floor6_smooth1_qc_peak4_fieldloss_geom
run38_sparc_1308,sparc_1308,0.632040,0.883307,0.645001,0.604731,0.770710,0.598907,0.907302,0.902518,0.912049,0.908699,0.929810,0.890875,spectrum_fno48_floor6_smooth1_qc_peak4_fieldloss
run38_sparc_1309,sparc_1309,0.529624,0.628075,0.541110,0.526886,0.614544,0.540946,0.910926,0.907534,0.878330,0.903866,0.882514,0.962024,spectrum_fno48_floor6_smooth1_qc_peak4_fieldloss
run38_sparc_1310,sparc_1310,0.532697,0.580982,0.516360,0.514772,0.559094,0.501451,0.897997,0.913761,0.917815,0.869761,0.647185,0.951930,spectrum_fno48_floor6_smooth1_qc_peak4_fieldloss_geom
run38_sparc_1311,sparc_1311,0.534171,0.550916,0.515971,0.521037,0.540639,0.503864,0.897464,0.914596,0.915128,0.889022,0.580656,0.963728,spectrum_fno48_floor6_smooth1_qc_peak4_fieldloss_geom
run38_sparc_1350,sparc_1350,0.492587,0.518665,0.486702,0.483592,0.497466,0.477035,0.919395,0.924601,0.964818,0.838237,0.687241,0.925498,spectrum_fno48_floor6_smooth1_qc_peak4_fieldloss_geom
run38_sparc_1351,sparc_1351,0.503997,0.519388,0.489376,0.478849,0.491445,0.471987,0.926123,0.923438,0.913638,0.909424,0.779795,0.965690,spectrum_fno48_floor6_smooth1_qc_peak4_fieldloss_geom
run38_sparc_1353,sparc_1353,0.436098,0.552040,0.441347,0.432569,0.552040,0.439052,0.900295,0.901463,0.882590,0.891985,0.827327,0.958639,spectrum_fno48_floor6_smooth1_qc_peak4_fieldloss
run38_sparc_1354,sparc_1354,0.490734,0.545533,0.490529,0.489879,0.545530,0.489930,0.857466,0.878375,0.883977,0.937282,0.815556,0.953465,spectrum_fno48_floor6_smooth1_qc_peak4_fieldloss_geom
run38_sparc_1357,sparc_1357,0.505332,0.578343,0.504810,0.502859,0.567926,0.501696,0.906767,0.907056,0.896784,0.908707,0.750230,0.948077,spectrum_fno48_floor6_smooth1_qc_peak4_fieldloss_geom
run38_sparc_1359,sparc_1359,0.418092,0.518727,0.441983,0.417935,0.505805,0.440192,0.907456,0.914892,0.910107,0.904420,0.860425,0.901710,spectrum_fno48_floor6_smooth1_qc_peak4_fieldloss
run38_sparc_1362,sparc_1362,0.418363,0.511772,0.440528,0.416981,0.505384,0.439929,0.884663,0.889330,0.889647,0.898399,0.877258,0.954780,spectrum_fno48_floor6_smooth1_qc_peak4_fieldloss
run38_sparc_1402,sparc_1402,0.670463,0.836551,0.466290,0.598648,0.623499,0.465634,0.892890,0.927577,0.950724,0.950840,0.887299,0.903674,spectrum_fno48_floor6_smooth1_qc_peak4_fieldloss_geom
run38_sparc_1414,sparc_1414,0.563370,0.576426,0.616232,0.524036,0.534671,0.563052,0.930408,0.931505,0.949820,0.778604,0.575792,0.877888,spectrum_fno48_floor6_smooth1_qc_peak4_fieldloss
run38_sparc_1423,sparc_1423,1.458270,1.798826,1.651352,0.872873,0.906056,0.881857,0.793186,0.801371,0.816120,0.949659,0.859056,0.975875,spectrum_fno48_floor6_smooth1_qc_peak4_fieldloss
run38_sparc_1426,sparc_1426,0.805271,1.022807,0.835388,0.689992,0.826207,0.667099,0.656045,0.407982,0.649695,0.978587,0.968470,0.982478,spectrum_fno48_floor6_smooth1_qc_peak4_fieldloss
run38_sparc_1503,sparc_1503,0.709825,1.129050,0.658908,0.520691,0.800103,0.511377,0.903660,0.887617,0.885717,0.960722,0.933708,0.957944,spectrum_fno48_floor6_smooth1_qc_peak4_fieldloss_geom
run38_sparc_1513,sparc_1513,0.584600,0.606049,0.608090,0.508764,0.552388,0.535321,0.936254,0.937172,0.937051,0.892528,0.619788,0.942311,spectrum_fno48_floor6_smooth1_qc_peak4_fieldloss
run38_sparc_1514,sparc_1514,0.564558,0.585245,0.570805,0.503283,0.542298,0.527118,0.930916,0.930016,0.926351,0.861736,0.676679,0.849950,spectrum_fno48_floor6_smooth1_qc_peak4_fieldloss
run38_sparc_1515,sparc_1515,0.541619,0.560789,0.556973,0.496627,0.524621,0.509061,0.928909,0.928509,0.923711,0.883653,0.682273,0.907744,spectrum_fno48_floor6_smooth1_qc_peak4_fieldloss
run38_sparc_1516,sparc_1516,0.490501,0.549567,0.494040,0.484715,0.515908,0.488737,0.924430,0.925278,0.918813,0.888655,0.723622,0.927747,spectrum_fno48_floor6_smooth1_qc_peak4_fieldloss
run38_sparc_1519,sparc_1519,0.496914,0.610025,0.508764,0.491562,0.575536,0.500909,0.903452,0.902931,0.886740,0.922818,0.796634,0.874043,spectrum_fno48_floor6_smooth1_qc_peak4_fieldloss
run39_sparc_1313,sparc_1313,0.555996,0.625182,0.554774,0.546387,0.611888,0.546740,0.914489,0.913249,0.962360,0.901942,0.721915,0.876010,spectrum_fno48_floor6_smooth1_qc_peak4_fieldloss_geom
run39_sparc_1316,sparc_1316,0.550047,0.643464,0.555893,0.539470,0.626273,0.546799,0.868175,0.879041,0.866196,0.946374,0.840461,0.934846,spectrum_fno48_floor6_smooth1_qc_peak4_fieldloss
run39_sparc_1351,sparc_1351,0.557356,0.651829,0.566443,0.546858,0.628411,0.555796,0.902409,0.903745,0.887616,0.915893,0.704314,0.923214,spectrum_fno48_floor6_smooth1_qc_peak4_fieldloss
run39_sparc_1352,sparc_1352,0.567545,0.741221,0.574760,0.559749,0.664138,0.563449,0.895312,0.899014,0.895936,0.854512,0.782494,0.907119,spectrum_fno48_floor6_smooth1_qc_peak4_fieldloss
run39_sparc_1358,sparc_1358,0.483371,0.590785,0.503008,0.476293,0.569896,0.492081,0.886672,0.896287,0.882565,0.940736,0.906481,0.932314,spectrum_fno48_floor6_smooth1_qc_peak4_fieldloss
run39_sparc_1364,sparc_1364,0.537595,0.706656,0.558678,0.533081,0.664157,0.549974,0.874103,0.880024,0.877198,0.824219,0.890538,0.902727,spectrum_fno48_floor6_smooth1_qc_peak4_fieldloss
run39_sparc_1404,sparc_1404,0.724905,0.887346,0.826417,0.668352,0.707258,0.677526,0.900906,0.918738,0.916501,0.957927,0.942543,0.957809,spectrum_fno48_floor6_smooth1_qc_peak4_fieldloss
run39_sparc_1406,sparc_1406,1.169478,1.260657,1.260229,0.777401,0.810825,0.795461,0.937580,0.942980,0.946454,0.886487,0.873551,0.909201,spectrum_fno48_floor6_smooth1_qc_peak4_fieldloss
run39_sparc_1413,sparc_1413,0.585854,0.661513,0.577847,0.559283,0.629937,0.559885,0.907522,0.905540,0.940052,0.896848,0.763341,0.893633,spectrum_fno48_floor6_smooth1_qc_peak4_fieldloss_geom
run39_sparc_1415,sparc_1415,0.558603,0.620893,0.573457,0.547457,0.586327,0.560181,0.904643,0.903992,0.916759,0.935679,0.740782,0.927875,spectrum_fno48_floor6_smooth1_qc_peak4_fieldloss
run39_sparc_1420,sparc_1420,0.524958,0.646845,0.563325,0.515733,0.616912,0.537901,0.898903,0.896707,0.893025,0.858792,0.896039,0.973732,spectrum_fno48_floor6_smooth1_qc_peak4_fieldloss
run39_sparc_1423,sparc_1423,1.110586,1.594831,1.314052,0.769429,0.830625,0.798422,0.940393,0.951169,0.928594,0.947996,0.782930,0.967584,spectrum_fno48_floor6_smooth1_qc_peak4_fieldloss
run39_sparc_1425,sparc_1425,0.941224,1.243234,1.254036,0.753209,0.813176,0.833655,0.942436,0.924603,0.928949,0.869246,0.885690,0.961815,spectrum_fno48_floor6_smooth1_qc_peak4_fieldloss
run39_sparc_1507,sparc_1507,0.971979,1.253697,1.244384,0.756957,0.826879,0.794490,0.931874,0.937292,0.937675,0.885355,0.869054,0.906827,spectrum_fno48_floor6_smooth1_qc_peak4_fieldloss
run39_sparc_1513,sparc_1513,0.582691,0.643712,0.598398,0.553521,0.605505,0.561401,0.910737,0.913113,0.916717,0.904082,0.666947,0.907780,spectrum_fno48_floor6_smooth1_qc_peak4_fieldloss
run39_sparc_1520,sparc_1520,0.523766,0.638011,0.552353,0.523349,0.617885,0.548290,0.883059,0.888804,0.868117,0.942269,0.929080,0.971627,spectrum_fno48_floor6_smooth1_qc_peak4_fieldloss
run39_sparc_1522,sparc_1522,0.502980,0.670389,0.544228,0.502767,0.652251,0.542232,0.899250,0.892840,0.886870,0.942943,0.739069,0.856096,spectrum_fno48_floor6_smooth1_qc_peak4_fieldloss
run39_sparc_1524,sparc_1524,0.607039,0.935398,0.634259,0.598067,0.780442,0.612932,0.878867,0.876777,0.872777,0.915066,0.872843,0.947990,spectrum_fno48_floor6_smooth1_qc_peak4_fieldloss
run39_sparc_1525,sparc_1525,0.929665,1.082412,1.159436,0.727022,0.816146,0.815988,0.943458,0.939004,0.939121,0.887135,0.817197,0.923676,spectrum_fno48_floor6_smooth1_qc_peak4_fieldloss
run3_sparc_1301,sparc_1301,0.691776,0.784877,0.566568,0.679632,0.772532,0.526392,0.909842,0.917168,0.940596,0.977614,0.988763,0.948695,spectrum_fno48_floor6_smooth1_qc_peak4_fieldloss_geom
run3_sparc_1307,sparc_1307,0.559272,0.932292,0.502085,0.550531,0.753764,0.498458,0.917405,0.919407,0.918181,0.877800,0.946421,0.910637,spectrum_fno48_floor6_smooth1_qc_peak4_fieldloss_geom
run3_sparc_1311,sparc_1311,0.652647,0.924308,0.642517,0.601651,0.833340,0.587927,0.906780,0.892213,0.906876,0.908321,0.878172,0.970529,spectrum_fno48_floor6_smooth1_qc_peak4_fieldloss_geom
run3_sparc_1314,sparc_1314,0.604098,0.730823,0.598184,0.581161,0.685930,0.574879,0.920824,0.921877,0.953789,0.874032,0.690898,0.954047,spectrum_fno48_floor6_smooth1_qc_peak4_fieldloss_geom
run3_sparc_1319,sparc_1319,0.584870,0.699001,0.601710,0.557945,0.657630,0.566232,0.925636,0.929922,0.937827,0.925507,0.716433,0.895981,spectrum_fno48_floor6_smooth1_qc_peak4_fieldloss
run3_sparc_1349,sparc_1349,0.550282,0.745930,0.566274,0.535963,0.686433,0.542621,0.904316,0.906513,0.883289,0.900779,0.890147,0.868422,spectrum_fno48_floor6_smooth1_qc_peak4_fieldloss
run3_sparc_1352,sparc_1352,0.636772,0.725846,0.626848,0.625997,0.683634,0.618721,0.921899,0.920352,0.918103,0.919746,0.550315,0.898532,spectrum_fno48_floor6_smooth1_qc_peak4_fieldloss_geom
run3_sparc_1355,sparc_1355,0.663016,0.724805,0.721424,0.646932,0.675220,0.685739,0.917774,0.914102,0.887698,0.912016,0.816418,0.873874,spectrum_fno48_floor6_smooth1_qc_peak4_fieldloss
run3_sparc_1365,sparc_1365,0.757439,0.789468,0.807448,0.691848,0.688114,0.738319,0.909205,0.914089,0.892270,0.949974,0.855628,0.915029,spectrum_fno48_floor6_smooth1_qc_peak4_fieldloss
run3_sparc_1401,sparc_1401,0.737754,0.877317,0.763752,0.714762,0.774512,0.659835,0.914553,0.919858,0.932111,0.986236,0.986918,0.975688,spectrum_fno48_floor6_smooth1_qc_peak4_fieldloss
run3_sparc_1402,sparc_1402,0.595851,0.667867,0.531615,0.584682,0.644080,0.529690,0.934540,0.944955,0.953254,0.910880,0.869237,0.937356,spectrum_fno48_floor6_smooth1_qc_peak4_fieldloss_geom
run3_sparc_1404,sparc_1404,0.531083,0.568092,0.541599,0.528901,0.567868,0.539498,0.929167,0.935510,0.931620,0.931070,0.920772,0.919867,spectrum_fno48_floor6_smooth1_qc_peak4_fieldloss
run3_sparc_1410,sparc_1410,0.679420,1.009415,0.663878,0.636594,0.864296,0.636065,0.913760,0.890035,0.925504,0.615836,0.844247,0.901977,spectrum_fno48_floor6_smooth1_qc_peak4_fieldloss_geom
run3_sparc_1420,sparc_1420,0.636567,0.779698,0.722302,0.610551,0.770531,0.717678,0.892534,0.893999,0.879455,0.948724,0.921234,0.966852,spectrum_fno48_floor6_smooth1_qc_peak4_fieldloss
run3_sparc_1423,sparc_1423,0.623059,0.702987,0.634731,0.616214,0.641634,0.623744,0.913270,0.908250,0.901716,0.947534,0.924976,0.964554,spectrum_fno48_floor6_smooth1_qc_peak4_fieldloss
run3_sparc_1425,sparc_1425,0.808086,0.779627,0.802426,0.788525,0.759042,0.783329,0.848031,0.866608,0.832312,0.977042,0.959131,0.978063,spectrum_fno48_floor6_smooth1_qc_peak4
run3_sparc_1503,sparc_1503,0.559952,0.604289,0.526621,0.559946,0.604208,0.525764,0.941802,0.940019,0.944398,0.910308,0.886359,0.881661,spectrum_fno48_floor6_smooth1_qc_peak4_fieldloss_geom
run3_sparc_1504,sparc_1504,0.629994,0.634389,0.664775,0.613063,0.621485,0.641237,0.915215,0.917532,0.918818,0.933543,0.897816,0.924541,spectrum_fno48_floor6_smooth1_qc_peak4_fieldloss
run3_sparc_1505,sparc_1505,0.662928,0.657041,0.669520,0.657062,0.650741,0.653075,0.923188,0.923045,0.922463,0.961530,0.933303,0.967243,spectrum_fno48_floor6_smooth1_qc_peak4
run3_sparc_1508,sparc_1508,0.812574,1.127557,0.752280,0.723589,0.988141,0.726632,0.814296,0.848827,0.877170,0.853936,0.388044,0.844006,spectrum_fno48_floor6_smooth1_qc_peak4_fieldloss_geom
run3_sparc_1518,sparc_1518,0.571755,0.897487,0.587101,0.555051,0.803795,0.566010,0.901062,0.897805,0.897799,0.940419,0.900090,0.912734,spectrum_fno48_floor6_smooth1_qc_peak4_fieldloss
run3_sparc_1520,sparc_1520,0.717818,0.853154,0.796912,0.642953,0.743402,0.703291,0.891320,0.897268,0.880826,0.941433,0.920384,0.942845,spectrum_fno48_floor6_smooth1_qc_peak4_fieldloss
run3_sparc_1521,sparc_1521,0.811056,0.841033,0.786244,0.742547,0.751239,0.735940,0.896242,0.892494,0.880137,0.950131,0.935801,0.928474,spectrum_fno48_floor6_smooth1_qc_peak4_fieldloss_geom
run3_sparc_1527,sparc_1527,0.625832,0.636836,0.695684,0.625437,0.635402,0.693837,0.914059,0.913604,0.902578,0.979775,0.955320,0.964832,spectrum_fno48_floor6_smooth1_qc_peak4_fieldloss
run40_sparc_1303,sparc_1303,0.473567,0.632583,0.479885,0.469749,0.569787,0.470189,0.912990,0.912752,0.921139,0.944619,0.925986,0.945450,spectrum_fno48_floor6_smooth1_qc_peak4_fieldloss
run40_sparc_1304,sparc_1304,0.561522,0.699739,0.582183,0.551340,0.678569,0.576169,0.901229,0.891132,0.896349,0.951530,0.908015,0.960342,spectrum_fno48_floor6_smooth1_qc_peak4_fieldloss
run40_sparc_1308,sparc_1308,1.123851,1.225451,1.026268,0.798156,0.827577,0.774612,0.897576,0.902659,0.902331,0.940293,0.880799,0.895295,spectrum_fno48_floor6_smooth1_qc_peak4_fieldloss_geom
run40_sparc_1309,sparc_1309,0.585855,0.711116,0.587630,0.560038,0.650149,0.570009,0.906783,0.900181,0.856805,0.912730,0.904207,0.947086,spectrum_fno48_floor6_smooth1_qc_peak4_fieldloss
run40_sparc_1314,sparc_1314,0.495954,0.512331,0.499291,0.479478,0.495088,0.478593,0.929422,0.929530,0.956241,0.874988,0.655814,0.898199,spectrum_fno48_floor6_smooth1_qc_peak4_fieldloss
run40_sparc_1319,sparc_1319,0.497571,0.589623,0.484293,0.476974,0.544868,0.463057,0.927205,0.931715,0.952513,0.849696,0.833647,0.881267,spectrum_fno48_floor6_smooth1_qc_peak4_fieldloss_geom
run40_sparc_1350,sparc_1350,0.495051,0.515904,0.495623,0.479824,0.496229,0.477811,0.929753,0.929958,0.957616,0.867524,0.684009,0.888860,spectrum_fno48_floor6_smooth1_qc_peak4_fieldloss
run40_sparc_1353,sparc_1353,0.459293,0.622915,0.456557,0.458093,0.593411,0.456418,0.916013,0.909900,0.906598,0.892956,0.882334,0.927921,spectrum_fno48_floor6_smooth1_qc_peak4_fieldloss_geom
run40_sparc_1362,sparc_1362,0.451430,0.541450,0.458071,0.450572,0.530432,0.458069,0.911272,0.913432,0.904776,0.923203,0.882397,0.933745,spectrum_fno48_floor6_smooth1_qc_peak4_fieldloss
run40_sparc_1363,sparc_1363,0.461567,0.573873,0.478795,0.461558,0.563968,0.477092,0.913473,0.910126,0.899004,0.883650,0.908228,0.943821,spectrum_fno48_floor6_smooth1_qc_peak4_fieldloss
run40_sparc_1402,sparc_1402,0.678787,0.661030,0.606111,0.663855,0.660938,0.602900,0.883767,0.903761,0.949809,0.936161,0.920725,0.931388,spectrum_fno48_floor6_smooth1_qc_peak4_fieldloss_geom
run40_sparc_1403,sparc_1403,0.521847,0.543546,0.496602,0.501570,0.542076,0.477892,0.918431,0.914340,0.946486,0.957624,0.916738,0.946099,spectrum_fno48_floor6_smooth1_qc_peak4_fieldloss_geom
run40_sparc_1408,sparc_1408,1.490555,1.630318,1.478656,0.964856,0.980602,0.981758,0.507818,0.517318,0.495578,0.949565,0.939813,0.987412,spectrum_fno48_floor6_smooth1_qc_peak4_fieldloss_geom
run40_sparc_1409,sparc_1409,0.510886,0.603704,0.517467,0.508757,0.592138,0.515707,0.926388,0.924401,0.911705,0.946273,0.891598,0.946451,spectrum_fno48_floor6_smooth1_qc_peak4_fieldloss
run40_sparc_1421,sparc_1421,0.542527,0.550598,0.557123,0.541068,0.548586,0.554970,0.905058,0.907076,0.900766,0.906805,0.672667,0.823386,spectrum_fno48_floor6_smooth1_qc_peak4_fieldloss
run40_sparc_1426,sparc_1426,0.651925,0.708494,0.661264,0.651909,0.700076,0.661086,0.898610,0.890344,0.881641,0.981466,0.853876,0.971035,spectrum_fno48_floor6_smooth1_qc_peak4_fieldloss
run40_sparc_1501,sparc_1501,0.614143,0.619757,0.627839,0.581799,0.574315,0.606642,0.916008,0.933187,0.906381,0.857054,0.893373,0.878782,spectrum_fno48_floor6_smooth1_qc_peak4_fieldloss
run40_sparc_1503,sparc_1503,0.556492,0.560505,0.532576,0.538054,0.557304,0.516351,0.918544,0.918914,0.921459,0.948869,0.879935,0.924682,spectrum_fno48_floor6_smooth1_qc_peak4_fieldloss_geom
run40_sparc_1508,sparc_1508,1.334817,1.542818,1.456503,0.970253,0.982576,0.983912,0.496680,0.509481,0.489133,0.950530,0.942117,0.987467,spectrum_fno48_floor6_smooth1_qc_peak4_fieldloss
run40_sparc_1514,sparc_1514,0.512942,0.536135,0.503664,0.493086,0.504831,0.481933,0.931461,0.934056,0.934420,0.837618,0.848568,0.848488,spectrum_fno48_floor6_smooth1_qc_peak4_fieldloss_geom
run40_sparc_1524,sparc_1524,0.706664,0.740611,0.741254,0.678707,0.697485,0.711594,0.893627,0.887174,0.882004,0.837300,0.685612,0.842317,spectrum_fno48_floor6_smooth1_qc_peak4_fieldloss
run40_sparc_1525,sparc_1525,0.630750,0.693398,0.645474,0.625660,0.672131,0.640965,0.887077,0.884906,0.881834,0.970524,0.852489,0.976412,spectrum_fno48_floor6_smooth1_qc_peak4_fieldloss
run40_sparc_1530,sparc_1530,0.976807,0.682754,0.692624,0.895819,0.564462,0.579104,0.599279,0.852172,0.853233,0.996879,0.996485,0.996448,spectrum_fno48_floor6_smooth1_qc_peak4
run41_sparc_1301,sparc_1301,0.461348,0.597678,0.562250,0.452793,0.536533,0.538752,0.925979,0.939253,0.928796,0.935117,0.951636,0.952292,spectrum_fno48_floor6_smooth1_qc_peak4_fieldloss
run41_sparc_1302,sparc_1302,0.678829,0.928450,0.883706,0.621734,0.755012,0.684684,0.920636,0.931509,0.930209,0.953770,0.897239,0.932143,spectrum_fno48_floor6_smooth1_qc_peak4_fieldloss
run41_sparc_1303,sparc_1303,0.809655,0.948291,0.911298,0.679671,0.786931,0.722875,0.918993,0.920622,0.938674,0.857784,0.749102,0.866742,spectrum_fno48_floor6_smooth1_qc_peak4_fieldloss
run41_sparc_1306,sparc_1306,1.167677,1.252617,1.359013,0.809696,0.894038,0.870812,0.889761,0.868594,0.816350,0.900960,0.909483,0.946658,spectrum_fno48_floor6_smooth1_qc_peak4_fieldloss
run41_sparc_1315,sparc_1315,1.551569,1.563499,1.497480,0.835659,0.909897,0.843563,0.580234,0.586193,0.664422,0.962081,0.950418,0.963128,spectrum_fno48_floor6_smooth1_qc_peak4_fieldloss_geom
run41_sparc_1318,sparc_1318,0.684501,0.832012,0.708576,0.682314,0.773613,0.700196,0.862274,0.874583,0.851757,0.875404,0.724280,0.909197,spectrum_fno48_floor6_smooth1_qc_peak4_fieldloss
run41_sparc_1319,sparc_1319,0.572884,0.758482,0.590804,0.569274,0.704441,0.585298,0.881947,0.883970,0.874560,0.945510,0.821967,0.974431,spectrum_fno48_floor6_smooth1_qc_peak4_fieldloss
run41_sparc_1354,sparc_1354,0.857514,1.046451,1.153434,0.670557,0.734341,0.717708,0.800454,0.815215,0.791263,0.954715,0.937521,0.971706,spectrum_fno48_floor6_smooth1_qc_peak4_fieldloss
run41_sparc_1404,sparc_1404,0.841963,1.113588,0.910149,0.670247,0.765406,0.676214,0.922576,0.926516,0.929754,0.928241,0.785674,0.921683,spectrum_fno48_floor6_smooth1_qc_peak4_fieldloss
run41_sparc_1416,sparc_1416,0.632660,0.601798,0.667979,0.605518,0.597991,0.629799,0.877712,0.893206,0.892377,0.917881,0.767680,0.915774,spectrum_fno48_floor6_smooth1_qc_peak4
run41_sparc_1420,sparc_1420,0.685653,0.774112,0.698144,0.632691,0.680993,0.644780,0.858361,0.819621,0.811109,0.815669,0.842632,0.922452,spectrum_fno48_floor6_smooth1_qc_peak4_fieldloss
run41_sparc_1502,sparc_1502,0.678509,1.036215,0.822148,0.624514,0.756524,0.672978,0.932510,0.949587,0.963711,0.936624,0.878247,0.880562,spectrum_fno48_floor6_smooth1_qc_peak4_fieldloss
run41_sparc_1506,sparc_1506,1.127157,1.176559,1.251661,0.772614,0.832439,0.827281,0.928380,0.933985,0.941323,0.923046,0.889565,0.958554,spectrum_fno48_floor6_smooth1_qc_peak4_fieldloss
run41_sparc_1507,sparc_1507,0.916256,1.259671,1.060272,0.726338,0.818805,0.758238,0.930570,0.932841,0.931281,0.920340,0.788555,0.922717,spectrum_fno48_floor6_smooth1_qc_peak4_fieldloss
run41_sparc_1510,sparc_1510,0.630492,0.627653,0.659263,0.595758,0.613452,0.604231,0.923230,0.920531,0.929875,0.874102,0.686028,0.907077,spectrum_fno48_floor6_smooth1_qc_peak4
run41_sparc_1520,sparc_1520,0.660359,0.625694,0.692143,0.620858,0.619643,0.630213,0.911912,0.897245,0.863812,0.860986,0.696367,0.937927,spectrum_fno48_floor6_smooth1_qc_peak4
run41_sparc_1521,sparc_1521,0.690527,0.686629,0.712811,0.617834,0.658151,0.630897,0.912478,0.906227,0.903760,0.849725,0.584564,0.926634,spectrum_fno48_floor6_smooth1_qc_peak4
run41_sparc_1525,sparc_1525,0.750059,0.878295,0.794008,0.631155,0.692510,0.660343,0.933660,0.934310,0.933618,0.829144,0.645638,0.862881,spectrum_fno48_floor6_smooth1_qc_peak4_fieldloss
run41_sparc_1526,sparc_1526,0.765729,0.893024,0.741013,0.636793,0.692969,0.663198,0.925017,0.929481,0.942097,0.861146,0.827094,0.841421,spectrum_fno48_floor6_smooth1_qc_peak4_fieldloss_geom
run42_sparc_1317,sparc_1317,0.655283,0.766526,0.668694,0.625610,0.717838,0.635025,0.903458,0.902511,0.934926,0.960479,0.610215,0.895021,spectrum_fno48_floor6_smooth1_qc_peak4_fieldloss
run42_sparc_1354,sparc_1354,0.723280,0.735315,0.678699,0.714726,0.735266,0.662881,0.884470,0.882372,0.896378,0.916721,0.892587,0.871543,spectrum_fno48_floor6_smooth1_qc_peak4_fieldloss_geom
run42_sparc_1356,sparc_1356,0.799065,0.802101,0.705916,0.799059,0.798625,0.704977,0.898766,0.900079,0.908782,0.963405,0.750867,0.949037,spectrum_fno48_floor6_smooth1_qc_peak4_fieldloss_geom
run42_sparc_1359,sparc_1359,0.504626,0.761500,0.518235,0.486889,0.711813,0.500034,0.910650,0.906745,0.926923,0.942939,0.836928,0.914144,spectrum_fno48_floor6_smooth1_qc_peak4_fieldloss
run42_sparc_1363,sparc_1363,0.545195,0.687919,0.543611,0.545177,0.651957,0.543324,0.898945,0.897772,0.928269,0.887068,0.798363,0.926454,spectrum_fno48_floor6_smooth1_qc_peak4_fieldloss_geom
run42_sparc_1364,sparc_1364,0.540804,0.631528,0.552366,0.540799,0.626032,0.550711,0.874483,0.880989,0.894332,0.922708,0.634811,0.919321,spectrum_fno48_floor6_smooth1_qc_peak4_fieldloss
run42_sparc_1365,sparc_1365,0.481666,0.792607,0.507893,0.475742,0.707502,0.496061,0.897059,0.889232,0.916591,0.876719,0.800832,0.929439,spectrum_fno48_floor6_smooth1_qc_peak4_fieldloss
run42_sparc_1404,sparc_1404,0.772627,0.976644,0.904574,0.701171,0.798831,0.786424,0.921615,0.922777,0.924876,0.870223,0.849081,0.892423,spectrum_fno48_floor6_smooth1_qc_peak4_fieldloss
run42_sparc_1411,sparc_1411,0.576613,0.625435,0.582723,0.574673,0.624624,0.581075,0.901957,0.909325,0.927924,0.883010,0.487898,0.933821,spectrum_fno48_floor6_smooth1_qc_peak4_fieldloss
run42_sparc_1418,sparc_1418,0.748510,0.803861,0.725188,0.647622,0.734539,0.653714,0.899659,0.895266,0.901612,0.919134,0.773851,0.932180,spectrum_fno48_floor6_smooth1_qc_peak4_fieldloss_geom
run42_sparc_1423,sparc_1423,0.730127,0.773785,0.847291,0.675808,0.700770,0.765776,0.928050,0.937654,0.918544,0.761708,0.760857,0.894549,spectrum_fno48_floor6_smooth1_qc_peak4_fieldloss
run42_sparc_1424,sparc_1424,0.689901,0.847295,0.832792,0.658402,0.750545,0.762649,0.940817,0.946076,0.945691,0.835628,0.801189,0.880227,spectrum_fno48_floor6_smooth1_qc_peak4_fieldloss
run42_sparc_1503,sparc_1503,0.931358,0.957420,0.970749,0.707918,0.741549,0.721624,0.947353,0.945411,0.942722,0.912252,0.780490,0.925331,spectrum_fno48_floor6_smooth1_qc_peak4_fieldloss
run42_sparc_1508,sparc_1508,0.613224,0.660172,0.652699,0.611031,0.640300,0.643508,0.928658,0.930419,0.928944,0.886177,0.734558,0.932722,spectrum_fno48_floor6_smooth1_qc_peak4_fieldloss
run42_sparc_1511,sparc_1511,0.623247,0.656735,0.703481,0.616883,0.652004,0.645664,0.912411,0.894218,0.853665,0.896759,0.449457,0.964492,spectrum_fno48_floor6_smooth1_qc_peak4_fieldloss
run42_sparc_1512,sparc_1512,0.600612,0.642435,0.637354,0.591002,0.640272,0.609204,0.893097,0.889362,0.900788,0.894432,0.670531,0.911909,spectrum_fno48_floor6_smooth1_qc_peak4_fieldloss
run42_sparc_1513,sparc_1513,0.642578,0.766094,0.745316,0.626796,0.728912,0.742378,0.904559,0.873465,0.806026,0.878440,0.672302,0.974670,spectrum_fno48_floor6_smooth1_qc_peak4_fieldloss
run42_sparc_1528,sparc_1528,0.784542,0.826321,0.783925,0.695612,0.724973,0.720430,0.813573,0.829215,0.852659,0.891061,0.847244,0.882629,spectrum_fno48_floor6_smooth1_qc_peak4_fieldloss_geom
run43_sparc_1349,sparc_1349,0.798779,0.808071,0.683054,0.754473,0.766237,0.657404,0.910282,0.921288,0.909576,0.893511,0.831453,0.909572,spectrum_fno48_floor6_smooth1_qc_peak4_fieldloss_geom
run43_sparc_1356,sparc_1356,0.820413,0.780172,0.783908,0.818063,0.779967,0.783340,0.895751,0.894479,0.883586,0.929399,0.948047,0.876126,spectrum_fno48_floor6_smooth1_qc_peak4
run43_sparc_1358,sparc_1358,0.837189,0.791367,0.905051,0.709283,0.725622,0.821148,0.900284,0.895873,0.874174,0.844423,0.812863,0.910655,spectrum_fno48_floor6_smooth1_qc_peak4
run43_sparc_1404,sparc_1404,0.740521,0.694146,0.889142,0.677045,0.651541,0.834608,0.924049,0.922958,0.812225,0.945070,0.945801,0.983273,spectrum_fno48_floor6_smooth1_qc_peak4
run43_sparc_1405,sparc_1405,0.799636,0.779293,0.775222,0.702965,0.716230,0.705105,0.917050,0.909322,0.912379,0.938828,0.920164,0.948069,spectrum_fno48_floor6_smooth1_qc_peak4_fieldloss_geom
run43_sparc_1411,sparc_1411,0.713446,0.667853,0.651152,0.707788,0.662630,0.649451,0.905749,0.913095,0.918318,0.890657,0.896355,0.871552,spectrum_fno48_floor6_smooth1_qc_peak4_fieldloss_geom
run43_sparc_1413,sparc_1413,0.743115,0.757864,0.735067,0.735832,0.752908,0.712305,0.905816,0.910945,0.924559,0.922364,0.834888,0.879736,spectrum_fno48_floor6_smooth1_qc_peak4_fieldloss_geom
run43_sparc_1414,sparc_1414,0.801980,0.850457,0.798450,0.773789,0.799281,0.756090,0.883960,0.891023,0.885027,0.924732,0.891167,0.924508,spectrum_fno48_floor6_smooth1_qc_peak4_fieldloss_geom
run43_sparc_1422,sparc_1422,1.410720,1.396517,1.231782,0.948757,0.959217,0.957835,0.858179,0.844344,0.839858,0.972468,0.973296,0.985293,spectrum_fno48_floor6_smooth1_qc_peak4_fieldloss_geom
run43_sparc_1424,sparc_1424,0.816286,0.823773,0.830737,0.748382,0.736173,0.738938,0.867001,0.878005,0.862445,0.923273,0.889889,0.949215,spectrum_fno48_floor6_smooth1_qc_peak4_fieldloss
run43_sparc_1427,sparc_1427,0.598244,0.654991,0.687901,0.590458,0.631010,0.667839,0.900489,0.895617,0.872180,0.966004,0.896475,0.971464,spectrum_fno48_floor6_smooth1_qc_peak4_fieldloss
run43_sparc_1440,sparc_1440,0.540400,0.696281,0.526573,0.523370,0.651846,0.505950,0.936530,0.935637,0.964022,0.896709,0.843031,0.907370,spectrum_fno48_floor6_smooth1_qc_peak4_fieldloss_geom
run43_sparc_1530,sparc_1530,1.298781,0.816470,0.964147,0.999998,0.805583,0.881152,-0.180970,0.432810,0.912101,0.996223,0.995745,0.943015,spectrum_fno48_floor6_smooth1_qc_peak4
run44_sparc_1310,sparc_1310,0.537376,0.722763,0.743855,0.525451,0.678806,0.647505,0.915718,0.900588,0.853389,0.788195,0.530141,0.967741,spectrum_fno48_floor6_smooth1_qc_peak4_fieldloss
run44_sparc_1315,sparc_1315,0.583343,0.776012,0.629066,0.575882,0.732592,0.608680,0.920422,0.916305,0.943873,0.917807,0.669114,0.915355,spectrum_fno48_floor6_smooth1_qc_peak4_fieldloss
run44_sparc_1319,sparc_1319,0.598608,0.905738,0.625453,0.579210,0.789946,0.596533,0.902610,0.890493,0.937745,0.946811,0.869751,0.967189,spectrum_fno48_floor6_smooth1_qc_peak4_fieldloss
run44_sparc_1350,sparc_1350,0.624067,0.836092,0.635533,0.616897,0.781929,0.617119,0.917213,0.912744,0.968158,0.905214,0.662871,0.848432,spectrum_fno48_floor6_smooth1_qc_peak4_fieldloss
run44_sparc_1357,sparc_1357,0.771165,0.895450,0.743309,0.766289,0.895035,0.743080,0.885800,0.863200,0.908571,0.689669,0.783497,0.912222,spectrum_fno48_floor6_smooth1_qc_peak4_fieldloss_geom
run44_sparc_1362,sparc_1362,0.473173,0.792962,0.501133,0.472350,0.713399,0.495450,0.898976,0.894425,0.887355,0.882031,0.833368,0.942160,spectrum_fno48_floor6_smooth1_qc_peak4_fieldloss
run44_sparc_1416,sparc_1416,0.749568,0.848652,0.848208,0.746600,0.824559,0.810118,0.897286,0.872387,0.848930,0.906042,0.670708,0.962456,spectrum_fno48_floor6_smooth1_qc_peak4_fieldloss
run44_sparc_1422,sparc_1422,0.717273,0.815700,0.731318,0.715291,0.805777,0.730975,0.901038,0.901001,0.896427,0.893556,0.809419,0.921863,spectrum_fno48_floor6_smooth1_qc_peak4_fieldloss
run44_sparc_1423,sparc_1423,0.803286,0.895051,0.812032,0.737744,0.763204,0.769282,0.926743,0.925538,0.937545,0.835296,0.796886,0.871446,spectrum_fno48_floor6_smooth1_qc_peak4_fieldloss
run44_sparc_1425,sparc_1425,0.715288,0.955795,0.898398,0.644387,0.739915,0.732606,0.927064,0.929600,0.935472,0.782860,0.763778,0.851695,spectrum_fno48_floor6_smooth1_qc_peak4_fieldloss
run44_sparc_1427,sparc_1427,0.795983,0.889105,0.935871,0.695723,0.752982,0.782187,0.895884,0.894265,0.893883,0.884028,0.846878,0.885200,spectrum_fno48_floor6_smooth1_qc_peak4_fieldloss
run44_sparc_1430,sparc_1430,0.699127,0.748508,0.609778,0.681656,0.704535,0.596500,0.868332,0.904344,0.913203,0.852821,0.859375,0.936420,spectrum_fno48_floor6_smooth1_qc_peak4_fieldloss_geom
run44_sparc_1505,sparc_1505,0.861523,1.119227,0.964613,0.761111,0.839365,0.803917,0.906245,0.915034,0.918506,0.898079,0.859600,0.962556,spectrum_fno48_floor6_smooth1_qc_peak4_fieldloss
run44_sparc_1506,sparc_1506,0.975610,1.440447,1.185543,0.756846,0.875437,0.819980,0.920048,0.930995,0.937751,0.900834,0.716448,0.883334,spectrum_fno48_floor6_smooth1_qc_peak4_fieldloss
run44_sparc_1508,sparc_1508,0.735842,0.860738,0.820021,0.666217,0.687234,0.651331,0.928646,0.931583,0.943064,0.804675,0.789511,0.863273,spectrum_fno48_floor6_smooth1_qc_peak4_fieldloss
run44_sparc_1513,sparc_1513,0.583262,0.784494,0.650709,0.556595,0.736462,0.600812,0.852600,0.854699,0.910949,0.935590,0.718690,0.898396,spectrum_fno48_floor6_smooth1_qc_peak4_fieldloss
run44_sparc_1515,sparc_1515,0.579915,0.869975,0.643595,0.576688,0.769379,0.634424,0.887000,0.882656,0.903402,0.965684,0.922774,0.961314,spectrum_fno48_floor6_smooth1_qc_peak4_fieldloss
run44_sparc_1517,sparc_1517,0.590226,0.793777,0.600792,0.589397,0.779134,0.580737,0.912012,0.906061,0.913544,0.967536,0.870516,0.984098,spectrum_fno48_floor6_smooth1_qc_peak4_fieldloss
run44_sparc_1524,sparc_1524,1.133130,0.945008,0.963120,0.726509,0.801825,0.663517,0.698350,0.715116,0.808656,0.977889,0.966471,0.974224,spectrum_fno48_floor6_smooth1_qc_peak4
run45_sparc_1308,sparc_1308,0.870367,1.291268,0.986071,0.714520,0.805315,0.729845,0.899491,0.909700,0.906946,0.885015,0.864476,0.920668,spectrum_fno48_floor6_smooth1_qc_peak4_fieldloss
run45_sparc_1313,sparc_1313,0.557742,0.609852,0.575720,0.540089,0.570571,0.552304,0.898220,0.897565,0.922001,0.925852,0.641209,0.900917,spectrum_fno48_floor6_smooth1_qc_peak4_fieldloss
run45_sparc_1314,sparc_1314,0.565500,0.603070,0.577322,0.542773,0.570254,0.550745,0.898399,0.898073,0.923632,0.927205,0.636915,0.905564,spectrum_fno48_floor6_smooth1_qc_peak4_fieldloss
run45_sparc_1353,sparc_1353,0.504564,0.619943,0.519936,0.504236,0.602292,0.518170,0.902289,0.901650,0.883058,0.921955,0.912021,0.925727,spectrum_fno48_floor6_smooth1_qc_peak4_fieldloss
run45_sparc_1356,sparc_1356,0.575423,0.664313,0.605929,0.562755,0.618582,0.578165,0.883482,0.895696,0.888459,0.964861,0.653356,0.925743,spectrum_fno48_floor6_smooth1_qc_peak4_fieldloss
run45_sparc_1364,sparc_1364,0.514666,0.640229,0.530548,0.513265,0.623600,0.528677,0.866891,0.866923,0.865514,0.869561,0.913982,0.865377,spectrum_fno48_floor6_smooth1_qc_peak4_fieldloss
run45_sparc_1365,sparc_1365,0.537927,0.623448,0.536899,0.531780,0.607353,0.529463,0.895359,0.900030,0.868680,0.926542,0.741551,0.921020,spectrum_fno48_floor6_smooth1_qc_peak4_fieldloss_geom
run45_sparc_1408,sparc_1408,0.899685,1.224453,0.916514,0.729564,0.882964,0.755251,0.912863,0.922652,0.929711,0.742555,0.776801,0.907554,spectrum_fno48_floor6_smooth1_qc_peak4_fieldloss
run45_sparc_1414,sparc_1414,0.569667,0.591434,0.590868,0.549888,0.577735,0.556619,0.925320,0.924700,0.944723,0.928199,0.598955,0.926921,spectrum_fno48_floor6_smooth1_qc_peak4_fieldloss
run45_sparc_1427,sparc_1427,0.862191,1.069113,1.085502,0.798724,0.842597,0.844614,0.891671,0.907814,0.922346,0.681002,0.620150,0.862438,spectrum_fno48_floor6_smooth1_qc_peak4_fieldloss
run45_sparc_1430,sparc_1430,0.873059,0.834305,0.525773,0.705735,0.682111,0.522045,0.696786,0.862697,0.857402,0.957996,0.925979,0.946978,spectrum_fno48_floor6_smooth1_qc_peak4_fieldloss_geom
run45_sparc_1441,sparc_1441,1.050778,1.123269,1.038631,0.790812,0.905209,0.798882,0.912145,0.922920,0.960071,0.672758,0.553813,0.947262,spectrum_fno48_floor6_smooth1_qc_peak4_fieldloss_geom
run45_sparc_1501,sparc_1501,0.559114,0.572580,0.565080,0.546230,0.562874,0.554845,0.940916,0.956366,0.958999,0.943164,0.932985,0.965867,spectrum_fno48_floor6_smooth1_qc_peak4_fieldloss
run45_sparc_1505,sparc_1505,1.021979,1.201987,1.003346,0.799004,0.866346,0.811917,0.895505,0.899697,0.884191,0.801332,0.793258,0.904849,spectrum_fno48_floor6_smooth1_qc_peak4_fieldloss_geom
run45_sparc_1506,sparc_1506,1.383365,1.343614,1.611081,0.860355,0.915891,0.898427,0.892333,0.904263,0.903161,0.850877,0.799417,0.928202,spectrum_fno48_floor6_smooth1_qc_peak4
run45_sparc_1512,sparc_1512,0.556352,0.598154,0.553878,0.546510,0.586170,0.538074,0.905030,0.908267,0.940690,0.914795,0.575562,0.871853,spectrum_fno48_floor6_smooth1_qc_peak4_fieldloss_geom
run45_sparc_1513,sparc_1513,0.564117,0.584487,0.575736,0.544058,0.571881,0.547870,0.912512,0.912596,0.914002,0.908605,0.544019,0.935270,spectrum_fno48_floor6_smooth1_qc_peak4_fieldloss
run45_sparc_1514,sparc_1514,0.552232,0.590116,0.555871,0.547516,0.573445,0.550590,0.916045,0.916595,0.928565,0.913103,0.535628,0.934027,spectrum_fno48_floor6_smooth1_qc_peak4_fieldloss
run45_sparc_1518,sparc_1518,0.591053,0.646595,0.583709,0.570085,0.609664,0.566268,0.902666,0.904221,0.903004,0.856673,0.621375,0.874340,spectrum_fno48_floor6_smooth1_qc_peak4_fieldloss_geom
run45_sparc_1524,sparc_1524,0.652721,0.870287,0.653037,0.642621,0.768509,0.638959,0.885455,0.880084,0.870335,0.840119,0.878127,0.899191,spectrum_fno48_floor6_smooth1_qc_peak4_fieldloss
run45_sparc_1593,sparc_1593,0.595375,0.718138,0.586059,0.594952,0.673329,0.583769,0.925888,0.953133,0.965886,0.980074,0.947004,0.979135,spectrum_fno48_floor6_smooth1_qc_peak4_fieldloss_geom
run46_sparc_1300,sparc_1300,0.386389,0.445229,0.408269,0.385592,0.427775,0.408260,0.982741,0.987301,0.986819,0.928843,0.911510,0.981918,spectrum_fno48_floor6_smooth1_qc_peak4_fieldloss
run46_sparc_1301,sparc_1301,0.620517,0.573313,0.607459,0.620466,0.553439,0.591183,0.925049,0.939223,0.937989,0.885036,0.921560,0.981493,spectrum_fno48_floor6_smooth1_qc_peak4
run46_sparc_1302,sparc_1302,0.650035,0.844194,0.700267,0.633121,0.761326,0.680362,0.923684,0.933274,0.931208,0.938259,0.940988,0.940750,spectrum_fno48_floor6_smooth1_qc_peak4_fieldloss
run46_sparc_1305,sparc_1305,0.937319,1.208284,1.060548,0.764583,0.832075,0.813147,0.927958,0.929869,0.930599,0.892695,0.802363,0.913652,spectrum_fno48_floor6_smooth1_qc_peak4_fieldloss
run46_sparc_1308,sparc_1308,1.013097,1.279574,1.167425,0.766429,0.807854,0.768119,0.865878,0.875032,0.880288,0.973331,0.924836,0.972955,spectrum_fno48_floor6_smooth1_qc_peak4_fieldloss
run46_sparc_1317,sparc_1317,0.576746,0.727146,0.584505,0.568463,0.705014,0.581476,0.889633,0.887819,0.870077,0.928428,0.874496,0.917418,spectrum_fno48_floor6_smooth1_qc_peak4_fieldloss
run46_sparc_1318,sparc_1318,0.588903,0.744894,0.610712,0.571660,0.699722,0.593047,0.885980,0.872613,0.857127,0.942737,0.906901,0.947113,spectrum_fno48_floor6_smooth1_qc_peak4_fieldloss
run46_sparc_1319,sparc_1319,0.605083,0.751733,0.628057,0.574797,0.703041,0.599521,0.884492,0.866084,0.852059,0.940793,0.906195,0.948230,spectrum_fno48_floor6_smooth1_qc_peak4_fieldloss
run46_sparc_1349,sparc_1349,0.504498,0.745996,0.520065,0.501708,0.705148,0.514729,0.895915,0.882416,0.886870,0.884106,0.933349,0.921133,spectrum_fno48_floor6_smooth1_qc_peak4_fieldloss
run46_sparc_1360,sparc_1360,0.513321,0.633863,0.518770,0.509142,0.600802,0.512771,0.879060,0.881962,0.881719,0.931328,0.831798,0.926864,spectrum_fno48_floor6_smooth1_qc_peak4_fieldloss
run46_sparc_1364,sparc_1364,0.584419,0.834405,0.795832,0.571884,0.744603,0.692737,0.848475,0.844704,0.815245,0.882619,0.855395,0.939588,spectrum_fno48_floor6_smooth1_qc_peak4_fieldloss
run46_sparc_1365,sparc_1365,0.535662,0.647623,0.523767,0.509202,0.599050,0.501720,0.875008,0.881568,0.852949,0.935155,0.731488,0.938612,spectrum_fno48_floor6_smooth1_qc_peak4_fieldloss_geom
run46_sparc_1409,sparc_1409,0.774285,0.846491,0.861015,0.735105,0.761063,0.749585,0.827126,0.865742,0.849836,0.982881,0.973598,0.982095,spectrum_fno48_floor6_smooth1_qc_peak4_fieldloss
run46_sparc_1410,sparc_1410,0.601151,0.777964,0.622331,0.585426,0.719106,0.598958,0.876384,0.878095,0.857863,0.894446,0.841870,0.938070,spectrum_fno48_floor6_smooth1_qc_peak4_fieldloss
run46_sparc_1411,sparc_1411,0.593333,0.750440,0.608676,0.584602,0.712719,0.596311,0.879376,0.876433,0.863921,0.895983,0.825857,0.940698,spectrum_fno48_floor6_smooth1_qc_peak4_fieldloss
run46_sparc_1414,sparc_1414,0.611923,0.754421,0.613561,0.586184,0.685073,0.587847,0.899737,0.898877,0.912869,0.883970,0.725704,0.875872,spectrum_fno48_floor6_smooth1_qc_peak4_fieldloss
run46_sparc_1415,sparc_1415,0.617451,0.759067,0.627638,0.590299,0.677776,0.594349,0.903437,0.903630,0.901726,0.887577,0.727510,0.881288,spectrum_fno48_floor6_smooth1_qc_peak4_fieldloss
run46_sparc_1423,sparc_1423,1.070366,1.368820,1.218904,0.750101,0.825468,0.775003,0.937480,0.932065,0.923419,0.918134,0.811098,0.952262,spectrum_fno48_floor6_smooth1_qc_peak4_fieldloss
run46_sparc_1425,sparc_1425,0.903059,1.179429,1.091891,0.733408,0.781239,0.772032,0.923247,0.924135,0.936333,0.864392,0.785733,0.886027,spectrum_fno48_floor6_smooth1_qc_peak4_fieldloss
run46_sparc_1428,sparc_1428,1.057914,1.298006,1.299688,0.790270,0.899489,0.841492,0.928304,0.928054,0.926247,0.870120,0.657654,0.946935,spectrum_fno48_floor6_smooth1_qc_peak4_fieldloss
run46_sparc_1440,sparc_1440,0.972193,1.318093,1.387072,0.781772,0.877215,0.877790,0.933379,0.937837,0.927433,0.842979,0.895890,0.942664,spectrum_fno48_floor6_smooth1_qc_peak4_fieldloss
run46_sparc_1441,sparc_1441,0.968844,1.300757,1.323474,0.780403,0.874996,0.872937,0.934165,0.938514,0.929485,0.849768,0.896152,0.942416,spectrum_fno48_floor6_smooth1_qc_peak4_fieldloss
run46_sparc_1501,sparc_1501,0.585695,0.628356,0.599466,0.584119,0.571456,0.567986,0.918007,0.928973,0.930621,0.778765,0.828659,0.955954,spectrum_fno48_floor6_smooth1_qc_peak4_fieldloss
run46_sparc_1511,sparc_1511,0.585277,0.733802,0.581931,0.563201,0.684551,0.562658,0.887547,0.887491,0.924130,0.931176,0.651401,0.847565,spectrum_fno48_floor6_smooth1_qc_peak4_fieldloss_geom
run46_sparc_1516,sparc_1516,0.647147,0.763631,0.657412,0.576353,0.692993,0.581257,0.888314,0.888371,0.905944,0.950206,0.664111,0.953680,spectrum_fno48_floor6_smooth1_qc_peak4_fieldloss
run46_sparc_1520,sparc_1520,0.632290,0.737363,0.680971,0.571534,0.661373,0.604692,0.879500,0.889672,0.880235,0.905881,0.753209,0.931377,spectrum_fno48_floor6_smooth1_qc_peak4_fieldloss
run46_sparc_1524,sparc_1524,0.570301,1.045199,0.688216,0.559950,0.772692,0.634505,0.858950,0.872416,0.848672,0.927652,0.945104,0.965908,spectrum_fno48_floor6_smooth1_qc_peak4_fieldloss
run47_sparc_1308,sparc_1308,0.597528,0.739967,0.679681,0.596968,0.734296,0.653468,0.867788,0.820052,0.721801,0.954703,0.969754,0.979083,spectrum_fno48_floor6_smooth1_qc_peak4_fieldloss
run47_sparc_1319,sparc_1319,0.516294,0.548706,0.540665,0.509360,0.543671,0.529001,0.924702,0.928219,0.938118,0.890865,0.861921,0.885050,spectrum_fno48_floor6_smooth1_qc_peak4_fieldloss
run47_sparc_1355,sparc_1355,0.672616,0.703107,0.691110,0.635459,0.649776,0.645783,0.917569,0.918487,0.905993,0.947218,0.914483,0.945611,spectrum_fno48_floor6_smooth1_qc_peak4_fieldloss
run47_sparc_1360,sparc_1360,0.569457,0.657232,0.561906,0.553294,0.604776,0.547060,0.925237,0.920623,0.921255,0.841128,0.861054,0.930098,spectrum_fno48_floor6_smooth1_qc_peak4_fieldloss_geom
run47_sparc_1364,sparc_1364,0.630576,0.772556,0.732974,0.597279,0.713465,0.663060,0.913964,0.910247,0.898007,0.858228,0.911408,0.929735,spectrum_fno48_floor6_smooth1_qc_peak4_fieldloss
run47_sparc_1413,sparc_1413,0.548641,0.654656,0.560876,0.530387,0.614255,0.541478,0.933674,0.932820,0.950332,0.922967,0.831887,0.875005,spectrum_fno48_floor6_smooth1_qc_peak4_fieldloss
run47_sparc_1418,sparc_1418,0.496355,0.541431,0.511360,0.493512,0.527390,0.504947,0.924750,0.924215,0.913917,0.924806,0.692737,0.921390,spectrum_fno48_floor6_smooth1_qc_peak4_fieldloss
run47_sparc_1424,sparc_1424,0.619850,0.660607,0.639977,0.619204,0.654580,0.639729,0.902437,0.903273,0.879203,0.814082,0.756083,0.917772,spectrum_fno48_floor6_smooth1_qc_peak4_fieldloss
run47_sparc_1425,sparc_1425,0.674437,0.723169,0.709232,0.623322,0.649155,0.642092,0.891339,0.897420,0.891522,0.958583,0.872918,0.965923,spectrum_fno48_floor6_smooth1_qc_peak4_fieldloss
run47_sparc_1429,sparc_1429,0.701275,0.748608,0.789259,0.680596,0.717790,0.751925,0.907846,0.907283,0.883354,0.969179,0.974459,0.978754,spectrum_fno48_floor6_smooth1_qc_peak4_fieldloss
run47_sparc_1505,sparc_1505,0.580392,0.621242,0.537959,0.575745,0.596595,0.533997,0.921793,0.920985,0.924622,0.961103,0.897663,0.922486,spectrum_fno48_floor6_smooth1_qc_peak4_fieldloss_geom
run47_sparc_1509,sparc_1509,0.657892,0.816928,0.725407,0.648711,0.773597,0.699026,0.910048,0.911349,0.881607,0.955090,0.954600,0.972209,spectrum_fno48_floor6_smooth1_qc_peak4_fieldloss
run47_sparc_1516,sparc_1516,0.531252,0.572655,0.522799,0.528977,0.556856,0.519133,0.920059,0.924946,0.915138,0.885616,0.817710,0.891601,spectrum_fno48_floor6_smooth1_qc_peak4_fieldloss_geom
run47_sparc_1517,sparc_1517,0.534242,0.560486,0.537890,0.523656,0.539805,0.525135,0.924485,0.930127,0.927356,0.944658,0.830097,0.894539,spectrum_fno48_floor6_smooth1_qc_peak4_fieldloss
run47_sparc_1522,sparc_1522,0.737654,0.849783,0.908052,0.668953,0.777075,0.791093,0.894296,0.900682,0.891685,0.871956,0.845821,0.936340,spectrum_fno48_floor6_smooth1_qc_peak4_fieldloss
run47_sparc_1524,sparc_1524,1.083164,1.075574,1.024978,0.871154,0.884230,0.862793,0.859459,0.849095,0.833387,0.918020,0.878262,0.933965,spectrum_fno48_floor6_smooth1_qc_peak4_fieldloss_geom
run47_sparc_1529,sparc_1529,0.785971,0.781387,0.745087,0.772642,0.756335,0.744404,0.520679,0.533441,0.758839,0.959831,0.919860,0.962195,spectrum_fno48_floor6_smooth1_qc_peak4_fieldloss_geom
run48_sparc_1301,sparc_1301,0.779743,0.919786,0.869287,0.723735,0.800140,0.771045,0.895800,0.905283,0.850993,0.977474,0.981812,0.982394,spectrum_fno48_floor6_smooth1_qc_peak4_fieldloss
run48_sparc_1306,sparc_1306,0.644878,0.941667,0.594582,0.636649,0.800452,0.591415,0.887297,0.866582,0.876449,0.934344,0.955388,0.968948,spectrum_fno48_floor6_smooth1_qc_peak4_fieldloss_geom
run48_sparc_1309,sparc_1309,0.594472,0.648286,0.612375,0.590325,0.642109,0.605408,0.918956,0.918733,0.900639,0.915981,0.908406,0.959721,spectrum_fno48_floor6_smooth1_qc_peak4_fieldloss
run48_sparc_1315,sparc_1315,0.557697,0.636737,0.600787,0.542398,0.609104,0.572150,0.931094,0.929065,0.934438,0.939330,0.868670,0.878376,spectrum_fno48_floor6_smooth1_qc_peak4_fieldloss
run48_sparc_1317,sparc_1317,0.518313,0.533915,0.496195,0.508751,0.529255,0.492100,0.933433,0.927729,0.940367,0.911394,0.797099,0.884088,spectrum_fno48_floor6_smooth1_qc_peak4_fieldloss_geom
run48_sparc_1360,sparc_1360,0.563799,0.599904,0.527712,0.542823,0.576442,0.522290,0.918518,0.912939,0.916180,0.897455,0.711204,0.915257,spectrum_fno48_floor6_smooth1_qc_peak4_fieldloss_geom
run48_sparc_1401,sparc_1401,0.876075,0.917910,0.872009,0.867563,0.891476,0.867607,0.835037,0.853646,0.823130,0.976519,0.978411,0.978791,spectrum_fno48_floor6_smooth1_qc_peak4_fieldloss_geom
run48_sparc_1409,sparc_1409,0.654609,0.724247,0.652955,0.649028,0.714482,0.646878,0.922882,0.925467,0.912195,0.848776,0.803319,0.866888,spectrum_fno48_floor6_smooth1_qc_peak4_fieldloss_geom
run48_sparc_1413,sparc_1413,0.576179,0.590117,0.558374,0.557199,0.556834,0.547249,0.927522,0.928972,0.951950,0.921879,0.886368,0.867562,spectrum_fno48_floor6_smooth1_qc_peak4_fieldloss_geom
run48_sparc_1420,sparc_1420,0.505737,0.577889,0.533928,0.503683,0.555553,0.509422,0.906572,0.914137,0.902342,0.894487,0.910069,0.936936,spectrum_fno48_floor6_smooth1_qc_peak4_fieldloss
run48_sparc_1423,sparc_1423,0.580822,0.679565,0.608305,0.578932,0.654852,0.602616,0.912398,0.911606,0.914298,0.947376,0.915872,0.959819,spectrum_fno48_floor6_smooth1_qc_peak4_fieldloss
run48_sparc_1427,sparc_1427,0.623985,0.683923,0.648585,0.609699,0.640322,0.610498,0.920961,0.906283,0.905843,0.945594,0.915292,0.940815,spectrum_fno48_floor6_smooth1_qc_peak4_fieldloss
run48_sparc_1500,sparc_1500,0.393007,0.399993,0.477488,0.392990,0.398324,0.437767,0.991359,0.992267,0.989974,0.878375,0.711864,0.981894,spectrum_fno48_floor6_smooth1_qc_peak4_fieldloss
run48_sparc_1501,sparc_1501,0.818830,0.815399,0.776854,0.786754,0.811565,0.776247,0.869157,0.904304,0.880191,0.969108,0.973808,0.949547,spectrum_fno48_floor6_smooth1_qc_peak4_fieldloss_geom
run48_sparc_1503,sparc_1503,0.597339,0.621072,0.556919,0.590176,0.616825,0.556280,0.932789,0.933851,0.934463,0.934420,0.861476,0.914851,spectrum_fno48_floor6_smooth1_qc_peak4_fieldloss_geom
run48_sparc_1508,sparc_1508,0.538648,0.616087,0.533725,0.537373,0.614793,0.529065,0.919851,0.922500,0.921110,0.892037,0.829434,0.954869,spectrum_fno48_floor6_smooth1_qc_peak4_fieldloss_geom
run48_sparc_1516,sparc_1516,0.532556,0.553595,0.542474,0.519828,0.531150,0.517264,0.936087,0.935109,0.931724,0.840550,0.718718,0.867166,spectrum_fno48_floor6_smooth1_qc_peak4_fieldloss
run48_sparc_1520,sparc_1520,0.562149,0.614699,0.528432,0.538482,0.596291,0.525591,0.904729,0.912797,0.898212,0.855098,0.926208,0.892690,spectrum_fno48_floor6_smooth1_qc_peak4_fieldloss_geom
run48_sparc_1528,sparc_1528,0.675751,0.699595,0.699293,0.672018,0.677632,0.692158,0.921858,0.927179,0.918506,0.904405,0.826054,0.921038,spectrum_fno48_floor6_smooth1_qc_peak4_fieldloss
run49_sparc_1302,sparc_1302,1.075047,0.999760,1.044452,0.933706,0.922447,0.939622,0.883519,0.877804,0.834478,0.983562,0.985180,0.986966,spectrum_fno48_floor6_smooth1_qc_peak4
run49_sparc_1303,sparc_1303,0.731695,0.813111,0.572758,0.726919,0.794781,0.568257,0.934747,0.939868,0.948606,0.979071,0.977870,0.920542,spectrum_fno48_floor6_smooth1_qc_peak4_fieldloss_geom
run49_sparc_1304,sparc_1304,0.821295,0.794728,1.008932,0.804177,0.782976,0.941901,0.931841,0.935654,0.884269,0.964605,0.962847,0.982152,spectrum_fno48_floor6_smooth1_qc_peak4
run49_sparc_1309,sparc_1309,0.959529,1.343225,1.183418,0.853604,0.939012,0.896200,0.798789,0.709609,0.640164,0.931787,0.929658,0.959512,spectrum_fno48_floor6_smooth1_qc_peak4_fieldloss
run49_sparc_1311,sparc_1311,0.923676,0.974128,0.920521,0.831919,0.858260,0.836162,0.892328,0.885815,0.888731,0.971679,0.951037,0.901525,spectrum_fno48_floor6_smooth1_qc_peak4_fieldloss_geom
run49_sparc_1349,sparc_1349,1.071128,1.030024,0.962002,0.895482,0.892458,0.878526,0.880458,0.888397,0.864226,0.978391,0.949412,0.985642,spectrum_fno48_floor6_smooth1_qc_peak4_fieldloss_geom
run49_sparc_1352,sparc_1352,0.798258,0.755058,0.734554,0.728834,0.724305,0.689654,0.844730,0.850771,0.879727,0.925838,0.899202,0.887906,spectrum_fno48_floor6_smooth1_qc_peak4_fieldloss_geom
run49_sparc_1356,sparc_1356,1.047839,1.033495,1.048625,0.886742,0.877608,0.899667,0.833007,0.864942,0.838521,0.947366,0.944132,0.939075,spectrum_fno48_floor6_smooth1_qc_peak4
run49_sparc_1359,sparc_1359,1.501139,1.362113,1.384234,0.974094,0.972941,0.970072,0.881944,0.905101,0.901915,0.930125,0.958884,0.981148,spectrum_fno48_floor6_smooth1_qc_peak4
run49_sparc_1363,sparc_1363,1.078829,1.068750,1.060767,0.910146,0.895926,0.878062,0.842392,0.878573,0.849022,0.951692,0.910751,0.911064,spectrum_fno48_floor6_smooth1_qc_peak4_fieldloss_geom
run49_sparc_1365,sparc_1365,1.239271,1.096938,1.095318,0.949359,0.954731,0.947202,0.881393,0.885291,0.881328,0.982198,0.955817,0.828312,spectrum_fno48_floor6_smooth1_qc_peak4_fieldloss_geom
run49_sparc_1403,sparc_1403,0.701930,0.813949,0.536536,0.701620,0.794397,0.530710,0.933150,0.943403,0.955936,0.971181,0.971882,0.900261,spectrum_fno48_floor6_smooth1_qc_peak4_fieldloss_geom
run49_sparc_1404,sparc_1404,0.785446,0.785900,0.648083,0.773813,0.773195,0.642747,0.926259,0.928761,0.932046,0.961334,0.963719,0.961072,spectrum_fno48_floor6_smooth1_qc_peak4_fieldloss_geom
run49_sparc_1412,sparc_1412,1.186970,1.129351,1.159124,0.880344,0.877292,0.863659,0.894491,0.905164,0.919246,0.940943,0.910078,0.919973,spectrum_fno48_floor6_smooth1_qc_peak4
run49_sparc_1416,sparc_1416,1.473156,1.231902,1.479925,0.913235,0.902597,0.882617,0.854385,0.880272,0.884665,0.960032,0.870423,0.949636,spectrum_fno48_floor6_smooth1_qc_peak4
run49_sparc_1418,sparc_1418,1.219065,1.269490,1.273463,0.937249,0.930115,0.925207,0.815581,0.853838,0.873623,0.968314,0.950447,0.978900,spectrum_fno48_floor6_smooth1_qc_peak4_fieldloss
run49_sparc_1424,sparc_1424,0.859577,0.906976,0.771286,0.809859,0.825204,0.745397,0.910879,0.918904,0.923971,0.930841,0.963073,0.939700,spectrum_fno48_floor6_smooth1_qc_peak4_fieldloss_geom
run49_sparc_1425,sparc_1425,0.934224,1.085516,0.818682,0.834394,0.820720,0.786011,0.857828,0.873314,0.876258,0.968740,0.970943,0.971672,spectrum_fno48_floor6_smooth1_qc_peak4_fieldloss_geom
run49_sparc_1428,sparc_1428,0.748761,0.801939,0.929039,0.748680,0.755284,0.912103,0.902840,0.921731,0.830263,0.957381,0.957300,0.984552,spectrum_fno48_floor6_smooth1_qc_peak4_fieldloss
run49_sparc_1429,sparc_1429,0.989766,1.074773,1.136427,0.903122,0.893325,0.946355,0.864054,0.872209,0.825413,0.981950,0.981373,0.987530,spectrum_fno48_floor6_smooth1_qc_peak4_fieldloss
run49_sparc_1505,sparc_1505,0.741306,0.818979,0.672447,0.741239,0.805038,0.658889,0.936381,0.920909,0.940180,0.964596,0.971126,0.931609,spectrum_fno48_floor6_smooth1_qc_peak4_fieldloss_geom
run49_sparc_1510,sparc_1510,1.411538,1.494737,1.190302,0.894936,0.901501,0.874373,0.881181,0.867157,0.898205,0.939928,0.905902,0.904527,spectrum_fno48_floor6_smooth1_qc_peak4_fieldloss_geom
run49_sparc_1512,sparc_1512,2.019535,1.876718,1.511723,0.884519,0.871029,0.838139,0.871630,0.887918,0.903844,0.968663,0.952252,0.948836,spectrum_fno48_floor6_smooth1_qc_peak4_fieldloss_geom
run49_sparc_1515,sparc_1515,1.406504,1.417485,1.482813,0.942430,0.936787,0.925680,0.869996,0.896784,0.884540,0.948704,0.882683,0.924333,spectrum_fno48_floor6_smooth1_qc_peak4_fieldloss
run49_sparc_1516,sparc_1516,1.521616,1.272121,1.588758,0.914992,0.908909,0.900097,0.854151,0.889845,0.876134,0.959162,0.975370,0.982012,spectrum_fno48_floor6_smooth1_qc_peak4
run49_sparc_1517,sparc_1517,1.203402,1.164321,1.220011,0.946254,0.936400,0.919849,0.818927,0.868109,0.886061,0.987805,0.965747,0.960159,spectrum_fno48_floor6_smooth1_qc_peak4
run49_sparc_1519,sparc_1519,1.431884,1.437868,1.371595,0.977618,0.976076,0.976174,0.866409,0.890812,0.879433,0.962733,0.954496,0.955297,spectrum_fno48_floor6_smooth1_qc_peak4_fieldloss_geom
run4_sparc_1301,sparc_1301,0.605101,0.662551,0.686937,0.592938,0.631234,0.668201,0.837581,0.887256,0.850501,0.938635,0.933291,0.958584,spectrum_fno48_floor6_smooth1_qc_peak4_fieldloss
run4_sparc_1305,sparc_1305,0.594545,0.667375,0.607269,0.586713,0.659201,0.598791,0.906344,0.889091,0.899971,0.913988,0.911024,0.950690,spectrum_fno48_floor6_smooth1_qc_peak4_fieldloss
run4_sparc_1309,sparc_1309,0.535504,0.665813,0.564085,0.532784,0.622505,0.552943,0.915228,0.913278,0.888349,0.890076,0.890518,0.960065,spectrum_fno48_floor6_smooth1_qc_peak4_fieldloss
run4_sparc_1314,sparc_1314,0.469851,0.491720,0.470870,0.469764,0.490973,0.470862,0.927442,0.926519,0.957248,0.846697,0.712131,0.897298,spectrum_fno48_floor6_smooth1_qc_peak4_fieldloss
run4_sparc_1315,sparc_1315,0.472369,0.490857,0.477823,0.469186,0.489763,0.473498,0.926349,0.919985,0.932006,0.841264,0.688042,0.921561,spectrum_fno48_floor6_smooth1_qc_peak4_fieldloss
run4_sparc_1356,sparc_1356,0.443602,0.605515,0.479945,0.443456,0.573341,0.475993,0.903122,0.909895,0.901068,0.838647,0.881971,0.933197,spectrum_fno48_floor6_smooth1_qc_peak4_fieldloss
run4_sparc_1357,sparc_1357,0.519239,0.638363,0.527784,0.500736,0.581780,0.510774,0.909924,0.908902,0.895102,0.911741,0.776889,0.941690,spectrum_fno48_floor6_smooth1_qc_peak4_fieldloss
run4_sparc_1358,sparc_1358,0.423669,0.502548,0.444203,0.423666,0.495686,0.443682,0.887199,0.894657,0.898016,0.892339,0.896608,0.946726,spectrum_fno48_floor6_smooth1_qc_peak4_fieldloss
run4_sparc_1361,sparc_1361,0.414012,0.516336,0.428593,0.412266,0.498780,0.424525,0.898832,0.902369,0.898121,0.895318,0.884455,0.960327,spectrum_fno48_floor6_smooth1_qc_peak4_fieldloss
run4_sparc_1415,sparc_1415,0.583833,0.556097,0.581383,0.513100,0.510781,0.515165,0.930657,0.933472,0.943999,0.906325,0.587022,0.961156,spectrum_fno48_floor6_smooth1_qc_peak4
run4_sparc_1422,sparc_1422,0.514926,0.642355,0.546994,0.505699,0.592447,0.532273,0.905513,0.907459,0.904395,0.862914,0.841100,0.899248,spectrum_fno48_floor6_smooth1_qc_peak4_fieldloss
run4_sparc_1427,sparc_1427,0.653135,0.757899,0.663204,0.652738,0.736340,0.662999,0.893083,0.905324,0.896035,0.951095,0.801696,0.959077,spectrum_fno48_floor6_smooth1_qc_peak4_fieldloss
run4_sparc_1441,sparc_1441,0.532192,0.714277,0.500998,0.531711,0.642394,0.499865,0.923354,0.925549,0.949256,0.970239,0.939850,0.965420,spectrum_fno48_floor6_smooth1_qc_peak4_fieldloss_geom
run4_sparc_1500,sparc_1500,0.456050,0.465910,0.463910,0.447968,0.438453,0.462542,0.979357,0.987301,0.983852,0.962990,0.693031,0.968781,spectrum_fno48_floor6_smooth1_qc_peak4_fieldloss
run4_sparc_1507,sparc_1507,1.192685,1.525240,1.205248,0.863433,0.914024,0.873888,0.903454,0.911951,0.930216,0.896693,0.734147,0.957836,spectrum_fno48_floor6_smooth1_qc_peak4_fieldloss
run4_sparc_1511,sparc_1511,0.519626,0.586783,0.490575,0.507428,0.556916,0.485306,0.936538,0.932661,0.950419,0.935213,0.696045,0.929258,spectrum_fno48_floor6_smooth1_qc_peak4_fieldloss_geom
run4_sparc_1512,sparc_1512,0.527723,0.602006,0.501773,0.511775,0.571385,0.494692,0.934241,0.934176,0.944434,0.941805,0.692948,0.933967,spectrum_fno48_floor6_smooth1_qc_peak4_fieldloss_geom
run4_sparc_1518,sparc_1518,0.503774,0.565962,0.514444,0.480656,0.532767,0.490604,0.917876,0.921611,0.928514,0.877684,0.744964,0.878842,spectrum_fno48_floor6_smooth1_qc_peak4_fieldloss
run4_sparc_1519,sparc_1519,0.519566,0.607094,0.523524,0.497875,0.590256,0.503231,0.891983,0.898760,0.884849,0.880921,0.923291,0.958059,spectrum_fno48_floor6_smooth1_qc_peak4_fieldloss
run4_sparc_1529,sparc_1529,0.733774,0.957204,0.805644,0.594530,0.671332,0.610169,0.871195,0.878556,0.894446,0.854561,0.907254,0.942336,spectrum_fno48_floor6_smooth1_qc_peak4_fieldloss
run4_sparc_1593,sparc_1593,0.439739,0.922667,0.418536,0.437544,0.666355,0.418043,0.904526,0.920183,0.941463,0.909771,0.905214,0.954590,spectrum_fno48_floor6_smooth1_qc_peak4_fieldloss_geom
run50_sparc_1300,sparc_1300,0.490151,0.664427,0.646298,0.487959,0.628253,0.597361,0.961767,0.972698,0.968946,0.975126,0.950923,0.990367,spectrum_fno48_floor6_smooth1_qc_peak4_fieldloss
run50_sparc_1301,sparc_1301,0.592832,0.730041,0.541162,0.552987,0.620489,0.533932,0.934866,0.941648,0.930657,0.928911,0.930843,0.979478,spectrum_fno48_floor6_smooth1_qc_peak4_fieldloss_geom
run50_sparc_1305,sparc_1305,0.975739,1.031450,0.965533,0.788167,0.842463,0.796677,0.908291,0.912011,0.909244,0.938409,0.894408,0.947751,spectrum_fno48_floor6_smooth1_qc_peak4_fieldloss_geom
run50_sparc_1306,sparc_1306,1.222373,1.201220,1.519387,0.865032,0.917869,0.885189,0.882307,0.853887,0.886723,0.950260,0.927618,0.963521,spectrum_fno48_floor6_smooth1_qc_peak4
run50_sparc_1307,sparc_1307,1.087137,1.249903,1.084962,0.815285,0.849469,0.802708,0.901928,0.894785,0.900501,0.922781,0.884049,0.924998,spectrum_fno48_floor6_smooth1_qc_peak4_fieldloss_geom
run50_sparc_1316,sparc_1316,0.569568,0.726951,0.596508,0.533965,0.635059,0.550730,0.881955,0.881642,0.877232,0.909821,0.786314,0.939156,spectrum_fno48_floor6_smooth1_qc_peak4_fieldloss
run50_sparc_1350,sparc_1350,0.580907,0.731222,0.576335,0.544359,0.637157,0.539586,0.916001,0.907243,0.957462,0.900977,0.735612,0.868648,spectrum_fno48_floor6_smooth1_qc_peak4_fieldloss_geom
run50_sparc_1356,sparc_1356,0.578739,0.777374,0.605494,0.551765,0.665297,0.567832,0.890945,0.885400,0.884522,0.892019,0.845026,0.922011,spectrum_fno48_floor6_smooth1_qc_peak4_fieldloss
run50_sparc_1357,sparc_1357,0.555048,0.711644,0.565203,0.550659,0.656066,0.562732,0.882571,0.879052,0.871396,0.868924,0.801701,0.922003,spectrum_fno48_floor6_smooth1_qc_peak4_fieldloss
run50_sparc_1358,sparc_1358,0.571907,0.789159,0.573645,0.542694,0.663343,0.551569,0.868560,0.873464,0.849541,0.890134,0.885402,0.904837,spectrum_fno48_floor6_smooth1_qc_peak4_fieldloss
run50_sparc_1361,sparc_1361,0.569453,0.777923,0.546650,0.530881,0.661756,0.522556,0.874519,0.881166,0.881215,0.900558,0.877095,0.940208,spectrum_fno48_floor6_smooth1_qc_peak4_fieldloss_geom
run50_sparc_1413,sparc_1413,0.579893,0.799246,0.587325,0.536470,0.654470,0.533015,0.911568,0.908478,0.945572,0.906317,0.807515,0.851006,spectrum_fno48_floor6_smooth1_qc_peak4_fieldloss
run50_sparc_1415,sparc_1415,0.556685,0.764110,0.556321,0.538380,0.674170,0.535629,0.908663,0.906701,0.930777,0.920493,0.864257,0.899644,spectrum_fno48_floor6_smooth1_qc_peak4_fieldloss_geom
run50_sparc_1418,sparc_1418,0.553518,0.786427,0.558810,0.539578,0.697222,0.540894,0.894256,0.890129,0.893143,0.911482,0.893141,0.939363,spectrum_fno48_floor6_smooth1_qc_peak4_fieldloss
run50_sparc_1424,sparc_1424,1.271872,1.023041,1.424314,0.800528,0.788792,0.833775,0.910301,0.913083,0.895033,0.918347,0.812084,0.943914,spectrum_fno48_floor6_smooth1_qc_peak4
run50_sparc_1428,sparc_1428,1.319481,2.087118,2.097603,0.897432,0.971037,0.959409,0.897831,0.880014,0.849815,0.886712,0.896143,0.982150,spectrum_fno48_floor6_smooth1_qc_peak4_fieldloss
run50_sparc_1441,sparc_1441,1.121675,1.374153,1.067303,0.821091,0.873805,0.822221,0.941241,0.939861,0.971686,0.842376,0.727398,0.755680,spectrum_fno48_floor6_smooth1_qc_peak4_fieldloss_geom
run50_sparc_1500,sparc_1500,1.228607,0.704777,1.502233,0.881984,0.701616,0.991089,0.965342,0.973737,0.960860,0.976828,0.974685,0.991936,spectrum_fno48_floor6_smooth1_qc_peak4
run50_sparc_1504,sparc_1504,0.754776,0.876780,0.778048,0.742523,0.824080,0.761575,0.834929,0.835820,0.805143,0.980072,0.974990,0.980659,spectrum_fno48_floor6_smooth1_qc_peak4_fieldloss
run50_sparc_1506,sparc_1506,1.176029,1.372762,1.305118,0.825309,0.888629,0.858615,0.937071,0.937566,0.933849,0.913015,0.844365,0.906112,spectrum_fno48_floor6_smooth1_qc_peak4_fieldloss
run50_sparc_1508,sparc_1508,0.981176,1.329600,1.098006,0.765374,0.839040,0.781170,0.903648,0.909702,0.915470,0.860495,0.783508,0.923129,spectrum_fno48_floor6_smooth1_qc_peak4_fieldloss
run50_sparc_1512,sparc_1512,0.540981,0.749802,0.546108,0.523447,0.662623,0.528231,0.915508,0.910090,0.941852,0.919020,0.894460,0.860786,spectrum_fno48_floor6_smooth1_qc_peak4_fieldloss
run50_sparc_1517,sparc_1517,0.533688,0.800850,0.532002,0.530173,0.692298,0.527413,0.891691,0.886280,0.914485,0.914708,0.886480,0.913135,spectrum_fno48_floor6_smooth1_qc_peak4_fieldloss_geom
run50_sparc_1521,sparc_1521,0.981022,1.216381,0.584313,0.742193,0.867641,0.563502,0.469902,0.802880,0.744858,0.989142,0.982889,0.984160,spectrum_fno48_floor6_smooth1_qc_peak4_fieldloss_geom
run50_sparc_1523,sparc_1523,0.766264,1.122214,0.783833,0.693255,0.806511,0.684266,0.710759,0.854462,0.810306,0.952526,0.970495,0.971269,spectrum_fno48_floor6_smooth1_qc_peak4_fieldloss
run50_sparc_1524,sparc_1524,0.860478,1.108419,0.995809,0.707696,0.839641,0.761095,0.793626,0.863647,0.810916,0.973875,0.972543,0.981443,spectrum_fno48_floor6_smooth1_qc_peak4_fieldloss
run50_sparc_1527,sparc_1527,0.977028,1.098680,1.131514,0.799664,0.834068,0.851483,0.890877,0.911578,0.885811,0.883249,0.669595,0.927773,spectrum_fno48_floor6_smooth1_qc_peak4_fieldloss
run50_sparc_1528,sparc_1528,1.043458,1.265836,1.114158,0.806362,0.865333,0.834119,0.814244,0.787088,0.750953,0.946510,0.787179,0.967744,spectrum_fno48_floor6_smooth1_qc_peak4_fieldloss
run51_sparc_1300,sparc_1300,0.510887,0.745174,0.365747,0.510886,0.733975,0.364882,0.987867,0.991956,0.992841,0.958939,0.599934,0.944176,spectrum_fno48_floor6_smooth1_qc_peak4_fieldloss_geom
run51_sparc_1361,sparc_1361,1.627811,1.638517,1.531705,0.982958,0.983260,0.982219,0.896985,0.909415,0.907717,0.956366,0.927876,0.933685,spectrum_fno48_floor6_smooth1_qc_peak4_fieldloss_geom
run51_sparc_1412,sparc_1412,1.352546,1.513148,1.604324,0.960445,0.961331,0.957032,0.878475,0.888514,0.921509,0.960259,0.912589,0.898131,spectrum_fno48_floor6_smooth1_qc_peak4_fieldloss
run51_sparc_1416,sparc_1416,1.589558,1.631205,1.581137,0.948963,0.948946,0.947395,0.909933,0.908027,0.866482,0.980560,0.980144,0.984911,spectrum_fno48_floor6_smooth1_qc_peak4_fieldloss_geom
run51_sparc_1417,sparc_1417,1.905523,1.926295,1.795327,0.971541,0.971581,0.970922,0.903480,0.903697,0.870115,0.974477,0.972376,0.976228,spectrum_fno48_floor6_smooth1_qc_peak4_fieldloss_geom
run51_sparc_1419,sparc_1419,1.311185,1.394564,1.301579,0.971623,0.971720,0.972131,0.901034,0.906496,0.879533,0.980679,0.970447,0.963847,spectrum_fno48_floor6_smooth1_qc_peak4_fieldloss_geom
run51_sparc_1423,sparc_1423,0.869020,0.888674,0.868096,0.849417,0.871358,0.817178,0.690934,0.763459,0.846987,0.943076,0.968638,0.950740,spectrum_fno48_floor6_smooth1_qc_peak4_fieldloss_geom
run51_sparc_1425,sparc_1425,0.934572,0.925638,0.925293,0.795802,0.754845,0.777178,0.838655,0.905459,0.798285,0.962780,0.940918,0.958134,spectrum_fno48_floor6_smooth1_qc_peak4_fieldloss_geom
run51_sparc_1441,sparc_1441,0.653559,0.845973,0.532183,0.652968,0.816237,0.528426,0.937603,0.928663,0.967603,0.823889,0.963302,0.896981,spectrum_fno48_floor6_smooth1_qc_peak4_fieldloss_geom
run51_sparc_1501,sparc_1501,1.128889,1.105332,1.175938,0.976751,0.976790,0.977289,0.939425,0.965428,0.936616,0.985180,0.948338,0.972401,spectrum_fno48_floor6_smooth1_qc_peak4
run51_sparc_1503,sparc_1503,0.715552,0.885681,0.631732,0.704177,0.833871,0.617128,0.919063,0.914842,0.945024,0.966753,0.975092,0.950229,spectrum_fno48_floor6_smooth1_qc_peak4_fieldloss_geom
run51_sparc_1507,sparc_1507,0.790614,0.826090,0.590366,0.787237,0.815196,0.586257,0.908623,0.923563,0.944257,0.938224,0.973090,0.938296,spectrum_fno48_floor6_smooth1_qc_peak4_fieldloss_geom
run51_sparc_1509,sparc_1509,1.294016,1.160804,1.238729,0.971909,0.974932,0.970143,0.865209,0.895292,0.875053,0.971703,0.929701,0.978391,spectrum_fno48_floor6_smooth1_qc_peak4
run51_sparc_1515,sparc_1515,1.770335,1.648674,1.832225,0.948883,0.949317,0.946511,0.879672,0.883670,0.885571,0.958805,0.940484,0.949965,spectrum_fno48_floor6_smooth1_qc_peak4
run51_sparc_1518,sparc_1518,1.416142,1.437655,1.360686,0.970397,0.970912,0.970408,0.897282,0.892809,0.898554,0.956926,0.944488,0.937874,spectrum_fno48_floor6_smooth1_qc_peak4_fieldloss_geom
run51_sparc_1519,sparc_1519,1.471509,1.519874,1.427377,0.981903,0.981840,0.981469,0.898323,0.899927,0.887943,0.959908,0.944935,0.946697,spectrum_fno48_floor6_smooth1_qc_peak4_fieldloss_geom
run51_sparc_1523,sparc_1523,1.100382,1.296170,1.279733,0.977489,0.976307,0.973086,0.859796,0.864334,0.875091,0.906003,0.892104,0.916219,spectrum_fno48_floor6_smooth1_qc_peak4_fieldloss
run51_sparc_1527,sparc_1527,0.890616,0.857583,0.851994,0.857824,0.833908,0.843771,0.867127,0.887648,0.901809,0.981802,0.971521,0.978807,spectrum_fno48_floor6_smooth1_qc_peak4_fieldloss_geom
run51_sparc_1528,sparc_1528,0.963448,0.907812,0.889406,0.927993,0.895267,0.883548,0.827541,0.879013,0.887618,0.979559,0.975558,0.975574,spectrum_fno48_floor6_smooth1_qc_peak4_fieldloss_geom
run51_sparc_1593,sparc_1593,0.748339,0.858824,0.603790,0.739791,0.833307,0.602416,0.886843,0.885120,0.933648,0.964615,0.970610,0.937019,spectrum_fno48_floor6_smooth1_qc_peak4_fieldloss_geom
run52_sparc_1303,sparc_1303,0.891227,0.972173,0.933060,0.766726,0.823827,0.829046,0.909575,0.933359,0.932008,0.978495,0.969360,0.978757,spectrum_fno48_floor6_smooth1_qc_peak4_fieldloss
run52_sparc_1307,sparc_1307,0.893382,1.128704,1.022814,0.719528,0.784598,0.748631,0.917156,0.911660,0.899720,0.962724,0.936589,0.982027,spectrum_fno48_floor6_smooth1_qc_peak4_fieldloss
run52_sparc_1310,sparc_1310,0.576447,0.755387,0.588608,0.552614,0.673702,0.558575,0.887956,0.870492,0.925522,0.941046,0.902473,0.918884,spectrum_fno48_floor6_smooth1_qc_peak4_fieldloss
run52_sparc_1316,sparc_1316,0.565778,0.637706,0.571618,0.545336,0.597152,0.552778,0.878531,0.893268,0.875146,0.964655,0.804079,0.936110,spectrum_fno48_floor6_smooth1_qc_peak4_fieldloss
run52_sparc_1317,sparc_1317,0.559475,0.638866,0.581972,0.538181,0.596762,0.555221,0.912819,0.907951,0.926169,0.958349,0.712825,0.922130,spectrum_fno48_floor6_smooth1_qc_peak4_fieldloss
run52_sparc_1350,sparc_1350,0.585496,0.584732,0.607002,0.549203,0.554203,0.551100,0.917783,0.915990,0.964549,0.916922,0.677940,0.839064,spectrum_fno48_floor6_smooth1_qc_peak4
run52_sparc_1354,sparc_1354,0.469743,0.576225,0.467486,0.469736,0.562335,0.467443,0.890888,0.892166,0.909023,0.933606,0.942504,0.919088,spectrum_fno48_floor6_smooth1_qc_peak4_fieldloss_geom
run52_sparc_1357,sparc_1357,0.526641,0.661831,0.542932,0.525751,0.627741,0.537154,0.897963,0.893661,0.911980,0.913949,0.698277,0.908259,spectrum_fno48_floor6_smooth1_qc_peak4_fieldloss
run52_sparc_1361,sparc_1361,0.450644,0.571694,0.459938,0.448354,0.569533,0.458377,0.908609,0.908047,0.900936,0.938149,0.940470,0.965040,spectrum_fno48_floor6_smooth1_qc_peak4_fieldloss
run52_sparc_1362,sparc_1362,0.445699,0.558416,0.455194,0.445488,0.552943,0.455192,0.894647,0.897799,0.879529,0.961686,0.945885,0.966620,spectrum_fno48_floor6_smooth1_qc_peak4_fieldloss
run52_sparc_1363,sparc_1363,0.504034,0.639203,0.512961,0.497391,0.623124,0.503070,0.898478,0.901604,0.902733,0.965581,0.899893,0.892131,spectrum_fno48_floor6_smooth1_qc_peak4_fieldloss
run52_sparc_1400,sparc_1400,0.501591,0.497926,0.456619,0.492446,0.494699,0.449815,0.977104,0.990853,0.991099,0.927070,0.795982,0.931861,spectrum_fno48_floor6_smooth1_qc_peak4_fieldloss_geom
run52_sparc_1402,sparc_1402,0.783937,0.786160,0.918389,0.684565,0.684386,0.694757,0.919509,0.930806,0.958408,0.894194,0.743619,0.788820,spectrum_fno48_floor6_smooth1_qc_peak4_fieldloss
run52_sparc_1411,sparc_1411,0.596080,0.673807,0.581837,0.563463,0.616385,0.559417,0.917400,0.916498,0.933833,0.883014,0.800893,0.888141,spectrum_fno48_floor6_smooth1_qc_peak4_fieldloss_geom
run52_sparc_1420,sparc_1420,0.525807,0.646743,0.538691,0.525129,0.629454,0.538625,0.886300,0.893342,0.876611,0.923136,0.919382,0.916377,spectrum_fno48_floor6_smooth1_qc_peak4_fieldloss
run52_sparc_1429,sparc_1429,1.222837,1.328774,1.374576,0.813871,0.834141,0.815127,0.895416,0.905299,0.883589,0.900066,0.804378,0.949335,spectrum_fno48_floor6_smooth1_qc_peak4_fieldloss
run52_sparc_1440,sparc_1440,0.711152,0.877364,0.748159,0.628115,0.720074,0.657666,0.931735,0.943139,0.942498,0.962815,0.924403,0.949614,spectrum_fno48_floor6_smooth1_qc_peak4_fieldloss
run52_sparc_1441,sparc_1441,0.746019,0.888598,0.756254,0.638011,0.729003,0.666827,0.934819,0.945724,0.945396,0.959077,0.913858,0.939388,spectrum_fno48_floor6_smooth1_qc_peak4_fieldloss
run52_sparc_1503,sparc_1503,0.729080,0.932811,0.958718,0.685669,0.760447,0.747977,0.928116,0.936939,0.942317,0.971225,0.799975,0.904287,spectrum_fno48_floor6_smooth1_qc_peak4_fieldloss
run52_sparc_1513,sparc_1513,0.527550,0.579664,0.531104,0.526736,0.573817,0.529483,0.912716,0.914172,0.917258,0.909027,0.851717,0.957142,spectrum_fno48_floor6_smooth1_qc_peak4_fieldloss
run52_sparc_1514,sparc_1514,0.558948,0.618070,0.534760,0.548976,0.601897,0.532912,0.902503,0.906006,0.875995,0.904391,0.825436,0.934762,spectrum_fno48_floor6_smooth1_qc_peak4_fieldloss_geom
run52_sparc_1520,sparc_1520,0.562325,0.729377,0.583342,0.540285,0.657436,0.552159,0.886917,0.893134,0.891138,0.958263,0.769494,0.934916,spectrum_fno48_floor6_smooth1_qc_peak4_fieldloss
run52_sparc_1521,sparc_1521,0.543476,0.690954,0.565316,0.521882,0.644773,0.540539,0.898632,0.893919,0.877820,0.837003,0.872293,0.905021,spectrum_fno48_floor6_smooth1_qc_peak4_fieldloss
run52_sparc_1526,sparc_1526,1.063800,1.227290,1.116184,0.788592,0.859500,0.801618,0.934238,0.922137,0.932040,0.892040,0.757392,0.949409,spectrum_fno48_floor6_smooth1_qc_peak4_fieldloss
run52_sparc_1530,sparc_1530,0.525056,0.682434,0.582532,0.507110,0.611850,0.519234,0.947368,0.919971,0.877727,0.969942,0.976718,0.989348,spectrum_fno48_floor6_smooth1_qc_peak4_fieldloss
run53_sparc_1300,sparc_1300,0.297357,0.417563,0.225031,0.296181,0.371171,0.224047,0.994430,0.996703,0.995081,0.789241,0.389798,0.809438,spectrum_fno48_floor6_smooth1_qc_peak4_fieldloss_geom
run53_sparc_1306,sparc_1306,0.687985,0.744231,0.616185,0.661594,0.715795,0.614749,0.874822,0.880929,0.896745,0.941752,0.942115,0.959959,spectrum_fno48_floor6_smooth1_qc_peak4_fieldloss_geom
run53_sparc_1307,sparc_1307,0.599318,0.755645,0.708460,0.591176,0.709932,0.674328,0.853945,0.850763,0.823304,0.894482,0.947970,0.967529,spectrum_fno48_floor6_smooth1_qc_peak4_fieldloss
run53_sparc_1313,sparc_1313,0.608838,0.659080,0.623450,0.563430,0.649656,0.571965,0.925096,0.927205,0.959861,0.839960,0.686947,0.939106,spectrum_fno48_floor6_smooth1_qc_peak4_fieldloss
run53_sparc_1356,sparc_1356,0.813625,0.729658,0.725081,0.763029,0.716443,0.700022,0.909000,0.917233,0.913582,0.850448,0.909975,0.900992,spectrum_fno48_floor6_smooth1_qc_peak4_fieldloss_geom
run53_sparc_1358,sparc_1358,0.694421,0.732333,0.852487,0.622217,0.647778,0.751703,0.915236,0.915298,0.906373,0.928519,0.812952,0.898854,spectrum_fno48_floor6_smooth1_qc_peak4_fieldloss
run53_sparc_1361,sparc_1361,0.733718,0.724311,0.756959,0.698116,0.690558,0.723656,0.911098,0.914204,0.890583,0.959542,0.871231,0.948613,spectrum_fno48_floor6_smooth1_qc_peak4
run53_sparc_1362,sparc_1362,0.730527,0.724737,0.756121,0.675026,0.678693,0.717687,0.917707,0.921847,0.897433,0.917155,0.870095,0.947235,spectrum_fno48_floor6_smooth1_qc_peak4
run53_sparc_1400,sparc_1400,0.520830,0.582371,0.339892,0.520823,0.548531,0.337850,0.994122,0.995621,0.993403,0.947433,0.739225,0.961575,spectrum_fno48_floor6_smooth1_qc_peak4_fieldloss_geom
run53_sparc_1407,sparc_1407,0.657898,0.684662,0.657028,0.653293,0.677299,0.653513,0.887799,0.893420,0.876743,0.965459,0.864676,0.975210,spectrum_fno48_floor6_smooth1_qc_peak4_fieldloss_geom
run53_sparc_1409,sparc_1409,0.643747,0.789727,0.645622,0.618795,0.786009,0.634329,0.916848,0.913741,0.897666,0.806169,0.831482,0.927094,spectrum_fno48_floor6_smooth1_qc_peak4_fieldloss
run53_sparc_1411,sparc_1411,0.612968,0.644042,0.616258,0.611214,0.635092,0.611312,0.919027,0.922651,0.941455,0.888111,0.585476,0.867944,spectrum_fno48_floor6_smooth1_qc_peak4_fieldloss
run53_sparc_1412,sparc_1412,0.626244,0.776925,0.641649,0.589388,0.664167,0.599444,0.918208,0.916858,0.915387,0.892810,0.635105,0.952630,spectrum_fno48_floor6_smooth1_qc_peak4_fieldloss
run53_sparc_1413,sparc_1413,0.625160,0.767741,0.648629,0.587569,0.665197,0.602695,0.918364,0.916747,0.916587,0.908648,0.585037,0.941259,spectrum_fno48_floor6_smooth1_qc_peak4_fieldloss
run53_sparc_1424,sparc_1424,0.624273,0.699637,0.695872,0.619826,0.673072,0.663613,0.837783,0.850997,0.858000,0.929711,0.936873,0.962145,spectrum_fno48_floor6_smooth1_qc_peak4_fieldloss
run53_sparc_1427,sparc_1427,0.705775,0.685016,0.727822,0.654754,0.629131,0.679074,0.893211,0.908685,0.893712,0.954016,0.921423,0.956414,spectrum_fno48_floor6_smooth1_qc_peak4
run53_sparc_1428,sparc_1428,0.719320,0.762207,0.758255,0.691362,0.704370,0.730388,0.921631,0.917807,0.920687,0.936389,0.937622,0.948681,spectrum_fno48_floor6_smooth1_qc_peak4_fieldloss
run53_sparc_1440,sparc_1440,0.526134,0.595881,0.513781,0.519651,0.570706,0.513776,0.940602,0.941880,0.965385,0.743689,0.824925,0.903239,spectrum_fno48_floor6_smooth1_qc_peak4_fieldloss_geom
run53_sparc_1500,sparc_1500,0.366783,0.411811,0.329043,0.351206,0.377048,0.328840,0.992902,0.994287,0.994147,0.956725,0.836481,0.972745,spectrum_fno48_floor6_smooth1_qc_peak4_fieldloss_geom
run53_sparc_1503,sparc_1503,0.622737,0.641604,0.580800,0.622294,0.640524,0.566055,0.931039,0.921662,0.935480,0.950704,0.929593,0.897167,spectrum_fno48_floor6_smooth1_qc_peak4_fieldloss_geom
run53_sparc_1513,sparc_1513,0.610188,0.679885,0.628930,0.595081,0.647954,0.605499,0.922364,0.926040,0.916849,0.911961,0.489921,0.913738,spectrum_fno48_floor6_smooth1_qc_peak4_fieldloss
run53_sparc_1514,sparc_1514,0.572462,0.732965,0.606548,0.567944,0.655548,0.581924,0.912306,0.916558,0.911171,0.832122,0.709863,0.938841,spectrum_fno48_floor6_smooth1_qc_peak4_fieldloss
run53_sparc_1518,sparc_1518,0.544944,0.695247,0.530970,0.526754,0.671982,0.510248,0.908076,0.909776,0.893257,0.841894,0.848212,0.948291,spectrum_fno48_floor6_smooth1_qc_peak4_fieldloss_geom
run53_sparc_1524,sparc_1524,0.975323,1.038036,1.114789,0.880134,0.906687,0.911117,0.839484,0.839196,0.814811,0.810902,0.857790,0.926599,spectrum_fno48_floor6_smooth1_qc_peak4_fieldloss
run53_sparc_1527,sparc_1527,0.929578,0.911477,0.905766,0.824757,0.794669,0.818893,0.870920,0.861691,0.857106,0.974926,0.961732,0.975639,spectrum_fno48_floor6_smooth1_qc_peak4_fieldloss_geom
run53_sparc_1529,sparc_1529,0.653452,0.784692,0.702860,0.653366,0.764727,0.690916,0.874186,0.879181,0.911453,0.931704,0.952961,0.954626,spectrum_fno48_floor6_smooth1_qc_peak4_fieldloss
run53_sparc_1593,sparc_1593,0.677205,0.677824,0.661788,0.676301,0.672943,0.649655,0.914121,0.897944,0.921261,0.967799,0.943234,0.969663,spectrum_fno48_floor6_smooth1_qc_peak4_fieldloss_geom
run54_sparc_1301,sparc_1301,0.549406,0.673198,0.636423,0.548480,0.654920,0.632466,0.869492,0.884119,0.709200,0.934467,0.961310,0.975635,spectrum_fno48_floor6_smooth1_qc_peak4_fieldloss
run54_sparc_1305,sparc_1305,0.619349,0.769076,0.572714,0.606916,0.688388,0.569007,0.903930,0.890247,0.901490,0.964148,0.919825,0.971951,spectrum_fno48_floor6_smooth1_qc_peak4_fieldloss_geom
run54_sparc_1319,sparc_1319,0.490112,0.561246,0.506858,0.480347,0.535688,0.488546,0.900203,0.909941,0.929785,0.846083,0.801553,0.841792,spectrum_fno48_floor6_smooth1_qc_peak4_fieldloss
run54_sparc_1350,sparc_1350,0.538487,0.567061,0.549665,0.509607,0.510960,0.503250,0.915233,0.919079,0.927744,0.908584,0.770091,0.940731,spectrum_fno48_floor6_smooth1_qc_peak4_fieldloss
run54_sparc_1354,sparc_1354,0.681298,0.710435,0.631518,0.646853,0.664167,0.607972,0.847762,0.859749,0.860054,0.923655,0.919665,0.929358,spectrum_fno48_floor6_smooth1_qc_peak4_fieldloss_geom
run54_sparc_1356,sparc_1356,0.498804,0.594773,0.589239,0.494378,0.560758,0.552946,0.906018,0.909128,0.896034,0.846201,0.811882,0.858773,spectrum_fno48_floor6_smooth1_qc_peak4_fieldloss
run54_sparc_1365,sparc_1365,0.517343,0.609935,0.514811,0.466237,0.542726,0.467696,0.912670,0.913162,0.902330,0.858317,0.792105,0.910421,spectrum_fno48_floor6_smooth1_qc_peak4_fieldloss_geom
run54_sparc_1406,sparc_1406,0.583770,0.713868,0.622638,0.556706,0.706494,0.612550,0.893957,0.850311,0.804467,0.981455,0.942348,0.987845,spectrum_fno48_floor6_smooth1_qc_peak4_fieldloss
run54_sparc_1410,sparc_1410,0.554075,0.632735,0.583573,0.529922,0.574088,0.544037,0.920580,0.919367,0.911297,0.891440,0.664700,0.902458,spectrum_fno48_floor6_smooth1_qc_peak4_fieldloss
run54_sparc_1427,sparc_1427,0.704167,0.823233,0.760188,0.671019,0.692485,0.693589,0.881995,0.887293,0.864718,0.966164,0.947606,0.964488,spectrum_fno48_floor6_smooth1_qc_peak4_fieldloss
run54_sparc_1440,sparc_1440,0.521528,0.725610,0.530289,0.519095,0.689684,0.528518,0.921500,0.915399,0.951017,0.821329,0.890306,0.952990,spectrum_fno48_floor6_smooth1_qc_peak4_fieldloss
run54_sparc_1507,sparc_1507,0.542133,0.677565,0.540930,0.535015,0.661053,0.537032,0.893698,0.884658,0.890301,0.928706,0.924258,0.956415,spectrum_fno48_floor6_smooth1_qc_peak4_fieldloss_geom
run54_sparc_1508,sparc_1508,0.902407,0.908603,0.844622,0.836410,0.882323,0.792298,0.547442,0.070908,0.183620,0.986580,0.984162,0.989776,spectrum_fno48_floor6_smooth1_qc_peak4_fieldloss_geom
run54_sparc_1510,sparc_1510,0.547211,0.611960,0.571753,0.525747,0.578051,0.538573,0.923584,0.926313,0.942888,0.921315,0.571258,0.876354,spectrum_fno48_floor6_smooth1_qc_peak4_fieldloss
run54_sparc_1513,sparc_1513,0.524694,0.551769,0.538667,0.519113,0.527960,0.525410,0.928131,0.927223,0.927755,0.927401,0.737199,0.923148,spectrum_fno48_floor6_smooth1_qc_peak4_fieldloss
run54_sparc_1515,sparc_1515,0.493459,0.530657,0.496902,0.492494,0.527116,0.493761,0.917413,0.925687,0.918719,0.858982,0.781795,0.878825,spectrum_fno48_floor6_smooth1_qc_peak4_fieldloss
run54_sparc_1518,sparc_1518,0.462682,0.557579,0.489135,0.447334,0.502281,0.462216,0.912421,0.914791,0.915785,0.917157,0.905483,0.972449,spectrum_fno48_floor6_smooth1_qc_peak4_fieldloss
run54_sparc_1521,sparc_1521,0.575569,0.616741,0.579462,0.573918,0.593504,0.575947,0.895982,0.900701,0.891680,0.864381,0.937998,0.857962,spectrum_fno48_floor6_smooth1_qc_peak4_fieldloss
run54_sparc_1528,sparc_1528,0.567096,0.628919,0.585055,0.565983,0.621945,0.577345,0.891511,0.885695,0.867286,0.940536,0.925028,0.960233,spectrum_fno48_floor6_smooth1_qc_peak4_fieldloss
run54_sparc_1530,sparc_1530,0.868067,0.795775,0.563934,0.863040,0.795667,0.530720,0.639933,0.706650,0.855818,0.995174,0.993741,0.991642,spectrum_fno48_floor6_smooth1_qc_peak4_fieldloss_geom
run55_sparc_1307,sparc_1307,0.797914,1.031010,0.926798,0.721108,0.822837,0.770052,0.869692,0.850720,0.834492,0.901467,0.880391,0.971492,spectrum_fno48_floor6_smooth1_qc_peak4_fieldloss
run55_sparc_1313,sparc_1313,0.513361,0.841411,0.525441,0.512135,0.777931,0.524984,0.906425,0.900643,0.949283,0.909886,0.859895,0.895963,spectrum_fno48_floor6_smooth1_qc_peak4_fieldloss
run55_sparc_1314,sparc_1314,0.520173,0.837640,0.527927,0.517205,0.783637,0.525811,0.907600,0.901187,0.948074,0.917143,0.859347,0.897735,spectrum_fno48_floor6_smooth1_qc_peak4_fieldloss
run55_sparc_1353,sparc_1353,0.494823,0.949812,0.508087,0.492194,0.788523,0.502669,0.884197,0.883143,0.875623,0.895200,0.907760,0.934079,spectrum_fno48_floor6_smooth1_qc_peak4_fieldloss
run55_sparc_1357,sparc_1357,0.521696,0.841308,0.537536,0.517829,0.749316,0.533233,0.880477,0.875453,0.883790,0.913290,0.836275,0.920687,spectrum_fno48_floor6_smooth1_qc_peak4_fieldloss
run55_sparc_1360,sparc_1360,0.524172,0.934181,0.538873,0.523001,0.828571,0.533461,0.894217,0.888681,0.889701,0.870639,0.931972,0.938320,spectrum_fno48_floor6_smooth1_qc_peak4_fieldloss
run55_sparc_1364,sparc_1364,0.502871,0.759281,0.551358,0.493511,0.688347,0.532045,0.846722,0.859800,0.851031,0.921297,0.969952,0.949456,spectrum_fno48_floor6_smooth1_qc_peak4_fieldloss
run55_sparc_1417,sparc_1417,0.550461,0.981120,0.540626,0.542693,0.840360,0.535344,0.909681,0.904052,0.928822,0.907601,0.833202,0.922516,spectrum_fno48_floor6_smooth1_qc_peak4_fieldloss_geom
run55_sparc_1422,sparc_1422,0.476093,0.713685,0.516311,0.474424,0.653926,0.515215,0.898848,0.894572,0.880224,0.910067,0.806750,0.826022,spectrum_fno48_floor6_smooth1_qc_peak4_fieldloss
run55_sparc_1427,sparc_1427,0.908127,1.168210,1.144696,0.714380,0.798375,0.751610,0.673064,0.774666,0.790303,0.976238,0.939156,0.971319,spectrum_fno48_floor6_smooth1_qc_peak4_fieldloss
run55_sparc_1505,sparc_1505,0.975729,1.401991,0.990973,0.747553,0.854828,0.739009,0.898103,0.909519,0.907548,0.865216,0.715216,0.861346,spectrum_fno48_floor6_smooth1_qc_peak4_fieldloss
run55_sparc_1522,sparc_1522,0.527629,0.819817,0.583507,0.499721,0.713810,0.529788,0.914150,0.908546,0.888764,0.747513,0.841382,0.877661,spectrum_fno48_floor6_smooth1_qc_peak4_fieldloss
run55_sparc_1527,sparc_1527,0.729638,0.869984,0.754408,0.722100,0.799019,0.725868,0.839294,0.862464,0.856375,0.977723,0.962350,0.979288,spectrum_fno48_floor6_smooth1_qc_peak4_fieldloss
run55_sparc_1529,sparc_1529,0.622887,1.472983,0.798774,0.598104,0.858158,0.635189,0.865714,0.841866,0.820241,0.909373,0.909411,0.965999,spectrum_fno48_floor6_smooth1_qc_peak4_fieldloss
run55_sparc_1593,sparc_1593,0.780304,1.155590,0.840300,0.646976,0.809861,0.680602,0.924738,0.926971,0.942581,0.877548,0.763486,0.959317,spectrum_fno48_floor6_smooth1_qc_peak4_fieldloss
run56_sparc_1300,sparc_1300,0.426008,0.547026,0.493781,0.425709,0.529758,0.428231,0.986299,0.989015,0.987791,0.879617,0.647837,0.938519,spectrum_fno48_floor6_smooth1_qc_peak4_fieldloss
run56_sparc_1302,sparc_1302,0.583987,0.663295,0.563278,0.579697,0.587257,0.563135,0.940923,0.949777,0.947077,0.905402,0.812495,0.950803,spectrum_fno48_floor6_smooth1_qc_peak4_fieldloss_geom
run56_sparc_1310,sparc_1310,0.508897,0.735728,0.536270,0.500632,0.643032,0.522892,0.904448,0.902079,0.940167,0.932460,0.696811,0.896724,spectrum_fno48_floor6_smooth1_qc_peak4_fieldloss
run56_sparc_1318,sparc_1318,0.543786,0.759424,0.553052,0.501759,0.661540,0.508041,0.905189,0.902172,0.951284,0.911654,0.876054,0.882421,spectrum_fno48_floor6_smooth1_qc_peak4_fieldloss
run56_sparc_1360,sparc_1360,0.500696,0.860663,0.504743,0.485478,0.720695,0.495024,0.868389,0.873118,0.873136,0.891398,0.889224,0.931449,spectrum_fno48_floor6_smooth1_qc_peak4_fieldloss
run56_sparc_1362,sparc_1362,0.491517,0.749321,0.525520,0.491426,0.670715,0.522672,0.910623,0.904776,0.899527,0.905147,0.853994,0.945328,spectrum_fno48_floor6_smooth1_qc_peak4_fieldloss
run56_sparc_1363,sparc_1363,0.509502,0.753265,0.542589,0.500371,0.654848,0.530178,0.882855,0.887588,0.874539,0.934672,0.894480,0.919938,spectrum_fno48_floor6_smooth1_qc_peak4_fieldloss
run56_sparc_1365,sparc_1365,0.492354,0.817307,0.498923,0.481353,0.713795,0.490502,0.895931,0.892308,0.886854,0.898768,0.879851,0.931687,spectrum_fno48_floor6_smooth1_qc_peak4_fieldloss
run56_sparc_1425,sparc_1425,1.314604,1.345607,1.487631,0.838195,0.856266,0.859541,0.927602,0.905131,0.904298,0.864542,0.781259,0.920903,spectrum_fno48_floor6_smooth1_qc_peak4_fieldloss
run56_sparc_1504,sparc_1504,0.855766,1.067984,0.860035,0.772927,0.830627,0.764635,0.926816,0.921595,0.916856,0.902709,0.813175,0.899927,spectrum_fno48_floor6_smooth1_qc_peak4_fieldloss
run56_sparc_1507,sparc_1507,0.904306,1.201536,0.834056,0.758973,0.834870,0.730601,0.931628,0.927695,0.933674,0.921216,0.860351,0.932975,spectrum_fno48_floor6_smooth1_qc_peak4_fieldloss_geom
run56_sparc_1508,sparc_1508,0.929345,1.229053,1.072533,0.762770,0.849124,0.805533,0.918516,0.922933,0.925114,0.858993,0.804514,0.927001,spectrum_fno48_floor6_smooth1_qc_peak4_fieldloss
run56_sparc_1510,sparc_1510,0.501000,0.776266,0.542316,0.492860,0.645017,0.520592,0.930384,0.923692,0.947323,0.934317,0.730903,0.882933,spectrum_fno48_floor6_smooth1_qc_peak4_fieldloss
run56_sparc_1520,sparc_1520,0.532434,0.827124,0.543923,0.527328,0.801867,0.540996,0.897966,0.889627,0.881172,0.937622,0.842495,0.932012,spectrum_fno48_floor6_smooth1_qc_peak4_fieldloss
run56_sparc_1527,sparc_1527,0.838625,0.865372,0.831108,0.780533,0.810867,0.780893,0.873789,0.861815,0.865989,0.961952,0.785963,0.966551,spectrum_fno48_floor6_smooth1_qc_peak4_fieldloss_geom
run57_sparc_1300,sparc_1300,0.262274,0.382027,0.288799,0.262273,0.340947,0.261795,0.993030,0.996154,0.993373,0.867611,0.447617,0.959420,spectrum_fno48_floor6_smooth1_qc_peak4_fieldloss
run57_sparc_1305,sparc_1305,0.561985,0.616763,0.575633,0.557117,0.596149,0.569486,0.921875,0.929193,0.913821,0.953928,0.958941,0.973937,spectrum_fno48_floor6_smooth1_qc_peak4_fieldloss
run57_sparc_1307,sparc_1307,0.787470,1.100506,1.056790,0.703593,0.788705,0.785302,0.809947,0.833837,0.667651,0.946321,0.941526,0.972294,spectrum_fno48_floor6_smooth1_qc_peak4_fieldloss
run57_sparc_1308,sparc_1308,0.873566,1.026009,0.942498,0.852181,0.895879,0.875984,0.817586,0.799238,0.727327,0.957518,0.953315,0.963785,spectrum_fno48_floor6_smooth1_qc_peak4_fieldloss
run57_sparc_1316,sparc_1316,0.586724,0.570167,0.611541,0.551351,0.560170,0.569884,0.914360,0.913701,0.904105,0.945897,0.892442,0.958172,spectrum_fno48_floor6_smooth1_qc_peak4
run57_sparc_1356,sparc_1356,0.624732,0.702754,0.600143,0.624126,0.698930,0.598684,0.923744,0.922026,0.912348,0.873039,0.885489,0.831124,spectrum_fno48_floor6_smooth1_qc_peak4_fieldloss_geom
run57_sparc_1357,sparc_1357,0.637509,0.647105,0.684576,0.624426,0.617488,0.663374,0.912458,0.912838,0.903500,0.918861,0.783026,0.921745,spectrum_fno48_floor6_smooth1_qc_peak4_fieldloss
run57_sparc_1358,sparc_1358,0.631902,0.707446,0.734072,0.585092,0.620172,0.626801,0.879715,0.892588,0.877037,0.894396,0.854597,0.873975,spectrum_fno48_floor6_smooth1_qc_peak4_fieldloss
run57_sparc_1361,sparc_1361,0.549826,0.611477,0.599086,0.540330,0.582857,0.577791,0.921474,0.920307,0.916691,0.913462,0.836828,0.959614,spectrum_fno48_floor6_smooth1_qc_peak4_fieldloss
run57_sparc_1365,sparc_1365,0.651488,0.698390,0.649364,0.621775,0.653776,0.599327,0.913476,0.918348,0.912187,0.909454,0.920198,0.861580,spectrum_fno48_floor6_smooth1_qc_peak4_fieldloss_geom
run57_sparc_1402,sparc_1402,0.545282,0.601122,0.519610,0.544317,0.600676,0.510631,0.933333,0.944141,0.957960,0.941441,0.862344,0.922203,spectrum_fno48_floor6_smooth1_qc_peak4_fieldloss_geom
run57_sparc_1415,sparc_1415,0.565277,0.613378,0.562027,0.565275,0.611150,0.560381,0.932764,0.932723,0.936185,0.943337,0.766713,0.926779,spectrum_fno48_floor6_smooth1_qc_peak4_fieldloss_geom
run57_sparc_1417,sparc_1417,0.554516,0.598822,0.559425,0.528863,0.576241,0.528053,0.927734,0.927136,0.926933,0.939943,0.843627,0.952055,spectrum_fno48_floor6_smooth1_qc_peak4_fieldloss
run57_sparc_1421,sparc_1421,0.612946,0.697454,0.706441,0.594247,0.667085,0.651825,0.894664,0.898605,0.896256,0.785300,0.899627,0.853552,spectrum_fno48_floor6_smooth1_qc_peak4_fieldloss
run57_sparc_1423,sparc_1423,0.667573,0.706325,0.699933,0.667568,0.701899,0.697892,0.877823,0.878751,0.879624,0.963585,0.895819,0.964295,spectrum_fno48_floor6_smooth1_qc_peak4_fieldloss
run57_sparc_1425,sparc_1425,0.677805,0.687386,0.725309,0.673588,0.685232,0.721669,0.892055,0.883138,0.855224,0.962610,0.885918,0.963470,spectrum_fno48_floor6_smooth1_qc_peak4_fieldloss
run57_sparc_1429,sparc_1429,0.638379,0.688036,0.666316,0.623657,0.666292,0.663800,0.916284,0.930759,0.916532,0.935559,0.878021,0.931767,spectrum_fno48_floor6_smooth1_qc_peak4_fieldloss
run57_sparc_1500,sparc_1500,0.356530,0.404288,0.294803,0.319907,0.343002,0.294402,0.992390,0.993428,0.994004,0.909730,0.760380,0.957007,spectrum_fno48_floor6_smooth1_qc_peak4_fieldloss_geom
run57_sparc_1504,sparc_1504,0.634444,0.615722,0.626592,0.630948,0.614443,0.622874,0.916140,0.913280,0.904138,0.940278,0.886137,0.935324,spectrum_fno48_floor6_smooth1_qc_peak4
run57_sparc_1508,sparc_1508,0.715326,0.798557,0.744922,0.701574,0.748919,0.729649,0.887336,0.875126,0.867260,0.968298,0.969130,0.986688,spectrum_fno48_floor6_smooth1_qc_peak4_fieldloss
run57_sparc_1520,sparc_1520,0.643034,0.719763,0.634092,0.629818,0.674923,0.624528,0.911521,0.915168,0.890931,0.878304,0.911863,0.930995,spectrum_fno48_floor6_smooth1_qc_peak4_fieldloss_geom
run57_sparc_1523,sparc_1523,0.807271,0.802470,0.867606,0.770767,0.774753,0.799238,0.885334,0.885206,0.871094,0.858401,0.801180,0.910164,spectrum_fno48_floor6_smooth1_qc_peak4
run57_sparc_1528,sparc_1528,0.725680,0.763602,0.737599,0.725607,0.730489,0.733783,0.900457,0.898557,0.901609,0.962140,0.949606,0.977234,spectrum_fno48_floor6_smooth1_qc_peak4_fieldloss
run57_sparc_1593,sparc_1593,0.587833,0.625029,0.568216,0.579001,0.617262,0.567553,0.936287,0.938438,0.942798,0.925397,0.888516,0.973724,spectrum_fno48_floor6_smooth1_qc_peak4_fieldloss_geom
run58_sparc_1300,sparc_1300,0.425345,0.487124,0.442421,0.422062,0.470492,0.435957,0.981339,0.990255,0.988842,0.913659,0.812104,0.960669,spectrum_fno48_floor6_smooth1_qc_peak4_fieldloss
run58_sparc_1349,sparc_1349,0.505819,0.657554,0.526720,0.493803,0.603564,0.509991,0.891953,0.884762,0.870559,0.931759,0.909492,0.940540,spectrum_fno48_floor6_smooth1_qc_peak4_fieldloss
run58_sparc_1351,sparc_1351,0.554311,0.590594,0.574112,0.538341,0.579868,0.550330,0.908519,0.904408,0.900130,0.906615,0.799266,0.949827,spectrum_fno48_floor6_smooth1_qc_peak4_fieldloss
run58_sparc_1353,sparc_1353,0.502103,0.646690,0.518389,0.496576,0.611536,0.511615,0.882035,0.878596,0.875892,0.897653,0.931606,0.943171,spectrum_fno48_floor6_smooth1_qc_peak4_fieldloss
run58_sparc_1355,sparc_1355,0.540323,0.648332,0.561495,0.525063,0.612991,0.537995,0.892529,0.889042,0.878213,0.903883,0.854886,0.938893,spectrum_fno48_floor6_smooth1_qc_peak4_fieldloss
run58_sparc_1358,sparc_1358,0.525808,0.647743,0.543950,0.521099,0.604189,0.528811,0.897093,0.897404,0.882815,0.884936,0.848941,0.870834,spectrum_fno48_floor6_smooth1_qc_peak4_fieldloss
run58_sparc_1359,sparc_1359,0.507880,0.673867,0.510555,0.502909,0.598319,0.502468,0.906297,0.912290,0.910929,0.928408,0.867847,0.942673,spectrum_fno48_floor6_smooth1_qc_peak4_fieldloss
run58_sparc_1365,sparc_1365,0.543031,0.689502,0.548587,0.530584,0.613595,0.528206,0.900081,0.895808,0.881458,0.944734,0.761698,0.941970,spectrum_fno48_floor6_smooth1_qc_peak4_fieldloss
run58_sparc_1402,sparc_1402,0.411979,0.584206,0.433303,0.406868,0.518602,0.398731,0.945132,0.953367,0.967202,0.966310,0.878805,0.933527,spectrum_fno48_floor6_smooth1_qc_peak4_fieldloss
run58_sparc_1403,sparc_1403,0.794638,0.925960,0.757538,0.717460,0.780894,0.697310,0.879925,0.860190,0.914134,0.946575,0.883604,0.965813,spectrum_fno48_floor6_smooth1_qc_peak4_fieldloss_geom
run58_sparc_1413,sparc_1413,0.561434,0.630930,0.548860,0.551464,0.609962,0.542881,0.907474,0.906045,0.940812,0.933917,0.789930,0.900935,spectrum_fno48_floor6_smooth1_qc_peak4_fieldloss_geom
run58_sparc_1421,sparc_1421,0.536747,0.761973,0.546198,0.535829,0.724808,0.545333,0.896849,0.889788,0.878701,0.944925,0.824438,0.950975,spectrum_fno48_floor6_smooth1_qc_peak4_fieldloss
run58_sparc_1422,sparc_1422,0.547709,0.882922,0.593330,0.542702,0.758462,0.578343,0.891443,0.888514,0.882527,0.894864,0.826379,0.952923,spectrum_fno48_floor6_smooth1_qc_peak4_fieldloss
run58_sparc_1429,sparc_1429,1.087092,1.220263,1.426729,0.799364,0.887141,0.891179,0.776353,0.649741,0.662250,0.907706,0.915919,0.946801,spectrum_fno48_floor6_smooth1_qc_peak4_fieldloss
run58_sparc_1440,sparc_1440,1.239034,1.070648,1.529945,0.828502,0.805095,0.859865,0.936401,0.942897,0.966813,0.894727,0.689126,0.829501,spectrum_fno48_floor6_smooth1_qc_peak4
run58_sparc_1503,sparc_1503,0.881542,0.932776,0.789511,0.742725,0.771385,0.707230,0.860136,0.815017,0.869872,0.916069,0.843122,0.953698,spectrum_fno48_floor6_smooth1_qc_peak4_fieldloss_geom
run58_sparc_1512,sparc_1512,0.552168,0.665613,0.555665,0.535928,0.605275,0.538839,0.915545,0.914713,0.946058,0.909801,0.762541,0.876621,spectrum_fno48_floor6_smooth1_qc_peak4_fieldloss
run58_sparc_1516,sparc_1516,0.634744,0.687018,0.654750,0.561645,0.597768,0.576297,0.912070,0.909398,0.909487,0.926187,0.695879,0.929400,spectrum_fno48_floor6_smooth1_qc_peak4_fieldloss
run58_sparc_1522,sparc_1522,0.575800,0.806258,0.577206,0.575773,0.752720,0.575467,0.896190,0.895259,0.881248,0.937104,0.890765,0.947991,spectrum_fno48_floor6_smooth1_qc_peak4_fieldloss
run58_sparc_1527,sparc_1527,0.939093,1.141937,1.089086,0.763953,0.845065,0.823082,0.917191,0.923485,0.918722,0.798534,0.660764,0.846940,spectrum_fno48_floor6_smooth1_qc_peak4_fieldloss
run58_sparc_1593,sparc_1593,0.803768,0.949142,0.767926,0.713898,0.781906,0.692282,0.862720,0.838248,0.898854,0.932319,0.873582,0.959592,spectrum_fno48_floor6_smooth1_qc_peak4_fieldloss_geom
run59_sparc_1300,sparc_1300,0.631017,0.660341,0.665821,0.594048,0.608510,0.588092,0.954624,0.972165,0.974614,0.872482,0.830175,0.942693,spectrum_fno48_floor6_smooth1_qc_peak4_fieldloss
run59_sparc_1314,sparc_1314,0.685594,0.696313,0.703471,0.676959,0.694343,0.698515,0.936740,0.940077,0.952883,0.861324,0.810173,0.874122,spectrum_fno48_floor6_smooth1_qc_peak4_fieldloss
run59_sparc_1315,sparc_1315,0.669327,0.676892,0.692094,0.662344,0.670045,0.685416,0.935518,0.941271,0.930628,0.880024,0.854414,0.908274,spectrum_fno48_floor6_smooth1_qc_peak4_fieldloss
run59_sparc_1316,sparc_1316,0.640488,0.659943,0.666043,0.640392,0.659656,0.665898,0.926911,0.937178,0.932107,0.909079,0.910828,0.969550,spectrum_fno48_floor6_smooth1_qc_peak4_fieldloss
run59_sparc_1317,sparc_1317,0.667786,0.679959,0.684261,0.667753,0.679911,0.683976,0.937380,0.938023,0.931746,0.938201,0.872758,0.956259,spectrum_fno48_floor6_smooth1_qc_peak4_fieldloss
run59_sparc_1319,sparc_1319,0.659670,0.683084,0.692742,0.659320,0.680802,0.690129,0.939434,0.935909,0.930831,0.909111,0.786043,0.935167,spectrum_fno48_floor6_smooth1_qc_peak4_fieldloss
run59_sparc_1353,sparc_1353,0.667590,0.674048,0.686238,0.665762,0.673445,0.685404,0.928533,0.926947,0.925054,0.962062,0.860211,0.964086,spectrum_fno48_floor6_smooth1_qc_peak4_fieldloss
run59_sparc_1359,sparc_1359,0.638944,0.672993,0.651549,0.636621,0.670609,0.650303,0.938640,0.942769,0.948242,0.900847,0.830974,0.903997,spectrum_fno48_floor6_smooth1_qc_peak4_fieldloss
run59_sparc_1363,sparc_1363,0.665481,0.712086,0.691370,0.663123,0.707315,0.691352,0.930429,0.931444,0.926187,0.953448,0.890004,0.965619,spectrum_fno48_floor6_smooth1_qc_peak4_fieldloss
run59_sparc_1402,sparc_1402,0.606955,0.831984,0.649308,0.546517,0.606983,0.562728,0.945013,0.942183,0.954550,0.898746,0.749385,0.939456,spectrum_fno48_floor6_smooth1_qc_peak4_fieldloss
run59_sparc_1407,sparc_1407,0.876433,0.954398,0.934699,0.769823,0.796497,0.796431,0.930380,0.926260,0.924725,0.893196,0.754168,0.898357,spectrum_fno48_floor6_smooth1_qc_peak4_fieldloss
run59_sparc_1412,sparc_1412,0.691377,0.711951,0.705522,0.670031,0.691602,0.686222,0.937878,0.941474,0.950642,0.842288,0.807568,0.897372,spectrum_fno48_floor6_smooth1_qc_peak4_fieldloss
run59_sparc_1416,sparc_1416,0.656137,0.666194,0.664527,0.642321,0.656754,0.652194,0.935049,0.939600,0.938128,0.872441,0.838010,0.922950,spectrum_fno48_floor6_smooth1_qc_peak4_fieldloss
run59_sparc_1423,sparc_1423,0.679418,0.711914,0.711484,0.672321,0.702166,0.700123,0.928791,0.931412,0.926124,0.830835,0.741692,0.924302,spectrum_fno48_floor6_smooth1_qc_peak4_fieldloss
run59_sparc_1424,sparc_1424,0.628074,0.693554,0.693529,0.627968,0.688964,0.688389,0.932904,0.930068,0.931744,0.921432,0.777882,0.905833,spectrum_fno48_floor6_smooth1_qc_peak4_fieldloss
run59_sparc_1426,sparc_1426,0.663447,0.762487,0.734026,0.663210,0.719408,0.716469,0.927066,0.925086,0.921846,0.856659,0.799446,0.876159,spectrum_fno48_floor6_smooth1_qc_peak4_fieldloss
run59_sparc_1430,sparc_1430,0.638041,0.765942,0.642889,0.635303,0.709781,0.625663,0.762915,0.701956,0.763248,0.969252,0.956421,0.980118,spectrum_fno48_floor6_smooth1_qc_peak4_fieldloss
run59_sparc_1512,sparc_1512,0.684436,0.710869,0.680873,0.645430,0.672006,0.655198,0.940861,0.941747,0.956859,0.877287,0.826892,0.870578,spectrum_fno48_floor6_smooth1_qc_peak4_fieldloss_geom
run5_sparc_1302,sparc_1302,0.581734,0.609886,0.518915,0.562215,0.568335,0.518713,0.804457,0.858598,0.840904,0.981088,0.975905,0.982072,spectrum_fno48_floor6_smooth1_qc_peak4_fieldloss_geom
run5_sparc_1307,sparc_1307,0.797929,0.948843,0.755938,0.694886,0.736606,0.685051,0.927331,0.917819,0.932796,0.901275,0.808466,0.898132,spectrum_fno48_floor6_smooth1_qc_peak4_fieldloss_geom
run5_sparc_1314,sparc_1314,0.617908,0.752547,0.645176,0.579344,0.716102,0.601065,0.904183,0.898248,0.935776,0.974929,0.520284,0.859421,spectrum_fno48_floor6_smooth1_qc_peak4_fieldloss
run5_sparc_1317,sparc_1317,0.602807,0.686567,0.640242,0.572327,0.667209,0.595736,0.897899,0.894227,0.915785,0.965891,0.633226,0.887949,spectrum_fno48_floor6_smooth1_qc_peak4_fieldloss
run5_sparc_1350,sparc_1350,0.618444,0.772631,0.663316,0.576630,0.718317,0.601995,0.906947,0.900727,0.943929,0.976259,0.548807,0.824904,spectrum_fno48_floor6_smooth1_qc_peak4_fieldloss
run5_sparc_1363,sparc_1363,0.522786,0.716220,0.552899,0.510668,0.674392,0.535269,0.877010,0.875796,0.845849,0.938959,0.834209,0.892503,spectrum_fno48_floor6_smooth1_qc_peak4_fieldloss
run5_sparc_1365,sparc_1365,0.495811,0.654020,0.504786,0.495039,0.635025,0.504307,0.891614,0.890806,0.872708,0.900765,0.892836,0.942811,spectrum_fno48_floor6_smooth1_qc_peak4_fieldloss
run5_sparc_1408,sparc_1408,1.087390,1.103463,1.192907,0.726248,0.792609,0.725794,0.933385,0.923178,0.928103,0.930897,0.795275,0.933771,spectrum_fno48_floor6_smooth1_qc_peak4_fieldloss
run5_sparc_1411,sparc_1411,0.607598,0.851470,0.645411,0.564386,0.735992,0.589972,0.894188,0.895912,0.922605,0.942117,0.761957,0.908135,spectrum_fno48_floor6_smooth1_qc_peak4_fieldloss
run5_sparc_1420,sparc_1420,0.578744,0.701113,0.577583,0.575975,0.664338,0.571299,0.892066,0.887807,0.858394,0.939039,0.772273,0.908939,spectrum_fno48_floor6_smooth1_qc_peak4_fieldloss_geom
run5_sparc_1500,sparc_1500,0.489741,0.520307,0.498380,0.477856,0.504435,0.485431,0.980096,0.988858,0.987714,0.947046,0.905933,0.968390,spectrum_fno48_floor6_smooth1_qc_peak4_fieldloss
run5_sparc_1501,sparc_1501,1.097813,1.093908,1.022891,0.776861,0.792499,0.742831,0.946144,0.953351,0.949402,0.904958,0.846715,0.975599,spectrum_fno48_floor6_smooth1_qc_peak4_fieldloss_geom
run5_sparc_1509,sparc_1509,0.926173,1.294387,0.836754,0.724049,0.830735,0.667458,0.874939,0.855178,0.867107,0.922576,0.885890,0.962489,spectrum_fno48_floor6_smooth1_qc_peak4_fieldloss_geom
run5_sparc_1511,sparc_1511,0.588953,0.808977,0.602575,0.555082,0.706274,0.577860,0.882954,0.883021,0.925194,0.921305,0.663389,0.878072,spectrum_fno48_floor6_smooth1_qc_peak4_fieldloss
run5_sparc_1514,sparc_1514,0.565673,0.729744,0.599050,0.564322,0.712939,0.589480,0.893958,0.895242,0.909827,0.922191,0.695933,0.943296,spectrum_fno48_floor6_smooth1_qc_peak4_fieldloss
run5_sparc_1517,sparc_1517,0.589574,0.702111,0.623619,0.568635,0.667606,0.589613,0.892301,0.893895,0.902471,0.927039,0.736272,0.945687,spectrum_fno48_floor6_smooth1_qc_peak4_fieldloss
run5_sparc_1523,sparc_1523,0.571761,0.814015,0.594862,0.544472,0.704937,0.570135,0.894682,0.887326,0.870530,0.893069,0.886657,0.872421,spectrum_fno48_floor6_smooth1_qc_peak4_fieldloss
run5_sparc_1526,sparc_1526,1.251567,1.335761,1.426598,0.759279,0.806908,0.781251,0.932069,0.934981,0.939486,0.896576,0.641595,0.916247,spectrum_fno48_floor6_smooth1_qc_peak4_fieldloss
run5_sparc_1530,sparc_1530,0.560996,0.798648,0.633948,0.560243,0.722984,0.629235,0.869831,0.894951,0.906224,0.917302,0.781928,0.973164,spectrum_fno48_floor6_smooth1_qc_peak4_fieldloss
run5_sparc_1593,sparc_1593,0.731130,1.012223,0.879880,0.657515,0.781686,0.700692,0.944158,0.935303,0.957301,0.868757,0.738639,0.897991,spectrum_fno48_floor6_smooth1_qc_peak4_fieldloss
run60_sparc_1303,sparc_1303,0.837997,1.352037,0.845516,0.570733,0.733028,0.517310,0.901158,0.889293,0.910327,0.863326,0.879772,0.915391,spectrum_fno48_floor6_smooth1_qc_peak4_fieldloss
run60_sparc_1350,sparc_1350,0.506373,0.555109,0.532757,0.488001,0.511517,0.500654,0.936994,0.938929,0.968878,0.935389,0.733115,0.923441,spectrum_fno48_floor6_smooth1_qc_peak4_fieldloss
run60_sparc_1351,sparc_1351,0.487935,0.532443,0.496848,0.482316,0.510648,0.490835,0.933882,0.929307,0.922249,0.941217,0.809737,0.972425,spectrum_fno48_floor6_smooth1_qc_peak4_fieldloss
run60_sparc_1352,sparc_1352,0.476424,0.559290,0.506006,0.467866,0.529008,0.489277,0.919609,0.909230,0.906393,0.925469,0.830732,0.961108,spectrum_fno48_floor6_smooth1_qc_peak4_fieldloss
run60_sparc_1353,sparc_1353,0.451311,0.538890,0.446220,0.446138,0.529758,0.444152,0.912008,0.914138,0.904671,0.912100,0.773778,0.905696,spectrum_fno48_floor6_smooth1_qc_peak4_fieldloss_geom
run60_sparc_1356,sparc_1356,0.499211,0.626588,0.529599,0.493338,0.581751,0.519906,0.913469,0.914241,0.907688,0.940019,0.870895,0.937925,spectrum_fno48_floor6_smooth1_qc_peak4_fieldloss
run60_sparc_1361,sparc_1361,0.446773,0.532790,0.436992,0.442763,0.513850,0.433676,0.902065,0.905505,0.901981,0.922855,0.847695,0.962737,spectrum_fno48_floor6_smooth1_qc_peak4_fieldloss_geom
run60_sparc_1402,sparc_1402,0.611599,0.712749,0.588583,0.609664,0.694115,0.580672,0.774695,0.752541,0.804856,0.953443,0.923802,0.947594,spectrum_fno48_floor6_smooth1_qc_peak4_fieldloss_geom
run60_sparc_1403,sparc_1403,0.960352,1.462940,0.916836,0.593462,0.715639,0.516361,0.909481,0.908363,0.942095,0.905385,0.835396,0.961706,spectrum_fno48_floor6_smooth1_qc_peak4_fieldloss_geom
run60_sparc_1418,sparc_1418,0.481669,0.593734,0.479821,0.466269,0.545143,0.468776,0.919136,0.927164,0.925448,0.892432,0.826611,0.950061,spectrum_fno48_floor6_smooth1_qc_peak4_fieldloss_geom
run60_sparc_1421,sparc_1421,0.495330,0.568766,0.540633,0.493984,0.553202,0.530124,0.915663,0.919227,0.905305,0.887469,0.819668,0.900007,spectrum_fno48_floor6_smooth1_qc_peak4_fieldloss
run60_sparc_1423,sparc_1423,0.888936,1.082168,0.904507,0.790824,0.858698,0.792526,0.782771,0.737061,0.778386,0.951358,0.863307,0.914414,spectrum_fno48_floor6_smooth1_qc_peak4_fieldloss
run60_sparc_1428,sparc_1428,0.587257,0.674645,0.627455,0.579538,0.624833,0.595801,0.909480,0.911820,0.904722,0.955303,0.897886,0.958445,spectrum_fno48_floor6_smooth1_qc_peak4_fieldloss
run60_sparc_1430,sparc_1430,0.776194,0.760305,0.737771,0.748574,0.713589,0.715803,0.527593,0.864813,0.849580,0.963530,0.900331,0.954723,spectrum_fno48_floor6_smooth1_qc_peak4_fieldloss_geom
run60_sparc_1440,sparc_1440,0.820598,1.088911,0.795993,0.626749,0.783797,0.623682,0.913328,0.921816,0.962067,0.908712,0.544986,0.808598,spectrum_fno48_floor6_smooth1_qc_peak4_fieldloss_geom
run60_sparc_1500,sparc_1500,0.362312,0.426161,0.303629,0.315930,0.360707,0.303152,0.989765,0.992636,0.988806,0.801214,0.865354,0.988804,spectrum_fno48_floor6_smooth1_qc_peak4_fieldloss_geom
run60_sparc_1503,sparc_1503,1.428439,1.979140,1.529800,0.789199,0.806747,0.706158,0.792117,0.796192,0.762200,0.975453,0.919908,0.988067,spectrum_fno48_floor6_smooth1_qc_peak4_fieldloss
run60_sparc_1504,sparc_1504,0.705484,0.917242,0.625451,0.568288,0.741645,0.534431,0.869616,0.874707,0.877509,0.875051,0.618446,0.897480,spectrum_fno48_floor6_smooth1_qc_peak4_fieldloss_geom
run60_sparc_1506,sparc_1506,0.578985,0.842802,0.599743,0.565590,0.717151,0.563510,0.893376,0.915976,0.915464,0.844593,0.526025,0.914292,spectrum_fno48_floor6_smooth1_qc_peak4_fieldloss
run60_sparc_1511,sparc_1511,0.493984,0.499173,0.509163,0.491612,0.497036,0.509047,0.943757,0.941518,0.964215,0.887055,0.481184,0.911184,spectrum_fno48_floor6_smooth1_qc_peak4_fieldloss
run60_sparc_1515,sparc_1515,0.495454,0.556408,0.503286,0.483081,0.533040,0.488272,0.910586,0.917919,0.931551,0.891203,0.642765,0.913377,spectrum_fno48_floor6_smooth1_qc_peak4_fieldloss
run60_sparc_1521,sparc_1521,0.495617,0.586865,0.520925,0.495605,0.569673,0.518427,0.913424,0.915594,0.909154,0.871695,0.759657,0.911379,spectrum_fno48_floor6_smooth1_qc_peak4_fieldloss
run60_sparc_1523,sparc_1523,0.693617,0.704717,0.753040,0.619002,0.654149,0.686849,0.899725,0.903423,0.890618,0.904039,0.823358,0.920805,spectrum_fno48_floor6_smooth1_qc_peak4_fieldloss
run61_sparc_1303,sparc_1303,0.741558,0.693470,0.738194,0.603913,0.631738,0.602925,0.942185,0.947268,0.956365,0.900277,0.682992,0.930393,spectrum_fno48_floor6_smooth1_qc_peak4
run61_sparc_1305,sparc_1305,0.866290,1.338258,0.663662,0.706763,0.780837,0.633665,0.909960,0.905588,0.908224,0.908342,0.885704,0.895722,spectrum_fno48_floor6_smooth1_qc_peak4_fieldloss_geom
run61_sparc_1309,sparc_1309,1.292515,0.786349,0.721745,0.773218,0.661455,0.607195,0.895523,0.910724,0.922532,0.884798,0.591162,0.911185,spectrum_fno48_floor6_smooth1_qc_peak4_fieldloss_geom
run61_sparc_1313,sparc_1313,0.907532,0.757033,0.620040,0.601623,0.642475,0.530510,0.935347,0.954805,0.968941,0.663515,0.734670,0.843723,spectrum_fno48_floor6_smooth1_qc_peak4_fieldloss_geom
run61_sparc_1315,sparc_1315,0.738928,0.794745,0.640677,0.611602,0.687260,0.570134,0.922720,0.951206,0.952649,0.594563,0.737658,0.742841,spectrum_fno48_floor6_smooth1_qc_peak4_fieldloss_geom
run61_sparc_1354,sparc_1354,0.683900,0.630529,0.802928,0.666299,0.630503,0.775741,0.928259,0.934171,0.869646,0.761405,0.837384,0.837072,spectrum_fno48_floor6_smooth1_qc_peak4
run61_sparc_1355,sparc_1355,0.724497,0.870522,0.746435,0.723379,0.828949,0.746434,0.664479,0.736624,0.809332,0.705872,0.721195,0.806618,spectrum_fno48_floor6_smooth1_qc_peak4_fieldloss
run61_sparc_1356,sparc_1356,0.573004,0.641280,0.572791,0.560650,0.636756,0.556879,0.907340,0.941919,0.955325,0.652949,0.815822,0.675643,spectrum_fno48_floor6_smooth1_qc_peak4_fieldloss_geom
run61_sparc_1406,sparc_1406,0.572125,0.764906,0.640222,0.571916,0.759846,0.626493,0.872624,0.883487,0.921159,0.979340,0.961255,0.981108,spectrum_fno48_floor6_smooth1_qc_peak4_fieldloss
run61_sparc_1407,sparc_1407,0.617911,0.682682,0.640119,0.603252,0.681082,0.634878,0.852501,0.922777,0.912530,0.972990,0.927369,0.964255,spectrum_fno48_floor6_smooth1_qc_peak4_fieldloss
run61_sparc_1411,sparc_1411,0.667732,0.589515,0.607045,0.654537,0.589391,0.591509,0.940941,0.955680,0.969102,0.843754,0.580152,0.803438,spectrum_fno48_floor6_smooth1_qc_peak4
run61_sparc_1419,sparc_1419,0.570833,0.754021,0.606843,0.555079,0.736317,0.606833,0.920393,0.942281,0.945017,0.919287,0.875755,0.750078,spectrum_fno48_floor6_smooth1_qc_peak4_fieldloss
run61_sparc_1426,sparc_1426,0.706103,0.722743,0.738915,0.696277,0.721119,0.730247,0.937376,0.941870,0.889816,0.940642,0.881037,0.976783,spectrum_fno48_floor6_smooth1_qc_peak4_fieldloss
run61_sparc_1430,sparc_1430,0.714285,1.227121,0.788746,0.663195,0.803995,0.684075,0.895903,0.925326,0.927150,0.947199,0.908825,0.974006,spectrum_fno48_floor6_smooth1_qc_peak4_fieldloss
run61_sparc_1500,sparc_1500,0.424364,0.452436,0.391399,0.421864,0.451105,0.386024,0.965699,0.982441,0.983289,0.857823,0.836224,0.911002,spectrum_fno48_floor6_smooth1_qc_peak4_fieldloss_geom
run61_sparc_1501,sparc_1501,0.589313,0.724629,0.638387,0.579113,0.698299,0.632700,0.931633,0.939072,0.948244,0.855317,0.922410,0.910091,spectrum_fno48_floor6_smooth1_qc_peak4_fieldloss
run61_sparc_1502,sparc_1502,0.508875,0.825258,0.583489,0.506948,0.675151,0.577434,0.937950,0.945020,0.959430,0.809694,0.781208,0.811474,spectrum_fno48_floor6_smooth1_qc_peak4_fieldloss
run61_sparc_1503,sparc_1503,0.717501,0.726214,0.728591,0.601531,0.630939,0.601920,0.946137,0.951807,0.953924,0.875727,0.688031,0.893301,spectrum_fno48_floor6_smooth1_qc_peak4_fieldloss
run61_sparc_1508,sparc_1508,0.751715,0.834222,0.750788,0.664176,0.783570,0.646396,0.833290,0.888943,0.912477,0.775737,0.898702,0.826573,spectrum_fno48_floor6_smooth1_qc_peak4_fieldloss_geom
run61_sparc_1509,sparc_1509,0.686051,0.603407,0.622430,0.658327,0.599464,0.605723,0.910678,0.911722,0.934258,0.840966,0.346733,0.919333,spectrum_fno48_floor6_smooth1_qc_peak4
run61_sparc_1512,sparc_1512,0.658613,0.608514,0.607687,0.640908,0.608480,0.591524,0.949053,0.960819,0.972658,0.762778,0.599555,0.584020,spectrum_fno48_floor6_smooth1_qc_peak4_fieldloss_geom
run61_sparc_1516,sparc_1516,0.738920,0.611037,0.658501,0.643824,0.603503,0.587359,0.944807,0.957273,0.964893,0.824253,0.687490,0.681172,spectrum_fno48_floor6_smooth1_qc_peak4
run61_sparc_1517,sparc_1517,0.798787,0.659131,0.735720,0.647401,0.637321,0.613387,0.939315,0.957836,0.963288,0.827041,0.731260,0.813439,spectrum_fno48_floor6_smooth1_qc_peak4
run61_sparc_1522,sparc_1522,0.671512,0.788315,0.717882,0.621215,0.784785,0.688702,0.779944,0.836871,0.848719,0.815706,0.479881,0.820849,spectrum_fno48_floor6_smooth1_qc_peak4_fieldloss
run61_sparc_1527,sparc_1527,0.885396,1.010320,0.699323,0.586485,0.678609,0.557945,0.885186,0.938066,0.918139,0.953916,0.667546,0.971766,spectrum_fno48_floor6_smooth1_qc_peak4_fieldloss_geom
run61_sparc_1529,sparc_1529,0.749893,0.772609,0.771024,0.715272,0.768264,0.744241,0.862343,0.849058,0.840358,0.971388,0.973794,0.975758,spectrum_fno48_floor6_smooth1_qc_peak4_fieldloss
run61_sparc_1593,sparc_1593,0.681579,0.682045,0.722018,0.595233,0.622441,0.596614,0.939461,0.946322,0.958010,0.889215,0.668973,0.913073,spectrum_fno48_floor6_smooth1_qc_peak4_fieldloss
run62_sparc_1307,sparc_1307,0.768099,0.907628,0.775801,0.683068,0.728883,0.654611,0.925787,0.937351,0.963057,0.933736,0.932884,0.959604,spectrum_fno48_floor6_smooth1_qc_peak4_fieldloss
run62_sparc_1309,sparc_1309,0.993358,0.975373,1.056702,0.712064,0.740026,0.732972,0.905852,0.921662,0.926772,0.942570,0.907078,0.948602,spectrum_fno48_floor6_smooth1_qc_peak4
run62_sparc_1319,sparc_1319,0.535599,0.628384,0.553606,0.532300,0.608335,0.549037,0.915443,0.914776,0.949797,0.897351,0.800020,0.926744,spectrum_fno48_floor6_smooth1_qc_peak4_fieldloss
run62_sparc_1351,sparc_1351,0.548789,0.592396,0.555939,0.543644,0.572370,0.544564,0.896767,0.900605,0.919077,0.928538,0.735499,0.928420,spectrum_fno48_floor6_smooth1_qc_peak4_fieldloss
run62_sparc_1358,sparc_1358,0.483870,0.582360,0.500225,0.481798,0.560989,0.492025,0.878393,0.897141,0.914557,0.920867,0.903996,0.960978,spectrum_fno48_floor6_smooth1_qc_peak4_fieldloss
run62_sparc_1362,sparc_1362,0.436982,0.544014,0.451975,0.436587,0.532042,0.449876,0.903565,0.907351,0.887925,0.954440,0.944805,0.973118,spectrum_fno48_floor6_smooth1_qc_peak4_fieldloss
run62_sparc_1404,sparc_1404,0.670083,0.893773,0.711710,0.637925,0.727003,0.657215,0.921567,0.936956,0.937384,0.903783,0.806074,0.942783,spectrum_fno48_floor6_smooth1_qc_peak4_fieldloss
run62_sparc_1405,sparc_1405,0.724807,0.922878,0.838396,0.675531,0.775105,0.722078,0.938376,0.944896,0.959477,0.869248,0.776300,0.872260,spectrum_fno48_floor6_smooth1_qc_peak4_fieldloss
run62_sparc_1416,sparc_1416,0.546417,0.586393,0.545811,0.537655,0.575277,0.541448,0.918264,0.918039,0.928664,0.948329,0.757347,0.900429,spectrum_fno48_floor6_smooth1_qc_peak4_fieldloss_geom
run62_sparc_1422,sparc_1422,0.522792,0.650256,0.544662,0.515608,0.612788,0.531942,0.903450,0.902798,0.918759,0.892996,0.773606,0.911142,spectrum_fno48_floor6_smooth1_qc_peak4_fieldloss
run62_sparc_1425,sparc_1425,1.100131,1.219330,1.408148,0.820233,0.814300,0.851563,0.944367,0.946150,0.948404,0.815263,0.866421,0.953894,spectrum_fno48_floor6_smooth1_qc_peak4_fieldloss
run62_sparc_1440,sparc_1440,0.761477,0.821536,0.751366,0.681698,0.735855,0.678118,0.954932,0.955027,0.969478,0.911452,0.862804,0.926170,spectrum_fno48_floor6_smooth1_qc_peak4_fieldloss_geom
run62_sparc_1441,sparc_1441,0.750904,0.803744,0.765288,0.678608,0.734059,0.678704,0.954698,0.955123,0.969787,0.909425,0.865951,0.926339,spectrum_fno48_floor6_smooth1_qc_peak4_fieldloss
run62_sparc_1503,sparc_1503,1.158142,1.304298,1.037716,0.852073,0.879557,0.812180,0.887242,0.864097,0.909303,0.944509,0.893362,0.946968,spectrum_fno48_floor6_smooth1_qc_peak4_fieldloss_geom
run62_sparc_1508,sparc_1508,0.790403,1.117145,0.877836,0.689629,0.767519,0.704820,0.928401,0.939478,0.953780,0.841904,0.825946,0.919149,spectrum_fno48_floor6_smooth1_qc_peak4_fieldloss
run62_sparc_1515,sparc_1515,0.540734,0.611955,0.528180,0.533866,0.588326,0.524415,0.904348,0.906999,0.922898,0.927962,0.759787,0.901096,spectrum_fno48_floor6_smooth1_qc_peak4_fieldloss_geom
run62_sparc_1525,sparc_1525,0.759643,0.955818,0.981735,0.692064,0.765200,0.757215,0.936452,0.933745,0.946032,0.847836,0.804581,0.911432,spectrum_fno48_floor6_smooth1_qc_peak4_fieldloss
run63_sparc_1316,sparc_1316,0.580353,0.563647,0.549205,0.542567,0.537111,0.526125,0.912780,0.921820,0.910207,0.878703,0.844294,0.913097,spectrum_fno48_floor6_smooth1_qc_peak4_fieldloss_geom
run63_sparc_1317,sparc_1317,0.595926,0.590177,0.538789,0.543769,0.534596,0.504728,0.913728,0.921911,0.933224,0.907151,0.895273,0.886342,spectrum_fno48_floor6_smooth1_qc_peak4_fieldloss_geom
run63_sparc_1319,sparc_1319,0.545503,0.566457,0.549038,0.502916,0.526719,0.509345,0.911332,0.920354,0.931515,0.906159,0.867093,0.929634,spectrum_fno48_floor6_smooth1_qc_peak4_fieldloss
run63_sparc_1401,sparc_1401,0.932073,0.863049,0.808820,0.909300,0.850027,0.789505,0.842528,0.918644,0.890201,0.990344,0.987173,0.988095,spectrum_fno48_floor6_smooth1_qc_peak4_fieldloss_geom
run63_sparc_1406,sparc_1406,0.804128,0.817594,0.871906,0.666247,0.689759,0.703588,0.914281,0.912793,0.876861,0.964414,0.937077,0.980173,spectrum_fno48_floor6_smooth1_qc_peak4_fieldloss
run63_sparc_1409,sparc_1409,0.843178,0.890559,0.796360,0.842943,0.872752,0.790561,0.884434,0.773048,0.797884,0.912611,0.813182,0.976846,spectrum_fno48_floor6_smooth1_qc_peak4_fieldloss_geom
run63_sparc_1419,sparc_1419,0.737030,0.675559,0.756138,0.717089,0.665314,0.732374,0.893835,0.910507,0.875138,0.920130,0.927041,0.945268,spectrum_fno48_floor6_smooth1_qc_peak4
run63_sparc_1423,sparc_1423,0.670693,0.731898,0.682890,0.663953,0.706143,0.680902,0.889898,0.893033,0.897713,0.936027,0.958457,0.942585,spectrum_fno48_floor6_smooth1_qc_peak4_fieldloss
run63_sparc_1425,sparc_1425,0.809662,0.787658,0.752035,0.702966,0.722184,0.684866,0.883891,0.872125,0.882984,0.966636,0.933474,0.965064,spectrum_fno48_floor6_smooth1_qc_peak4_fieldloss_geom
run63_sparc_1441,sparc_1441,0.600889,0.672732,0.588366,0.598756,0.667212,0.586057,0.917968,0.919389,0.954702,0.943146,0.765034,0.840961,spectrum_fno48_floor6_smooth1_qc_peak4_fieldloss_geom
run63_sparc_1506,sparc_1506,0.732458,0.705647,0.797146,0.671313,0.661634,0.717285,0.901792,0.909820,0.873154,0.957517,0.917205,0.981930,spectrum_fno48_floor6_smooth1_qc_peak4
run63_sparc_1507,sparc_1507,0.596362,0.701328,0.596553,0.587375,0.689750,0.587874,0.922139,0.919193,0.924247,0.912042,0.871003,0.934440,spectrum_fno48_floor6_smooth1_qc_peak4_fieldloss
run63_sparc_1516,sparc_1516,0.530439,0.595168,0.541804,0.524352,0.578856,0.535293,0.923428,0.925441,0.923577,0.932934,0.684767,0.887218,spectrum_fno48_floor6_smooth1_qc_peak4_fieldloss
run63_sparc_1519,sparc_1519,0.753711,0.731803,0.746149,0.722126,0.673684,0.721580,0.908281,0.913754,0.898061,0.884352,0.927288,0.926110,spectrum_fno48_floor6_smooth1_qc_peak4
run63_sparc_1523,sparc_1523,0.807690,0.782816,1.051260,0.659290,0.641878,0.729370,0.850604,0.859902,0.808959,0.980358,0.972724,0.985199,spectrum_fno48_floor6_smooth1_qc_peak4
run63_sparc_1525,sparc_1525,0.611997,0.670976,0.622938,0.610716,0.660121,0.620061,0.903230,0.912635,0.883823,0.937236,0.963377,0.959382,spectrum_fno48_floor6_smooth1_qc_peak4_fieldloss
run63_sparc_1527,sparc_1527,0.698964,0.733923,0.710828,0.626881,0.654976,0.658420,0.918464,0.919683,0.913601,0.945795,0.931201,0.957150,spectrum_fno48_floor6_smooth1_qc_peak4_fieldloss
run63_sparc_1593,sparc_1593,0.601063,0.624456,0.554771,0.590313,0.623575,0.543284,0.929614,0.931931,0.949732,0.917594,0.886675,0.925445,spectrum_fno48_floor6_smooth1_qc_peak4_fieldloss_geom
run64_sparc_1305,sparc_1305,0.653852,0.654316,0.638794,0.649590,0.653405,0.628362,0.921950,0.925115,0.914886,0.951085,0.919887,0.961045,spectrum_fno48_floor6_smooth1_qc_peak4_fieldloss_geom
run64_sparc_1307,sparc_1307,0.611220,0.687502,0.653849,0.558691,0.603103,0.577669,0.915869,0.918637,0.911495,0.983085,0.964595,0.988940,spectrum_fno48_floor6_smooth1_qc_peak4_fieldloss
run64_sparc_1311,sparc_1311,0.631385,0.585783,0.606324,0.596200,0.575422,0.576649,0.910379,0.920998,0.922723,0.896442,0.789643,0.947424,spectrum_fno48_floor6_smooth1_qc_peak4
run64_sparc_1315,sparc_1315,0.746299,0.659319,0.654698,0.646118,0.609386,0.598480,0.915926,0.917547,0.916078,0.906036,0.838718,0.941616,spectrum_fno48_floor6_smooth1_qc_peak4_fieldloss_geom
run64_sparc_1316,sparc_1316,0.701009,0.672735,0.645756,0.661509,0.612462,0.606100,0.912972,0.920265,0.909463,0.865965,0.839459,0.901464,spectrum_fno48_floor6_smooth1_qc_peak4_fieldloss_geom
run64_sparc_1317,sparc_1317,0.696838,0.668668,0.561439,0.640394,0.617340,0.553280,0.916413,0.919889,0.925488,0.905104,0.850358,0.910344,spectrum_fno48_floor6_smooth1_qc_peak4_fieldloss_geom
run64_sparc_1350,sparc_1350,0.623042,0.603816,0.587853,0.605009,0.589964,0.562949,0.929809,0.932205,0.959406,0.858760,0.818180,0.925837,spectrum_fno48_floor6_smooth1_qc_peak4_fieldloss_geom
run64_sparc_1353,sparc_1353,0.690095,0.772839,0.634067,0.617212,0.686999,0.563591,0.899089,0.907031,0.895879,0.890057,0.906134,0.872174,spectrum_fno48_floor6_smooth1_qc_peak4_fieldloss_geom
run64_sparc_1360,sparc_1360,0.672613,0.682345,0.615641,0.625037,0.645986,0.565087,0.896162,0.901247,0.878706,0.896630,0.880436,0.903544,spectrum_fno48_floor6_smooth1_qc_peak4_fieldloss_geom
run64_sparc_1364,sparc_1364,0.614804,0.787338,0.637491,0.579358,0.677452,0.599504,0.912043,0.912362,0.908571,0.957411,0.962785,0.970959,spectrum_fno48_floor6_smooth1_qc_peak4_fieldloss
run64_sparc_1404,sparc_1404,0.666716,0.649867,0.658504,0.635356,0.614869,0.620333,0.928356,0.934779,0.922148,0.909075,0.932243,0.948402,spectrum_fno48_floor6_smooth1_qc_peak4
run64_sparc_1405,sparc_1405,0.966178,0.956628,0.965241,0.878908,0.862049,0.879488,0.750350,0.755855,0.722064,0.979936,0.979328,0.982050,spectrum_fno48_floor6_smooth1_qc_peak4
run64_sparc_1415,sparc_1415,0.708786,0.712320,0.681940,0.646968,0.660623,0.604653,0.910445,0.916425,0.916815,0.912375,0.884736,0.923216,spectrum_fno48_floor6_smooth1_qc_peak4_fieldloss_geom
run64_sparc_1423,sparc_1423,0.678894,0.663313,0.721073,0.675142,0.660671,0.706266,0.901230,0.909590,0.896107,0.912710,0.884161,0.947946,spectrum_fno48_floor6_smooth1_qc_peak4
run64_sparc_1426,sparc_1426,0.743645,0.727667,0.685652,0.737871,0.714234,0.685505,0.912316,0.902329,0.907741,0.920210,0.907631,0.942470,spectrum_fno48_floor6_smooth1_qc_peak4_fieldloss_geom
run64_sparc_1428,sparc_1428,0.728226,0.721646,0.717458,0.694495,0.696195,0.697491,0.868035,0.889167,0.856345,0.933361,0.899751,0.953289,spectrum_fno48_floor6_smooth1_qc_peak4_fieldloss_geom
run64_sparc_1441,sparc_1441,0.586073,0.617514,0.577545,0.542523,0.600728,0.532796,0.933634,0.927590,0.952537,0.874914,0.832955,0.938410,spectrum_fno48_floor6_smooth1_qc_peak4_fieldloss_geom
run64_sparc_1500,sparc_1500,0.388673,0.442417,0.549795,0.321714,0.413927,0.545291,0.992739,0.993330,0.990794,0.950436,0.925202,0.989824,spectrum_fno48_floor6_smooth1_qc_peak4_fieldloss
run64_sparc_1509,sparc_1509,0.697364,0.704740,0.694839,0.658236,0.655638,0.651519,0.913812,0.915700,0.907852,0.884904,0.797737,0.918070,spectrum_fno48_floor6_smooth1_qc_peak4_fieldloss_geom
run64_sparc_1511,sparc_1511,0.661935,0.671376,0.624980,0.654542,0.657898,0.618695,0.918472,0.919614,0.928178,0.938448,0.859504,0.896648,spectrum_fno48_floor6_smooth1_qc_peak4_fieldloss_geom
run64_sparc_1513,sparc_1513,0.693947,0.680503,0.713856,0.679771,0.676005,0.683300,0.899835,0.907166,0.901637,0.920332,0.861698,0.925665,spectrum_fno48_floor6_smooth1_qc_peak4
run64_sparc_1520,sparc_1520,0.966944,0.731520,0.644718,0.824123,0.696984,0.630929,0.887538,0.908346,0.882127,0.962224,0.952156,0.948705,spectrum_fno48_floor6_smooth1_qc_peak4_fieldloss_geom
run64_sparc_1529,sparc_1529,0.725158,0.749835,0.738663,0.725157,0.745733,0.735734,0.899535,0.900409,0.902675,0.962778,0.915415,0.958835,spectrum_fno48_floor6_smooth1_qc_peak4_fieldloss
run65_sparc_1307,sparc_1307,0.856723,0.920696,0.858413,0.841111,0.875507,0.831704,0.510602,0.362332,0.380842,0.968968,0.956628,0.973528,spectrum_fno48_floor6_smooth1_qc_peak4_fieldloss
run65_sparc_1311,sparc_1311,0.523935,0.657910,0.521803,0.509098,0.614202,0.504507,0.920599,0.922731,0.945820,0.895736,0.832859,0.920111,spectrum_fno48_floor6_smooth1_qc_peak4_fieldloss_geom
run65_sparc_1315,sparc_1315,0.533868,0.598996,0.565876,0.482867,0.539722,0.500754,0.912694,0.913057,0.916177,0.944670,0.668339,0.902687,spectrum_fno48_floor6_smooth1_qc_peak4_fieldloss
run65_sparc_1316,sparc_1316,0.494761,0.574472,0.513921,0.476908,0.530253,0.485466,0.898982,0.901553,0.906166,0.956572,0.726603,0.927641,spectrum_fno48_floor6_smooth1_qc_peak4_fieldloss
run65_sparc_1351,sparc_1351,0.532298,0.635574,0.562392,0.488128,0.547725,0.503771,0.889027,0.889459,0.895389,0.949055,0.757727,0.937026,spectrum_fno48_floor6_smooth1_qc_peak4_fieldloss
run65_sparc_1359,sparc_1359,0.441418,0.565411,0.451912,0.435180,0.521258,0.446587,0.908463,0.910550,0.914788,0.907665,0.882090,0.928840,spectrum_fno48_floor6_smooth1_qc_peak4_fieldloss
run65_sparc_1361,sparc_1361,0.430848,0.551557,0.446712,0.429206,0.522347,0.445409,0.898723,0.903070,0.894523,0.907328,0.902875,0.905610,spectrum_fno48_floor6_smooth1_qc_peak4_fieldloss
run65_sparc_1362,sparc_1362,0.444772,0.606610,0.465723,0.436955,0.543436,0.457337,0.849822,0.851500,0.830126,0.913314,0.895226,0.893339,spectrum_fno48_floor6_smooth1_qc_peak4_fieldloss
run65_sparc_1363,sparc_1363,0.447493,0.533520,0.458966,0.440830,0.516758,0.453679,0.891141,0.896184,0.882622,0.962192,0.861229,0.934023,spectrum_fno48_floor6_smooth1_qc_peak4_fieldloss
run65_sparc_1364,sparc_1364,0.485392,0.638142,0.470903,0.481486,0.616186,0.467897,0.899843,0.899386,0.899217,0.877732,0.908014,0.931089,spectrum_fno48_floor6_smooth1_qc_peak4_fieldloss_geom
run65_sparc_1365,sparc_1365,0.434752,0.596656,0.437600,0.426108,0.541825,0.429696,0.886025,0.889858,0.869050,0.895358,0.916384,0.924978,spectrum_fno48_floor6_smooth1_qc_peak4_fieldloss
run65_sparc_1411,sparc_1411,0.526217,0.639064,0.514531,0.509939,0.584953,0.502683,0.930167,0.927421,0.949357,0.886309,0.879434,0.955931,spectrum_fno48_floor6_smooth1_qc_peak4_fieldloss_geom
run65_sparc_1421,sparc_1421,0.536563,0.583130,0.548424,0.518487,0.554777,0.527476,0.920355,0.919190,0.913701,0.932978,0.731083,0.863572,spectrum_fno48_floor6_smooth1_qc_peak4_fieldloss
run65_sparc_1423,sparc_1423,0.625012,0.762634,0.629414,0.622818,0.733535,0.621992,0.881163,0.860620,0.886749,0.960787,0.780265,0.921945,spectrum_fno48_floor6_smooth1_qc_peak4_fieldloss
run65_sparc_1425,sparc_1425,0.673960,0.840616,0.660224,0.645284,0.775771,0.630328,0.891080,0.856448,0.899238,0.834121,0.789044,0.926746,spectrum_fno48_floor6_smooth1_qc_peak4_fieldloss_geom
run65_sparc_1428,sparc_1428,0.793075,0.872292,0.776687,0.761861,0.790202,0.756007,0.863779,0.810322,0.834698,0.967984,0.902528,0.982493,spectrum_fno48_floor6_smooth1_qc_peak4_fieldloss_geom
run65_sparc_1441,sparc_1441,0.810134,1.123961,0.754256,0.788880,0.878641,0.728637,0.871655,0.831380,0.933105,0.684466,0.843503,0.892120,spectrum_fno48_floor6_smooth1_qc_peak4_fieldloss_geom
run65_sparc_1506,sparc_1506,1.047926,1.530513,1.041053,0.877748,0.915173,0.868400,0.695845,0.675553,0.616107,0.875168,0.726852,0.988579,spectrum_fno48_floor6_smooth1_qc_peak4_fieldloss_geom
run65_sparc_1507,sparc_1507,1.098149,1.383434,0.970518,0.859951,0.902594,0.747734,0.694374,0.636545,0.722950,0.902571,0.912791,0.985206,spectrum_fno48_floor6_smooth1_qc_peak4_fieldloss_geom
run65_sparc_1510,sparc_1510,0.601478,0.651534,0.546747,0.534751,0.590160,0.512839,0.932563,0.934381,0.950506,0.805331,0.855318,0.909944,spectrum_fno48_floor6_smooth1_qc_peak4_fieldloss_geom
run65_sparc_1512,sparc_1512,0.560042,0.623384,0.530658,0.517608,0.571339,0.497468,0.934588,0.937129,0.952876,0.921508,0.902563,0.961265,spectrum_fno48_floor6_smooth1_qc_peak4_fieldloss_geom
run65_sparc_1520,sparc_1520,0.510560,0.560617,0.523323,0.506477,0.558093,0.512430,0.913871,0.918466,0.910377,0.786351,0.822695,0.877058,spectrum_fno48_floor6_smooth1_qc_peak4_fieldloss
run65_sparc_1525,sparc_1525,0.593043,0.771358,0.599076,0.569937,0.680824,0.565808,0.901555,0.867214,0.894015,0.912537,0.756508,0.917435,spectrum_fno48_floor6_smooth1_qc_peak4_fieldloss
run65_sparc_1529,sparc_1529,0.747078,0.765229,0.775955,0.716491,0.760819,0.701261,0.844301,0.844469,0.844853,0.966798,0.930831,0.973499,spectrum_fno48_floor6_smooth1_qc_peak4_fieldloss
run66_sparc_1302,sparc_1302,0.602250,0.830026,0.609971,0.588696,0.775703,0.597115,0.796894,0.792381,0.799815,0.939645,0.842697,0.970635,spectrum_fno48_floor6_smooth1_qc_peak4_fieldloss
run66_sparc_1303,sparc_1303,0.572217,0.657286,0.482961,0.571334,0.620138,0.475175,0.887518,0.887074,0.876288,0.951174,0.882745,0.941621,spectrum_fno48_floor6_smooth1_qc_peak4_fieldloss_geom
run66_sparc_1304,sparc_1304,0.714847,1.183860,0.698203,0.614868,0.811037,0.609868,0.898977,0.867655,0.882433,0.920554,0.880749,0.950316,spectrum_fno48_floor6_smooth1_qc_peak4_fieldloss_geom
run66_sparc_1313,sparc_1313,0.499238,0.549266,0.498433,0.482619,0.514652,0.479879,0.911867,0.917031,0.944111,0.868180,0.812987,0.902182,spectrum_fno48_floor6_smooth1_qc_peak4_fieldloss_geom
run66_sparc_1318,sparc_1318,0.440051,0.541283,0.460069,0.439674,0.521533,0.458531,0.908410,0.915984,0.922064,0.929840,0.831404,0.907964,spectrum_fno48_floor6_smooth1_qc_peak4_fieldloss
run66_sparc_1319,sparc_1319,0.445857,0.550487,0.466035,0.445264,0.529289,0.463987,0.913444,0.916997,0.921527,0.912475,0.807437,0.896845,spectrum_fno48_floor6_smooth1_qc_peak4_fieldloss
run66_sparc_1350,sparc_1350,0.499235,0.549263,0.498434,0.482618,0.514652,0.479879,0.911868,0.917031,0.944111,0.868175,0.812984,0.902180,spectrum_fno48_floor6_smooth1_qc_peak4_fieldloss_geom
run66_sparc_1408,sparc_1408,1.003879,1.235328,1.044385,0.749601,0.844995,0.774597,0.892605,0.910270,0.917390,0.931036,0.817774,0.968823,spectrum_fno48_floor6_smooth1_qc_peak4_fieldloss
run66_sparc_1415,sparc_1415,0.527120,0.552704,0.564369,0.500472,0.531427,0.517255,0.921107,0.921940,0.928077,0.871328,0.662660,0.961022,spectrum_fno48_floor6_smooth1_qc_peak4_fieldloss
run66_sparc_1416,sparc_1416,0.530972,0.567690,0.519317,0.501538,0.545036,0.500348,0.917224,0.919751,0.929973,0.938539,0.684734,0.937869,spectrum_fno48_floor6_smooth1_qc_peak4_fieldloss_geom
run66_sparc_1427,sparc_1427,0.656034,0.658641,0.640996,0.651527,0.655282,0.640021,0.873530,0.843145,0.871729,0.915827,0.767580,0.937821,spectrum_fno48_floor6_smooth1_qc_peak4_fieldloss_geom
run66_sparc_1429,sparc_1429,0.600175,0.599580,0.593804,0.597264,0.599552,0.593028,0.909927,0.901303,0.903557,0.953706,0.890174,0.954209,spectrum_fno48_floor6_smooth1_qc_peak4_fieldloss_geom
run66_sparc_1430,sparc_1430,0.858079,0.783380,0.679672,0.739859,0.679162,0.656800,0.542680,0.813817,0.842382,0.955922,0.903797,0.949160,spectrum_fno48_floor6_smooth1_qc_peak4_fieldloss_geom
run66_sparc_1509,sparc_1509,0.531312,0.611974,0.531097,0.525739,0.583124,0.528474,0.932805,0.927418,0.915305,0.924919,0.824996,0.951930,spectrum_fno48_floor6_smooth1_qc_peak4_fieldloss_geom
run66_sparc_1514,sparc_1514,0.516040,0.540249,0.524158,0.504191,0.530315,0.503927,0.917180,0.921712,0.926476,0.921871,0.725175,0.950913,spectrum_fno48_floor6_smooth1_qc_peak4_fieldloss
run66_sparc_1516,sparc_1516,0.524182,0.553465,0.510468,0.499687,0.536524,0.493888,0.903422,0.906070,0.913034,0.910136,0.728145,0.918255,spectrum_fno48_floor6_smooth1_qc_peak4_fieldloss_geom
run66_sparc_1529,sparc_1529,1.033344,1.087650,1.117205,0.864171,0.871968,0.896684,0.793585,0.741289,0.597441,0.962982,0.953076,0.977602,spectrum_fno48_floor6_smooth1_qc_peak4_fieldloss
run67_sparc_1302,sparc_1302,0.536852,1.201189,0.599164,0.514959,0.721275,0.551905,0.878720,0.875671,0.846990,0.917642,0.901980,0.950531,spectrum_fno48_floor6_smooth1_qc_peak4_fieldloss
run67_sparc_1304,sparc_1304,0.906452,1.175164,0.890151,0.748144,0.853530,0.775337,0.695280,0.613968,0.699023,0.979756,0.947055,0.980769,spectrum_fno48_floor6_smooth1_qc_peak4_fieldloss_geom
run67_sparc_1318,sparc_1318,0.425534,0.589285,0.457117,0.421234,0.537565,0.456935,0.918748,0.917717,0.950941,0.840499,0.822635,0.918742,spectrum_fno48_floor6_smooth1_qc_peak4_fieldloss
run67_sparc_1350,sparc_1350,0.456949,0.595403,0.472863,0.456873,0.541209,0.470313,0.916355,0.916273,0.964396,0.848479,0.866977,0.882161,spectrum_fno48_floor6_smooth1_qc_peak4_fieldloss
run67_sparc_1362,sparc_1362,0.420643,0.539155,0.436387,0.420081,0.524375,0.434657,0.900004,0.899541,0.890483,0.913581,0.892848,0.946691,spectrum_fno48_floor6_smooth1_qc_peak4_fieldloss
run67_sparc_1401,sparc_1401,0.693067,0.740545,0.736136,0.641687,0.668984,0.693166,0.601839,0.767548,0.835045,0.947793,0.900860,0.962053,spectrum_fno48_floor6_smooth1_qc_peak4_fieldloss
run67_sparc_1403,sparc_1403,0.393884,0.940710,0.436511,0.391317,0.713346,0.431275,0.916956,0.938160,0.953962,0.884689,0.647118,0.900120,spectrum_fno48_floor6_smooth1_qc_peak4_fieldloss
run67_sparc_1404,sparc_1404,0.615597,0.929277,0.687701,0.536365,0.668968,0.544010,0.883353,0.899996,0.889207,0.981548,0.966742,0.976167,spectrum_fno48_floor6_smooth1_qc_peak4_fieldloss
run67_sparc_1410,sparc_1410,0.495472,0.676792,0.522402,0.488093,0.588994,0.508318,0.913766,0.913707,0.902333,0.885097,0.826576,0.933044,spectrum_fno48_floor6_smooth1_qc_peak4_fieldloss
run67_sparc_1412,sparc_1412,0.473438,0.577741,0.474874,0.472772,0.546075,0.473284,0.915831,0.917473,0.921305,0.879412,0.722601,0.877205,spectrum_fno48_floor6_smooth1_qc_peak4_fieldloss
run67_sparc_1417,sparc_1417,0.462726,0.560234,0.478467,0.462722,0.539253,0.477662,0.897270,0.899130,0.903378,0.906799,0.789773,0.950298,spectrum_fno48_floor6_smooth1_qc_peak4_fieldloss
run67_sparc_1419,sparc_1419,0.534940,0.704275,0.550797,0.529504,0.660328,0.543842,0.863234,0.879483,0.837093,0.884398,0.853344,0.954728,spectrum_fno48_floor6_smooth1_qc_peak4_fieldloss
run67_sparc_1427,sparc_1427,1.663185,1.764101,1.931001,0.924578,0.963571,0.934302,0.781464,0.697054,0.725357,0.938435,0.916364,0.971111,spectrum_fno48_floor6_smooth1_qc_peak4_fieldloss
run67_sparc_1500,sparc_1500,1.093965,0.939712,0.533838,0.880571,0.924827,0.497376,0.980935,0.987492,0.982856,0.955634,0.908295,0.985700,spectrum_fno48_floor6_smooth1_qc_peak4_fieldloss_geom
run67_sparc_1508,sparc_1508,1.279055,1.520672,1.129867,0.845468,0.872686,0.807970,0.921712,0.928677,0.935865,0.896025,0.773459,0.930403,spectrum_fno48_floor6_smooth1_qc_peak4_fieldloss_geom
run67_sparc_1509,sparc_1509,0.517281,0.651246,0.546072,0.516797,0.618298,0.543678,0.916790,0.915119,0.909526,0.917617,0.907837,0.950774,spectrum_fno48_floor6_smooth1_qc_peak4_fieldloss
run67_sparc_1510,sparc_1510,0.510966,0.624425,0.509048,0.506116,0.577394,0.504829,0.917971,0.920740,0.932442,0.845369,0.783283,0.868861,spectrum_fno48_floor6_smooth1_qc_peak4_fieldloss_geom
run67_sparc_1514,sparc_1514,0.475554,0.548891,0.480679,0.475554,0.531955,0.479381,0.924784,0.925665,0.935016,0.931045,0.815703,0.954921,spectrum_fno48_floor6_smooth1_qc_peak4_fieldloss
run67_sparc_1515,sparc_1515,0.464948,0.542486,0.475760,0.464345,0.530323,0.472299,0.924055,0.924218,0.935771,0.926994,0.790693,0.939188,spectrum_fno48_floor6_smooth1_qc_peak4_fieldloss
run67_sparc_1517,sparc_1517,0.463922,0.578907,0.482039,0.460461,0.570133,0.474280,0.916283,0.917852,0.943308,0.930438,0.789204,0.959690,spectrum_fno48_floor6_smooth1_qc_peak4_fieldloss
run67_sparc_1519,sparc_1519,0.538173,0.723775,0.593072,0.532302,0.675319,0.569954,0.874469,0.885582,0.849654,0.893141,0.885021,0.966415,spectrum_fno48_floor6_smooth1_qc_peak4_fieldloss
run67_sparc_1522,sparc_1522,0.553030,0.634669,0.622270,0.543792,0.601715,0.609399,0.912929,0.913630,0.898299,0.836786,0.806084,0.890385,spectrum_fno48_floor6_smooth1_qc_peak4_fieldloss
run67_sparc_1524,sparc_1524,0.748640,0.829541,0.754235,0.667621,0.755229,0.687589,0.898047,0.899508,0.872229,0.898434,0.888451,0.948060,spectrum_fno48_floor6_smooth1_qc_peak4_fieldloss
run67_sparc_1526,sparc_1526,0.734428,0.895546,0.733784,0.702867,0.813249,0.716795,0.878228,0.868934,0.866281,0.938723,0.837534,0.932595,spectrum_fno48_floor6_smooth1_qc_peak4_fieldloss_geom
run67_sparc_1530,sparc_1530,0.858640,0.713047,0.876898,0.749962,0.687786,0.715987,0.912504,0.898066,0.911809,0.971865,0.969743,0.971820,spectrum_fno48_floor6_smooth1_qc_peak4
run68_sparc_1305,sparc_1305,0.713832,0.842461,0.643550,0.686985,0.811259,0.597131,0.926579,0.931214,0.933675,0.958025,0.921613,0.966965,spectrum_fno48_floor6_smooth1_qc_peak4_fieldloss_geom
run68_sparc_1313,sparc_1313,0.429363,0.967160,0.548932,0.412167,0.965751,0.491120,0.916772,0.907262,0.956257,0.718474,0.252412,0.735741,spectrum_fno48_floor6_smooth1_qc_peak4_fieldloss
run68_sparc_1314,sparc_1314,0.468509,0.972819,0.533975,0.434161,0.970282,0.472010,0.914358,0.904473,0.951946,0.628115,0.252456,0.700042,spectrum_fno48_floor6_smooth1_qc_peak4_fieldloss
run68_sparc_1359,sparc_1359,0.776447,1.110163,1.004414,0.735968,0.997977,0.863591,0.744503,0.740112,0.848622,0.740567,0.281398,0.983270,spectrum_fno48_floor6_smooth1_qc_peak4_fieldloss
run68_sparc_1364,sparc_1364,1.404532,1.122584,1.281311,0.959311,0.967215,0.958964,0.724450,0.767849,0.709767,0.812982,0.620459,0.963874,spectrum_fno48_floor6_smooth1_qc_peak4
run68_sparc_1401,sparc_1401,0.658946,0.913492,0.779112,0.638665,0.767418,0.693844,0.930228,0.923785,0.938855,0.929620,0.870027,0.932836,spectrum_fno48_floor6_smooth1_qc_peak4_fieldloss
run68_sparc_1414,sparc_1414,0.588015,0.948352,0.535314,0.491669,0.945254,0.523934,0.914285,0.934574,0.958805,0.653182,0.252685,0.702721,spectrum_fno48_floor6_smooth1_qc_peak4_fieldloss_geom
run68_sparc_1418,sparc_1418,0.739519,0.940338,0.488007,0.652110,0.937704,0.467574,0.899158,0.926259,0.950876,0.418550,0.252341,0.884365,spectrum_fno48_floor6_smooth1_qc_peak4_fieldloss_geom
run68_sparc_1420,sparc_1420,0.439589,0.764286,0.437545,0.430177,0.699298,0.427444,0.916799,0.891572,0.918131,0.715170,0.214955,0.845147,spectrum_fno48_floor6_smooth1_qc_peak4_fieldloss_geom
run68_sparc_1426,sparc_1426,1.047036,1.032398,0.916129,0.718449,0.824951,0.699010,0.922681,0.917516,0.918612,0.983150,0.926182,0.985579,spectrum_fno48_floor6_smooth1_qc_peak4_fieldloss_geom
run68_sparc_1430,sparc_1430,1.256417,1.397130,1.205793,0.804438,0.819714,0.769445,0.768367,0.837569,0.880323,0.917849,0.849530,0.880774,spectrum_fno48_floor6_smooth1_qc_peak4_fieldloss_geom
run68_sparc_1506,sparc_1506,1.187560,0.942197,1.016904,0.818293,0.900876,0.778700,0.908413,0.873064,0.876151,0.958465,0.940555,0.982033,spectrum_fno48_floor6_smooth1_qc_peak4
run68_sparc_1508,sparc_1508,0.553264,0.931534,0.598277,0.515284,0.732900,0.560404,0.886659,0.905902,0.937651,0.806294,0.558793,0.866782,spectrum_fno48_floor6_smooth1_qc_peak4_fieldloss
run68_sparc_1517,sparc_1517,0.540410,0.938526,0.491917,0.511722,0.935390,0.456132,0.893340,0.929482,0.943225,0.561758,0.253417,0.833329,spectrum_fno48_floor6_smooth1_qc_peak4_fieldloss_geom
run69_sparc_1309,sparc_1309,0.753899,1.059212,0.876226,0.637381,0.777718,0.679206,0.722525,0.706648,0.469344,0.977910,0.964487,0.983679,spectrum_fno48_floor6_smooth1_qc_peak4_fieldloss
run69_sparc_1310,sparc_1310,0.545538,0.730130,0.611895,0.539253,0.653329,0.584073,0.884223,0.885904,0.862367,0.959467,0.816224,0.949885,spectrum_fno48_floor6_smooth1_qc_peak4_fieldloss
run69_sparc_1311,sparc_1311,0.543080,0.705609,0.591246,0.533522,0.629058,0.565071,0.891624,0.893835,0.876521,0.951159,0.739425,0.926543,spectrum_fno48_floor6_smooth1_qc_peak4_fieldloss
run69_sparc_1315,sparc_1315,0.556936,0.656446,0.558980,0.541496,0.597970,0.547489,0.905202,0.900430,0.922291,0.882911,0.727216,0.906328,spectrum_fno48_floor6_smooth1_qc_peak4_fieldloss
run69_sparc_1358,sparc_1358,0.542178,0.659597,0.562588,0.524590,0.620499,0.542455,0.897248,0.897233,0.872382,0.901697,0.915550,0.953048,spectrum_fno48_floor6_smooth1_qc_peak4_fieldloss
run69_sparc_1359,sparc_1359,0.542794,0.734240,0.554812,0.530997,0.648960,0.539479,0.894323,0.897012,0.896451,0.909372,0.851685,0.940765,spectrum_fno48_floor6_smooth1_qc_peak4_fieldloss
run69_sparc_1363,sparc_1363,0.518827,0.674749,0.525785,0.513602,0.641534,0.523131,0.882133,0.883141,0.852290,0.936160,0.875430,0.943828,spectrum_fno48_floor6_smooth1_qc_peak4_fieldloss
run69_sparc_1401,sparc_1401,0.581164,0.664787,0.575045,0.559324,0.546090,0.543401,0.950699,0.957228,0.938249,0.980105,0.978114,0.991738,spectrum_fno48_floor6_smooth1_qc_peak4_fieldloss_geom
run69_sparc_1404,sparc_1404,0.972220,1.332017,0.986506,0.770379,0.866705,0.781428,0.940136,0.935289,0.938825,0.911985,0.897138,0.933951,spectrum_fno48_floor6_smooth1_qc_peak4_fieldloss
run69_sparc_1411,sparc_1411,0.534366,0.697229,0.577892,0.525543,0.620916,0.555727,0.901076,0.907753,0.930798,0.942106,0.756045,0.889473,spectrum_fno48_floor6_smooth1_qc_peak4_fieldloss
run69_sparc_1416,sparc_1416,0.544678,0.725121,0.568928,0.534244,0.635635,0.544128,0.914210,0.911060,0.938352,0.933118,0.808194,0.905175,spectrum_fno48_floor6_smooth1_qc_peak4_fieldloss
run69_sparc_1420,sparc_1420,0.540375,0.913788,0.575505,0.540325,0.807141,0.572475,0.882414,0.891636,0.859963,0.852677,0.869892,0.916648,spectrum_fno48_floor6_smooth1_qc_peak4_fieldloss
run69_sparc_1422,sparc_1422,0.499056,0.765591,0.585371,0.473946,0.716936,0.538010,0.787556,0.890821,0.856248,0.916963,0.929393,0.963682,spectrum_fno48_floor6_smooth1_qc_peak4_fieldloss
run69_sparc_1425,sparc_1425,1.267401,1.087914,1.253798,0.846178,0.818648,0.849503,0.928670,0.917136,0.920502,0.878714,0.772345,0.917416,spectrum_fno48_floor6_smooth1_qc_peak4
run69_sparc_1441,sparc_1441,1.140477,1.260159,1.171922,0.822175,0.862009,0.829957,0.944398,0.947351,0.972834,0.836624,0.796049,0.816276,spectrum_fno48_floor6_smooth1_qc_peak4_fieldloss
run69_sparc_1507,sparc_1507,1.132630,1.107141,1.078704,0.838437,0.880318,0.880969,0.856905,0.838411,0.822496,0.976636,0.974206,0.981933,spectrum_fno48_floor6_smooth1_qc_peak4_fieldloss_geom
run69_sparc_1511,sparc_1511,0.517502,0.687930,0.535059,0.511242,0.623517,0.523494,0.914825,0.917523,0.955381,0.886410,0.840224,0.857305,spectrum_fno48_floor6_smooth1_qc_peak4_fieldloss
run69_sparc_1516,sparc_1516,0.536839,0.722330,0.549863,0.526858,0.636095,0.531308,0.899289,0.903084,0.926830,0.921017,0.855544,0.935725,spectrum_fno48_floor6_smooth1_qc_peak4_fieldloss
run69_sparc_1525,sparc_1525,1.163784,1.164966,1.271084,0.823014,0.813380,0.842210,0.926829,0.913109,0.913736,0.826346,0.731629,0.925143,spectrum_fno48_floor6_smooth1_qc_peak4_fieldloss
run69_sparc_1530,sparc_1530,0.963507,0.967984,0.969479,0.772489,0.756295,0.745440,0.908037,0.928420,0.912741,0.973406,0.945787,0.987488,spectrum_fno48_floor6_smooth1_qc_peak4_fieldloss
run6_sparc_1307,sparc_1307,0.690293,0.798892,0.695402,0.665228,0.753733,0.672169,0.871660,0.846151,0.815175,0.863056,0.915403,0.894222,spectrum_fno48_floor6_smooth1_qc_peak4_fieldloss
run6_sparc_1313,sparc_1313,0.527215,0.659939,0.581051,0.524895,0.630529,0.565334,0.922937,0.928615,0.959227,0.903884,0.858565,0.910700,spectrum_fno48_floor6_smooth1_qc_peak4_fieldloss
run6_sparc_1317,sparc_1317,0.602527,0.637176,0.595782,0.562790,0.552383,0.527864,0.933144,0.932520,0.940130,0.919369,0.746577,0.912076,spectrum_fno48_floor6_smooth1_qc_peak4_fieldloss_geom
run6_sparc_1351,sparc_1351,0.576799,0.682613,0.595488,0.574232,0.660732,0.586230,0.917922,0.920897,0.899247,0.930004,0.874632,0.943167,spectrum_fno48_floor6_smooth1_qc_peak4_fieldloss
run6_sparc_1354,sparc_1354,0.713216,0.771681,0.682394,0.692749,0.754825,0.664473,0.884220,0.877956,0.872012,0.910257,0.916039,0.943869,spectrum_fno48_floor6_smooth1_qc_peak4_fieldloss_geom
run6_sparc_1358,sparc_1358,0.602732,0.708464,0.728099,0.584286,0.670170,0.692285,0.911491,0.914815,0.893760,0.881865,0.880875,0.880451,spectrum_fno48_floor6_smooth1_qc_peak4_fieldloss
run6_sparc_1360,sparc_1360,0.580815,0.730363,0.613248,0.561381,0.649153,0.575464,0.909870,0.915175,0.902195,0.915604,0.784289,0.898931,spectrum_fno48_floor6_smooth1_qc_peak4_fieldloss
run6_sparc_1364,sparc_1364,0.751439,0.797786,0.720776,0.699939,0.770021,0.688331,0.893275,0.893991,0.892383,0.920053,0.896916,0.936415,spectrum_fno48_floor6_smooth1_qc_peak4_fieldloss_geom
run6_sparc_1401,sparc_1401,0.809989,0.851461,0.746879,0.778123,0.819961,0.746871,0.919107,0.935795,0.928292,0.987453,0.985171,0.984120,spectrum_fno48_floor6_smooth1_qc_peak4_fieldloss_geom
run6_sparc_1402,sparc_1402,0.610624,0.679413,0.502654,0.608377,0.671640,0.502446,0.945862,0.953599,0.958454,0.936212,0.932893,0.889796,spectrum_fno48_floor6_smooth1_qc_peak4_fieldloss_geom
run6_sparc_1419,sparc_1419,0.575658,0.741749,0.580346,0.553062,0.697684,0.562442,0.874596,0.872828,0.858914,0.941659,0.958797,0.969785,spectrum_fno48_floor6_smooth1_qc_peak4_fieldloss
run6_sparc_1423,sparc_1423,0.728441,0.705236,0.726543,0.674371,0.670149,0.694718,0.882921,0.905352,0.894586,0.941807,0.897912,0.941611,spectrum_fno48_floor6_smooth1_qc_peak4
run6_sparc_1428,sparc_1428,0.709351,0.718328,0.715085,0.705077,0.713847,0.709769,0.910556,0.879389,0.894023,0.972123,0.966726,0.975054,spectrum_fno48_floor6_smooth1_qc_peak4_fieldloss
run6_sparc_1430,sparc_1430,0.994518,0.935922,1.041102,0.906475,0.891588,0.935468,0.757521,0.828963,0.853995,0.987488,0.986039,0.986321,spectrum_fno48_floor6_smooth1_qc_peak4
run6_sparc_1503,sparc_1503,0.602375,0.674449,0.597819,0.594921,0.652682,0.574538,0.930729,0.938344,0.941622,0.937578,0.907311,0.950923,spectrum_fno48_floor6_smooth1_qc_peak4_fieldloss_geom
run6_sparc_1509,sparc_1509,0.691556,0.798286,0.712745,0.687360,0.768741,0.709855,0.893385,0.905453,0.892076,0.910870,0.836435,0.916738,spectrum_fno48_floor6_smooth1_qc_peak4_fieldloss
run6_sparc_1527,sparc_1527,0.647561,0.655064,0.661003,0.640851,0.650649,0.655451,0.918044,0.925838,0.915664,0.912310,0.920183,0.927146,spectrum_fno48_floor6_smooth1_qc_peak4_fieldloss
run6_sparc_1528,sparc_1528,0.916802,0.941255,0.938450,0.745081,0.758581,0.762460,0.892956,0.866656,0.873088,0.957699,0.941631,0.971681,spectrum_fno48_floor6_smooth1_qc_peak4_fieldloss
run70_sparc_1301,sparc_1301,0.578139,0.693591,0.574965,0.553449,0.666555,0.564396,0.726049,0.727559,0.732033,0.896057,0.929364,0.952816,spectrum_fno48_floor6_smooth1_qc_peak4_fieldloss_geom
run70_sparc_1307,sparc_1307,0.848096,0.908905,0.837519,0.723777,0.756206,0.708807,0.910460,0.909338,0.923657,0.964518,0.937788,0.990045,spectrum_fno48_floor6_smooth1_qc_peak4_fieldloss_geom
run70_sparc_1309,sparc_1309,0.546639,0.798287,0.616829,0.546571,0.776596,0.601188,0.865045,0.816290,0.775353,0.963212,0.928991,0.988317,spectrum_fno48_floor6_smooth1_qc_peak4_fieldloss
run70_sparc_1354,sparc_1354,0.500623,0.661561,0.516863,0.499875,0.652445,0.514664,0.871266,0.869373,0.863961,0.889434,0.863817,0.933892,spectrum_fno48_floor6_smooth1_qc_peak4_fieldloss
run70_sparc_1359,sparc_1359,0.439527,0.545066,0.441631,0.435257,0.529669,0.438740,0.907189,0.910562,0.913496,0.911125,0.767297,0.968190,spectrum_fno48_floor6_smooth1_qc_peak4_fieldloss
run70_sparc_1365,sparc_1365,0.460773,0.566855,0.468042,0.458853,0.550700,0.463273,0.899863,0.897862,0.891835,0.865438,0.740273,0.957742,spectrum_fno48_floor6_smooth1_qc_peak4_fieldloss
run70_sparc_1400,sparc_1400,1.436227,1.094707,1.665117,0.999181,0.999819,0.996953,0.980840,0.989771,0.984807,0.943679,0.713629,0.983612,spectrum_fno48_floor6_smooth1_qc_peak4
run70_sparc_1405,sparc_1405,1.562688,1.409668,1.809725,0.938782,0.958000,0.950553,0.882745,0.880890,0.894903,0.956291,0.856424,0.948680,spectrum_fno48_floor6_smooth1_qc_peak4
run70_sparc_1409,sparc_1409,0.518270,0.847671,0.537787,0.518202,0.799917,0.527569,0.855672,0.822939,0.861828,0.945488,0.912853,0.983712,spectrum_fno48_floor6_smooth1_qc_peak4_fieldloss
run70_sparc_1413,sparc_1413,0.519315,0.675990,0.534368,0.514356,0.620721,0.527590,0.934150,0.931646,0.956922,0.882063,0.716743,0.924700,spectrum_fno48_floor6_smooth1_qc_peak4_fieldloss
run70_sparc_1420,sparc_1420,0.487104,0.622647,0.510611,0.479943,0.598854,0.500834,0.914611,0.918949,0.905103,0.930600,0.803755,0.908945,spectrum_fno48_floor6_smooth1_qc_peak4_fieldloss
run70_sparc_1441,sparc_1441,1.154303,1.417551,1.271791,0.845412,0.942180,0.884090,0.889438,0.902238,0.961834,0.839436,0.456034,0.925392,spectrum_fno48_floor6_smooth1_qc_peak4_fieldloss
run70_sparc_1506,sparc_1506,1.082952,1.345719,1.666246,0.830897,0.915177,0.900268,0.897553,0.921347,0.927420,0.927108,0.746431,0.899701,spectrum_fno48_floor6_smooth1_qc_peak4_fieldloss
run70_sparc_1509,sparc_1509,0.580963,0.797515,0.603937,0.578721,0.786287,0.596930,0.881898,0.849985,0.885385,0.937536,0.909541,0.972714,spectrum_fno48_floor6_smooth1_qc_peak4_fieldloss
run70_sparc_1511,sparc_1511,0.534879,0.678754,0.509918,0.524578,0.648444,0.508221,0.929834,0.928183,0.952174,0.908084,0.738752,0.926055,spectrum_fno48_floor6_smooth1_qc_peak4_fieldloss_geom
run70_sparc_1512,sparc_1512,0.535322,0.677803,0.515847,0.534412,0.647618,0.515790,0.922061,0.919650,0.933537,0.898664,0.730424,0.935038,spectrum_fno48_floor6_smooth1_qc_peak4_fieldloss_geom
run70_sparc_1513,sparc_1513,0.552012,0.657125,0.560819,0.531190,0.639446,0.542464,0.923974,0.921393,0.923350,0.813116,0.736126,0.937539,spectrum_fno48_floor6_smooth1_qc_peak4_fieldloss
run70_sparc_1516,sparc_1516,0.538347,0.607221,0.531729,0.505858,0.582121,0.509925,0.929451,0.928542,0.931577,0.875574,0.667949,0.945005,spectrum_fno48_floor6_smooth1_qc_peak4_fieldloss_geom
run70_sparc_1517,sparc_1517,0.554537,0.595274,0.569772,0.513924,0.575191,0.521397,0.924837,0.926023,0.932243,0.847127,0.640532,0.945919,spectrum_fno48_floor6_smooth1_qc_peak4_fieldloss
run71_sparc_1300,sparc_1300,0.452260,0.520185,0.374990,0.438202,0.519439,0.373617,0.940595,0.959020,0.972687,0.975937,0.965541,0.955567,spectrum_fno48_floor6_smooth1_qc_peak4_fieldloss_geom
run71_sparc_1303,sparc_1303,0.744852,0.794156,0.843488,0.719292,0.748562,0.722021,0.907966,0.916100,0.930919,0.968078,0.958801,0.967726,spectrum_fno48_floor6_smooth1_qc_peak4_fieldloss
run71_sparc_1305,sparc_1305,0.956254,1.059266,1.002491,0.726885,0.761368,0.758808,0.912445,0.915292,0.920099,0.831208,0.738747,0.857015,spectrum_fno48_floor6_smooth1_qc_peak4_fieldloss
run71_sparc_1306,sparc_1306,0.821853,1.048757,0.847811,0.768585,0.819156,0.784970,0.920991,0.919451,0.916564,0.908558,0.880159,0.898115,spectrum_fno48_floor6_smooth1_qc_peak4_fieldloss
run71_sparc_1310,sparc_1310,0.592619,0.626414,0.638310,0.584526,0.626414,0.625401,0.865030,0.901694,0.889624,0.883284,0.574222,0.912079,spectrum_fno48_floor6_smooth1_qc_peak4_fieldloss
run71_sparc_1311,sparc_1311,0.624413,0.637776,0.643242,0.598582,0.631693,0.629799,0.887033,0.899038,0.877772,0.891807,0.539873,0.920941,spectrum_fno48_floor6_smooth1_qc_peak4_fieldloss
run71_sparc_1313,sparc_1313,0.632667,0.751234,0.627201,0.622049,0.709520,0.620361,0.916981,0.907272,0.950235,0.878403,0.777694,0.907103,spectrum_fno48_floor6_smooth1_qc_peak4_fieldloss_geom
run71_sparc_1318,sparc_1318,0.671830,0.810999,0.687862,0.641437,0.723217,0.648847,0.897916,0.895630,0.934007,0.921519,0.619821,0.894267,spectrum_fno48_floor6_smooth1_qc_peak4_fieldloss
run71_sparc_1352,sparc_1352,0.611302,0.765156,0.629134,0.599900,0.687595,0.587984,0.889650,0.885302,0.879553,0.898553,0.793797,0.897522,spectrum_fno48_floor6_smooth1_qc_peak4_fieldloss
run71_sparc_1357,sparc_1357,0.624533,1.001613,0.615068,0.576515,0.754531,0.575649,0.876295,0.865660,0.912115,0.870215,0.877982,0.893643,spectrum_fno48_floor6_smooth1_qc_peak4_fieldloss_geom
run71_sparc_1364,sparc_1364,0.566638,0.651097,0.581859,0.566542,0.646962,0.580233,0.871149,0.878283,0.846581,0.893738,0.669979,0.912355,spectrum_fno48_floor6_smooth1_qc_peak4_fieldloss
run71_sparc_1421,sparc_1421,0.614351,0.711541,0.628401,0.608570,0.711365,0.616439,0.889585,0.831797,0.864568,0.876686,0.684889,0.964560,spectrum_fno48_floor6_smooth1_qc_peak4_fieldloss
run71_sparc_1424,sparc_1424,0.787502,0.880770,0.932241,0.701431,0.773591,0.822002,0.937196,0.947371,0.924872,0.880490,0.852789,0.898769,spectrum_fno48_floor6_smooth1_qc_peak4_fieldloss
run71_sparc_1429,sparc_1429,0.743900,0.941901,0.929274,0.615220,0.682061,0.657831,0.837572,0.901863,0.883137,0.980788,0.963429,0.978202,spectrum_fno48_floor6_smooth1_qc_peak4_fieldloss
run71_sparc_1504,sparc_1504,0.798189,1.067067,0.908266,0.695084,0.801409,0.761735,0.926867,0.932254,0.937811,0.864705,0.894779,0.912966,spectrum_fno48_floor6_smooth1_qc_peak4_fieldloss
run71_sparc_1505,sparc_1505,0.888773,0.990794,0.955172,0.737139,0.795619,0.786228,0.906274,0.911589,0.916619,0.847305,0.845908,0.849059,spectrum_fno48_floor6_smooth1_qc_peak4_fieldloss
run71_sparc_1512,sparc_1512,0.620926,0.628948,0.640637,0.590649,0.628792,0.595751,0.901614,0.890530,0.926939,0.848856,0.601866,0.903113,spectrum_fno48_floor6_smooth1_qc_peak4_fieldloss
run71_sparc_1514,sparc_1514,0.582315,0.660375,0.629753,0.580348,0.659528,0.626379,0.902362,0.900780,0.902521,0.842706,0.610231,0.887141,spectrum_fno48_floor6_smooth1_qc_peak4_fieldloss
run71_sparc_1515,sparc_1515,0.686095,0.727169,0.703967,0.635003,0.712076,0.701963,0.886161,0.869594,0.825846,0.904980,0.567724,0.969796,spectrum_fno48_floor6_smooth1_qc_peak4_fieldloss
run71_sparc_1527,sparc_1527,0.647124,0.807992,0.728093,0.583665,0.669501,0.640911,0.930682,0.940363,0.939535,0.824954,0.662273,0.853808,spectrum_fno48_floor6_smooth1_qc_peak4_fieldloss
run72_sparc_1301,sparc_1301,0.848799,0.878043,0.715850,0.812675,0.824430,0.680678,0.889670,0.889052,0.880231,0.978333,0.981784,0.985467,spectrum_fno48_floor6_smooth1_qc_peak4_fieldloss_geom
run72_sparc_1302,sparc_1302,0.768450,0.762128,0.747995,0.766077,0.762061,0.741024,0.883510,0.868395,0.875903,0.968148,0.948999,0.971332,spectrum_fno48_floor6_smooth1_qc_peak4_fieldloss_geom
run72_sparc_1315,sparc_1315,0.540796,0.574867,0.551888,0.525041,0.565166,0.535508,0.905920,0.912756,0.917479,0.948650,0.864351,0.936660,spectrum_fno48_floor6_smooth1_qc_peak4_fieldloss
run72_sparc_1352,sparc_1352,0.595325,0.641546,0.609764,0.561648,0.576299,0.569483,0.920369,0.921248,0.916094,0.856053,0.732815,0.910192,spectrum_fno48_floor6_smooth1_qc_peak4_fieldloss
run72_sparc_1353,sparc_1353,0.505900,0.684305,0.537178,0.492018,0.602368,0.505474,0.915789,0.917060,0.888170,0.909735,0.936393,0.967732,spectrum_fno48_floor6_smooth1_qc_peak4_fieldloss
run72_sparc_1354,sparc_1354,0.698829,0.708043,0.644395,0.688922,0.672976,0.633207,0.875688,0.882315,0.888595,0.890596,0.890992,0.908715,spectrum_fno48_floor6_smooth1_qc_peak4_fieldloss_geom
run72_sparc_1363,sparc_1363,0.586501,0.783417,0.640334,0.573991,0.700095,0.603757,0.914765,0.917086,0.907120,0.879872,0.911878,0.943023,spectrum_fno48_floor6_smooth1_qc_peak4_fieldloss
run72_sparc_1401,sparc_1401,0.955916,0.881117,0.768442,0.869508,0.847599,0.701571,0.844569,0.886648,0.891619,0.981377,0.981908,0.960825,spectrum_fno48_floor6_smooth1_qc_peak4_fieldloss_geom
run72_sparc_1420,sparc_1420,0.608678,0.531737,0.630397,0.574236,0.530707,0.586219,0.901820,0.912460,0.908112,0.834949,0.820456,0.871562,spectrum_fno48_floor6_smooth1_qc_peak4
run72_sparc_1421,sparc_1421,0.593934,0.652768,0.573668,0.584229,0.616776,0.570823,0.921871,0.919117,0.909291,0.812153,0.915467,0.916338,spectrum_fno48_floor6_smooth1_qc_peak4_fieldloss_geom
run72_sparc_1422,sparc_1422,0.722474,0.785648,0.819833,0.687045,0.747721,0.768405,0.902538,0.908483,0.903821,0.929854,0.908811,0.918403,spectrum_fno48_floor6_smooth1_qc_peak4_fieldloss
run72_sparc_1504,sparc_1504,0.646321,0.610334,0.603995,0.588279,0.595959,0.594788,0.920649,0.923116,0.916809,0.907429,0.898340,0.915548,spectrum_fno48_floor6_smooth1_qc_peak4_fieldloss_geom
run72_sparc_1506,sparc_1506,0.538427,0.594228,0.535119,0.526830,0.556894,0.527431,0.933063,0.937018,0.938049,0.893812,0.863249,0.913717,spectrum_fno48_floor6_smooth1_qc_peak4_fieldloss_geom
run72_sparc_1509,sparc_1509,0.617023,0.688223,0.629267,0.589362,0.668744,0.596780,0.926590,0.929652,0.917676,0.853398,0.826738,0.904037,spectrum_fno48_floor6_smooth1_qc_peak4_fieldloss
run72_sparc_1519,sparc_1519,0.490107,0.500218,0.515866,0.488299,0.500201,0.505278,0.883246,0.895790,0.876668,0.897716,0.845362,0.889786,spectrum_fno48_floor6_smooth1_qc_peak4_fieldloss
run72_sparc_1521,sparc_1521,0.589010,0.692508,0.610349,0.580162,0.656429,0.604572,0.920764,0.916334,0.899533,0.890522,0.930033,0.935529,spectrum_fno48_floor6_smooth1_qc_peak4_fieldloss
run72_sparc_1525,sparc_1525,0.609388,0.673088,0.626126,0.598668,0.665027,0.620189,0.910955,0.901692,0.905603,0.943197,0.924405,0.961305,spectrum_fno48_floor6_smooth1_qc_peak4_fieldloss
run72_sparc_1527,sparc_1527,0.550752,0.585537,0.571089,0.549003,0.582531,0.565233,0.924629,0.930446,0.924389,0.938851,0.898433,0.925958,spectrum_fno48_floor6_smooth1_qc_peak4_fieldloss
run73_sparc_1304,sparc_1304,1.220336,1.544910,1.060435,0.684458,0.762427,0.682619,0.934682,0.941301,0.941162,0.952070,0.846515,0.935996,spectrum_fno48_floor6_smooth1_qc_peak4_fieldloss_geom
run73_sparc_1313,sparc_1313,0.704822,0.613127,0.671961,0.663930,0.608072,0.647758,0.893828,0.923200,0.954896,0.725547,0.404259,0.724290,spectrum_fno48_floor6_smooth1_qc_peak4
run73_sparc_1405,sparc_1405,0.702000,0.783276,0.676755,0.629394,0.664835,0.676740,0.926876,0.927852,0.894665,0.919838,0.844175,0.962421,spectrum_fno48_floor6_smooth1_qc_peak4_fieldloss_geom
run73_sparc_1417,sparc_1417,0.626460,0.615746,0.596090,0.626405,0.595037,0.588123,0.900087,0.882216,0.920871,0.821860,0.572375,0.836980,spectrum_fno48_floor6_smooth1_qc_peak4_fieldloss_geom
run73_sparc_1418,sparc_1418,0.708215,0.674117,0.684176,0.704398,0.672749,0.681498,0.909288,0.905763,0.916216,0.798229,0.607682,0.835736,spectrum_fno48_floor6_smooth1_qc_peak4
run73_sparc_1420,sparc_1420,0.791656,0.645847,1.072157,0.623281,0.630512,0.701652,0.912473,0.907517,0.917282,0.941873,0.474547,0.964389,spectrum_fno48_floor6_smooth1_qc_peak4
run73_sparc_1423,sparc_1423,0.700152,0.637966,0.740094,0.681899,0.637916,0.734757,0.906552,0.898945,0.936306,0.825327,0.523998,0.912790,spectrum_fno48_floor6_smooth1_qc_peak4
run73_sparc_1429,sparc_1429,1.290418,1.322145,1.383828,0.801749,0.847083,0.836165,0.908739,0.912151,0.896565,0.969241,0.933850,0.985406,spectrum_fno48_floor6_smooth1_qc_peak4_fieldloss
run73_sparc_1500,sparc_1500,0.366667,0.376695,0.349269,0.363097,0.374870,0.334290,0.974450,0.987541,0.987975,0.795871,0.746229,0.886406,spectrum_fno48_floor6_smooth1_qc_peak4_fieldloss_geom
run73_sparc_1511,sparc_1511,0.603663,0.683515,0.559162,0.569996,0.585359,0.536225,0.906038,0.925938,0.944775,0.731706,0.587267,0.827102,spectrum_fno48_floor6_smooth1_qc_peak4_fieldloss_geom
run73_sparc_1516,sparc_1516,0.672298,0.612578,0.595175,0.636953,0.603949,0.594586,0.892160,0.880462,0.909992,0.818117,0.637815,0.761791,spectrum_fno48_floor6_smooth1_qc_peak4_fieldloss_geom
run73_sparc_1522,sparc_1522,0.539854,0.510690,0.530130,0.516428,0.485755,0.530016,0.762964,0.845052,0.795408,0.960123,0.783609,0.953726,spectrum_fno48_floor6_smooth1_qc_peak4
run73_sparc_1523,sparc_1523,0.622875,0.587200,0.666514,0.583841,0.551411,0.577018,0.882936,0.888827,0.897565,0.893065,0.459987,0.865145,spectrum_fno48_floor6_smooth1_qc_peak4
run73_sparc_1524,sparc_1524,0.777820,0.913103,0.965190,0.667956,0.653038,0.725077,0.853213,0.861104,0.846020,0.797989,0.622060,0.971674,spectrum_fno48_floor6_smooth1_qc_peak4_fieldloss
run73_sparc_1525,sparc_1525,0.679166,0.905045,0.722081,0.664324,0.688785,0.669089,0.955555,0.953819,0.956879,0.878967,0.711610,0.950593,spectrum_fno48_floor6_smooth1_qc_peak4_fieldloss
run73_sparc_1530,sparc_1530,0.682804,1.017544,0.630750,0.625233,0.786063,0.611035,0.906902,0.899520,0.871713,0.935063,0.946833,0.969400,spectrum_fno48_floor6_smooth1_qc_peak4_fieldloss_geom
run74_sparc_1301,sparc_1301,0.656295,0.804568,0.837351,0.649042,0.701873,0.693600,0.741526,0.741325,0.725680,0.944035,0.952338,0.966018,spectrum_fno48_floor6_smooth1_qc_peak4_fieldloss
run74_sparc_1303,sparc_1303,1.680559,2.279593,2.090029,0.934254,0.962643,0.940237,0.853763,0.834185,0.833357,0.874116,0.864329,0.970040,spectrum_fno48_floor6_smooth1_qc_peak4_fieldloss
run74_sparc_1305,sparc_1305,1.425873,1.332463,1.724284,0.917106,0.948401,0.924393,0.854339,0.816767,0.748607,0.913924,0.718889,0.959005,spectrum_fno48_floor6_smooth1_qc_peak4
run74_sparc_1309,sparc_1309,1.022888,1.065019,1.013646,0.937353,0.983558,0.965238,0.399006,0.142306,0.297067,0.907618,0.862077,0.980061,spectrum_fno48_floor6_smooth1_qc_peak4_fieldloss_geom
run74_sparc_1310,sparc_1310,0.621022,0.876285,0.731655,0.621022,0.822629,0.668711,0.012726,0.312871,0.597155,0.930106,0.885442,0.979548,spectrum_fno48_floor6_smooth1_qc_peak4_fieldloss
run74_sparc_1350,sparc_1350,0.687595,0.648102,0.579494,0.615681,0.648098,0.579424,0.729533,0.904108,0.949003,0.589670,0.315300,0.829947,spectrum_fno48_floor6_smooth1_qc_peak4_fieldloss_geom
run74_sparc_1351,sparc_1351,0.677886,0.648707,0.612705,0.608510,0.648105,0.611444,0.652279,0.873961,0.923257,0.607350,0.314832,0.877084,spectrum_fno48_floor6_smooth1_qc_peak4_fieldloss_geom
run74_sparc_1400,sparc_1400,0.345012,0.412219,0.281980,0.336123,0.360608,0.280629,0.983937,0.987251,0.982073,0.915383,0.645601,0.809108,spectrum_fno48_floor6_smooth1_qc_peak4_fieldloss_geom
run74_sparc_1407,sparc_1407,1.326536,1.362776,1.368958,0.884720,0.921794,0.898931,0.915381,0.910480,0.919464,0.890521,0.455136,0.952410,spectrum_fno48_floor6_smooth1_qc_peak4_fieldloss
run74_sparc_1409,sparc_1409,0.995727,1.032478,0.944745,0.786238,0.954158,0.905207,0.772046,0.485127,0.481101,0.732063,0.701495,0.986678,spectrum_fno48_floor6_smooth1_qc_peak4_fieldloss_geom
run74_sparc_1411,sparc_1411,0.986179,0.952852,0.703338,0.780744,0.884335,0.701473,0.190408,0.884814,0.919774,0.981811,0.932246,0.975671,spectrum_fno48_floor6_smooth1_qc_peak4_fieldloss_geom
run74_sparc_1422,sparc_1422,0.642722,0.732139,0.622562,0.595855,0.661316,0.604018,0.904550,0.904173,0.890256,0.898429,0.870654,0.935765,spectrum_fno48_floor6_smooth1_qc_peak4_fieldloss_geom
run74_sparc_1424,sparc_1424,1.894052,1.326529,1.939950,0.943445,0.959384,0.932833,0.846725,0.832112,0.865064,0.766997,0.587832,0.923878,spectrum_fno48_floor6_smooth1_qc_peak4
run74_sparc_1502,sparc_1502,0.590483,0.638510,0.577519,0.582324,0.636583,0.575390,0.930021,0.937625,0.957759,0.692648,0.785228,0.891214,spectrum_fno48_floor6_smooth1_qc_peak4_fieldloss_geom
run74_sparc_1503,sparc_1503,1.477058,1.853727,1.384661,0.852474,0.885668,0.809665,0.881884,0.916959,0.918872,0.709148,0.805922,0.950329,spectrum_fno48_floor6_smooth1_qc_peak4_fieldloss_geom
run74_sparc_1508,sparc_1508,0.957495,1.402390,0.908753,0.782604,0.900251,0.762076,0.918793,0.924425,0.935056,0.893856,0.783138,0.944185,spectrum_fno48_floor6_smooth1_qc_peak4_fieldloss_geom
run74_sparc_1512,sparc_1512,1.169773,0.930023,0.545324,0.813204,0.833000,0.538902,0.340103,0.822884,0.894611,0.981385,0.956174,0.990059,spectrum_fno48_floor6_smooth1_qc_peak4_fieldloss_geom
run74_sparc_1516,sparc_1516,0.550105,0.668689,0.516063,0.545157,0.659851,0.510773,0.841801,0.924710,0.932733,0.925527,0.848529,0.923948,spectrum_fno48_floor6_smooth1_qc_peak4_fieldloss_geom
run74_sparc_1521,sparc_1521,0.568941,0.717782,0.588013,0.561807,0.668147,0.580637,0.903375,0.912473,0.899002,0.853073,0.873660,0.865268,spectrum_fno48_floor6_smooth1_qc_peak4_fieldloss
run74_sparc_1522,sparc_1522,0.648188,0.829510,0.822136,0.618325,0.739819,0.714497,0.894571,0.885412,0.886673,0.860172,0.907414,0.939201,spectrum_fno48_floor6_smooth1_qc_peak4_fieldloss
run74_sparc_1527,sparc_1527,1.326001,1.566117,1.413837,0.829634,0.903505,0.834109,0.785277,0.830300,0.840451,0.941034,0.824672,0.981390,spectrum_fno48_floor6_smooth1_qc_peak4_fieldloss
run74_sparc_1593,sparc_1593,1.792049,1.987843,1.601017,0.912201,0.940304,0.890646,0.858633,0.876142,0.874416,0.839053,0.847825,0.959909,spectrum_fno48_floor6_smooth1_qc_peak4_fieldloss_geom
run75_sparc_1303,sparc_1303,0.575168,0.795419,0.550815,0.562896,0.654479,0.542378,0.907803,0.926915,0.942400,0.970254,0.942444,0.964264,spectrum_fno48_floor6_smooth1_qc_peak4_fieldloss_geom
run75_sparc_1307,sparc_1307,0.647774,0.771714,0.668518,0.627800,0.662683,0.612583,0.903383,0.910726,0.897997,0.953161,0.925780,0.960826,spectrum_fno48_floor6_smooth1_qc_peak4_fieldloss
run75_sparc_1350,sparc_1350,0.624562,0.694027,0.583853,0.622835,0.687120,0.578007,0.921796,0.930231,0.961181,0.934500,0.782410,0.975464,spectrum_fno48_floor6_smooth1_qc_peak4_fieldloss_geom
run75_sparc_1352,sparc_1352,0.774815,0.885458,0.850935,0.738500,0.773991,0.756770,0.944179,0.947125,0.935121,0.955992,0.892361,0.971135,spectrum_fno48_floor6_smooth1_qc_peak4_fieldloss
run75_sparc_1353,sparc_1353,0.618669,0.687381,0.640652,0.618633,0.680233,0.631880,0.897839,0.893860,0.915031,0.972536,0.929914,0.977947,spectrum_fno48_floor6_smooth1_qc_peak4_fieldloss
run75_sparc_1354,sparc_1354,0.606801,0.683192,0.645991,0.572278,0.627290,0.594453,0.908446,0.902722,0.860723,0.900832,0.803716,0.914484,spectrum_fno48_floor6_smooth1_qc_peak4_fieldloss
run75_sparc_1400,sparc_1400,0.515860,0.526159,0.476028,0.513704,0.525943,0.468071,0.968277,0.982887,0.980121,0.728591,0.654397,0.872014,spectrum_fno48_floor6_smooth1_qc_peak4_fieldloss_geom
run75_sparc_1403,sparc_1403,0.608975,0.917384,0.593721,0.575232,0.672591,0.553836,0.923871,0.939700,0.959027,0.958492,0.905365,0.952804,spectrum_fno48_floor6_smooth1_qc_peak4_fieldloss_geom
run75_sparc_1410,sparc_1410,0.931460,0.974968,1.016998,0.803189,0.815784,0.822630,0.934972,0.936340,0.924785,0.976148,0.883981,0.975144,spectrum_fno48_floor6_smooth1_qc_peak4_fieldloss
run75_sparc_1412,sparc_1412,0.682913,0.755728,0.686298,0.638861,0.689870,0.647063,0.947064,0.950230,0.957748,0.896665,0.628705,0.909258,spectrum_fno48_floor6_smooth1_qc_peak4_fieldloss
run75_sparc_1414,sparc_1414,1.118107,1.139926,1.197321,0.830633,0.855185,0.841058,0.900667,0.914711,0.919283,0.968068,0.932184,0.967727,spectrum_fno48_floor6_smooth1_qc_peak4_fieldloss
run75_sparc_1427,sparc_1427,0.987643,1.291246,1.050565,0.693223,0.812855,0.713946,0.916089,0.909041,0.864159,0.969013,0.890799,0.976913,spectrum_fno48_floor6_smooth1_qc_peak4_fieldloss
run75_sparc_1503,sparc_1503,0.892861,1.286432,0.950138,0.673545,0.777973,0.666440,0.914485,0.915724,0.928735,0.887744,0.827239,0.945430,spectrum_fno48_floor6_smooth1_qc_peak4_fieldloss
run75_sparc_1507,sparc_1507,0.843246,0.995032,0.846244,0.683519,0.758946,0.654765,0.935749,0.942035,0.944817,0.936778,0.768711,0.932392,spectrum_fno48_floor6_smooth1_qc_peak4_fieldloss
run75_sparc_1522,sparc_1522,0.622243,0.904898,0.699431,0.621135,0.720492,0.661218,0.916038,0.911775,0.909787,0.891558,0.813911,0.890093,spectrum_fno48_floor6_smooth1_qc_peak4_fieldloss
run75_sparc_1527,sparc_1527,0.700852,1.062472,0.893406,0.652848,0.787137,0.765017,0.918913,0.908318,0.742611,0.887193,0.710736,0.974419,spectrum_fno48_floor6_smooth1_qc_peak4_fieldloss
run76_sparc_1305,sparc_1305,0.470054,0.551757,0.474605,0.468709,0.549679,0.474346,0.918175,0.918367,0.907148,0.915929,0.854947,0.920292,spectrum_fno48_floor6_smooth1_qc_peak4_fieldloss
run76_sparc_1306,sparc_1306,0.898111,0.973618,0.883540,0.863753,0.882533,0.856616,0.870486,0.877301,0.868637,0.961424,0.887511,0.941368,spectrum_fno48_floor6_smooth1_qc_peak4_fieldloss_geom
run76_sparc_1307,sparc_1307,0.749496,0.797371,0.745316,0.737634,0.797046,0.732785,0.883127,0.889517,0.870498,0.935198,0.933933,0.950674,spectrum_fno48_floor6_smooth1_qc_peak4_fieldloss_geom
run76_sparc_1314,sparc_1314,0.554232,0.555374,0.560700,0.551441,0.555039,0.559844,0.932489,0.933586,0.962594,0.852373,0.853682,0.911047,spectrum_fno48_floor6_smooth1_qc_peak4_fieldloss
run76_sparc_1316,sparc_1316,0.529390,0.527971,0.531075,0.526767,0.521737,0.528202,0.922571,0.925884,0.918159,0.907378,0.726971,0.865238,spectrum_fno48_floor6_smooth1_qc_peak4
run76_sparc_1365,sparc_1365,0.516249,0.599434,0.533373,0.509776,0.576412,0.518594,0.909687,0.913801,0.900543,0.939313,0.780508,0.841157,spectrum_fno48_floor6_smooth1_qc_peak4_fieldloss
run76_sparc_1406,sparc_1406,0.477695,0.563265,0.479511,0.475574,0.563126,0.477079,0.919786,0.929686,0.928919,0.921571,0.807557,0.960014,spectrum_fno48_floor6_smooth1_qc_peak4_fieldloss
run76_sparc_1408,sparc_1408,0.561933,0.668089,0.529423,0.561548,0.666816,0.529416,0.903441,0.908402,0.915628,0.899499,0.914833,0.937872,spectrum_fno48_floor6_smooth1_qc_peak4_fieldloss_geom
run76_sparc_1424,sparc_1424,0.601862,0.657172,0.618124,0.598647,0.655666,0.618088,0.872778,0.888030,0.875443,0.945019,0.878676,0.957065,spectrum_fno48_floor6_smooth1_qc_peak4_fieldloss
run76_sparc_1427,sparc_1427,0.642811,0.716061,0.770570,0.600395,0.629392,0.630050,0.901154,0.912491,0.893384,0.971006,0.936222,0.967467,spectrum_fno48_floor6_smooth1_qc_peak4_fieldloss
run76_sparc_1500,sparc_1500,0.331431,0.406336,0.313892,0.331096,0.364768,0.312952,0.993036,0.993042,0.993004,0.900562,0.715189,0.951672,spectrum_fno48_floor6_smooth1_qc_peak4_fieldloss_geom
run76_sparc_1513,sparc_1513,0.556438,0.575336,0.569595,0.554442,0.573377,0.568474,0.923379,0.922913,0.923121,0.869240,0.746458,0.872381,spectrum_fno48_floor6_smooth1_qc_peak4_fieldloss
run76_sparc_1515,sparc_1515,0.539930,0.635621,0.565562,0.520418,0.588460,0.534954,0.927367,0.927073,0.921883,0.883231,0.720001,0.925136,spectrum_fno48_floor6_smooth1_qc_peak4_fieldloss
run76_sparc_1516,sparc_1516,0.537685,0.639510,0.577122,0.517040,0.589964,0.537724,0.927833,0.926877,0.912687,0.851270,0.843666,0.944615,spectrum_fno48_floor6_smooth1_qc_peak4_fieldloss
run76_sparc_1518,sparc_1518,0.503714,0.592172,0.537611,0.500040,0.570636,0.524226,0.923361,0.926467,0.902699,0.936021,0.844280,0.932678,spectrum_fno48_floor6_smooth1_qc_peak4_fieldloss
run76_sparc_1519,sparc_1519,0.479178,0.583816,0.496683,0.478264,0.560185,0.496591,0.891228,0.899776,0.887521,0.875344,0.928645,0.915707,spectrum_fno48_floor6_smooth1_qc_peak4_fieldloss
run76_sparc_1521,sparc_1521,0.577428,0.593622,0.594720,0.569483,0.578047,0.588363,0.920369,0.923364,0.915853,0.785037,0.900495,0.853830,spectrum_fno48_floor6_smooth1_qc_peak4_fieldloss
run76_sparc_1529,sparc_1529,0.694626,0.731722,0.688935,0.694344,0.711035,0.676726,0.610461,0.764036,0.858591,0.952005,0.915173,0.957223,spectrum_fno48_floor6_smooth1_qc_peak4_fieldloss_geom
run77_sparc_1303,sparc_1303,0.662229,0.720344,0.634007,0.662226,0.719338,0.632070,0.912866,0.911824,0.935727,0.916852,0.861954,0.889484,spectrum_fno48_floor6_smooth1_qc_peak4_fieldloss_geom
run77_sparc_1307,sparc_1307,0.738165,0.966842,0.852522,0.661384,0.804885,0.740058,0.837775,0.706443,0.743738,0.933797,0.964211,0.962601,spectrum_fno48_floor6_smooth1_qc_peak4_fieldloss
run77_sparc_1353,sparc_1353,0.547960,0.703436,0.524200,0.547547,0.675572,0.523479,0.907154,0.906171,0.886611,0.863379,0.918089,0.952970,spectrum_fno48_floor6_smooth1_qc_peak4_fieldloss_geom
run77_sparc_1355,sparc_1355,0.641038,0.670762,0.655871,0.604650,0.620859,0.627028,0.915660,0.918129,0.896257,0.869490,0.777962,0.824689,spectrum_fno48_floor6_smooth1_qc_peak4_fieldloss
run77_sparc_1360,sparc_1360,0.584440,0.616713,0.591526,0.577778,0.608724,0.580806,0.915417,0.917660,0.915820,0.890528,0.867991,0.900006,spectrum_fno48_floor6_smooth1_qc_peak4_fieldloss
run77_sparc_1363,sparc_1363,0.740956,0.784812,0.804604,0.654754,0.711225,0.701692,0.915423,0.915567,0.914797,0.857994,0.893052,0.915295,spectrum_fno48_floor6_smooth1_qc_peak4_fieldloss
run77_sparc_1404,sparc_1404,0.664365,0.649971,0.665469,0.660327,0.646764,0.652662,0.916803,0.909527,0.910926,0.966993,0.926006,0.958200,spectrum_fno48_floor6_smooth1_qc_peak4
run77_sparc_1408,sparc_1408,0.725602,1.437655,1.058113,0.676550,0.945172,0.809686,0.773604,0.715958,0.805620,0.972295,0.970201,0.981222,spectrum_fno48_floor6_smooth1_qc_peak4_fieldloss
run77_sparc_1425,sparc_1425,0.660671,0.687345,0.684786,0.635582,0.648776,0.651744,0.892990,0.913577,0.879563,0.953583,0.893326,0.955594,spectrum_fno48_floor6_smooth1_qc_peak4_fieldloss
run77_sparc_1426,sparc_1426,0.599293,0.628109,0.621616,0.599249,0.628027,0.621481,0.911222,0.902122,0.890794,0.960501,0.952929,0.971857,spectrum_fno48_floor6_smooth1_qc_peak4_fieldloss
run77_sparc_1427,sparc_1427,0.745475,0.754267,0.763243,0.709944,0.740683,0.724088,0.919382,0.914777,0.916709,0.944961,0.921791,0.943557,spectrum_fno48_floor6_smooth1_qc_peak4_fieldloss
run77_sparc_1500,sparc_1500,0.385580,0.477375,0.320763,0.367113,0.477375,0.320744,0.993030,0.994423,0.993896,0.921755,0.865542,0.973129,spectrum_fno48_floor6_smooth1_qc_peak4_fieldloss_geom
run77_sparc_1505,sparc_1505,0.602398,0.630039,0.616582,0.601201,0.615850,0.603790,0.925047,0.918044,0.930660,0.954451,0.904333,0.939288,spectrum_fno48_floor6_smooth1_qc_peak4_fieldloss
run77_sparc_1512,sparc_1512,0.683045,0.731369,0.675506,0.633891,0.662171,0.623214,0.924692,0.930346,0.944746,0.927301,0.564112,0.924578,spectrum_fno48_floor6_smooth1_qc_peak4_fieldloss_geom
run77_sparc_1517,sparc_1517,0.630432,0.798496,0.642047,0.571815,0.751431,0.592918,0.910204,0.907259,0.896369,0.880637,0.849584,0.944965,spectrum_fno48_floor6_smooth1_qc_peak4_fieldloss
run77_sparc_1528,sparc_1528,0.801157,0.791623,0.739014,0.748233,0.739490,0.687230,0.918461,0.923855,0.925985,0.948800,0.925089,0.938870,spectrum_fno48_floor6_smooth1_qc_peak4_fieldloss_geom
run78_sparc_1301,sparc_1301,0.608673,0.681776,0.644644,0.606641,0.650896,0.614306,0.949507,0.961879,0.961274,0.897419,0.850839,0.962264,spectrum_fno48_floor6_smooth1_qc_peak4_fieldloss
run78_sparc_1317,sparc_1317,0.547104,0.645774,0.556056,0.544269,0.633685,0.553836,0.907095,0.907933,0.920485,0.910964,0.846005,0.894476,spectrum_fno48_floor6_smooth1_qc_peak4_fieldloss
run78_sparc_1318,sparc_1318,0.544058,0.661308,0.551983,0.541331,0.645004,0.548852,0.903082,0.905419,0.938305,0.925756,0.877774,0.872033,spectrum_fno48_floor6_smooth1_qc_peak4_fieldloss
run78_sparc_1352,sparc_1352,0.591411,0.656066,0.591135,0.558202,0.611807,0.561585,0.893642,0.897413,0.880871,0.950309,0.690432,0.939787,spectrum_fno48_floor6_smooth1_qc_peak4_fieldloss_geom
run78_sparc_1357,sparc_1357,0.555261,0.726129,0.587866,0.545841,0.679942,0.569382,0.871578,0.876324,0.872869,0.954342,0.723661,0.912509,spectrum_fno48_floor6_smooth1_qc_peak4_fieldloss
run78_sparc_1401,sparc_1401,0.530621,0.586062,0.547294,0.516524,0.562429,0.536250,0.950020,0.951018,0.939412,0.903998,0.923270,0.974722,spectrum_fno48_floor6_smooth1_qc_peak4_fieldloss
run78_sparc_1407,sparc_1407,0.813570,1.271156,1.003229,0.685328,0.841717,0.749560,0.902338,0.914968,0.907472,0.974888,0.946338,0.972741,spectrum_fno48_floor6_smooth1_qc_peak4_fieldloss
run78_sparc_1415,sparc_1415,0.551797,0.612713,0.571147,0.545510,0.593620,0.555840,0.909990,0.913723,0.922648,0.940169,0.766591,0.949447,spectrum_fno48_floor6_smooth1_qc_peak4_fieldloss
run78_sparc_1416,sparc_1416,0.550747,0.615029,0.564285,0.547485,0.607727,0.558943,0.914955,0.914996,0.915587,0.917858,0.765860,0.929464,spectrum_fno48_floor6_smooth1_qc_peak4_fieldloss
run78_sparc_1428,sparc_1428,0.770229,1.092672,1.066592,0.725230,0.870201,0.888097,0.773004,0.783532,0.784237,0.944158,0.895579,0.918654,spectrum_fno48_floor6_smooth1_qc_peak4_fieldloss
run78_sparc_1429,sparc_1429,0.681184,0.711714,0.729522,0.674400,0.710562,0.709621,0.660333,0.676779,0.691091,0.984461,0.982796,0.983605,spectrum_fno48_floor6_smooth1_qc_peak4_fieldloss
run78_sparc_1440,sparc_1440,0.981666,1.268871,1.137336,0.794619,0.901025,0.874555,0.942571,0.940833,0.933651,0.894460,0.818319,0.906125,spectrum_fno48_floor6_smooth1_qc_peak4_fieldloss
run78_sparc_1511,sparc_1511,0.557393,0.697791,0.560173,0.554715,0.664622,0.557328,0.916104,0.916198,0.934875,0.929880,0.824886,0.924921,spectrum_fno48_floor6_smooth1_qc_peak4_fieldloss
run78_sparc_1512,sparc_1512,0.558060,0.656297,0.556039,0.552087,0.636758,0.551660,0.917983,0.917948,0.924129,0.941869,0.795208,0.946599,spectrum_fno48_floor6_smooth1_qc_peak4_fieldloss_geom
run78_sparc_1514,sparc_1514,0.556543,0.636950,0.553069,0.544779,0.607500,0.542787,0.914400,0.914717,0.926642,0.929670,0.661071,0.952316,spectrum_fno48_floor6_smooth1_qc_peak4_fieldloss_geom
run78_sparc_1524,sparc_1524,0.613016,0.875099,0.636922,0.602841,0.727632,0.617880,0.855038,0.863243,0.849622,0.926649,0.851508,0.957922,spectrum_fno48_floor6_smooth1_qc_peak4_fieldloss
run78_sparc_1530,sparc_1530,0.521251,0.626453,0.523950,0.495405,0.594284,0.506527,0.942181,0.949178,0.943432,0.979975,0.932398,0.986553,spectrum_fno48_floor6_smooth1_qc_peak4_fieldloss
run79_sparc_1302,sparc_1302,0.576230,0.688323,0.563043,0.570392,0.684192,0.550929,0.935040,0.935532,0.936789,0.948960,0.965526,0.945387,spectrum_fno48_floor6_smooth1_qc_peak4_fieldloss_geom
run79_sparc_1308,sparc_1308,0.794609,0.936800,0.830333,0.751735,0.870913,0.777628,0.818307,0.800209,0.802085,0.962342,0.976544,0.978813,spectrum_fno48_floor6_smooth1_qc_peak4_fieldloss
run79_sparc_1316,sparc_1316,0.768276,0.722441,0.642041,0.653557,0.656672,0.574411,0.905385,0.907810,0.900481,0.936441,0.881906,0.905170,spectrum_fno48_floor6_smooth1_qc_peak4_fieldloss_geom
run79_sparc_1350,sparc_1350,0.629291,0.633475,0.668380,0.612444,0.620314,0.617173,0.928222,0.932622,0.963006,0.881650,0.777252,0.886680,spectrum_fno48_floor6_smooth1_qc_peak4_fieldloss
run79_sparc_1351,sparc_1351,0.632469,0.628029,0.673847,0.627037,0.625939,0.672159,0.924283,0.924410,0.918594,0.949976,0.872128,0.897065,spectrum_fno48_floor6_smooth1_qc_peak4
run79_sparc_1361,sparc_1361,0.870317,0.852196,0.849255,0.693883,0.701732,0.662770,0.903447,0.897014,0.895430,0.930815,0.836819,0.937248,spectrum_fno48_floor6_smooth1_qc_peak4_fieldloss_geom
run79_sparc_1362,sparc_1362,0.664559,0.679441,0.653466,0.645710,0.654542,0.636243,0.913696,0.922140,0.891994,0.918477,0.869276,0.946005,spectrum_fno48_floor6_smooth1_qc_peak4_fieldloss_geom
run79_sparc_1363,sparc_1363,0.786817,0.802673,0.794507,0.754509,0.766423,0.738062,0.905233,0.903611,0.901365,0.920872,0.922925,0.913827,spectrum_fno48_floor6_smooth1_qc_peak4_fieldloss
run79_sparc_1405,sparc_1405,0.736226,0.700324,0.664224,0.730220,0.692842,0.657761,0.868672,0.872394,0.890183,0.962810,0.967074,0.962422,spectrum_fno48_floor6_smooth1_qc_peak4_fieldloss_geom
run79_sparc_1406,sparc_1406,0.502661,0.576009,0.555752,0.498419,0.573999,0.546909,0.933903,0.933764,0.927917,0.927502,0.948414,0.978562,spectrum_fno48_floor6_smooth1_qc_peak4_fieldloss
run79_sparc_1511,sparc_1511,0.699281,0.647218,0.723288,0.624366,0.616863,0.632132,0.928472,0.929626,0.950162,0.857306,0.804676,0.934579,spectrum_fno48_floor6_smooth1_qc_peak4
run79_sparc_1513,sparc_1513,0.647393,0.631411,0.648577,0.647094,0.626322,0.647153,0.919854,0.921112,0.905351,0.938117,0.801468,0.949321,spectrum_fno48_floor6_smooth1_qc_peak4
run79_sparc_1514,sparc_1514,0.609241,0.589814,0.596544,0.606038,0.582843,0.595627,0.924751,0.930188,0.926787,0.898685,0.817962,0.927840,spectrum_fno48_floor6_smooth1_qc_peak4
run79_sparc_1515,sparc_1515,0.669623,0.648085,0.669647,0.604670,0.604495,0.599916,0.925437,0.922187,0.915205,0.915682,0.874952,0.934838,spectrum_fno48_floor6_smooth1_qc_peak4
run79_sparc_1518,sparc_1518,0.595404,0.686620,0.585587,0.556003,0.651647,0.545171,0.920870,0.926188,0.903204,0.949941,0.853468,0.938076,spectrum_fno48_floor6_smooth1_qc_peak4_fieldloss_geom
run79_sparc_1523,sparc_1523,1.467326,1.422303,1.232573,0.931399,0.940411,0.931312,0.830212,0.822839,0.833543,0.953495,0.944159,0.961672,spectrum_fno48_floor6_smooth1_qc_peak4_fieldloss_geom
run79_sparc_1524,sparc_1524,1.670206,1.651175,1.534939,0.968107,0.971384,0.969595,0.803455,0.787137,0.794626,0.970295,0.959379,0.979270,spectrum_fno48_floor6_smooth1_qc_peak4_fieldloss_geom
run79_sparc_1530,sparc_1530,1.032458,0.496567,0.435887,0.976819,0.402751,0.399031,0.061429,0.895632,0.936214,0.996870,0.979770,0.971904,spectrum_fno48_floor6_smooth1_qc_peak4_fieldloss_geom
run79_sparc_1593,sparc_1593,0.567078,0.567954,0.482782,0.508159,0.557512,0.481172,0.915306,0.923747,0.941023,0.920548,0.832652,0.894264,spectrum_fno48_floor6_smooth1_qc_peak4_fieldloss_geom
run7_sparc_1300,sparc_1300,0.445399,0.514059,0.422968,0.443799,0.472253,0.421679,0.979095,0.988716,0.992395,0.835679,0.818659,0.959573,spectrum_fno48_floor6_smooth1_qc_peak4_fieldloss_geom
run7_sparc_1355,sparc_1355,0.846137,0.996927,0.790874,0.842448,0.920239,0.787565,0.899384,0.869362,0.888370,0.939250,0.716231,0.957090,spectrum_fno48_floor6_smooth1_qc_peak4_fieldloss_geom
run7_sparc_1362,sparc_1362,0.636884,0.843110,0.584298,0.634456,0.811519,0.582117,0.891794,0.882993,0.876086,0.933966,0.905089,0.970925,spectrum_fno48_floor6_smooth1_qc_peak4_fieldloss_geom
run7_sparc_1412,sparc_1412,0.591335,0.796279,0.624976,0.591315,0.762526,0.612075,0.872583,0.810449,0.902268,0.885408,0.734218,0.894212,spectrum_fno48_floor6_smooth1_qc_peak4_fieldloss
run7_sparc_1428,sparc_1428,1.141832,1.293743,1.197136,0.767865,0.862211,0.748795,0.774367,0.790695,0.814861,0.915890,0.852241,0.945843,spectrum_fno48_floor6_smooth1_qc_peak4_fieldloss
run7_sparc_1440,sparc_1440,0.995537,1.360646,0.840863,0.832964,0.874388,0.750718,0.898035,0.891530,0.945923,0.655685,0.834013,0.760590,spectrum_fno48_floor6_smooth1_qc_peak4_fieldloss_geom
run7_sparc_1503,sparc_1503,0.766769,0.828460,0.792441,0.723301,0.773606,0.746160,0.933214,0.933794,0.948297,0.846403,0.710670,0.914076,spectrum_fno48_floor6_smooth1_qc_peak4_fieldloss
run7_sparc_1510,sparc_1510,0.558888,0.694805,0.590618,0.558785,0.691634,0.585317,0.902331,0.907693,0.919818,0.772468,0.640022,0.858661,spectrum_fno48_floor6_smooth1_qc_peak4_fieldloss
run7_sparc_1512,sparc_1512,0.620785,0.733431,0.553893,0.618585,0.713555,0.550703,0.899026,0.867141,0.916354,0.684331,0.691483,0.887919,spectrum_fno48_floor6_smooth1_qc_peak4_fieldloss_geom
run7_sparc_1526,sparc_1526,0.698203,1.057209,0.974070,0.641338,0.802763,0.775035,0.911032,0.918389,0.910735,0.900987,0.640673,0.901800,spectrum_fno48_floor6_smooth1_qc_peak4_fieldloss
run7_sparc_1529,sparc_1529,0.628066,0.850695,0.722000,0.626913,0.796550,0.685558,0.319171,0.387962,0.354544,0.904857,0.872385,0.945392,spectrum_fno48_floor6_smooth1_qc_peak4_fieldloss
run80_sparc_1302,sparc_1302,0.528773,0.780268,0.572460,0.506003,0.664335,0.549836,0.943188,0.943714,0.938612,0.864529,0.810947,0.919977,spectrum_fno48_floor6_smooth1_qc_peak4_fieldloss
run80_sparc_1307,sparc_1307,0.506005,0.563724,0.623266,0.503110,0.563406,0.622195,0.937336,0.929374,0.904779,0.977001,0.969184,0.975591,spectrum_fno48_floor6_smooth1_qc_peak4_fieldloss
run80_sparc_1315,sparc_1315,0.505020,0.601147,0.585878,0.500624,0.558498,0.564738,0.922052,0.914466,0.914746,0.730950,0.554214,0.889832,spectrum_fno48_floor6_smooth1_qc_peak4_fieldloss
run80_sparc_1351,sparc_1351,0.764107,1.018715,1.006121,0.562121,0.655623,0.626187,0.891678,0.919509,0.927625,0.815442,0.486467,0.946694,spectrum_fno48_floor6_smooth1_qc_peak4_fieldloss
run80_sparc_1352,sparc_1352,0.587662,0.548903,0.508203,0.516492,0.535128,0.495339,0.920465,0.911135,0.920359,0.960143,0.896384,0.961135,spectrum_fno48_floor6_smooth1_qc_peak4_fieldloss_geom
run80_sparc_1354,sparc_1354,0.606143,0.737460,0.762780,0.600883,0.683841,0.726536,0.861431,0.914125,0.916815,0.940026,0.826798,0.937914,spectrum_fno48_floor6_smooth1_qc_peak4_fieldloss
run80_sparc_1356,sparc_1356,0.642377,0.853715,0.750658,0.573425,0.653734,0.599780,0.927458,0.907355,0.889378,0.899625,0.685616,0.942465,spectrum_fno48_floor6_smooth1_qc_peak4_fieldloss
run80_sparc_1361,sparc_1361,0.667439,1.407789,1.090580,0.587843,0.697376,0.706344,0.833069,0.739195,0.670184,0.854330,0.740718,0.976364,spectrum_fno48_floor6_smooth1_qc_peak4_fieldloss
run80_sparc_1365,sparc_1365,0.572249,1.046743,0.779768,0.559994,0.728109,0.617326,0.788593,0.858426,0.861052,0.946461,0.766975,0.890043,spectrum_fno48_floor6_smooth1_qc_peak4_fieldloss
run80_sparc_1405,sparc_1405,0.787683,0.910570,0.796870,0.679334,0.666355,0.668327,0.935249,0.938546,0.935269,0.954511,0.885279,0.941303,spectrum_fno48_floor6_smooth1_qc_peak4_fieldloss
run80_sparc_1408,sparc_1408,0.607178,0.681142,0.539302,0.513931,0.524410,0.500255,0.938508,0.939007,0.935999,0.891528,0.881943,0.963533,spectrum_fno48_floor6_smooth1_qc_peak4_fieldloss_geom
run80_sparc_1411,sparc_1411,0.617661,0.591625,0.545608,0.553716,0.582754,0.528814,0.935506,0.937288,0.941224,0.898983,0.557740,0.834051,spectrum_fno48_floor6_smooth1_qc_peak4_fieldloss_geom
run80_sparc_1414,sparc_1414,0.603006,0.538901,0.564510,0.596565,0.535565,0.557338,0.914601,0.918526,0.927043,0.922096,0.322492,0.831735,spectrum_fno48_floor6_smooth1_qc_peak4
run80_sparc_1416,sparc_1416,0.503996,0.515426,0.483267,0.502861,0.515172,0.478328,0.907703,0.903991,0.911063,0.706346,0.575820,0.944698,spectrum_fno48_floor6_smooth1_qc_peak4_fieldloss_geom
run80_sparc_1421,sparc_1421,0.649190,0.650649,0.784377,0.633263,0.620932,0.654250,0.856948,0.913630,0.902920,0.968159,0.879803,0.948752,spectrum_fno48_floor6_smooth1_qc_peak4_fieldloss
run80_sparc_1425,sparc_1425,0.728053,0.882097,0.699535,0.665070,0.711001,0.677423,0.951388,0.957541,0.955929,0.874387,0.603980,0.926788,spectrum_fno48_floor6_smooth1_qc_peak4_fieldloss_geom
run80_sparc_1426,sparc_1426,0.904002,0.898900,0.786230,0.680042,0.704028,0.668080,0.950590,0.953874,0.930322,0.869676,0.682750,0.941254,spectrum_fno48_floor6_smooth1_qc_peak4_fieldloss_geom
run80_sparc_1427,sparc_1427,1.069860,1.117932,1.123514,0.659677,0.719410,0.641461,0.952260,0.943971,0.950403,0.944636,0.811259,0.930361,spectrum_fno48_floor6_smooth1_qc_peak4_fieldloss
run80_sparc_1501,sparc_1501,0.700435,0.780702,0.834928,0.680116,0.739013,0.735446,0.938038,0.941260,0.940342,0.952829,0.722133,0.962999,spectrum_fno48_floor6_smooth1_qc_peak4_fieldloss
run80_sparc_1502,sparc_1502,0.564873,0.967658,0.573068,0.546225,0.705721,0.552719,0.948033,0.942551,0.961789,0.903055,0.892162,0.876588,spectrum_fno48_floor6_smooth1_qc_peak4_fieldloss
run80_sparc_1505,sparc_1505,0.680703,0.860326,0.801703,0.634069,0.691182,0.686969,0.948508,0.947724,0.948824,0.915900,0.813311,0.941056,spectrum_fno48_floor6_smooth1_qc_peak4_fieldloss
run80_sparc_1513,sparc_1513,0.688114,0.546503,0.565449,0.637667,0.545991,0.565429,0.912979,0.921872,0.930644,0.935940,0.421665,0.825832,spectrum_fno48_floor6_smooth1_qc_peak4
run80_sparc_1519,sparc_1519,0.654737,0.659831,0.649670,0.641462,0.648954,0.645411,0.918103,0.917988,0.902797,0.920583,0.943898,0.967080,spectrum_fno48_floor6_smooth1_qc_peak4_fieldloss_geom
run80_sparc_1522,sparc_1522,0.574648,0.591105,0.595012,0.568939,0.571403,0.568098,0.786850,0.863836,0.824563,0.976011,0.962360,0.966376,spectrum_fno48_floor6_smooth1_qc_peak4_fieldloss
run80_sparc_1523,sparc_1523,0.609576,0.790922,0.649780,0.550139,0.633272,0.555637,0.871399,0.890770,0.895905,0.893910,0.683672,0.887159,spectrum_fno48_floor6_smooth1_qc_peak4_fieldloss
run80_sparc_1528,sparc_1528,0.753989,1.000049,0.703636,0.634145,0.659722,0.589083,0.890037,0.873934,0.893944,0.933369,0.935057,0.986963,spectrum_fno48_floor6_smooth1_qc_peak4_fieldloss_geom
run80_sparc_1593,sparc_1593,0.615391,0.692431,0.712005,0.578343,0.621649,0.603527,0.949732,0.950889,0.960549,0.930935,0.689761,0.905658,spectrum_fno48_floor6_smooth1_qc_peak4_fieldloss
run81_sparc_1302,sparc_1302,0.977909,0.940116,0.866100,0.937524,0.915487,0.860536,0.891429,0.894100,0.906687,0.990594,0.984294,0.974668,spectrum_fno48_floor6_smooth1_qc_peak4_fieldloss_geom
run81_sparc_1303,sparc_1303,0.590218,0.607043,0.542029,0.589797,0.601317,0.540324,0.938804,0.943135,0.944758,0.912876,0.881538,0.931877,spectrum_fno48_floor6_smooth1_qc_peak4_fieldloss_geom
run81_sparc_1309,sparc_1309,0.857312,0.932017,0.861487,0.841811,0.846933,0.846284,0.550320,0.433917,0.586359,0.969078,0.937709,0.977227,spectrum_fno48_floor6_smooth1_qc_peak4_fieldloss
run81_sparc_1319,sparc_1319,0.579849,0.614464,0.639202,0.548030,0.583782,0.568397,0.932507,0.932921,0.937904,0.938392,0.738232,0.930754,spectrum_fno48_floor6_smooth1_qc_peak4_fieldloss
run81_sparc_1356,sparc_1356,0.790502,0.812267,0.696550,0.779809,0.795258,0.680261,0.906748,0.905480,0.906699,0.901302,0.901883,0.923388,spectrum_fno48_floor6_smooth1_qc_peak4_fieldloss_geom
run81_sparc_1364,sparc_1364,0.833398,0.844136,0.880386,0.775540,0.773813,0.777786,0.905177,0.911067,0.870995,0.918425,0.900987,0.949866,spectrum_fno48_floor6_smooth1_qc_peak4_fieldloss
run81_sparc_1402,sparc_1402,0.981425,0.944616,0.847935,0.922800,0.904472,0.829190,0.865978,0.876230,0.905322,0.985093,0.982470,0.971352,spectrum_fno48_floor6_smooth1_qc_peak4_fieldloss_geom
run81_sparc_1420,sparc_1420,0.817230,0.815143,0.810492,0.793010,0.791366,0.764390,0.894738,0.899630,0.876886,0.943342,0.937372,0.960292,spectrum_fno48_floor6_smooth1_qc_peak4_fieldloss_geom
run81_sparc_1423,sparc_1423,0.826275,0.874991,0.830264,0.779537,0.768390,0.786507,0.855285,0.860607,0.829022,0.953728,0.965970,0.974302,spectrum_fno48_floor6_smooth1_qc_peak4_fieldloss
run81_sparc_1426,sparc_1426,0.835499,0.856941,0.730837,0.764999,0.760781,0.670937,0.894363,0.898642,0.901886,0.931538,0.920342,0.925190,spectrum_fno48_floor6_smooth1_qc_peak4_fieldloss_geom
run81_sparc_1430,sparc_1430,0.926168,0.918660,1.159042,0.880071,0.857361,0.952978,0.806197,0.861562,0.829368,0.990941,0.990087,0.991627,spectrum_fno48_floor6_smooth1_qc_peak4
run81_sparc_1500,sparc_1500,0.344267,0.455138,0.368603,0.286773,0.422282,0.365514,0.992453,0.994114,0.992133,0.929112,0.884264,0.988278,spectrum_fno48_floor6_smooth1_qc_peak4_fieldloss
run81_sparc_1502,sparc_1502,0.983663,0.954881,0.852191,0.920932,0.902603,0.825725,0.870562,0.880928,0.909104,0.985383,0.983023,0.971626,spectrum_fno48_floor6_smooth1_qc_peak4_fieldloss_geom
run81_sparc_1512,sparc_1512,0.628987,0.642918,0.645227,0.584578,0.620916,0.597747,0.923945,0.922741,0.935478,0.929972,0.836868,0.960082,spectrum_fno48_floor6_smooth1_qc_peak4_fieldloss
run81_sparc_1514,sparc_1514,0.620349,0.595866,0.599352,0.606781,0.590927,0.591397,0.923510,0.925563,0.911129,0.911510,0.812663,0.935519,spectrum_fno48_floor6_smooth1_qc_peak4
run81_sparc_1519,sparc_1519,0.810099,0.789703,0.863854,0.766236,0.765788,0.762546,0.888257,0.896149,0.866604,0.926388,0.957202,0.966275,spectrum_fno48_floor6_smooth1_qc_peak4
run81_sparc_1520,sparc_1520,0.820988,0.808593,0.814798,0.789611,0.760973,0.765798,0.891438,0.900760,0.882435,0.936769,0.933118,0.948538,spectrum_fno48_floor6_smooth1_qc_peak4
run81_sparc_1524,sparc_1524,1.717639,1.489772,1.441822,0.953869,0.961226,0.961025,0.827214,0.823068,0.807288,0.868016,0.870318,0.936838,spectrum_fno48_floor6_smooth1_qc_peak4_fieldloss_geom
run82_sparc_1304,sparc_1304,0.860542,0.890672,0.880888,0.839611,0.885810,0.864396,0.694272,0.682299,0.668507,0.982877,0.977290,0.983056,spectrum_fno48_floor6_smooth1_qc_peak4_fieldloss
run82_sparc_1305,sparc_1305,0.838773,0.991221,0.910847,0.808818,0.852131,0.850958,0.894784,0.905916,0.920208,0.628855,0.581513,0.826038,spectrum_fno48_floor6_smooth1_qc_peak4_fieldloss
run82_sparc_1306,sparc_1306,0.870456,0.864710,0.896762,0.792428,0.806941,0.801691,0.897331,0.899325,0.896328,0.850928,0.734296,0.901988,spectrum_fno48_floor6_smooth1_qc_peak4
run82_sparc_1309,sparc_1309,0.811718,0.755012,0.770463,0.802129,0.754978,0.763071,0.896258,0.907269,0.918099,0.901873,0.800353,0.916236,spectrum_fno48_floor6_smooth1_qc_peak4
run82_sparc_1349,sparc_1349,0.717870,0.890329,0.660611,0.705414,0.752393,0.651525,0.881970,0.914176,0.926227,0.922600,0.772440,0.873324,spectrum_fno48_floor6_smooth1_qc_peak4_fieldloss_geom
run82_sparc_1354,sparc_1354,0.631422,0.641512,0.652259,0.630712,0.640916,0.652142,0.923117,0.937225,0.928732,0.891837,0.860414,0.920518,spectrum_fno48_floor6_smooth1_qc_peak4_fieldloss
run82_sparc_1360,sparc_1360,0.660572,0.793825,0.607945,0.657249,0.716361,0.605469,0.935036,0.928141,0.952472,0.911526,0.777269,0.882833,spectrum_fno48_floor6_smooth1_qc_peak4_fieldloss_geom
run82_sparc_1364,sparc_1364,0.680984,0.844314,0.945544,0.653464,0.785300,0.765372,0.919655,0.925864,0.911864,0.682220,0.750153,0.943725,spectrum_fno48_floor6_smooth1_qc_peak4_fieldloss
run82_sparc_1401,sparc_1401,0.625444,0.931611,0.844670,0.595903,0.751981,0.658909,0.914318,0.930300,0.931030,0.942347,0.840173,0.966348,spectrum_fno48_floor6_smooth1_qc_peak4_fieldloss
run82_sparc_1404,sparc_1404,1.048002,1.330741,1.041057,0.810239,0.853577,0.830890,0.887817,0.897833,0.924287,0.631433,0.461248,0.862174,spectrum_fno48_floor6_smooth1_qc_peak4_fieldloss_geom
run82_sparc_1406,sparc_1406,0.986835,1.169669,1.128235,0.852792,0.859192,0.863252,0.896154,0.910566,0.930810,0.763749,0.708829,0.936170,spectrum_fno48_floor6_smooth1_qc_peak4_fieldloss
run82_sparc_1410,sparc_1410,0.637218,0.635995,0.622172,0.624577,0.575336,0.612951,0.934823,0.941226,0.946486,0.918662,0.712453,0.877660,spectrum_fno48_floor6_smooth1_qc_peak4_fieldloss_geom
run82_sparc_1411,sparc_1411,0.650812,0.647452,0.636065,0.632968,0.584244,0.623759,0.943243,0.949567,0.951714,0.896645,0.715529,0.875237,spectrum_fno48_floor6_smooth1_qc_peak4_fieldloss_geom
run82_sparc_1423,sparc_1423,0.834739,0.872313,0.802599,0.789611,0.766553,0.749215,0.877065,0.890270,0.906337,0.793572,0.624304,0.807287,spectrum_fno48_floor6_smooth1_qc_peak4_fieldloss_geom
run82_sparc_1428,sparc_1428,0.734172,0.807765,0.653429,0.718695,0.806317,0.651373,0.716178,0.695030,0.802258,0.978090,0.969277,0.982443,spectrum_fno48_floor6_smooth1_qc_peak4_fieldloss_geom
run82_sparc_1430,sparc_1430,0.741891,1.040965,1.074111,0.698894,0.799166,0.784646,0.867557,0.913170,0.887125,0.686844,0.777134,0.942504,spectrum_fno48_floor6_smooth1_qc_peak4_fieldloss
run82_sparc_1500,sparc_1500,0.470735,0.484098,0.472483,0.468606,0.483980,0.467674,0.983539,0.982644,0.984736,0.674455,0.614786,0.880381,spectrum_fno48_floor6_smooth1_qc_peak4_fieldloss
run82_sparc_1510,sparc_1510,0.619409,0.591760,0.607082,0.618360,0.567728,0.606958,0.932177,0.940432,0.954856,0.943675,0.678028,0.883980,spectrum_fno48_floor6_smooth1_qc_peak4
run82_sparc_1519,sparc_1519,0.716162,0.684193,0.669631,0.715349,0.682439,0.663776,0.947083,0.947342,0.954646,0.877114,0.606695,0.860007,spectrum_fno48_floor6_smooth1_qc_peak4_fieldloss_geom
run82_sparc_1527,sparc_1527,0.692740,0.833095,0.772231,0.689849,0.784991,0.716763,0.837713,0.872350,0.877064,0.680041,0.420415,0.863515,spectrum_fno48_floor6_smooth1_qc_peak4_fieldloss
run82_sparc_1529,sparc_1529,1.393262,1.407915,1.253637,0.839013,0.891223,0.808401,0.825332,0.822492,0.837114,0.907735,0.872050,0.946878,spectrum_fno48_floor6_smooth1_qc_peak4_fieldloss_geom
run82_sparc_1593,sparc_1593,0.870092,1.174220,0.915471,0.639049,0.796037,0.642862,0.930577,0.932815,0.949744,0.824232,0.715160,0.960594,spectrum_fno48_floor6_smooth1_qc_peak4_fieldloss
run83_sparc_1306,sparc_1306,0.915404,0.927554,0.962407,0.881354,0.883443,0.905262,0.867118,0.871517,0.844041,0.967276,0.946878,0.981532,spectrum_fno48_floor6_smooth1_qc_peak4_fieldloss
run83_sparc_1308,sparc_1308,0.768415,0.773542,0.793674,0.768022,0.769798,0.793137,0.872888,0.859091,0.873831,0.941149,0.920765,0.955164,spectrum_fno48_floor6_smooth1_qc_peak4_fieldloss
run83_sparc_1309,sparc_1309,0.988632,1.857985,1.281344,0.804240,0.935317,0.875116,0.740486,0.651591,0.646167,0.935099,0.953810,0.965068,spectrum_fno48_floor6_smooth1_qc_peak4_fieldloss
run83_sparc_1310,sparc_1310,0.721839,0.799379,0.694953,0.707802,0.760493,0.694325,0.905252,0.906064,0.901894,0.921188,0.743516,0.953481,spectrum_fno48_floor6_smooth1_qc_peak4_fieldloss_geom
run83_sparc_1318,sparc_1318,0.799162,0.913976,0.759469,0.768685,0.815221,0.745641,0.912722,0.911465,0.935347,0.881257,0.841989,0.916524,spectrum_fno48_floor6_smooth1_qc_peak4_fieldloss_geom
run83_sparc_1350,sparc_1350,0.629417,0.749890,0.597542,0.620999,0.698108,0.592885,0.929724,0.932955,0.960205,0.895807,0.869637,0.891126,spectrum_fno48_floor6_smooth1_qc_peak4_fieldloss_geom
run83_sparc_1352,sparc_1352,0.756519,0.803375,0.772764,0.739568,0.784453,0.759789,0.867430,0.877608,0.880963,0.923688,0.834017,0.862527,spectrum_fno48_floor6_smooth1_qc_peak4_fieldloss
run83_sparc_1357,sparc_1357,0.765168,0.852081,0.852507,0.739553,0.797052,0.806184,0.892961,0.873445,0.846794,0.851072,0.900966,0.891704,spectrum_fno48_floor6_smooth1_qc_peak4_fieldloss
run83_sparc_1400,sparc_1400,0.440882,0.411699,0.536845,0.440859,0.404772,0.520007,0.993411,0.995091,0.992546,0.943542,0.674108,0.989662,spectrum_fno48_floor6_smooth1_qc_peak4
run83_sparc_1407,sparc_1407,0.864798,0.922613,0.914994,0.841827,0.820331,0.855137,0.849272,0.879795,0.874138,0.937084,0.933197,0.951403,spectrum_fno48_floor6_smooth1_qc_peak4_fieldloss
run83_sparc_1408,sparc_1408,0.691604,0.764501,0.653805,0.677431,0.741047,0.653412,0.911943,0.924265,0.938438,0.958719,0.903599,0.987333,spectrum_fno48_floor6_smooth1_qc_peak4_fieldloss_geom
run83_sparc_1413,sparc_1413,0.711242,0.754762,0.724142,0.708512,0.737845,0.704805,0.914253,0.918811,0.934185,0.954985,0.844029,0.857480,spectrum_fno48_floor6_smooth1_qc_peak4_fieldloss
run83_sparc_1414,sparc_1414,0.814200,0.846595,0.852753,0.774832,0.798942,0.769529,0.902716,0.904885,0.881588,0.955105,0.831841,0.879997,spectrum_fno48_floor6_smooth1_qc_peak4_fieldloss
run83_sparc_1417,sparc_1417,0.787941,0.888628,0.730797,0.673183,0.698558,0.649407,0.892814,0.896139,0.890326,0.977802,0.970365,0.981380,spectrum_fno48_floor6_smooth1_qc_peak4_fieldloss_geom
run83_sparc_1419,sparc_1419,1.008193,1.212042,1.013479,0.850076,0.842954,0.817827,0.871649,0.888333,0.872976,0.942180,0.925499,0.960285,spectrum_fno48_floor6_smooth1_qc_peak4_fieldloss
run83_sparc_1421,sparc_1421,1.663735,1.758216,1.671340,0.983371,0.984325,0.983959,0.844437,0.862897,0.853730,0.940292,0.969859,0.944806,spectrum_fno48_floor6_smooth1_qc_peak4_fieldloss
run83_sparc_1427,sparc_1427,0.920596,0.927963,0.915727,0.690196,0.716928,0.737844,0.838970,0.861257,0.803103,0.952541,0.926139,0.964503,spectrum_fno48_floor6_smooth1_qc_peak4_fieldloss_geom
run83_sparc_1505,sparc_1505,0.686936,0.801943,0.682638,0.661475,0.672522,0.644832,0.921379,0.919331,0.924982,0.942244,0.959688,0.963406,spectrum_fno48_floor6_smooth1_qc_peak4_fieldloss_geom
run83_sparc_1507,sparc_1507,0.877530,0.871509,0.919091,0.837774,0.815417,0.854090,0.846006,0.885549,0.867524,0.940676,0.945851,0.951885,spectrum_fno48_floor6_smooth1_qc_peak4
run83_sparc_1509,sparc_1509,0.764224,0.931267,0.807052,0.735995,0.817219,0.772337,0.875576,0.862960,0.865158,0.911110,0.867048,0.922979,spectrum_fno48_floor6_smooth1_qc_peak4_fieldloss
run83_sparc_1521,sparc_1521,1.252242,1.340340,1.245000,0.973141,0.974159,0.973780,0.855381,0.869932,0.857846,0.985133,0.989762,0.981187,spectrum_fno48_floor6_smooth1_qc_peak4_fieldloss_geom
run83_sparc_1524,sparc_1524,1.592277,2.156640,2.226399,0.980460,0.981746,0.980594,0.754900,0.658191,0.694456,0.972920,0.978628,0.987472,spectrum_fno48_floor6_smooth1_qc_peak4_fieldloss
run83_sparc_1529,sparc_1529,1.079891,1.012219,0.997229,0.975689,0.929803,0.909055,0.628992,0.796293,0.799757,0.985835,0.985502,0.985856,spectrum_fno48_floor6_smooth1_qc_peak4_fieldloss_geom
run83_sparc_1530,sparc_1530,1.105557,0.793379,0.368739,0.991592,0.560611,0.350631,-0.227872,0.884501,0.900423,0.996897,0.763187,0.944670,spectrum_fno48_floor6_smooth1_qc_peak4_fieldloss_geom
run84_sparc_1300,sparc_1300,0.255818,0.357629,0.244548,0.251325,0.303094,0.236099,0.991038,0.993906,0.993031,0.938297,0.716049,0.934003,spectrum_fno48_floor6_smooth1_qc_peak4_fieldloss_geom
run84_sparc_1307,sparc_1307,0.554500,1.056779,0.674209,0.534271,0.724842,0.606345,0.881975,0.863759,0.852396,0.908909,0.940044,0.975975,spectrum_fno48_floor6_smooth1_qc_peak4_fieldloss
run84_sparc_1315,sparc_1315,0.541729,0.574701,0.544888,0.540446,0.567761,0.541840,0.932021,0.933043,0.940218,0.905691,0.834000,0.917188,spectrum_fno48_floor6_smooth1_qc_peak4_fieldloss
run84_sparc_1356,sparc_1356,0.686417,0.672781,0.671432,0.669172,0.651483,0.651572,0.907667,0.914933,0.907800,0.871925,0.830717,0.897834,spectrum_fno48_floor6_smooth1_qc_peak4_fieldloss_geom
run84_sparc_1358,sparc_1358,0.560271,0.588404,0.577353,0.544557,0.561766,0.548048,0.894267,0.909587,0.903820,0.894760,0.765837,0.897453,spectrum_fno48_floor6_smooth1_qc_peak4_fieldloss
run84_sparc_1359,sparc_1359,0.539384,0.591107,0.532042,0.537840,0.576431,0.529935,0.903158,0.910178,0.916741,0.885181,0.747263,0.953350,spectrum_fno48_floor6_smooth1_qc_peak4_fieldloss_geom
run84_sparc_1364,sparc_1364,0.542840,0.730728,0.547503,0.531278,0.676560,0.536551,0.919885,0.919730,0.924450,0.874452,0.915582,0.894938,spectrum_fno48_floor6_smooth1_qc_peak4_fieldloss
run84_sparc_1405,sparc_1405,0.555005,0.613369,0.618772,0.552242,0.572803,0.616967,0.913439,0.915078,0.904032,0.962321,0.947081,0.981998,spectrum_fno48_floor6_smooth1_qc_peak4_fieldloss
run84_sparc_1417,sparc_1417,0.497348,0.559305,0.517033,0.496570,0.550149,0.511817,0.925938,0.926582,0.917675,0.940052,0.708664,0.900387,spectrum_fno48_floor6_smooth1_qc_peak4_fieldloss
run84_sparc_1420,sparc_1420,0.582195,0.587534,0.580827,0.577188,0.568803,0.559853,0.919885,0.925281,0.917892,0.811070,0.871389,0.812478,spectrum_fno48_floor6_smooth1_qc_peak4_fieldloss_geom
run84_sparc_1430,sparc_1430,0.844117,0.851942,0.829963,0.743645,0.777801,0.760146,0.554466,0.660726,0.482229,0.973173,0.949773,0.975079,spectrum_fno48_floor6_smooth1_qc_peak4_fieldloss_geom
run84_sparc_1441,sparc_1441,0.585588,0.634871,0.553566,0.568383,0.609482,0.545320,0.922731,0.931573,0.962131,0.810850,0.787965,0.873285,spectrum_fno48_floor6_smooth1_qc_peak4_fieldloss_geom
run84_sparc_1500,sparc_1500,0.331349,0.401058,0.314728,0.313957,0.345814,0.311687,0.991972,0.992391,0.988019,0.920388,0.827235,0.957637,spectrum_fno48_floor6_smooth1_qc_peak4_fieldloss_geom
run84_sparc_1506,sparc_1506,0.608220,0.611446,0.636901,0.595685,0.592217,0.626027,0.908304,0.910705,0.876248,0.951037,0.936988,0.984605,spectrum_fno48_floor6_smooth1_qc_peak4_fieldloss
run84_sparc_1511,sparc_1511,0.560926,0.571159,0.575877,0.559812,0.567256,0.568533,0.932907,0.933407,0.957784,0.867051,0.738589,0.884621,spectrum_fno48_floor6_smooth1_qc_peak4_fieldloss
run84_sparc_1518,sparc_1518,0.514927,0.566063,0.556314,0.514325,0.555496,0.547477,0.906117,0.909696,0.897687,0.942769,0.726015,0.906680,spectrum_fno48_floor6_smooth1_qc_peak4_fieldloss
run84_sparc_1522,sparc_1522,0.772826,0.759151,0.791912,0.747517,0.730841,0.757579,0.893199,0.887023,0.874342,0.881027,0.775045,0.893532,spectrum_fno48_floor6_smooth1_qc_peak4
run84_sparc_1528,sparc_1528,0.817545,0.830772,0.805419,0.760198,0.762795,0.746036,0.851189,0.880686,0.836521,0.970759,0.949512,0.962990,spectrum_fno48_floor6_smooth1_qc_peak4_fieldloss_geom
run85_sparc_1304,sparc_1304,0.652092,0.685557,0.658625,0.643985,0.672914,0.645532,0.928266,0.927415,0.916180,0.952198,0.920885,0.962947,spectrum_fno48_floor6_smooth1_qc_peak4_fieldloss
run85_sparc_1317,sparc_1317,0.712041,0.906571,0.614283,0.676606,0.784456,0.610469,0.865242,0.881200,0.902054,0.927460,0.896656,0.928195,spectrum_fno48_floor6_smooth1_qc_peak4_fieldloss_geom
run85_sparc_1351,sparc_1351,0.722028,0.836239,0.777425,0.717275,0.824726,0.769214,0.897927,0.920453,0.922110,0.826702,0.807562,0.906208,spectrum_fno48_floor6_smooth1_qc_peak4_fieldloss
run85_sparc_1358,sparc_1358,0.563293,0.670304,0.564961,0.532448,0.668749,0.559870,0.915107,0.925982,0.913456,0.809406,0.817305,0.925498,spectrum_fno48_floor6_smooth1_qc_peak4_fieldloss
run85_sparc_1363,sparc_1363,0.571779,0.710439,0.592992,0.571767,0.700301,0.591529,0.919368,0.909806,0.888637,0.810934,0.846085,0.936714,spectrum_fno48_floor6_smooth1_qc_peak4_fieldloss
run85_sparc_1365,sparc_1365,0.592728,0.765707,0.620867,0.591887,0.738070,0.605703,0.851071,0.877448,0.881676,0.903976,0.869669,0.934648,spectrum_fno48_floor6_smooth1_qc_peak4_fieldloss
run85_sparc_1403,sparc_1403,0.837906,1.099606,0.677890,0.633246,0.715191,0.600434,0.948343,0.950863,0.966397,0.918192,0.852697,0.879375,spectrum_fno48_floor6_smooth1_qc_peak4_fieldloss_geom
run85_sparc_1406,sparc_1406,0.724061,0.936089,0.780812,0.668845,0.716332,0.684944,0.942219,0.947191,0.946596,0.890355,0.744410,0.918499,spectrum_fno48_floor6_smooth1_qc_peak4_fieldloss
run85_sparc_1408,sparc_1408,0.694721,0.689182,0.622646,0.576182,0.587123,0.606508,0.936929,0.932295,0.912098,0.872754,0.831078,0.963386,spectrum_fno48_floor6_smooth1_qc_peak4_fieldloss_geom
run85_sparc_1413,sparc_1413,0.620718,0.699688,0.652232,0.620621,0.667880,0.628246,0.902112,0.907791,0.942914,0.932954,0.765861,0.936126,spectrum_fno48_floor6_smooth1_qc_peak4_fieldloss
run85_sparc_1414,sparc_1414,0.626169,0.672981,0.617924,0.623070,0.648068,0.612297,0.939225,0.926778,0.929597,0.890157,0.780817,0.974932,spectrum_fno48_floor6_smooth1_qc_peak4_fieldloss_geom
run85_sparc_1416,sparc_1416,1.287315,1.723099,0.967094,0.719372,0.784448,0.675258,0.910921,0.886376,0.869014,0.940361,0.857701,0.954159,spectrum_fno48_floor6_smooth1_qc_peak4_fieldloss_geom
run85_sparc_1423,sparc_1423,0.755349,0.917277,0.680123,0.656340,0.668061,0.626306,0.949537,0.950390,0.930250,0.881911,0.786461,0.960117,spectrum_fno48_floor6_smooth1_qc_peak4_fieldloss_geom
run85_sparc_1441,sparc_1441,0.760621,0.945542,0.772142,0.661853,0.722790,0.651548,0.939361,0.943065,0.944170,0.913819,0.608664,0.918478,spectrum_fno48_floor6_smooth1_qc_peak4_fieldloss
run85_sparc_1507,sparc_1507,0.820365,0.963291,0.780510,0.717597,0.763451,0.699831,0.951874,0.949351,0.943943,0.921137,0.789314,0.921801,spectrum_fno48_floor6_smooth1_qc_peak4_fieldloss_geom
run85_sparc_1510,sparc_1510,0.640231,0.737536,0.687301,0.639995,0.633156,0.685728,0.900134,0.908852,0.932649,0.915548,0.771530,0.934609,spectrum_fno48_floor6_smooth1_qc_peak4_fieldloss
run85_sparc_1518,sparc_1518,0.664214,0.929829,0.676412,0.664020,0.741145,0.662824,0.929053,0.930571,0.925635,0.943276,0.877095,0.922173,spectrum_fno48_floor6_smooth1_qc_peak4_fieldloss
run86_sparc_1301,sparc_1301,0.616160,0.949300,0.676767,0.614722,0.772134,0.633496,0.905618,0.902159,0.935174,0.882006,0.856150,0.944172,spectrum_fno48_floor6_smooth1_qc_peak4_fieldloss
run86_sparc_1304,sparc_1304,1.254123,1.325433,1.153830,0.781348,0.805852,0.783793,0.911190,0.932725,0.937313,0.969104,0.783980,0.962097,spectrum_fno48_floor6_smooth1_qc_peak4_fieldloss_geom
run86_sparc_1350,sparc_1350,0.627372,1.035308,0.640299,0.589204,0.750295,0.601352,0.912007,0.902223,0.953469,0.935590,0.639279,0.869450,spectrum_fno48_floor6_smooth1_qc_peak4_fieldloss
run86_sparc_1353,sparc_1353,0.527475,0.725659,0.534103,0.518669,0.673592,0.524767,0.881217,0.880513,0.893502,0.899919,0.765187,0.911907,spectrum_fno48_floor6_smooth1_qc_peak4_fieldloss
run86_sparc_1354,sparc_1354,0.882265,0.860189,0.857287,0.879113,0.859339,0.856725,0.838109,0.835127,0.852479,0.971409,0.847384,0.980779,spectrum_fno48_floor6_smooth1_qc_peak4_fieldloss_geom
run86_sparc_1361,sparc_1361,0.497011,0.749023,0.527295,0.492764,0.703059,0.519285,0.901845,0.898942,0.905915,0.942399,0.802965,0.896273,spectrum_fno48_floor6_smooth1_qc_peak4_fieldloss
run86_sparc_1401,sparc_1401,0.724041,0.985678,0.803530,0.677011,0.784579,0.705185,0.924683,0.906006,0.876519,0.932291,0.879526,0.968263,spectrum_fno48_floor6_smooth1_qc_peak4_fieldloss
run86_sparc_1413,sparc_1413,0.583186,0.672564,0.639589,0.583171,0.670278,0.621601,0.852845,0.828777,0.937956,0.921393,0.835166,0.832895,spectrum_fno48_floor6_smooth1_qc_peak4_fieldloss
run86_sparc_1422,sparc_1422,0.668812,0.781062,0.701358,0.668803,0.780484,0.701276,0.879929,0.875118,0.869838,0.895637,0.813166,0.938352,spectrum_fno48_floor6_smooth1_qc_peak4_fieldloss
run86_sparc_1423,sparc_1423,0.749877,0.814483,0.891432,0.641851,0.665605,0.701812,0.937087,0.943888,0.929860,0.830717,0.557832,0.921509,spectrum_fno48_floor6_smooth1_qc_peak4_fieldloss
run86_sparc_1428,sparc_1428,0.978338,1.256545,0.951978,0.721427,0.804820,0.714484,0.736264,0.716189,0.667397,0.954429,0.818717,0.974683,spectrum_fno48_floor6_smooth1_qc_peak4_fieldloss_geom
run86_sparc_1441,sparc_1441,0.726904,1.322724,0.794836,0.666012,0.852925,0.705163,0.916425,0.924161,0.949574,0.692331,0.809931,0.826383,spectrum_fno48_floor6_smooth1_qc_peak4_fieldloss
run86_sparc_1504,sparc_1504,0.820963,1.260276,0.914064,0.716151,0.843135,0.758208,0.911521,0.914864,0.928970,0.924397,0.861203,0.927722,spectrum_fno48_floor6_smooth1_qc_peak4_fieldloss
run86_sparc_1506,sparc_1506,0.915647,1.259479,1.056242,0.720444,0.841331,0.777084,0.929286,0.929983,0.925146,0.804654,0.862941,0.892980,spectrum_fno48_floor6_smooth1_qc_peak4_fieldloss
run86_sparc_1514,sparc_1514,0.737448,0.824497,0.854304,0.737415,0.821881,0.851865,0.898523,0.875735,0.840475,0.951905,0.692476,0.967249,spectrum_fno48_floor6_smooth1_qc_peak4_fieldloss
run86_sparc_1519,sparc_1519,0.701444,0.824400,0.667373,0.678215,0.791226,0.620757,0.889794,0.889903,0.903562,0.897942,0.692921,0.941439,spectrum_fno48_floor6_smooth1_qc_peak4_fieldloss_geom
run86_sparc_1524,sparc_1524,0.590365,0.766113,0.624611,0.567431,0.759207,0.613498,0.444148,0.452417,0.539203,0.951908,0.714216,0.968216,spectrum_fno48_floor6_smooth1_qc_peak4_fieldloss
run86_sparc_1525,sparc_1525,0.777162,0.973556,0.934140,0.653094,0.768581,0.715209,0.931165,0.934736,0.936796,0.723857,0.664844,0.910745,spectrum_fno48_floor6_smooth1_qc_peak4_fieldloss
run86_sparc_1527,sparc_1527,0.716882,0.914465,0.852474,0.664573,0.756890,0.757699,0.937138,0.926558,0.935054,0.748510,0.751705,0.847192,spectrum_fno48_floor6_smooth1_qc_peak4_fieldloss
run87_sparc_1305,sparc_1305,0.899045,1.172335,1.132197,0.757397,0.809278,0.790320,0.900451,0.890571,0.913443,0.903557,0.870196,0.947762,spectrum_fno48_floor6_smooth1_qc_peak4_fieldloss
run87_sparc_1310,sparc_1310,0.573915,0.719253,0.599007,0.544641,0.647001,0.553755,0.906600,0.907644,0.935593,0.927549,0.722792,0.879582,spectrum_fno48_floor6_smooth1_qc_peak4_fieldloss
run87_sparc_1317,sparc_1317,0.584801,0.750365,0.594825,0.548043,0.641525,0.546789,0.894399,0.895073,0.917601,0.894976,0.841127,0.896792,spectrum_fno48_floor6_smooth1_qc_peak4_fieldloss
run87_sparc_1319,sparc_1319,0.584192,0.723125,0.569851,0.543499,0.656291,0.538897,0.891633,0.887450,0.929547,0.845394,0.884141,0.905923,spectrum_fno48_floor6_smooth1_qc_peak4_fieldloss_geom
run87_sparc_1349,sparc_1349,0.559930,0.758033,0.575606,0.515189,0.637840,0.531916,0.882105,0.887518,0.868471,0.931276,0.829760,0.953037,spectrum_fno48_floor6_smooth1_qc_peak4_fieldloss
run87_sparc_1351,sparc_1351,0.565488,0.672685,0.572464,0.532202,0.605595,0.545789,0.890893,0.887855,0.877728,0.886854,0.700475,0.934550,spectrum_fno48_floor6_smooth1_qc_peak4_fieldloss
run87_sparc_1353,sparc_1353,0.517548,0.673421,0.521559,0.501034,0.622097,0.510593,0.900320,0.893318,0.886766,0.898917,0.861157,0.933966,spectrum_fno48_floor6_smooth1_qc_peak4_fieldloss
run87_sparc_1356,sparc_1356,0.561546,0.702944,0.618527,0.541621,0.626331,0.574415,0.879410,0.883731,0.855883,0.898756,0.856191,0.903098,spectrum_fno48_floor6_smooth1_qc_peak4_fieldloss
run87_sparc_1360,sparc_1360,0.546954,0.713713,0.528332,0.507834,0.640646,0.506114,0.894430,0.894210,0.891640,0.947684,0.794335,0.922747,spectrum_fno48_floor6_smooth1_qc_peak4_fieldloss_geom
run87_sparc_1362,sparc_1362,0.507819,0.668151,0.524989,0.493761,0.615236,0.514762,0.905174,0.900112,0.896618,0.950943,0.923634,0.961527,spectrum_fno48_floor6_smooth1_qc_peak4_fieldloss
run87_sparc_1402,sparc_1402,0.363177,0.823828,0.571500,0.359957,0.632400,0.511435,0.905283,0.912812,0.919377,0.957749,0.910412,0.962754,spectrum_fno48_floor6_smooth1_qc_peak4_fieldloss
run87_sparc_1414,sparc_1414,0.593559,0.724105,0.606113,0.546919,0.621117,0.553685,0.909088,0.905156,0.938636,0.884282,0.779535,0.908203,spectrum_fno48_floor6_smooth1_qc_peak4_fieldloss
run87_sparc_1423,sparc_1423,1.063379,1.449754,1.368073,0.809868,0.873201,0.872503,0.845770,0.887589,0.842810,0.891787,0.845150,0.961928,spectrum_fno48_floor6_smooth1_qc_peak4_fieldloss
run87_sparc_1426,sparc_1426,1.076622,1.398875,1.310115,0.807218,0.872241,0.839560,0.914565,0.905619,0.895082,0.851656,0.797016,0.925439,spectrum_fno48_floor6_smooth1_qc_peak4_fieldloss
run87_sparc_1428,sparc_1428,1.093771,1.261883,1.275526,0.820926,0.855224,0.851191,0.920958,0.904900,0.890070,0.905098,0.749729,0.958891,spectrum_fno48_floor6_smooth1_qc_peak4_fieldloss
run87_sparc_1506,sparc_1506,0.799382,1.021378,0.838296,0.685800,0.768627,0.694245,0.880667,0.901659,0.856801,0.968361,0.941632,0.977493,spectrum_fno48_floor6_smooth1_qc_peak4_fieldloss
run87_sparc_1507,sparc_1507,0.625061,1.023854,0.674377,0.611683,0.748577,0.614815,0.920839,0.929319,0.938178,0.970958,0.958947,0.973795,spectrum_fno48_floor6_smooth1_qc_peak4_fieldloss
run87_sparc_1509,sparc_1509,0.544227,0.694603,0.554518,0.544206,0.670396,0.554495,0.907358,0.905643,0.900254,0.889601,0.930740,0.925890,spectrum_fno48_floor6_smooth1_qc_peak4_fieldloss
run87_sparc_1511,sparc_1511,0.553982,0.667266,0.571187,0.532792,0.612359,0.551358,0.917041,0.912815,0.956492,0.884448,0.818518,0.859078,spectrum_fno48_floor6_smooth1_qc_peak4_fieldloss
run87_sparc_1517,sparc_1517,0.553303,0.675208,0.540487,0.540113,0.636719,0.534911,0.899031,0.896993,0.910178,0.860316,0.811744,0.889244,spectrum_fno48_floor6_smooth1_qc_peak4_fieldloss_geom
run87_sparc_1521,sparc_1521,0.618141,1.159005,0.585026,0.602467,0.895326,0.578290,0.885737,0.872044,0.756264,0.912587,0.950017,0.963310,spectrum_fno48_floor6_smooth1_qc_peak4_fieldloss_geom
run87_sparc_1523,sparc_1523,0.505462,0.853357,0.633783,0.503524,0.706362,0.586756,0.892202,0.892582,0.875482,0.732582,0.874031,0.930292,spectrum_fno48_floor6_smooth1_qc_peak4_fieldloss
run87_sparc_1524,sparc_1524,0.642116,0.963786,0.843998,0.616747,0.745834,0.720072,0.880721,0.877687,0.834290,0.909795,0.882277,0.947475,spectrum_fno48_floor6_smooth1_qc_peak4_fieldloss
run87_sparc_1526,sparc_1526,0.804777,1.114616,0.911087,0.732667,0.801788,0.767761,0.896500,0.911537,0.904009,0.948898,0.776047,0.952990,spectrum_fno48_floor6_smooth1_qc_peak4_fieldloss
run87_sparc_1528,sparc_1528,1.054332,1.127610,1.326811,0.789912,0.818776,0.840559,0.844610,0.845138,0.799987,0.909826,0.854487,0.952467,spectrum_fno48_floor6_smooth1_qc_peak4_fieldloss
run88_sparc_1307,sparc_1307,0.659981,0.983890,0.810702,0.634084,0.782738,0.722625,0.770379,0.807986,0.670884,0.965860,0.961042,0.970947,spectrum_fno48_floor6_smooth1_qc_peak4_fieldloss
run88_sparc_1315,sparc_1315,0.539831,0.529847,0.554160,0.539609,0.527626,0.549788,0.930601,0.930523,0.935906,0.905854,0.884869,0.869199,spectrum_fno48_floor6_smooth1_qc_peak4
run88_sparc_1349,sparc_1349,0.582584,0.737538,0.607163,0.570306,0.668065,0.582900,0.905413,0.904837,0.896661,0.847164,0.903935,0.898299,spectrum_fno48_floor6_smooth1_qc_peak4_fieldloss
run88_sparc_1353,sparc_1353,0.633982,0.740852,0.674491,0.578513,0.687383,0.600066,0.905537,0.907989,0.885769,0.857698,0.897116,0.886747,spectrum_fno48_floor6_smooth1_qc_peak4_fieldloss
run88_sparc_1356,sparc_1356,0.634610,0.750370,0.665231,0.614444,0.708082,0.630737,0.912218,0.912438,0.904226,0.930810,0.897474,0.934128,spectrum_fno48_floor6_smooth1_qc_peak4_fieldloss
run88_sparc_1361,sparc_1361,0.550746,0.616339,0.556673,0.513208,0.563534,0.514795,0.916179,0.922683,0.916736,0.930940,0.854849,0.947195,spectrum_fno48_floor6_smooth1_qc_peak4_fieldloss
run88_sparc_1363,sparc_1363,0.675541,0.734914,0.777743,0.648672,0.704319,0.723810,0.909057,0.904159,0.894903,0.888034,0.907641,0.921606,spectrum_fno48_floor6_smooth1_qc_peak4_fieldloss
run88_sparc_1404,sparc_1404,0.686695,0.667341,0.636116,0.666817,0.647375,0.621604,0.910953,0.919100,0.914224,0.979835,0.912972,0.970517,spectrum_fno48_floor6_smooth1_qc_peak4_fieldloss_geom
run88_sparc_1406,sparc_1406,0.589341,0.650489,0.592199,0.580221,0.608631,0.577044,0.921486,0.925311,0.925032,0.947326,0.871033,0.948447,spectrum_fno48_floor6_smooth1_qc_peak4_fieldloss
run88_sparc_1409,sparc_1409,0.621299,0.695073,0.650323,0.605931,0.669590,0.625597,0.914240,0.909696,0.911272,0.926094,0.916534,0.937142,spectrum_fno48_floor6_smooth1_qc_peak4_fieldloss
run88_sparc_1421,sparc_1421,0.658562,0.655865,0.690436,0.610843,0.607860,0.639959,0.921512,0.923704,0.909257,0.766833,0.870164,0.870599,spectrum_fno48_floor6_smooth1_qc_peak4
run88_sparc_1424,sparc_1424,0.594079,0.634665,0.628572,0.593994,0.627825,0.628520,0.888443,0.902987,0.888132,0.862097,0.792396,0.884300,spectrum_fno48_floor6_smooth1_qc_peak4_fieldloss
run88_sparc_1425,sparc_1425,0.687359,0.699967,0.673994,0.631785,0.650660,0.644376,0.906722,0.906077,0.898993,0.931137,0.825436,0.939697,spectrum_fno48_floor6_smooth1_qc_peak4_fieldloss_geom
run88_sparc_1427,sparc_1427,0.650193,0.665774,0.620606,0.646025,0.658282,0.618740,0.920196,0.907583,0.904155,0.956071,0.934687,0.941454,spectrum_fno48_floor6_smooth1_qc_peak4_fieldloss_geom
run88_sparc_1440,sparc_1440,0.649793,0.674078,0.632348,0.649716,0.670259,0.632295,0.909166,0.923371,0.953363,0.961780,0.746937,0.886730,spectrum_fno48_floor6_smooth1_qc_peak4_fieldloss_geom
run88_sparc_1503,sparc_1503,0.557596,0.607730,0.534939,0.548653,0.606759,0.522717,0.936035,0.935285,0.945461,0.897775,0.906713,0.861420,spectrum_fno48_floor6_smooth1_qc_peak4_fieldloss_geom
run88_sparc_1504,sparc_1504,0.601200,0.645535,0.623158,0.600998,0.629890,0.617989,0.920102,0.917457,0.914184,0.924051,0.819399,0.939607,spectrum_fno48_floor6_smooth1_qc_peak4_fieldloss
run88_sparc_1513,sparc_1513,0.561566,0.578761,0.577496,0.552969,0.563627,0.569281,0.927599,0.928798,0.906924,0.937074,0.867113,0.951207,spectrum_fno48_floor6_smooth1_qc_peak4_fieldloss
run88_sparc_1515,sparc_1515,0.541214,0.563521,0.551408,0.532943,0.545374,0.540640,0.928530,0.932189,0.929511,0.885714,0.849501,0.905187,spectrum_fno48_floor6_smooth1_qc_peak4_fieldloss
run88_sparc_1523,sparc_1523,1.068362,1.067723,1.064306,0.992928,0.993941,0.994141,0.762413,0.776974,0.749912,0.979510,0.948053,0.983467,spectrum_fno48_floor6_smooth1_qc_peak4_fieldloss_geom
run88_sparc_1528,sparc_1528,0.595674,0.626727,0.616830,0.590639,0.625695,0.616431,0.915639,0.917874,0.919743,0.961472,0.919562,0.950341,spectrum_fno48_floor6_smooth1_qc_peak4_fieldloss
run89_sparc_1303,sparc_1303,0.595598,0.679828,0.562497,0.554356,0.679826,0.536012,0.915062,0.912904,0.926179,0.930358,0.917058,0.953177,spectrum_fno48_floor6_smooth1_qc_peak4_fieldloss_geom
run89_sparc_1305,sparc_1305,1.287495,1.377194,1.861357,0.933970,0.983213,0.896931,0.538490,0.621674,0.823377,0.642027,0.659208,0.917155,spectrum_fno48_floor6_smooth1_qc_peak4_fieldloss
run89_sparc_1309,sparc_1309,0.709334,0.883751,0.714943,0.704869,0.811906,0.708381,0.904489,0.865140,0.829031,0.922751,0.963688,0.953951,spectrum_fno48_floor6_smooth1_qc_peak4_fieldloss
run89_sparc_1314,sparc_1314,0.485314,0.582455,0.491971,0.480842,0.561203,0.486252,0.925070,0.926289,0.954825,0.893977,0.787512,0.891391,spectrum_fno48_floor6_smooth1_qc_peak4_fieldloss
run89_sparc_1353,sparc_1353,0.451023,0.657745,0.446971,0.449352,0.589791,0.445476,0.893702,0.890547,0.861465,0.884243,0.931948,0.939071,spectrum_fno48_floor6_smooth1_qc_peak4_fieldloss_geom
run89_sparc_1362,sparc_1362,0.452881,0.577682,0.448140,0.452862,0.555521,0.447958,0.884859,0.883702,0.867247,0.915096,0.948732,0.945156,spectrum_fno48_floor6_smooth1_qc_peak4_fieldloss_geom
run89_sparc_1364,sparc_1364,0.546527,0.707205,0.602001,0.527326,0.672084,0.571160,0.872898,0.874128,0.851261,0.917224,0.923367,0.963638,spectrum_fno48_floor6_smooth1_qc_peak4_fieldloss
run89_sparc_1402,sparc_1402,0.741715,0.824221,0.691134,0.709349,0.812147,0.675756,0.875394,0.911864,0.939829,0.912523,0.919372,0.952917,spectrum_fno48_floor6_smooth1_qc_peak4_fieldloss_geom
run89_sparc_1404,sparc_1404,1.913466,1.229773,1.978362,0.980403,0.997112,0.949179,0.709377,0.699921,0.664446,0.687743,0.469777,0.983848,spectrum_fno48_floor6_smooth1_qc_peak4
run89_sparc_1409,sparc_1409,0.551183,0.727460,0.551104,0.540972,0.660614,0.536092,0.914319,0.911807,0.895798,0.937420,0.938486,0.945552,spectrum_fno48_floor6_smooth1_qc_peak4_fieldloss_geom
run89_sparc_1410,sparc_1410,0.505421,0.628969,0.519479,0.505406,0.614537,0.519012,0.922311,0.924116,0.945425,0.872110,0.921344,0.867999,spectrum_fno48_floor6_smooth1_qc_peak4_fieldloss
run89_sparc_1417,sparc_1417,0.497304,0.621140,0.517430,0.491585,0.586993,0.515098,0.925493,0.929175,0.934207,0.885679,0.847188,0.928091,spectrum_fno48_floor6_smooth1_qc_peak4_fieldloss
run89_sparc_1421,sparc_1421,0.565047,0.594783,0.584932,0.559015,0.587717,0.574559,0.911040,0.913568,0.897297,0.866378,0.820144,0.874767,spectrum_fno48_floor6_smooth1_qc_peak4_fieldloss
run89_sparc_1422,sparc_1422,0.580840,0.668349,0.650560,0.568001,0.633726,0.618215,0.901951,0.909240,0.891383,0.879311,0.896742,0.930190,spectrum_fno48_floor6_smooth1_qc_peak4_fieldloss
run89_sparc_1426,sparc_1426,0.643214,0.819242,0.613224,0.642928,0.818676,0.612148,0.788351,0.795464,0.856712,0.974099,0.846055,0.967203,spectrum_fno48_floor6_smooth1_qc_peak4_fieldloss_geom
run89_sparc_1428,sparc_1428,0.736810,0.796639,0.787976,0.726770,0.764285,0.727599,0.872574,0.845548,0.860522,0.957639,0.870925,0.969257,spectrum_fno48_floor6_smooth1_qc_peak4_fieldloss
run89_sparc_1429,sparc_1429,0.689630,0.785954,0.717460,0.683014,0.764106,0.716247,0.864488,0.851749,0.813742,0.941916,0.935461,0.956674,spectrum_fno48_floor6_smooth1_qc_peak4_fieldloss
run89_sparc_1430,sparc_1430,1.143662,0.761474,0.816295,0.909453,0.695233,0.727185,0.173468,0.701885,0.844260,0.982356,0.937591,0.970230,spectrum_fno48_floor6_smooth1_qc_peak4
run89_sparc_1500,sparc_1500,0.685452,0.540036,0.378519,0.612399,0.535185,0.375345,0.985702,0.990759,0.989660,0.960959,0.856715,0.916135,spectrum_fno48_floor6_smooth1_qc_peak4_fieldloss_geom
run89_sparc_1501,sparc_1501,0.653041,0.629886,0.714222,0.627700,0.601953,0.679325,0.858927,0.892556,0.864466,0.895467,0.860136,0.929548,spectrum_fno48_floor6_smooth1_qc_peak4
run89_sparc_1510,sparc_1510,0.554291,0.653100,0.580656,0.522442,0.615958,0.543695,0.915464,0.918560,0.905810,0.901212,0.831336,0.900531,spectrum_fno48_floor6_smooth1_qc_peak4_fieldloss
run89_sparc_1512,sparc_1512,0.505690,0.637534,0.543659,0.498520,0.605931,0.532414,0.913146,0.920846,0.912217,0.857957,0.873342,0.852026,spectrum_fno48_floor6_smooth1_qc_peak4_fieldloss
run89_sparc_1517,sparc_1517,0.482767,0.595585,0.491327,0.478863,0.570107,0.488612,0.902120,0.906843,0.916997,0.903533,0.909250,0.910930,spectrum_fno48_floor6_smooth1_qc_peak4_fieldloss
run8_sparc_1302,sparc_1302,0.774560,0.880161,0.825784,0.733367,0.752705,0.736252,0.877887,0.874099,0.855023,0.965075,0.960781,0.979623,spectrum_fno48_floor6_smooth1_qc_peak4_fieldloss
run8_sparc_1313,sparc_1313,0.526299,0.557022,0.532482,0.497156,0.516425,0.501087,0.930211,0.933199,0.947814,0.936215,0.666496,0.910237,spectrum_fno48_floor6_smooth1_qc_peak4_fieldloss
run8_sparc_1350,sparc_1350,0.526299,0.557021,0.532482,0.497156,0.516424,0.501087,0.930211,0.933199,0.947815,0.936218,0.666506,0.910239,spectrum_fno48_floor6_smooth1_qc_peak4_fieldloss
run8_sparc_1403,sparc_1403,0.681327,0.784751,0.708802,0.627373,0.673890,0.630092,0.906691,0.904106,0.930739,0.969302,0.759196,0.976158,spectrum_fno48_floor6_smooth1_qc_peak4_fieldloss
run8_sparc_1405,sparc_1405,0.632548,0.711632,0.649074,0.628349,0.706856,0.642329,0.869637,0.845288,0.836898,0.943430,0.856432,0.939557,spectrum_fno48_floor6_smooth1_qc_peak4_fieldloss
run8_sparc_1408,sparc_1408,0.608425,0.749466,0.550503,0.602060,0.749460,0.549494,0.867379,0.870023,0.866668,0.960694,0.964497,0.935298,spectrum_fno48_floor6_smooth1_qc_peak4_fieldloss_geom
run8_sparc_1409,sparc_1409,0.537843,0.686178,0.538192,0.534649,0.646886,0.532201,0.902882,0.920933,0.914042,0.928551,0.877802,0.917530,spectrum_fno48_floor6_smooth1_qc_peak4_fieldloss
run8_sparc_1426,sparc_1426,0.643678,0.660450,0.678322,0.641338,0.659648,0.669078,0.887949,0.884738,0.862707,0.947403,0.830650,0.891211,spectrum_fno48_floor6_smooth1_qc_peak4_fieldloss
run8_sparc_1427,sparc_1427,0.654757,0.665839,0.640782,0.654690,0.660901,0.639557,0.899701,0.872939,0.885333,0.971721,0.922479,0.974557,spectrum_fno48_floor6_smooth1_qc_peak4_fieldloss_geom
run8_sparc_1428,sparc_1428,0.633816,0.670337,0.639607,0.633577,0.666645,0.638341,0.909031,0.905267,0.890783,0.947581,0.876928,0.950926,spectrum_fno48_floor6_smooth1_qc_peak4_fieldloss
run8_sparc_1440,sparc_1440,0.517626,0.662030,0.531604,0.510738,0.642468,0.520269,0.918343,0.919271,0.950951,0.878534,0.870082,0.873504,spectrum_fno48_floor6_smooth1_qc_peak4_fieldloss
run8_sparc_1502,sparc_1502,0.558499,0.641627,0.525131,0.557166,0.620624,0.525129,0.911820,0.924394,0.947386,0.917131,0.902942,0.884982,spectrum_fno48_floor6_smooth1_qc_peak4_fieldloss_geom
run8_sparc_1508,sparc_1508,1.042827,1.068679,1.011639,0.862665,0.896767,0.868102,0.623778,0.594666,0.658876,0.967901,0.832726,0.979980,spectrum_fno48_floor6_smooth1_qc_peak4_fieldloss_geom
run8_sparc_1510,sparc_1510,0.542367,0.632537,0.583298,0.532640,0.599156,0.558065,0.925704,0.933834,0.946847,0.938843,0.700489,0.896674,spectrum_fno48_floor6_smooth1_qc_peak4_fieldloss
run90_sparc_1302,sparc_1302,0.714993,0.677551,0.705746,0.713053,0.677549,0.702495,0.759563,0.769060,0.705930,0.981689,0.969653,0.983523,spectrum_fno48_floor6_smooth1_qc_peak4
run90_sparc_1307,sparc_1307,1.304354,1.250501,1.190078,0.923016,0.892521,0.908743,0.184759,0.375037,0.563206,0.982352,0.941177,0.987399,spectrum_fno48_floor6_smooth1_qc_peak4_fieldloss_geom
run90_sparc_1315,sparc_1315,0.555531,0.593375,0.595042,0.519681,0.522423,0.531038,0.936033,0.937203,0.946844,0.943459,0.878908,0.943330,spectrum_fno48_floor6_smooth1_qc_peak4_fieldloss
run90_sparc_1318,sparc_1318,0.510955,0.573673,0.524330,0.497106,0.543810,0.503384,0.933305,0.931482,0.957643,0.883882,0.632130,0.894672,spectrum_fno48_floor6_smooth1_qc_peak4_fieldloss
run90_sparc_1350,sparc_1350,0.550698,0.588924,0.572220,0.510874,0.525678,0.511529,0.934206,0.934432,0.967610,0.906018,0.701465,0.858489,spectrum_fno48_floor6_smooth1_qc_peak4_fieldloss
run90_sparc_1357,sparc_1357,0.569899,0.674160,0.606898,0.527041,0.571442,0.529386,0.913048,0.910088,0.904438,0.874405,0.862288,0.869949,spectrum_fno48_floor6_smooth1_qc_peak4_fieldloss
run90_sparc_1358,sparc_1358,0.479844,0.536656,0.500802,0.477650,0.529033,0.495543,0.908557,0.911377,0.903922,0.930404,0.906446,0.949356,spectrum_fno48_floor6_smooth1_qc_peak4_fieldloss
run90_sparc_1364,sparc_1364,0.456533,0.719862,0.507707,0.449209,0.654956,0.480641,0.889914,0.888573,0.892323,0.948562,0.937464,0.968049,spectrum_fno48_floor6_smooth1_qc_peak4_fieldloss
run90_sparc_1400,sparc_1400,0.539669,0.923118,0.259007,0.538268,0.905048,0.242160,0.991516,0.992493,0.994356,0.857955,0.835905,0.939181,spectrum_fno48_floor6_smooth1_qc_peak4_fieldloss_geom
run90_sparc_1408,sparc_1408,0.645246,0.777399,0.619445,0.642787,0.775424,0.616161,0.894661,0.896351,0.901366,0.965428,0.960372,0.955260,spectrum_fno48_floor6_smooth1_qc_peak4_fieldloss_geom
run90_sparc_1413,sparc_1413,0.523666,0.583520,0.531867,0.519731,0.554845,0.523460,0.928442,0.931180,0.926880,0.916058,0.777864,0.927754,spectrum_fno48_floor6_smooth1_qc_peak4_fieldloss
run90_sparc_1416,sparc_1416,0.540410,0.623368,0.550432,0.494883,0.561318,0.499537,0.924768,0.927073,0.923423,0.929352,0.795371,0.923052,spectrum_fno48_floor6_smooth1_qc_peak4_fieldloss
run90_sparc_1417,sparc_1417,0.487857,0.591694,0.507652,0.482747,0.562210,0.494787,0.925891,0.924827,0.924590,0.865409,0.842275,0.918667,spectrum_fno48_floor6_smooth1_qc_peak4_fieldloss
run90_sparc_1419,sparc_1419,0.476220,0.612685,0.537381,0.474496,0.573138,0.525308,0.914289,0.913547,0.904492,0.926403,0.836035,0.892545,spectrum_fno48_floor6_smooth1_qc_peak4_fieldloss
run90_sparc_1422,sparc_1422,0.587088,0.649135,0.680788,0.560026,0.617524,0.634186,0.902523,0.903817,0.898902,0.894173,0.832763,0.895732,spectrum_fno48_floor6_smooth1_qc_peak4_fieldloss
run90_sparc_1423,sparc_1423,0.574289,0.714388,0.588892,0.559109,0.676737,0.585527,0.901490,0.899536,0.883759,0.917541,0.846099,0.884188,spectrum_fno48_floor6_smooth1_qc_peak4_fieldloss
run90_sparc_1427,sparc_1427,0.593756,0.635161,0.615154,0.589531,0.633280,0.603225,0.901948,0.884143,0.892621,0.941631,0.836303,0.956433,spectrum_fno48_floor6_smooth1_qc_peak4_fieldloss
run90_sparc_1429,sparc_1429,0.598463,0.640229,0.641251,0.593776,0.632204,0.637921,0.900452,0.901210,0.890728,0.900611,0.853299,0.911787,spectrum_fno48_floor6_smooth1_qc_peak4_fieldloss
run90_sparc_1506,sparc_1506,0.622692,0.698588,0.624635,0.617049,0.696405,0.605180,0.885936,0.867236,0.874374,0.949021,0.886644,0.966874,spectrum_fno48_floor6_smooth1_qc_peak4_fieldloss
run90_sparc_1593,sparc_1593,0.632496,0.740349,0.634581,0.610896,0.677027,0.598742,0.904849,0.904848,0.933602,0.969756,0.884653,0.954807,spectrum_fno48_floor6_smooth1_qc_peak4_fieldloss
run91_sparc_1304,sparc_1304,0.709283,0.916387,0.855023,0.655052,0.716155,0.709594,0.941093,0.944019,0.939419,0.845148,0.603881,0.930029,spectrum_fno48_floor6_smooth1_qc_peak4_fieldloss
run91_sparc_1313,sparc_1313,0.707835,0.837840,0.652149,0.707321,0.771841,0.638713,0.943911,0.941931,0.963069,0.897361,0.851561,0.905828,spectrum_fno48_floor6_smooth1_qc_peak4_fieldloss_geom
run91_sparc_1358,sparc_1358,0.558382,0.671551,0.561982,0.523986,0.671134,0.556939,0.929864,0.932525,0.922913,0.908079,0.865438,0.945868,spectrum_fno48_floor6_smooth1_qc_peak4_fieldloss
run91_sparc_1363,sparc_1363,0.558441,0.721676,0.591991,0.551725,0.682077,0.558756,0.917325,0.926217,0.907002,0.847639,0.845424,0.895358,spectrum_fno48_floor6_smooth1_qc_peak4_fieldloss
run91_sparc_1401,sparc_1401,0.743343,0.889802,0.815135,0.616635,0.655641,0.657873,0.947037,0.958989,0.958660,0.967034,0.858860,0.956110,spectrum_fno48_floor6_smooth1_qc_peak4_fieldloss
run91_sparc_1406,sparc_1406,0.751211,0.921236,0.776996,0.724542,0.757217,0.742002,0.949508,0.952735,0.948683,0.897763,0.775401,0.928812,spectrum_fno48_floor6_smooth1_qc_peak4_fieldloss
run91_sparc_1409,sparc_1409,0.706122,0.747963,0.733479,0.629328,0.692771,0.647256,0.946877,0.945066,0.931079,0.929052,0.763074,0.930332,spectrum_fno48_floor6_smooth1_qc_peak4_fieldloss
run91_sparc_1413,sparc_1413,0.744576,0.859534,0.704759,0.724251,0.793308,0.682502,0.901647,0.918078,0.938869,0.916498,0.847117,0.906083,spectrum_fno48_floor6_smooth1_qc_peak4_fieldloss_geom
run91_sparc_1414,sparc_1414,0.674463,0.717242,0.660231,0.672332,0.712756,0.660144,0.925546,0.933956,0.930628,0.906573,0.780429,0.934055,spectrum_fno48_floor6_smooth1_qc_peak4_fieldloss_geom
run91_sparc_1416,sparc_1416,0.615366,0.862285,0.655439,0.613578,0.691484,0.655335,0.933636,0.940226,0.916892,0.930109,0.823688,0.956040,spectrum_fno48_floor6_smooth1_qc_peak4_fieldloss
run91_sparc_1420,sparc_1420,0.677843,0.792511,0.629917,0.677521,0.755621,0.624598,0.915409,0.928549,0.913903,0.913947,0.643717,0.933636,spectrum_fno48_floor6_smooth1_qc_peak4_fieldloss_geom
run91_sparc_1440,sparc_1440,0.732561,0.911036,0.671109,0.710199,0.770280,0.660483,0.950731,0.953450,0.973488,0.919734,0.695062,0.700931,spectrum_fno48_floor6_smooth1_qc_peak4_fieldloss_geom
run91_sparc_1500,sparc_1500,0.359603,0.376217,0.318344,0.312320,0.333705,0.291615,0.957013,0.984827,0.981988,0.831191,0.837802,0.920953,spectrum_fno48_floor6_smooth1_qc_peak4_fieldloss_geom
run91_sparc_1501,sparc_1501,0.797272,1.029719,0.796655,0.671608,0.749994,0.650357,0.958833,0.958934,0.959032,0.891854,0.888537,0.926727,spectrum_fno48_floor6_smooth1_qc_peak4_fieldloss_geom
run91_sparc_1504,sparc_1504,0.937261,0.959313,0.935888,0.652899,0.730622,0.636456,0.939656,0.941076,0.948572,0.925165,0.672323,0.920041,spectrum_fno48_floor6_smooth1_qc_peak4_fieldloss_geom
run91_sparc_1507,sparc_1507,0.861164,0.972721,0.928676,0.709432,0.757443,0.699390,0.945133,0.946262,0.945272,0.958345,0.807472,0.930031,spectrum_fno48_floor6_smooth1_qc_peak4_fieldloss
run91_sparc_1513,sparc_1513,0.613954,0.725759,0.632865,0.613213,0.719055,0.631617,0.945254,0.945905,0.916167,0.927427,0.785167,0.958042,spectrum_fno48_floor6_smooth1_qc_peak4_fieldloss
run91_sparc_1525,sparc_1525,0.697336,0.729015,0.699590,0.629836,0.656552,0.611751,0.957363,0.953406,0.953366,0.848857,0.699151,0.920125,spectrum_fno48_floor6_smooth1_qc_peak4_fieldloss
run91_sparc_1526,sparc_1526,0.868080,0.851652,0.869497,0.640501,0.659425,0.636278,0.940115,0.941208,0.951660,0.950882,0.693016,0.945850,spectrum_fno48_floor6_smooth1_qc_peak4
run91_sparc_1528,sparc_1528,1.036769,1.103012,0.892425,0.731936,0.825851,0.691042,0.792619,0.826358,0.747475,0.961730,0.775661,0.960994,spectrum_fno48_floor6_smooth1_qc_peak4_fieldloss_geom
run91_sparc_1529,sparc_1529,0.522454,0.869211,0.576470,0.516236,0.712943,0.564773,0.905980,0.912778,0.917808,0.847998,0.852208,0.910595,spectrum_fno48_floor6_smooth1_qc_peak4_fieldloss
run92_sparc_1301,sparc_1301,0.458282,0.579981,0.614040,0.454300,0.524763,0.555350,0.907212,0.913821,0.901033,0.849535,0.833865,0.901245,spectrum_fno48_floor6_smooth1_qc_peak4_fieldloss
run92_sparc_1307,sparc_1307,1.082414,1.206113,1.072058,0.760155,0.800076,0.749342,0.844245,0.875958,0.868595,0.933925,0.901080,0.946939,spectrum_fno48_floor6_smooth1_qc_peak4_fieldloss_geom
run92_sparc_1309,sparc_1309,0.556434,0.679571,0.563620,0.543184,0.627966,0.548318,0.911481,0.905006,0.878377,0.926030,0.858173,0.931745,spectrum_fno48_floor6_smooth1_qc_peak4_fieldloss
run92_sparc_1310,sparc_1310,0.494974,0.578641,0.493291,0.494884,0.576928,0.493234,0.913373,0.916395,0.937853,0.940018,0.729399,0.898054,spectrum_fno48_floor6_smooth1_qc_peak4_fieldloss_geom
run92_sparc_1313,sparc_1313,0.477896,0.518398,0.487434,0.475339,0.509414,0.483162,0.926591,0.925852,0.958325,0.907832,0.569921,0.863035,spectrum_fno48_floor6_smooth1_qc_peak4_fieldloss
run92_sparc_1349,sparc_1349,0.451687,0.552103,0.454692,0.451612,0.542110,0.454631,0.893854,0.900528,0.879936,0.893213,0.863812,0.882241,spectrum_fno48_floor6_smooth1_qc_peak4_fieldloss
run92_sparc_1351,sparc_1351,0.489891,0.539223,0.502699,0.475823,0.510166,0.486730,0.912817,0.916089,0.909593,0.943032,0.678983,0.917007,spectrum_fno48_floor6_smooth1_qc_peak4_fieldloss
run92_sparc_1352,sparc_1352,0.535518,0.597042,0.568631,0.479772,0.529923,0.504945,0.916231,0.917213,0.916261,0.931713,0.842867,0.908559,spectrum_fno48_floor6_smooth1_qc_peak4_fieldloss
run92_sparc_1355,sparc_1355,0.445175,0.524526,0.462934,0.444107,0.511288,0.459896,0.906244,0.906152,0.893244,0.894670,0.879468,0.948468,spectrum_fno48_floor6_smooth1_qc_peak4_fieldloss
run92_sparc_1358,sparc_1358,0.464584,0.486819,0.484846,0.463794,0.484608,0.478365,0.905231,0.909665,0.901237,0.923036,0.844997,0.918484,spectrum_fno48_floor6_smooth1_qc_peak4_fieldloss
run92_sparc_1363,sparc_1363,0.466034,0.574075,0.491484,0.462866,0.555554,0.485823,0.906052,0.907626,0.893941,0.925088,0.874435,0.928022,spectrum_fno48_floor6_smooth1_qc_peak4_fieldloss
run92_sparc_1410,sparc_1410,0.538317,0.586629,0.536006,0.517013,0.555353,0.512552,0.923995,0.931138,0.946869,0.932054,0.694429,0.861774,spectrum_fno48_floor6_smooth1_qc_peak4_fieldloss_geom
run92_sparc_1416,sparc_1416,0.486478,0.544689,0.522952,0.469811,0.528069,0.497450,0.917759,0.920702,0.929911,0.932111,0.821921,0.926433,spectrum_fno48_floor6_smooth1_qc_peak4_fieldloss
run92_sparc_1421,sparc_1421,0.540347,0.575975,0.578242,0.538467,0.562874,0.573406,0.898477,0.903598,0.885953,0.877499,0.735266,0.887435,spectrum_fno48_floor6_smooth1_qc_peak4_fieldloss
run92_sparc_1425,sparc_1425,0.615054,0.672603,0.662076,0.596326,0.650800,0.626422,0.904385,0.899840,0.890171,0.947026,0.895425,0.940584,spectrum_fno48_floor6_smooth1_qc_peak4_fieldloss
run92_sparc_1426,sparc_1426,0.610490,0.660669,0.659014,0.610042,0.660635,0.652054,0.882349,0.863818,0.869033,0.920293,0.886946,0.933548,spectrum_fno48_floor6_smooth1_qc_peak4_fieldloss
run92_sparc_1430,sparc_1430,0.744678,0.824304,0.715714,0.622173,0.656997,0.632026,0.877715,0.919593,0.904800,0.933804,0.869050,0.940206,spectrum_fno48_floor6_smooth1_qc_peak4_fieldloss_geom
run92_sparc_1440,sparc_1440,0.542120,0.750370,0.530812,0.539578,0.715378,0.524837,0.923502,0.912566,0.900493,0.895515,0.926041,0.950550,spectrum_fno48_floor6_smooth1_qc_peak4_fieldloss_geom
run92_sparc_1505,sparc_1505,0.540351,0.718001,0.545891,0.540040,0.672550,0.544258,0.913529,0.903973,0.904005,0.943311,0.828001,0.938296,spectrum_fno48_floor6_smooth1_qc_peak4_fieldloss
run92_sparc_1507,sparc_1507,0.571272,1.224291,0.614066,0.569490,0.866495,0.591610,0.853905,0.726025,0.817679,0.977907,0.970263,0.984885,spectrum_fno48_floor6_smooth1_qc_peak4_fieldloss
run92_sparc_1511,sparc_1511,0.525310,0.564672,0.541852,0.521702,0.547251,0.535412,0.932620,0.933005,0.950091,0.909727,0.800289,0.852291,spectrum_fno48_floor6_smooth1_qc_peak4_fieldloss
run92_sparc_1513,sparc_1513,0.501668,0.530937,0.518973,0.490560,0.520307,0.500001,0.927132,0.926969,0.931168,0.851439,0.872334,0.891793,spectrum_fno48_floor6_smooth1_qc_peak4_fieldloss
run92_sparc_1518,sparc_1518,0.457855,0.504900,0.475827,0.457598,0.504719,0.472719,0.920135,0.922613,0.917547,0.910242,0.832316,0.932695,spectrum_fno48_floor6_smooth1_qc_peak4_fieldloss
run92_sparc_1530,sparc_1530,0.653556,0.631590,0.814398,0.653491,0.629743,0.767107,0.765971,0.848078,0.889102,0.994213,0.992146,0.983128,spectrum_fno48_floor6_smooth1_qc_peak4
run93_sparc_1311,sparc_1311,0.648459,0.645229,0.645089,0.631055,0.598930,0.626397,0.921614,0.922210,0.929376,0.864597,0.683389,0.894080,spectrum_fno48_floor6_smooth1_qc_peak4_fieldloss_geom
run93_sparc_1349,sparc_1349,0.730546,0.788008,0.809958,0.700603,0.741381,0.750620,0.924445,0.920857,0.929079,0.947576,0.815227,0.947402,spectrum_fno48_floor6_smooth1_qc_peak4_fieldloss
run93_sparc_1355,sparc_1355,0.708922,0.731565,0.730042,0.689676,0.702440,0.709286,0.933446,0.932370,0.933060,0.949264,0.840831,0.954044,spectrum_fno48_floor6_smooth1_qc_peak4_fieldloss
run93_sparc_1408,sparc_1408,0.715059,0.734665,0.696676,0.708118,0.732224,0.692786,0.909288,0.865605,0.900923,0.900896,0.948947,0.954769,spectrum_fno48_floor6_smooth1_qc_peak4_fieldloss_geom
run93_sparc_1411,sparc_1411,0.621786,0.595737,0.617782,0.613955,0.573468,0.606966,0.925768,0.934398,0.931675,0.882814,0.683240,0.875293,spectrum_fno48_floor6_smooth1_qc_peak4
run93_sparc_1413,sparc_1413,0.638621,0.627111,0.635946,0.623883,0.594096,0.622621,0.929313,0.938047,0.958979,0.857546,0.620219,0.836671,spectrum_fno48_floor6_smooth1_qc_peak4
run93_sparc_1417,sparc_1417,0.639988,0.652365,0.634003,0.633897,0.645354,0.626529,0.930862,0.938080,0.939929,0.819943,0.597337,0.932423,spectrum_fno48_floor6_smooth1_qc_peak4_fieldloss_geom
run93_sparc_1426,sparc_1426,0.618719,0.620733,0.695187,0.617490,0.616097,0.683290,0.912772,0.906697,0.909305,0.809843,0.612872,0.829864,spectrum_fno48_floor6_smooth1_qc_peak4_fieldloss
run93_sparc_1428,sparc_1428,0.703800,1.051471,0.846715,0.658195,0.784984,0.692684,0.295108,0.558156,0.629987,0.990247,0.949600,0.988633,spectrum_fno48_floor6_smooth1_qc_peak4_fieldloss
run93_sparc_1429,sparc_1429,0.934421,1.169698,0.873905,0.655265,0.705639,0.672866,0.830684,0.750081,0.809033,0.980694,0.977545,0.984019,spectrum_fno48_floor6_smooth1_qc_peak4_fieldloss_geom
run93_sparc_1504,sparc_1504,0.922614,1.009881,0.989169,0.756958,0.770352,0.769231,0.917638,0.921260,0.913915,0.866342,0.820156,0.918715,spectrum_fno48_floor6_smooth1_qc_peak4_fieldloss
run93_sparc_1507,sparc_1507,0.930442,0.958556,0.912734,0.777800,0.802057,0.770900,0.930690,0.931432,0.934702,0.802394,0.931996,0.833132,spectrum_fno48_floor6_smooth1_qc_peak4_fieldloss_geom
run93_sparc_1508,sparc_1508,0.723577,0.738891,0.709389,0.708103,0.737091,0.699814,0.915292,0.860336,0.906943,0.903028,0.931913,0.935581,spectrum_fno48_floor6_smooth1_qc_peak4_fieldloss_geom
run93_sparc_1528,sparc_1528,0.725268,0.859976,0.747734,0.671049,0.776488,0.699087,0.904761,0.893692,0.896476,0.884073,0.860615,0.930702,spectrum_fno48_floor6_smooth1_qc_peak4_fieldloss
run94_sparc_1306,sparc_1306,1.120637,1.156872,1.108968,0.870230,0.903381,0.912096,0.888771,0.881142,0.889710,0.886951,0.847599,0.931903,spectrum_fno48_floor6_smooth1_qc_peak4_fieldloss_geom
run94_sparc_1307,sparc_1307,0.890056,0.894093,0.863512,0.787088,0.819521,0.796731,0.877290,0.871207,0.889630,0.950688,0.853957,0.975154,spectrum_fno48_floor6_smooth1_qc_peak4_fieldloss_geom
run94_sparc_1308,sparc_1308,0.759242,0.825911,0.768037,0.706922,0.722645,0.710114,0.858838,0.884562,0.869215,0.978059,0.972866,0.980332,spectrum_fno48_floor6_smooth1_qc_peak4_fieldloss
run94_sparc_1309,sparc_1309,1.010147,1.054350,1.080947,0.880760,0.886426,0.859824,0.423885,-0.035425,0.324592,0.982311,0.979081,0.986719,spectrum_fno48_floor6_smooth1_qc_peak4_fieldloss
run94_sparc_1313,sparc_1313,0.515105,0.716207,0.503611,0.503588,0.639649,0.495844,0.919892,0.917604,0.954108,0.909262,0.844469,0.870233,spectrum_fno48_floor6_smooth1_qc_peak4_fieldloss_geom
run94_sparc_1318,sparc_1318,0.519614,0.873924,0.507556,0.508299,0.740728,0.500670,0.902514,0.892433,0.927870,0.922769,0.888700,0.894383,spectrum_fno48_floor6_smooth1_qc_peak4_fieldloss_geom
run94_sparc_1319,sparc_1319,0.525644,0.894407,0.511983,0.514522,0.753471,0.505062,0.901526,0.891991,0.921629,0.924659,0.892019,0.889638,spectrum_fno48_floor6_smooth1_qc_peak4_fieldloss_geom
run94_sparc_1350,sparc_1350,0.515105,0.716207,0.503611,0.503588,0.639649,0.495844,0.919891,0.917604,0.954108,0.909262,0.844469,0.870234,spectrum_fno48_floor6_smooth1_qc_peak4_fieldloss_geom
run94_sparc_1355,sparc_1355,0.478043,0.790992,0.509821,0.478025,0.720310,0.508442,0.898465,0.894091,0.885036,0.923503,0.860418,0.947459,spectrum_fno48_floor6_smooth1_qc_peak4_fieldloss
run94_sparc_1356,sparc_1356,0.525775,0.662743,0.529138,0.517197,0.598450,0.519374,0.899766,0.897399,0.882956,0.908580,0.821989,0.924509,spectrum_fno48_floor6_smooth1_qc_peak4_fieldloss
run94_sparc_1415,sparc_1415,0.514351,0.807592,0.516416,0.514316,0.709110,0.516416,0.908228,0.904502,0.923549,0.935505,0.842630,0.912966,spectrum_fno48_floor6_smooth1_qc_peak4_fieldloss
run94_sparc_1419,sparc_1419,0.566060,1.000888,0.559693,0.563085,0.860874,0.558344,0.893955,0.883595,0.878505,0.902757,0.888540,0.890469,spectrum_fno48_floor6_smooth1_qc_peak4_fieldloss_geom
run94_sparc_1424,sparc_1424,1.226202,1.133732,1.436409,0.851410,0.857945,0.898181,0.917865,0.903728,0.904210,0.836377,0.440202,0.932800,spectrum_fno48_floor6_smooth1_qc_peak4
run94_sparc_1429,sparc_1429,1.369047,2.058003,1.880422,0.895760,0.954267,0.915772,0.604205,0.612954,0.704115,0.951685,0.899425,0.974324,spectrum_fno48_floor6_smooth1_qc_peak4_fieldloss
run94_sparc_1505,sparc_1505,0.879163,1.054527,0.964900,0.784230,0.822258,0.801180,0.858003,0.827193,0.838897,0.905626,0.848984,0.954105,spectrum_fno48_floor6_smooth1_qc_peak4_fieldloss
run94_sparc_1509,sparc_1509,0.853759,1.037778,1.068434,0.759160,0.819820,0.778178,0.767241,0.867190,0.879450,0.860684,0.872382,0.934947,spectrum_fno48_floor6_smooth1_qc_peak4_fieldloss
run94_sparc_1513,sparc_1513,0.499758,0.787969,0.520113,0.495824,0.702504,0.519636,0.916434,0.912095,0.914447,0.910943,0.852434,0.909126,spectrum_fno48_floor6_smooth1_qc_peak4_fieldloss
run94_sparc_1514,sparc_1514,0.506131,0.792446,0.528867,0.504449,0.722538,0.521977,0.911871,0.909476,0.922855,0.933437,0.842690,0.906925,spectrum_fno48_floor6_smooth1_qc_peak4_fieldloss
run94_sparc_1520,sparc_1520,0.507551,0.697345,0.520155,0.501758,0.662805,0.511920,0.901995,0.895458,0.874888,0.929481,0.873919,0.940378,spectrum_fno48_floor6_smooth1_qc_peak4_fieldloss
run94_sparc_1525,sparc_1525,1.088863,1.104447,1.206142,0.811613,0.807223,0.837498,0.924897,0.910760,0.907742,0.824949,0.742423,0.946540,spectrum_fno48_floor6_smooth1_qc_peak4_fieldloss
run94_sparc_1527,sparc_1527,0.827891,0.901249,1.056927,0.779482,0.783514,0.843175,0.909005,0.926662,0.919931,0.864059,0.783304,0.931564,spectrum_fno48_floor6_smooth1_qc_peak4_fieldloss
run95_sparc_1310,sparc_1310,0.713257,0.762371,0.698341,0.713110,0.761444,0.697883,0.899945,0.856465,0.909758,0.945778,0.915112,0.969902,spectrum_fno48_floor6_smooth1_qc_peak4_fieldloss_geom
run95_sparc_1314,sparc_1314,0.685922,0.691209,0.651595,0.683103,0.689061,0.644547,0.911098,0.915249,0.949605,0.902557,0.903546,0.878988,spectrum_fno48_floor6_smooth1_qc_peak4_fieldloss_geom
run95_sparc_1315,sparc_1315,0.667770,0.661371,0.667067,0.666431,0.656353,0.635122,0.901534,0.901072,0.917272,0.889364,0.858522,0.924574,spectrum_fno48_floor6_smooth1_qc_peak4
run95_sparc_1316,sparc_1316,0.667239,0.674427,0.686780,0.626800,0.660244,0.616711,0.914074,0.910954,0.896280,0.878382,0.816534,0.903528,spectrum_fno48_floor6_smooth1_qc_peak4_fieldloss
run95_sparc_1318,sparc_1318,0.690196,0.696013,0.665130,0.649025,0.676911,0.614440,0.898371,0.914120,0.921847,0.877226,0.810000,0.919492,spectrum_fno48_floor6_smooth1_qc_peak4_fieldloss_geom
run95_sparc_1319,sparc_1319,0.700014,0.702512,0.720154,0.642448,0.675018,0.620454,0.896849,0.916161,0.918453,0.892126,0.816345,0.928306,spectrum_fno48_floor6_smooth1_qc_peak4_fieldloss
run95_sparc_1350,sparc_1350,0.677029,0.671364,0.640282,0.670935,0.669996,0.632826,0.917345,0.920879,0.958566,0.894209,0.892528,0.856073,spectrum_fno48_floor6_smooth1_qc_peak4_fieldloss_geom
run95_sparc_1364,sparc_1364,0.815353,0.758558,0.815580,0.715995,0.700536,0.708758,0.908900,0.907264,0.885888,0.936363,0.905645,0.953760,spectrum_fno48_floor6_smooth1_qc_peak4
run95_sparc_1403,sparc_1403,0.551899,0.582021,0.490304,0.527266,0.562663,0.479199,0.944918,0.952288,0.968241,0.932565,0.884643,0.906786,spectrum_fno48_floor6_smooth1_qc_peak4_fieldloss_geom
run95_sparc_1409,sparc_1409,1.299452,1.103068,1.080935,0.932343,0.936561,0.972057,0.729856,0.682465,0.587572,0.949087,0.903856,0.972818,spectrum_fno48_floor6_smooth1_qc_peak4_fieldloss_geom
run95_sparc_1415,sparc_1415,0.729111,0.690343,0.682379,0.717393,0.690037,0.681561,0.901641,0.910569,0.885063,0.918515,0.843501,0.944428,spectrum_fno48_floor6_smooth1_qc_peak4_fieldloss_geom
run95_sparc_1416,sparc_1416,0.674560,0.668728,0.657904,0.674525,0.668705,0.657778,0.913029,0.920337,0.909477,0.912653,0.748539,0.914788,spectrum_fno48_floor6_smooth1_qc_peak4_fieldloss_geom
run95_sparc_1423,sparc_1423,0.753921,0.741456,0.812572,0.751509,0.733443,0.806247,0.886793,0.875592,0.840724,0.958833,0.929093,0.971585,spectrum_fno48_floor6_smooth1_qc_peak4
run95_sparc_1430,sparc_1430,1.016123,1.012652,1.116008,0.908029,0.879454,0.925022,0.842489,0.894863,0.837279,0.991398,0.987226,0.988579,spectrum_fno48_floor6_smooth1_qc_peak4
run95_sparc_1502,sparc_1502,0.637570,0.747860,0.525287,0.635068,0.745439,0.522062,0.937637,0.946419,0.962143,0.944158,0.956677,0.894159,spectrum_fno48_floor6_smooth1_qc_peak4_fieldloss_geom
run95_sparc_1503,sparc_1503,0.539199,0.589210,0.505813,0.538832,0.557089,0.505711,0.940303,0.945229,0.955071,0.922003,0.912509,0.915141,spectrum_fno48_floor6_smooth1_qc_peak4_fieldloss_geom
run95_sparc_1505,sparc_1505,0.573819,0.689605,0.588238,0.570017,0.593497,0.558188,0.940655,0.941463,0.940623,0.909974,0.871435,0.914673,spectrum_fno48_floor6_smooth1_qc_peak4_fieldloss
run95_sparc_1509,sparc_1509,1.503006,1.257975,1.154755,0.942539,0.948773,0.970364,0.695752,0.654433,0.617824,0.952864,0.917984,0.973335,spectrum_fno48_floor6_smooth1_qc_peak4_fieldloss_geom
run95_sparc_1510,sparc_1510,0.676217,0.683050,0.672481,0.667726,0.678984,0.647253,0.930242,0.927003,0.926947,0.913994,0.757702,0.963210,spectrum_fno48_floor6_smooth1_qc_peak4_fieldloss_geom
run95_sparc_1514,sparc_1514,0.767700,0.693753,0.713926,0.721001,0.689028,0.691546,0.906862,0.909707,0.897046,0.935101,0.884284,0.939156,spectrum_fno48_floor6_smooth1_qc_peak4
run95_sparc_1515,sparc_1515,0.767269,0.721967,0.708157,0.657591,0.667895,0.654269,0.905879,0.909510,0.896642,0.889997,0.864761,0.882087,spectrum_fno48_floor6_smooth1_qc_peak4_fieldloss_geom
run95_sparc_1518,sparc_1518,0.627711,0.691416,0.644481,0.613496,0.678351,0.615507,0.907670,0.905162,0.889552,0.913983,0.760002,0.937278,spectrum_fno48_floor6_smooth1_qc_peak4_fieldloss
run95_sparc_1523,sparc_1523,1.642303,1.418191,1.586556,0.959344,0.961198,0.960255,0.823273,0.813775,0.826887,0.872791,0.820915,0.886346,spectrum_fno48_floor6_smooth1_qc_peak4
run96_sparc_1307,sparc_1307,1.235958,1.405810,1.369000,0.755733,0.811332,0.797406,0.906271,0.893994,0.883619,0.953310,0.935782,0.949638,spectrum_fno48_floor6_smooth1_qc_peak4_fieldloss
run96_sparc_1315,sparc_1315,0.497182,0.584420,0.498314,0.483138,0.543265,0.485067,0.922543,0.925810,0.941817,0.946467,0.711078,0.932233,spectrum_fno48_floor6_smooth1_qc_peak4_fieldloss
run96_sparc_1317,sparc_1317,0.464166,0.560548,0.479896,0.460370,0.542054,0.475826,0.926353,0.929195,0.943693,0.946668,0.830012,0.930390,spectrum_fno48_floor6_smooth1_qc_peak4_fieldloss
run96_sparc_1349,sparc_1349,0.452661,0.554248,0.454638,0.447588,0.551757,0.448659,0.894835,0.902523,0.891745,0.914347,0.818916,0.925774,spectrum_fno48_floor6_smooth1_qc_peak4_fieldloss
run96_sparc_1353,sparc_1353,0.447709,0.572877,0.449732,0.434750,0.548237,0.439048,0.908975,0.911384,0.907383,0.884652,0.867125,0.929110,spectrum_fno48_floor6_smooth1_qc_peak4_fieldloss
run96_sparc_1357,sparc_1357,0.476945,0.588321,0.488693,0.473304,0.577883,0.488693,0.922714,0.910161,0.915351,0.871589,0.783262,0.931506,spectrum_fno48_floor6_smooth1_qc_peak4_fieldloss
run96_sparc_1363,sparc_1363,0.432272,0.566251,0.436427,0.431753,0.545091,0.436145,0.911189,0.910277,0.903392,0.929381,0.869339,0.951368,spectrum_fno48_floor6_smooth1_qc_peak4_fieldloss
run96_sparc_1364,sparc_1364,0.465745,0.619533,0.486227,0.465234,0.607333,0.485184,0.904713,0.896352,0.905230,0.882398,0.894116,0.920105,spectrum_fno48_floor6_smooth1_qc_peak4_fieldloss
run96_sparc_1403,sparc_1403,0.570804,0.824845,0.571706,0.510958,0.676263,0.527825,0.919616,0.914348,0.913662,0.852570,0.933385,0.937944,spectrum_fno48_floor6_smooth1_qc_peak4_fieldloss
run96_sparc_1411,sparc_1411,0.483430,0.531221,0.503016,0.476442,0.510854,0.493839,0.923983,0.927862,0.916335,0.930262,0.844594,0.958091,spectrum_fno48_floor6_smooth1_qc_peak4_fieldloss
run96_sparc_1413,sparc_1413,0.488034,0.547558,0.521387,0.487995,0.543690,0.521279,0.936089,0.935751,0.961198,0.954431,0.590650,0.917409,spectrum_fno48_floor6_smooth1_qc_peak4_fieldloss
run96_sparc_1440,sparc_1440,0.754683,0.955732,0.699989,0.592780,0.738231,0.511459,0.857767,0.867191,0.950135,0.935518,0.715122,0.842230,spectrum_fno48_floor6_smooth1_qc_peak4_fieldloss_geom
run96_sparc_1516,sparc_1516,0.528449,0.577181,0.544122,0.505427,0.547342,0.514263,0.929762,0.929941,0.927067,0.916128,0.568131,0.941209,spectrum_fno48_floor6_smooth1_qc_peak4_fieldloss
run96_sparc_1518,sparc_1518,0.493640,0.575954,0.472811,0.474132,0.548864,0.461609,0.921086,0.919808,0.928562,0.918576,0.819546,0.921358,spectrum_fno48_floor6_smooth1_qc_peak4_fieldloss_geom
run96_sparc_1524,sparc_1524,0.730907,0.729781,0.775194,0.700924,0.698068,0.744106,0.890241,0.882451,0.880922,0.829016,0.803990,0.854334,spectrum_fno48_floor6_smooth1_qc_peak4
run96_sparc_1593,sparc_1593,0.491328,0.687229,0.494245,0.490735,0.666147,0.492493,0.916480,0.916982,0.926144,0.931105,0.945133,0.944439,spectrum_fno48_floor6_smooth1_qc_peak4_fieldloss
run97_sparc_1302,sparc_1302,0.549472,0.594274,0.570501,0.544168,0.594188,0.564608,0.933092,0.940187,0.941764,0.915609,0.879270,0.940519,spectrum_fno48_floor6_smooth1_qc_peak4_fieldloss
run97_sparc_1303,sparc_1303,0.557092,0.563635,0.568901,0.556586,0.556444,0.568480,0.932641,0.928557,0.915900,0.902068,0.922651,0.965100,spectrum_fno48_floor6_smooth1_qc_peak4_fieldloss
run97_sparc_1304,sparc_1304,0.563889,0.641677,0.568130,0.561030,0.595542,0.564164,0.933650,0.937114,0.935706,0.916523,0.937602,0.952844,spectrum_fno48_floor6_smooth1_qc_peak4_fieldloss
run97_sparc_1315,sparc_1315,0.640161,0.791315,0.607489,0.600605,0.713487,0.593845,0.925531,0.911833,0.927545,0.935479,0.638102,0.914637,spectrum_fno48_floor6_smooth1_qc_peak4_fieldloss_geom
run97_sparc_1317,sparc_1317,0.568116,0.652963,0.562468,0.567370,0.652932,0.561059,0.916506,0.926290,0.938447,0.908726,0.818391,0.953318,spectrum_fno48_floor6_smooth1_qc_peak4_fieldloss_geom
run97_sparc_1355,sparc_1355,0.710434,0.812084,0.734087,0.652359,0.706953,0.668751,0.915209,0.917469,0.892146,0.936131,0.874083,0.906118,spectrum_fno48_floor6_smooth1_qc_peak4_fieldloss
run97_sparc_1359,sparc_1359,0.590480,0.676888,0.575832,0.584167,0.661985,0.571093,0.916806,0.918650,0.918855,0.958544,0.834296,0.928599,spectrum_fno48_floor6_smooth1_qc_peak4_fieldloss_geom
run97_sparc_1403,sparc_1403,0.585028,0.610336,0.657225,0.573416,0.597034,0.647989,0.921385,0.923895,0.886822,0.924013,0.941447,0.974527,spectrum_fno48_floor6_smooth1_qc_peak4_fieldloss
run97_sparc_1405,sparc_1405,0.657597,0.658637,0.684064,0.654177,0.655474,0.682719,0.915740,0.922825,0.919558,0.952865,0.900445,0.953502,spectrum_fno48_floor6_smooth1_qc_peak4_fieldloss
run97_sparc_1411,sparc_1411,0.568614,1.040916,0.519698,0.561989,0.991056,0.515875,0.817436,0.842438,0.841769,0.721574,0.255126,0.781193,spectrum_fno48_floor6_smooth1_qc_peak4_fieldloss_geom
run97_sparc_1419,sparc_1419,0.643303,0.865259,0.692228,0.625562,0.815357,0.667101,0.896831,0.892268,0.885371,0.878134,0.906231,0.901283,spectrum_fno48_floor6_smooth1_qc_peak4_fieldloss
run97_sparc_1440,sparc_1440,0.536926,0.578034,0.523469,0.535874,0.568885,0.521012,0.940659,0.941818,0.961420,0.934020,0.674532,0.825743,spectrum_fno48_floor6_smooth1_qc_peak4_fieldloss_geom
run97_sparc_1501,sparc_1501,0.872316,0.957560,0.754195,0.720085,0.790718,0.621138,0.906816,0.916445,0.922950,0.974078,0.983557,0.975967,spectrum_fno48_floor6_smooth1_qc_peak4_fieldloss_geom
run97_sparc_1504,sparc_1504,0.726208,0.689143,0.712829,0.713828,0.658493,0.698352,0.911107,0.915462,0.907291,0.972531,0.938216,0.967455,spectrum_fno48_floor6_smooth1_qc_peak4
run97_sparc_1516,sparc_1516,0.717149,0.924893,0.660913,0.716207,0.882185,0.659878,0.915290,0.893015,0.888449,0.851352,0.796508,0.947807,spectrum_fno48_floor6_smooth1_qc_peak4_fieldloss_geom
run97_sparc_1517,sparc_1517,0.542381,0.766164,0.551223,0.542251,0.763496,0.547753,0.919568,0.901939,0.910066,0.929693,0.758077,0.959354,spectrum_fno48_floor6_smooth1_qc_peak4_fieldloss
run97_sparc_1518,sparc_1518,0.531887,0.805029,0.518402,0.530229,0.772277,0.518298,0.917454,0.905565,0.905781,0.906818,0.844644,0.946949,spectrum_fno48_floor6_smooth1_qc_peak4_fieldloss_geom
run97_sparc_1524,sparc_1524,0.883411,0.987867,0.846273,0.853039,0.899482,0.827750,0.760490,0.781808,0.831851,0.837768,0.821100,0.915082,spectrum_fno48_floor6_smooth1_qc_peak4_fieldloss_geom
run98_sparc_1302,sparc_1302,0.670326,1.053521,0.834362,0.632744,0.790571,0.705461,0.905863,0.914562,0.916069,0.823911,0.725129,0.929115,spectrum_fno48_floor6_smooth1_qc_peak4_fieldloss
run98_sparc_1306,sparc_1306,1.090563,1.308480,1.312628,0.785876,0.896867,0.874604,0.894396,0.876594,0.821844,0.910525,0.900602,0.963893,spectrum_fno48_floor6_smooth1_qc_peak4_fieldloss
run98_sparc_1309,sparc_1309,0.642129,0.758955,0.692956,0.599007,0.663965,0.626264,0.885880,0.885546,0.890973,0.900487,0.781449,0.920398,spectrum_fno48_floor6_smooth1_qc_peak4_fieldloss
run98_sparc_1315,sparc_1315,0.696551,0.649315,0.698952,0.658557,0.627206,0.659220,0.907417,0.903214,0.866447,0.900472,0.634401,0.931193,spectrum_fno48_floor6_smooth1_qc_peak4
run98_sparc_1319,sparc_1319,0.617430,0.905322,0.639126,0.591254,0.752427,0.602399,0.903441,0.904957,0.900917,0.893019,0.712292,0.915981,spectrum_fno48_floor6_smooth1_qc_peak4_fieldloss
run98_sparc_1357,sparc_1357,0.698556,0.675465,0.728497,0.600285,0.621020,0.608112,0.910838,0.908235,0.900080,0.861611,0.579530,0.894426,spectrum_fno48_floor6_smooth1_qc_peak4
run98_sparc_1358,sparc_1358,0.499687,0.660107,0.513319,0.498837,0.632860,0.501279,0.890123,0.891791,0.903393,0.936988,0.499654,0.914347,spectrum_fno48_floor6_smooth1_qc_peak4_fieldloss
run98_sparc_1359,sparc_1359,0.499451,0.684570,0.503441,0.498730,0.635107,0.499917,0.896389,0.896042,0.908450,0.918371,0.717483,0.891590,spectrum_fno48_floor6_smooth1_qc_peak4_fieldloss
run98_sparc_1365,sparc_1365,0.502677,0.727201,0.532890,0.502676,0.689298,0.523789,0.883607,0.894847,0.897050,0.925630,0.697362,0.943818,spectrum_fno48_floor6_smooth1_qc_peak4_fieldloss
run98_sparc_1408,sparc_1408,0.642188,0.979881,0.714769,0.598890,0.723607,0.625882,0.901985,0.910482,0.918773,0.932392,0.887738,0.945400,spectrum_fno48_floor6_smooth1_qc_peak4_fieldloss
run98_sparc_1409,sparc_1409,0.572373,0.624962,0.588351,0.570131,0.622576,0.586606,0.899134,0.896412,0.883481,0.948415,0.803775,0.951016,spectrum_fno48_floor6_smooth1_qc_peak4_fieldloss
run98_sparc_1425,sparc_1425,0.759528,0.916678,0.826361,0.636061,0.693720,0.692898,0.940979,0.941635,0.950605,0.836697,0.701508,0.881078,spectrum_fno48_floor6_smooth1_qc_peak4_fieldloss
run98_sparc_1427,sparc_1427,1.073368,0.950829,0.954561,0.684490,0.667282,0.678093,0.942966,0.945376,0.953345,0.856367,0.727122,0.880963,spectrum_fno48_floor6_smooth1_qc_peak4
run98_sparc_1501,sparc_1501,0.575923,0.742308,0.644577,0.575035,0.712415,0.624252,0.923001,0.913799,0.931159,0.914360,0.864356,0.930805,spectrum_fno48_floor6_smooth1_qc_peak4_fieldloss
run98_sparc_1503,sparc_1503,0.835015,0.954515,0.818071,0.696593,0.730117,0.682005,0.926726,0.932896,0.943350,0.877703,0.836451,0.846591,spectrum_fno48_floor6_smooth1_qc_peak4_fieldloss_geom
run98_sparc_1504,sparc_1504,0.822263,1.247991,0.828679,0.666455,0.832016,0.674481,0.929117,0.931117,0.936664,0.937313,0.868831,0.922189,spectrum_fno48_floor6_smooth1_qc_peak4_fieldloss
run98_sparc_1505,sparc_1505,0.749114,1.155360,0.850306,0.669870,0.824854,0.700178,0.919914,0.923032,0.931853,0.912626,0.833880,0.932976,spectrum_fno48_floor6_smooth1_qc_peak4_fieldloss
run98_sparc_1509,sparc_1509,0.684595,0.691374,0.718671,0.582392,0.631396,0.614320,0.899791,0.907213,0.890435,0.912145,0.760219,0.930220,spectrum_fno48_floor6_smooth1_qc_peak4_fieldloss
run98_sparc_1511,sparc_1511,0.605653,0.627632,0.614533,0.587570,0.610250,0.601631,0.925318,0.931034,0.962338,0.870467,0.717085,0.812433,spectrum_fno48_floor6_smooth1_qc_peak4_fieldloss
run98_sparc_1513,sparc_1513,0.639489,0.590203,0.668406,0.596724,0.590185,0.615987,0.927303,0.929138,0.925423,0.906816,0.660028,0.912591,spectrum_fno48_floor6_smooth1_qc_peak4
run98_sparc_1521,sparc_1521,0.674005,0.729049,0.691866,0.611019,0.684840,0.630743,0.899994,0.887760,0.891264,0.855067,0.690832,0.917476,spectrum_fno48_floor6_smooth1_qc_peak4_fieldloss
run98_sparc_1525,sparc_1525,0.674231,1.015920,0.716136,0.610173,0.745032,0.637793,0.938320,0.939340,0.931889,0.857983,0.738469,0.888287,spectrum_fno48_floor6_smooth1_qc_peak4_fieldloss
run99_sparc_1300,sparc_1300,1.164390,1.074724,1.002950,0.964111,0.987615,0.864489,0.985836,0.991710,0.993120,0.978691,0.699770,0.983376,spectrum_fno48_floor6_smooth1_qc_peak4_fieldloss_geom
run99_sparc_1308,sparc_1308,1.443044,1.479528,1.664075,0.955251,0.942389,0.937965,0.471732,0.411981,0.543969,0.978773,0.979865,0.982483,spectrum_fno48_floor6_smooth1_qc_peak4_fieldloss
run99_sparc_1314,sparc_1314,1.170011,1.120721,1.055759,0.955542,0.952026,0.944612,0.895304,0.914654,0.935726,0.979259,0.935003,0.919753,spectrum_fno48_floor6_smooth1_qc_peak4_fieldloss_geom
run99_sparc_1351,sparc_1351,1.396208,1.479223,1.331842,0.912127,0.907711,0.907106,0.898367,0.906629,0.902536,0.968387,0.976258,0.986968,spectrum_fno48_floor6_smooth1_qc_peak4_fieldloss_geom
run99_sparc_1357,sparc_1357,1.176118,1.090956,1.094044,0.885753,0.922102,0.917118,0.876655,0.892203,0.878404,0.920832,0.916940,0.891154,spectrum_fno48_floor6_smooth1_qc_peak4
run99_sparc_1365,sparc_1365,1.575773,1.850380,1.667485,0.960748,0.962140,0.958225,0.876773,0.876997,0.870884,0.965488,0.955946,0.932598,spectrum_fno48_floor6_smooth1_qc_peak4_fieldloss
run99_sparc_1406,sparc_1406,0.879339,1.099230,0.992797,0.800546,0.845266,0.863896,0.915650,0.916784,0.859803,0.954049,0.967578,0.979995,spectrum_fno48_floor6_smooth1_qc_peak4_fieldloss
run99_sparc_1407,sparc_1407,0.799435,0.823248,0.633308,0.777567,0.770243,0.633137,0.919508,0.925132,0.923824,0.978000,0.974461,0.980032,spectrum_fno48_floor6_smooth1_qc_peak4_fieldloss_geom
run99_sparc_1412,sparc_1412,1.583083,1.536226,1.492407,0.961039,0.959814,0.959325,0.878610,0.885613,0.881531,0.978895,0.979011,0.967923,spectrum_fno48_floor6_smooth1_qc_peak4_fieldloss_geom
run99_sparc_1413,sparc_1413,1.342188,1.284308,1.290381,0.964785,0.963780,0.962569,0.882719,0.890596,0.886820,0.980399,0.980937,0.973952,spectrum_fno48_floor6_smooth1_qc_peak4
run99_sparc_1423,sparc_1423,0.993914,1.002832,0.826076,0.786928,0.821866,0.741530,0.678387,0.887885,0.887857,0.926420,0.950799,0.910086,spectrum_fno48_floor6_smooth1_qc_peak4_fieldloss_geom
run99_sparc_1429,sparc_1429,1.006009,0.930359,1.087646,0.904232,0.874922,0.919400,0.853741,0.891907,0.851973,0.984378,0.980859,0.985642,spectrum_fno48_floor6_smooth1_qc_peak4
run99_sparc_1430,sparc_1430,1.071039,0.933494,1.088229,0.886792,0.902790,0.928910,0.836478,0.789737,0.717097,0.990513,0.991974,0.994264,spectrum_fno48_floor6_smooth1_qc_peak4
run99_sparc_1506,sparc_1506,0.857945,0.793535,0.873066,0.840029,0.779064,0.817957,0.896654,0.930269,0.861916,0.979593,0.972767,0.985974,spectrum_fno48_floor6_smooth1_qc_peak4
run99_sparc_1521,sparc_1521,1.282653,1.215981,1.136794,0.979582,0.980283,0.979581,0.850264,0.862372,0.857631,0.964591,0.945469,0.941202,spectrum_fno48_floor6_smooth1_qc_peak4_fieldloss_geom
run99_sparc_1525,sparc_1525,0.760301,0.787867,0.677434,0.697291,0.718763,0.668126,0.914446,0.928847,0.930446,0.949828,0.943803,0.948280,spectrum_fno48_floor6_smooth1_qc_peak4_fieldloss_geom
run99_sparc_1528,sparc_1528,0.968781,0.864226,0.733983,0.923161,0.827183,0.695510,0.853081,0.916142,0.941598,0.983110,0.968211,0.957878,spectrum_fno48_floor6_smooth1_qc_peak4_fieldloss_geom
run99_sparc_1530,sparc_1530,1.078824,0.655249,0.555569,0.996345,0.643805,0.522288,-0.241258,0.404467,0.846227,0.996031,0.995529,0.986283,spectrum_fno48_floor6_smooth1_qc_peak4_fieldloss_geom
run9_sparc_1305,sparc_1305,1.001903,0.773786,0.877435,0.773863,0.720301,0.712125,0.889974,0.912243,0.915143,0.900564,0.712961,0.887285,spectrum_fno48_floor6_smooth1_qc_peak4
run9_sparc_1307,sparc_1307,0.644554,0.773866,0.570372,0.642148,0.738003,0.568211,0.861346,0.889842,0.893291,0.964032,0.980075,0.987929,spectrum_fno48_floor6_smooth1_qc_peak4_fieldloss_geom
run9_sparc_1308,sparc_1308,0.669794,0.801921,0.618662,0.648091,0.743090,0.588001,0.858860,0.856764,0.885577,0.973125,0.987183,0.990335,spectrum_fno48_floor6_smooth1_qc_peak4_fieldloss_geom
run9_sparc_1350,sparc_1350,0.607000,1.036153,0.582105,0.583403,0.886085,0.562591,0.917706,0.895294,0.963774,0.842135,0.892634,0.886125,spectrum_fno48_floor6_smooth1_qc_peak4_fieldloss_geom
run9_sparc_1351,sparc_1351,0.579922,1.071127,0.548017,0.567124,0.875579,0.543936,0.898943,0.885535,0.892348,0.849222,0.892585,0.958063,spectrum_fno48_floor6_smooth1_qc_peak4_fieldloss_geom
run9_sparc_1354,sparc_1354,0.593708,1.018164,0.571681,0.584795,0.887264,0.565248,0.900339,0.881980,0.893571,0.890705,0.876972,0.917842,spectrum_fno48_floor6_smooth1_qc_peak4_fieldloss_geom
run9_sparc_1360,sparc_1360,0.484664,0.710002,0.491143,0.484104,0.703148,0.490993,0.880727,0.871682,0.877934,0.882751,0.875686,0.896673,spectrum_fno48_floor6_smooth1_qc_peak4_fieldloss
run9_sparc_1402,sparc_1402,0.496420,0.586077,0.457831,0.496266,0.565259,0.453484,0.929261,0.942885,0.961155,0.751947,0.811968,0.928162,spectrum_fno48_floor6_smooth1_qc_peak4_fieldloss_geom
run9_sparc_1406,sparc_1406,0.929515,1.094326,0.901091,0.707172,0.744430,0.707312,0.893048,0.923029,0.921978,0.934954,0.873225,0.971776,spectrum_fno48_floor6_smooth1_qc_peak4_fieldloss_geom
run9_sparc_1421,sparc_1421,0.570467,0.766007,0.582577,0.553063,0.753597,0.564040,0.894414,0.878551,0.873156,0.768726,0.845594,0.954982,spectrum_fno48_floor6_smooth1_qc_peak4_fieldloss
run9_sparc_1429,sparc_1429,0.627128,0.746383,0.595803,0.626055,0.696871,0.583144,0.884084,0.870055,0.892408,0.964436,0.940434,0.972143,spectrum_fno48_floor6_smooth1_qc_peak4_fieldloss_geom
run9_sparc_1430,sparc_1430,0.915215,0.834877,0.536833,0.720127,0.647590,0.525561,0.372767,0.837227,0.828571,0.973240,0.951342,0.975130,spectrum_fno48_floor6_smooth1_qc_peak4_fieldloss_geom
run9_sparc_1441,sparc_1441,0.985143,1.162401,0.913482,0.723286,0.771378,0.700243,0.917909,0.935473,0.964358,0.822207,0.817991,0.831634,spectrum_fno48_floor6_smooth1_qc_peak4_fieldloss_geom
run9_sparc_1506,sparc_1506,1.132559,0.904582,0.959274,0.806365,0.733896,0.758191,0.820116,0.911450,0.890093,0.921491,0.685627,0.932253,spectrum_fno48_floor6_smooth1_qc_peak4
run9_sparc_1514,sparc_1514,0.619061,0.931546,0.556519,0.610089,0.844064,0.555765,0.891369,0.891070,0.916961,0.870339,0.861273,0.957763,spectrum_fno48_floor6_smooth1_qc_peak4_fieldloss_geom
run9_sparc_1515,sparc_1515,0.596272,0.895406,0.583569,0.596073,0.845879,0.581331,0.893883,0.889458,0.924569,0.847954,0.851787,0.944509,spectrum_fno48_floor6_smooth1_qc_peak4_fieldloss_geom
run9_sparc_1526,sparc_1526,1.297159,1.335755,1.527395,0.808453,0.862340,0.812230,0.848845,0.858672,0.838816,0.908230,0.717636,0.968968,spectrum_fno48_floor6_smooth1_qc_peak4_fieldloss
run9_sparc_1593,sparc_1593,0.534914,1.288557,0.661168,0.460887,0.764320,0.528397,0.898625,0.929916,0.938679,0.954477,0.851379,0.924858,spectrum_fno48_floor6_smooth1_qc_peak4_fieldloss
