key,family,relL2_spectrum_fno48_floor6_smooth1_qc_peak4_fieldloss,relL2_spectrum_fno48_floor6_smooth1_qc_peak4,relL2_spectrum_fno48_floor6_smooth1_qc_peak4_fieldloss_smooth0,relL2_alpha_spectrum_fno48_floor6_smooth1_qc_peak4_fieldloss,relL2_alpha_spectrum_fno48_floor6_smooth1_qc_peak4,relL2_alpha_spectrum_fno48_floor6_smooth1_qc_peak4_fieldloss_smooth0,patR2_spectrum_fno48_floor6_smooth1_qc_peak4_fieldloss,patR2_spectrum_fno48_floor6_smooth1_qc_peak4,patR2_spectrum_fno48_floor6_smooth1_qc_peak4_fieldloss_smooth0,crf_spectrum_fno48_floor6_smooth1_qc_peak4_fieldloss,crf_spectrum_fno48_floor6_smooth1_qc_peak4,crf_spectrum_fno48_floor6_smooth1_qc_peak4_fieldloss_smooth0,winner
run10_sparc_1300,sparc_1300,0.473958,0.468011,0.447390,0.473958,0.467559,0.446472,0.969102,0.980066,0.947780,0.911237,0.835203,0.865891,spectrum_fno48_floor6_smooth1_qc_peak4_fieldloss_smooth0
run10_sparc_1302,sparc_1302,1.725874,2.010591,0.339429,0.891510,0.958201,0.268267,0.915161,0.931316,0.813749,0.876751,0.565947,0.465503,spectrum_fno48_floor6_smooth1_qc_peak4_fieldloss_smooth0
run10_sparc_1305,sparc_1305,1.033249,1.359383,0.382770,0.767044,0.832664,0.279182,0.908107,0.913037,0.769391,0.770080,0.543004,0.162526,spectrum_fno48_floor6_smooth1_qc_peak4_fieldloss_smooth0
run10_sparc_1306,sparc_1306,0.987921,1.060983,0.895995,0.789869,0.787666,0.788889,0.882125,0.896296,0.727138,0.938200,0.881919,0.573843,spectrum_fno48_floor6_smooth1_qc_peak4_fieldloss_smooth0
run10_sparc_1307,sparc_1307,0.623549,0.694049,0.292295,0.612457,0.680527,0.290354,0.880310,0.907545,0.746951,0.975480,0.950186,0.654177,spectrum_fno48_floor6_smooth1_qc_peak4_fieldloss_smooth0
run10_sparc_1319,sparc_1319,0.634834,0.789359,0.492294,0.623362,0.754848,0.457447,0.885322,0.875940,0.645301,0.938039,0.698815,0.770281,spectrum_fno48_floor6_smooth1_qc_peak4_fieldloss_smooth0
run10_sparc_1360,sparc_1360,0.518886,0.804488,0.405716,0.514780,0.749382,0.379872,0.896313,0.891935,0.685718,0.924466,0.891672,0.672697,spectrum_fno48_floor6_smooth1_qc_peak4_fieldloss_smooth0
run10_sparc_1361,sparc_1361,0.493879,0.816923,0.510465,0.492533,0.745036,0.473856,0.890172,0.881799,0.682479,0.933963,0.903984,0.660819,spectrum_fno48_floor6_smooth1_qc_peak4_fieldloss
run10_sparc_1364,sparc_1364,0.549323,0.645901,0.410837,0.549138,0.644044,0.391229,0.882216,0.887226,0.663515,0.834555,0.600333,0.770409,spectrum_fno48_floor6_smooth1_qc_peak4_fieldloss_smooth0
run10_sparc_1407,sparc_1407,1.154886,1.323896,1.245537,0.874880,0.837334,0.947764,0.898102,0.924528,0.758513,0.889174,0.875175,0.455225,spectrum_fno48_floor6_smooth1_qc_peak4_fieldloss
run10_sparc_1412,sparc_1412,0.525755,0.773905,0.157379,0.525721,0.770780,0.154151,0.892217,0.889862,0.738078,0.821221,0.443581,0.579461,spectrum_fno48_floor6_smooth1_qc_peak4_fieldloss_smooth0
run10_sparc_1420,sparc_1420,0.739863,0.858817,0.454201,0.739625,0.852000,0.350882,0.893103,0.884180,0.695843,0.854617,0.799323,0.592332,spectrum_fno48_floor6_smooth1_qc_peak4_fieldloss_smooth0
run10_sparc_1440,sparc_1440,0.977739,1.525237,1.302823,0.898255,0.882251,0.786123,0.865319,0.864623,0.717758,0.675039,0.860264,0.460471,spectrum_fno48_floor6_smooth1_qc_peak4_fieldloss
run10_sparc_1441,sparc_1441,0.968591,1.452417,1.346161,0.898970,0.876183,0.793400,0.870424,0.871650,0.721189,0.722492,0.854401,0.468656,spectrum_fno48_floor6_smooth1_qc_peak4_fieldloss
run10_sparc_1515,sparc_1515,0.927250,0.970241,0.736099,0.916113,0.945840,0.734270,0.825221,0.815760,0.677002,0.978456,0.916321,0.724405,spectrum_fno48_floor6_smooth1_qc_peak4_fieldloss_smooth0
run11_sparc_1308,sparc_1308,0.857397,0.912532,0.643707,0.837433,0.877834,0.643527,0.782450,0.835405,0.675923,0.956224,0.888503,0.729039,spectrum_fno48_floor6_smooth1_qc_peak4_fieldloss_smooth0
run11_sparc_1309,sparc_1309,0.660678,1.023566,0.384993,0.623271,0.850380,0.382190,0.877333,0.882779,0.651116,0.808812,0.872677,0.570755,spectrum_fno48_floor6_smooth1_qc_peak4_fieldloss_smooth0
run11_sparc_1310,sparc_1310,0.594817,0.905658,0.331767,0.593553,0.827202,0.319724,0.890412,0.886648,0.708575,0.829530,0.797830,0.638909,spectrum_fno48_floor6_smooth1_qc_peak4_fieldloss_smooth0
run11_sparc_1316,sparc_1316,0.545703,0.834315,0.324970,0.539862,0.799520,0.324426,0.888340,0.876221,0.669546,0.962973,0.752481,0.425715,spectrum_fno48_floor6_smooth1_qc_peak4_fieldloss_smooth0
run11_sparc_1349,sparc_1349,0.552024,0.845251,0.285110,0.551906,0.826833,0.280163,0.883970,0.888750,0.671313,0.834328,0.727920,0.395521,spectrum_fno48_floor6_smooth1_qc_peak4_fieldloss_smooth0
run11_sparc_1350,sparc_1350,0.583290,1.029436,0.360343,0.572802,0.867233,0.352920,0.913589,0.893539,0.724178,0.870739,0.901279,0.614429,spectrum_fno48_floor6_smooth1_qc_peak4_fieldloss_smooth0
run11_sparc_1361,sparc_1361,0.474578,0.583330,0.279896,0.471525,0.574852,0.279439,0.888673,0.886129,0.678144,0.843154,0.747147,0.785954,spectrum_fno48_floor6_smooth1_qc_peak4_fieldloss_smooth0
run11_sparc_1401,sparc_1401,0.497916,0.562898,0.435956,0.497907,0.552123,0.428635,0.892668,0.909477,0.811264,0.941488,0.925076,0.732097,spectrum_fno48_floor6_smooth1_qc_peak4_fieldloss_smooth0
run11_sparc_1407,sparc_1407,0.796767,0.868676,0.451835,0.707571,0.742678,0.444637,0.923240,0.923399,0.790751,0.875368,0.801450,0.547060,spectrum_fno48_floor6_smooth1_qc_peak4_fieldloss_smooth0
run11_sparc_1410,sparc_1410,0.559885,1.054115,0.320309,0.558264,0.867885,0.312006,0.893651,0.893949,0.717875,0.818720,0.846851,0.666727,spectrum_fno48_floor6_smooth1_qc_peak4_fieldloss_smooth0
run11_sparc_1413,sparc_1413,0.567479,0.984902,0.327665,0.567464,0.854648,0.327529,0.893327,0.886621,0.726053,0.870144,0.853805,0.693119,spectrum_fno48_floor6_smooth1_qc_peak4_fieldloss_smooth0
run11_sparc_1414,sparc_1414,0.545394,0.847389,0.331455,0.543904,0.807055,0.330553,0.881157,0.881977,0.701429,0.847589,0.826176,0.570090,spectrum_fno48_floor6_smooth1_qc_peak4_fieldloss_smooth0
run11_sparc_1421,sparc_1421,0.600257,0.755865,0.494780,0.585491,0.741396,0.487980,0.886007,0.857872,0.669707,0.768431,0.888328,0.633570,spectrum_fno48_floor6_smooth1_qc_peak4_fieldloss_smooth0
run11_sparc_1425,sparc_1425,0.994843,1.311207,0.554666,0.748528,0.892052,0.499599,0.890737,0.735911,0.680761,0.822659,0.713322,0.522775,spectrum_fno48_floor6_smooth1_qc_peak4_fieldloss_smooth0
run11_sparc_1427,sparc_1427,0.844520,0.954139,0.807629,0.718496,0.814251,0.779943,0.622592,0.741548,0.504326,0.978710,0.948504,0.791994,spectrum_fno48_floor6_smooth1_qc_peak4_fieldloss_smooth0
run11_sparc_1429,sparc_1429,0.776570,0.785166,0.648641,0.774681,0.780048,0.641394,0.866658,0.860571,0.737049,0.973031,0.856216,0.764654,spectrum_fno48_floor6_smooth1_qc_peak4_fieldloss_smooth0
run11_sparc_1503,sparc_1503,0.555272,0.948372,0.312511,0.554248,0.764955,0.310979,0.919632,0.907067,0.810608,0.886285,0.886046,0.433654,spectrum_fno48_floor6_smooth1_qc_peak4_fieldloss_smooth0
run11_sparc_1515,sparc_1515,0.538569,0.635945,0.326455,0.538106,0.635545,0.321094,0.889351,0.879998,0.695369,0.841596,0.324720,0.533236,spectrum_fno48_floor6_smooth1_qc_peak4_fieldloss_smooth0
run11_sparc_1519,sparc_1519,0.537793,0.779615,0.367746,0.535151,0.750890,0.367019,0.856214,0.842153,0.627458,0.856705,0.884174,0.536545,spectrum_fno48_floor6_smooth1_qc_peak4_fieldloss_smooth0
run11_sparc_1520,sparc_1520,0.510811,0.669329,0.361680,0.510802,0.645511,0.307032,0.869658,0.885385,0.679072,0.774560,0.830988,0.338713,spectrum_fno48_floor6_smooth1_qc_peak4_fieldloss_smooth0
run11_sparc_1521,sparc_1521,0.654748,0.851567,0.605423,0.637299,0.791243,0.586166,0.877297,0.874224,0.642160,0.733594,0.864011,0.487106,spectrum_fno48_floor6_smooth1_qc_peak4_fieldloss_smooth0
run12_sparc_1300,sparc_1300,0.391896,0.414612,0.420092,0.391765,0.411106,0.411909,0.984914,0.991262,0.979155,0.969198,0.923728,0.858267,spectrum_fno48_floor6_smooth1_qc_peak4_fieldloss
run12_sparc_1301,sparc_1301,0.640432,0.627342,0.637681,0.624450,0.619993,0.621877,0.951808,0.951394,0.902025,0.844912,0.914491,0.837601,spectrum_fno48_floor6_smooth1_qc_peak4
run12_sparc_1308,sparc_1308,0.959965,1.118520,0.652958,0.739005,0.790862,0.576607,0.929784,0.929904,0.786236,0.827083,0.808322,0.516939,spectrum_fno48_floor6_smooth1_qc_peak4_fieldloss_smooth0
run12_sparc_1313,sparc_1313,0.593981,0.656968,0.284119,0.565444,0.604727,0.282356,0.896982,0.900990,0.694655,0.950137,0.691554,0.498479,spectrum_fno48_floor6_smooth1_qc_peak4_fieldloss_smooth0
run12_sparc_1314,sparc_1314,0.598456,0.638866,0.279802,0.563309,0.594111,0.278168,0.896367,0.901795,0.693816,0.952157,0.684592,0.477230,spectrum_fno48_floor6_smooth1_qc_peak4_fieldloss_smooth0
run12_sparc_1316,sparc_1316,0.552794,0.599565,0.298146,0.550619,0.578918,0.289516,0.896400,0.900629,0.672080,0.974485,0.734590,0.673204,spectrum_fno48_floor6_smooth1_qc_peak4_fieldloss_smooth0
run12_sparc_1319,sparc_1319,0.529319,0.626470,0.264700,0.526318,0.606104,0.251989,0.908744,0.908965,0.714733,0.896090,0.833698,0.523663,spectrum_fno48_floor6_smooth1_qc_peak4_fieldloss_smooth0
run12_sparc_1350,sparc_1350,0.593982,0.656990,0.284118,0.565442,0.604740,0.282356,0.896983,0.900990,0.694655,0.950155,0.691434,0.498477,spectrum_fno48_floor6_smooth1_qc_peak4_fieldloss_smooth0
run12_sparc_1357,sparc_1357,0.554027,0.736210,0.284728,0.538355,0.671582,0.282724,0.880211,0.874721,0.654968,0.891620,0.778645,0.560570,spectrum_fno48_floor6_smooth1_qc_peak4_fieldloss_smooth0
run12_sparc_1360,sparc_1360,0.487979,0.601817,0.265130,0.482793,0.600816,0.250773,0.903784,0.906528,0.688201,0.919298,0.912464,0.599516,spectrum_fno48_floor6_smooth1_qc_peak4_fieldloss_smooth0
run12_sparc_1361,sparc_1361,0.457601,0.571598,0.234282,0.457555,0.559597,0.230709,0.906609,0.908108,0.714726,0.920390,0.934345,0.770862,spectrum_fno48_floor6_smooth1_qc_peak4_fieldloss_smooth0
run12_sparc_1362,sparc_1362,0.448083,0.566142,0.222363,0.443673,0.535859,0.222294,0.906237,0.905744,0.713593,0.954653,0.942989,0.755952,spectrum_fno48_floor6_smooth1_qc_peak4_fieldloss_smooth0
run12_sparc_1407,sparc_1407,0.774609,0.953902,0.342248,0.706637,0.770126,0.338081,0.928504,0.937950,0.803921,0.912369,0.878982,0.594791,spectrum_fno48_floor6_smooth1_qc_peak4_fieldloss_smooth0
run12_sparc_1408,sparc_1408,0.798165,0.975467,0.409744,0.707352,0.767374,0.403710,0.919593,0.928454,0.770033,0.848485,0.838206,0.618283,spectrum_fno48_floor6_smooth1_qc_peak4_fieldloss_smooth0
run12_sparc_1410,sparc_1410,0.645993,0.797967,0.363595,0.645547,0.685303,0.363572,0.896387,0.896745,0.710795,0.958982,0.941173,0.788664,spectrum_fno48_floor6_smooth1_qc_peak4_fieldloss_smooth0
run12_sparc_1414,sparc_1414,0.559504,0.606344,0.303872,0.550010,0.591727,0.303771,0.927580,0.926476,0.735222,0.882474,0.707753,0.556380,spectrum_fno48_floor6_smooth1_qc_peak4_fieldloss_smooth0
run12_sparc_1421,sparc_1421,0.550496,0.656969,0.344230,0.543253,0.624883,0.341414,0.902037,0.903686,0.685772,0.876076,0.658392,0.390903,spectrum_fno48_floor6_smooth1_qc_peak4_fieldloss_smooth0
run12_sparc_1428,sparc_1428,0.905671,1.032507,0.450694,0.727200,0.778691,0.399246,0.838801,0.772120,0.718588,0.879522,0.712521,0.500978,spectrum_fno48_floor6_smooth1_qc_peak4_fieldloss_smooth0
run12_sparc_1504,sparc_1504,0.750788,0.821828,0.211534,0.708154,0.734404,0.208059,0.881908,0.881758,0.754171,0.918493,0.848255,0.557980,spectrum_fno48_floor6_smooth1_qc_peak4_fieldloss_smooth0
run12_sparc_1507,sparc_1507,0.843967,1.096960,0.285116,0.707245,0.786806,0.283210,0.927579,0.938146,0.796321,0.845225,0.885337,0.624708,spectrum_fno48_floor6_smooth1_qc_peak4_fieldloss_smooth0
run12_sparc_1509,sparc_1509,1.054292,0.886651,0.415745,0.696759,0.688196,0.348864,0.916571,0.921441,0.743231,0.888925,0.854860,0.538960,spectrum_fno48_floor6_smooth1_qc_peak4_fieldloss_smooth0
run12_sparc_1516,sparc_1516,0.517744,0.575326,0.254021,0.517115,0.565945,0.242063,0.915221,0.910010,0.712341,0.879569,0.784109,0.544090,spectrum_fno48_floor6_smooth1_qc_peak4_fieldloss_smooth0
run12_sparc_1521,sparc_1521,0.529944,0.655781,0.348868,0.519728,0.623719,0.327441,0.894810,0.894281,0.672615,0.861746,0.753958,0.406022,spectrum_fno48_floor6_smooth1_qc_peak4_fieldloss_smooth0
run12_sparc_1522,sparc_1522,0.511696,0.639269,0.274041,0.504549,0.608194,0.260902,0.904728,0.903547,0.703747,0.872874,0.764078,0.568736,spectrum_fno48_floor6_smooth1_qc_peak4_fieldloss_smooth0
run12_sparc_1528,sparc_1528,0.658220,0.838390,0.257026,0.650218,0.767693,0.255971,0.919022,0.930002,0.821917,0.881339,0.678775,0.631715,spectrum_fno48_floor6_smooth1_qc_peak4_fieldloss_smooth0
run13_sparc_1304,sparc_1304,0.887040,1.099672,0.425925,0.776623,0.883996,0.418050,0.891119,0.890898,0.772685,0.973385,0.961918,0.670624,spectrum_fno48_floor6_smooth1_qc_peak4_fieldloss_smooth0
run13_sparc_1306,sparc_1306,0.991850,1.091385,0.898732,0.885102,0.926306,0.883438,0.830017,0.769378,0.601046,0.942454,0.947713,0.829495,spectrum_fno48_floor6_smooth1_qc_peak4_fieldloss_smooth0
run13_sparc_1313,sparc_1313,0.646173,1.140691,0.333920,0.605011,0.876075,0.329478,0.915985,0.898481,0.732181,0.755052,0.879791,0.664165,spectrum_fno48_floor6_smooth1_qc_peak4_fieldloss_smooth0
run13_sparc_1353,sparc_1353,0.574429,0.921286,0.280928,0.569010,0.839989,0.270579,0.882626,0.884662,0.673508,0.804008,0.813465,0.507384,spectrum_fno48_floor6_smooth1_qc_peak4_fieldloss_smooth0
run13_sparc_1365,sparc_1365,0.498865,0.815368,0.306471,0.492377,0.726499,0.305897,0.861310,0.862119,0.593362,0.870768,0.929010,0.768853,spectrum_fno48_floor6_smooth1_qc_peak4_fieldloss_smooth0
run13_sparc_1400,sparc_1400,1.482577,1.242271,1.733500,0.998627,0.999978,0.990922,0.963573,0.969164,0.954482,0.965568,0.926281,0.959895,spectrum_fno48_floor6_smooth1_qc_peak4
run13_sparc_1407,sparc_1407,1.367603,1.546895,0.813229,0.869819,0.890639,0.696161,0.909855,0.911549,0.749119,0.924108,0.728334,0.559590,spectrum_fno48_floor6_smooth1_qc_peak4_fieldloss_smooth0
run13_sparc_1410,sparc_1410,0.544388,0.959493,0.411826,0.544130,0.956470,0.411712,0.893161,0.902176,0.812263,0.614104,0.252165,0.805145,spectrum_fno48_floor6_smooth1_qc_peak4_fieldloss_smooth0
run13_sparc_1413,sparc_1413,0.538520,0.955240,0.382720,0.538162,0.951624,0.381953,0.922526,0.931415,0.839091,0.651648,0.251430,0.789008,spectrum_fno48_floor6_smooth1_qc_peak4_fieldloss_smooth0
run13_sparc_1417,sparc_1417,0.582613,0.913535,0.371379,0.581404,0.892777,0.367859,0.926644,0.939628,0.844788,0.650219,0.242498,0.783342,spectrum_fno48_floor6_smooth1_qc_peak4_fieldloss_smooth0
run13_sparc_1421,sparc_1421,0.606630,0.723359,0.435151,0.606160,0.707224,0.409643,0.902120,0.837510,0.810498,0.790937,0.472096,0.800292,spectrum_fno48_floor6_smooth1_qc_peak4_fieldloss_smooth0
run13_sparc_1422,sparc_1422,0.547192,0.873685,0.418075,0.546140,0.789186,0.344069,0.869910,0.913147,0.781465,0.738183,0.190663,0.643398,spectrum_fno48_floor6_smooth1_qc_peak4_fieldloss_smooth0
run13_sparc_1425,sparc_1425,0.766873,0.794778,0.754826,0.766727,0.782759,0.754721,-0.183376,0.300505,-0.004699,0.989257,0.985160,0.796898,spectrum_fno48_floor6_smooth1_qc_peak4_fieldloss_smooth0
run13_sparc_1501,sparc_1501,0.676103,0.662122,0.546542,0.675349,0.660145,0.529986,0.856025,0.888079,0.799646,0.950287,0.925410,0.760967,spectrum_fno48_floor6_smooth1_qc_peak4_fieldloss_smooth0
run13_sparc_1510,sparc_1510,0.545263,0.960610,0.430174,0.543507,0.958342,0.429703,0.900347,0.923864,0.823716,0.841167,0.251352,0.740501,spectrum_fno48_floor6_smooth1_qc_peak4_fieldloss_smooth0
run13_sparc_1514,sparc_1514,0.559033,0.954035,0.379113,0.551968,0.950989,0.378982,0.905186,0.940773,0.822313,0.797652,0.251309,0.825742,spectrum_fno48_floor6_smooth1_qc_peak4_fieldloss_smooth0
run13_sparc_1523,sparc_1523,0.833436,0.829825,0.541540,0.832933,0.798178,0.541068,0.619954,0.757151,0.572733,0.889932,0.556851,0.739192,spectrum_fno48_floor6_smooth1_qc_peak4_fieldloss_smooth0
run13_sparc_1527,sparc_1527,1.082617,1.063572,0.756576,0.798774,0.818216,0.633013,0.872083,0.885083,0.788041,0.916016,0.844278,0.549227,spectrum_fno48_floor6_smooth1_qc_peak4_fieldloss_smooth0
run14_sparc_1305,sparc_1305,0.687374,0.673063,0.578903,0.675001,0.665031,0.577930,0.918315,0.919688,0.798153,0.952244,0.928707,0.708342,spectrum_fno48_floor6_smooth1_qc_peak4_fieldloss_smooth0
run14_sparc_1306,sparc_1306,0.706512,0.739499,0.583711,0.628463,0.694922,0.556988,0.901668,0.888547,0.736369,0.882683,0.802624,0.555280,spectrum_fno48_floor6_smooth1_qc_peak4_fieldloss_smooth0
run14_sparc_1307,sparc_1307,0.666359,0.712742,0.654773,0.654288,0.684529,0.653234,0.890711,0.894272,0.740808,0.929999,0.903637,0.565565,spectrum_fno48_floor6_smooth1_qc_peak4_fieldloss_smooth0
run14_sparc_1309,sparc_1309,1.476352,1.540902,1.260211,0.926335,0.958745,0.938238,0.853933,0.829802,0.687588,0.930147,0.929179,0.820653,spectrum_fno48_floor6_smooth1_qc_peak4_fieldloss_smooth0
run14_sparc_1315,sparc_1315,0.801747,0.812811,0.750796,0.800970,0.812108,0.747708,0.909206,0.911267,0.745927,0.958484,0.932064,0.794593,spectrum_fno48_floor6_smooth1_qc_peak4_fieldloss_smooth0
run14_sparc_1358,sparc_1358,0.712683,0.719543,0.537291,0.622446,0.630986,0.481345,0.909362,0.914092,0.758719,0.852183,0.757462,0.400886,spectrum_fno48_floor6_smooth1_qc_peak4_fieldloss_smooth0
run14_sparc_1359,sparc_1359,0.774465,0.771345,0.510812,0.686595,0.700112,0.484996,0.888407,0.897056,0.712563,0.907928,0.859038,0.477662,spectrum_fno48_floor6_smooth1_qc_peak4_fieldloss_smooth0
run14_sparc_1364,sparc_1364,0.809103,0.916679,0.681622,0.719028,0.839468,0.666496,0.902238,0.902168,0.764713,0.947450,0.913148,0.700652,spectrum_fno48_floor6_smooth1_qc_peak4_fieldloss_smooth0
run14_sparc_1404,sparc_1404,0.728851,0.696524,0.648838,0.702949,0.649781,0.611157,0.922755,0.934194,0.816713,0.924249,0.924528,0.630830,spectrum_fno48_floor6_smooth1_qc_peak4_fieldloss_smooth0
run14_sparc_1411,sparc_1411,0.677826,0.701943,0.521003,0.677686,0.701871,0.516997,0.910439,0.910421,0.766847,0.934575,0.869888,0.677994,spectrum_fno48_floor6_smooth1_qc_peak4_fieldloss_smooth0
run14_sparc_1415,sparc_1415,0.783333,0.831603,0.688637,0.783333,0.829932,0.675678,0.887185,0.897672,0.741606,0.972266,0.963237,0.778965,spectrum_fno48_floor6_smooth1_qc_peak4_fieldloss_smooth0
run14_sparc_1424,sparc_1424,0.736261,0.760440,0.702054,0.716010,0.733511,0.695672,0.873965,0.884487,0.760887,0.915237,0.872107,0.698257,spectrum_fno48_floor6_smooth1_qc_peak4_fieldloss_smooth0
run14_sparc_1428,sparc_1428,0.699832,0.757075,0.709726,0.684627,0.685240,0.640451,0.894275,0.903294,0.802525,0.959155,0.939550,0.787226,spectrum_fno48_floor6_smooth1_qc_peak4_fieldloss
run14_sparc_1429,sparc_1429,0.795917,0.808231,0.976887,0.773705,0.769271,0.901690,0.921637,0.928463,0.836097,0.965166,0.969831,0.867657,spectrum_fno48_floor6_smooth1_qc_peak4_fieldloss
run14_sparc_1504,sparc_1504,0.686932,0.652820,0.664741,0.686795,0.650483,0.664528,0.920817,0.933409,0.814300,0.923602,0.904790,0.635302,spectrum_fno48_floor6_smooth1_qc_peak4
run14_sparc_1505,sparc_1505,0.677938,0.670977,0.666742,0.672724,0.665555,0.665499,0.919130,0.918206,0.795678,0.969439,0.955307,0.715248,spectrum_fno48_floor6_smooth1_qc_peak4_fieldloss_smooth0
run14_sparc_1510,sparc_1510,0.716972,0.789455,0.553891,0.705803,0.761593,0.550034,0.915477,0.920231,0.769361,0.894830,0.837523,0.641468,spectrum_fno48_floor6_smooth1_qc_peak4_fieldloss_smooth0
run14_sparc_1514,sparc_1514,0.636552,0.673521,0.460403,0.622072,0.652407,0.459108,0.918871,0.923789,0.769215,0.924481,0.844886,0.410491,spectrum_fno48_floor6_smooth1_qc_peak4_fieldloss_smooth0
run14_sparc_1518,sparc_1518,0.574705,0.627354,0.384101,0.566807,0.615880,0.368881,0.909507,0.915857,0.760301,0.913227,0.821909,0.563382,spectrum_fno48_floor6_smooth1_qc_peak4_fieldloss_smooth0
run14_sparc_1519,sparc_1519,0.839228,0.794984,0.805431,0.693482,0.678828,0.592101,0.872360,0.888124,0.731547,0.949827,0.966263,0.762532,spectrum_fno48_floor6_smooth1_qc_peak4
run14_sparc_1520,sparc_1520,0.891578,0.845113,0.902446,0.793335,0.767542,0.797480,0.856448,0.884698,0.718461,0.957969,0.935093,0.696957,spectrum_fno48_floor6_smooth1_qc_peak4
run14_sparc_1522,sparc_1522,1.259000,1.398347,1.169056,0.864910,0.899808,0.906104,0.847744,0.861590,0.697269,0.962385,0.978001,0.785732,spectrum_fno48_floor6_smooth1_qc_peak4_fieldloss_smooth0
run14_sparc_1593,sparc_1593,0.573788,0.592924,0.383417,0.557080,0.588763,0.357855,0.948675,0.956729,0.856710,0.938752,0.819645,0.639532,spectrum_fno48_floor6_smooth1_qc_peak4_fieldloss_smooth0
run15_sparc_1301,sparc_1301,0.519763,0.562529,0.485030,0.518895,0.561088,0.484556,0.857243,0.895480,0.791237,0.868916,0.845806,0.701147,spectrum_fno48_floor6_smooth1_qc_peak4_fieldloss_smooth0
run15_sparc_1307,sparc_1307,0.946658,1.163701,0.746772,0.886129,0.914321,0.695683,0.860878,0.849704,0.682612,0.956587,0.924886,0.654473,spectrum_fno48_floor6_smooth1_qc_peak4_fieldloss_smooth0
run15_sparc_1314,sparc_1314,0.537914,0.558714,0.302369,0.503041,0.506639,0.290087,0.918720,0.919011,0.720182,0.898359,0.762461,0.571692,spectrum_fno48_floor6_smooth1_qc_peak4_fieldloss_smooth0
run15_sparc_1317,sparc_1317,0.510020,0.535215,0.303115,0.489103,0.512491,0.303020,0.908439,0.911877,0.716500,0.893968,0.718804,0.535019,spectrum_fno48_floor6_smooth1_qc_peak4_fieldloss_smooth0
run15_sparc_1318,sparc_1318,0.480657,0.494577,0.281874,0.470312,0.492080,0.276457,0.926967,0.928857,0.746951,0.873628,0.603492,0.583723,spectrum_fno48_floor6_smooth1_qc_peak4_fieldloss_smooth0
run15_sparc_1349,sparc_1349,0.478670,0.609153,0.262794,0.455193,0.554345,0.262183,0.905658,0.905389,0.710699,0.936071,0.872733,0.504909,spectrum_fno48_floor6_smooth1_qc_peak4_fieldloss_smooth0
run15_sparc_1350,sparc_1350,0.553232,0.565869,0.297270,0.503695,0.510363,0.292191,0.918056,0.919531,0.721469,0.884885,0.786623,0.586428,spectrum_fno48_floor6_smooth1_qc_peak4_fieldloss_smooth0
run15_sparc_1351,sparc_1351,0.525712,0.556610,0.301783,0.499739,0.506175,0.296138,0.909855,0.911333,0.706979,0.871625,0.817068,0.547102,spectrum_fno48_floor6_smooth1_qc_peak4_fieldloss_smooth0
run15_sparc_1363,sparc_1363,0.441163,0.521838,0.261799,0.439173,0.504632,0.258638,0.889080,0.890511,0.680572,0.961030,0.805812,0.583085,spectrum_fno48_floor6_smooth1_qc_peak4_fieldloss_smooth0
run15_sparc_1408,sparc_1408,0.841940,0.903142,0.532982,0.747693,0.820025,0.532802,0.811970,0.737819,0.484697,0.986511,0.982100,0.742149,spectrum_fno48_floor6_smooth1_qc_peak4_fieldloss_smooth0
run15_sparc_1414,sparc_1414,0.536934,0.562536,0.322375,0.536229,0.558558,0.319510,0.916828,0.912861,0.717778,0.888325,0.802152,0.361285,spectrum_fno48_floor6_smooth1_qc_peak4_fieldloss_smooth0
run15_sparc_1418,sparc_1418,0.471615,0.521032,0.297564,0.471533,0.520143,0.297548,0.905773,0.907538,0.704101,0.941043,0.619824,0.559461,spectrum_fno48_floor6_smooth1_qc_peak4_fieldloss_smooth0
run15_sparc_1440,sparc_1440,0.517266,0.894766,0.381154,0.516780,0.802966,0.330255,0.889674,0.866290,0.739833,0.976511,0.942139,0.787528,spectrum_fno48_floor6_smooth1_qc_peak4_fieldloss_smooth0
run15_sparc_1503,sparc_1503,0.696458,0.742514,0.786365,0.586330,0.742102,0.549851,0.889474,0.886294,0.746627,0.968957,0.813018,0.761828,spectrum_fno48_floor6_smooth1_qc_peak4_fieldloss
run15_sparc_1506,sparc_1506,0.548579,1.083373,0.592146,0.548098,0.835134,0.575551,0.852880,0.662437,0.632431,0.979407,0.973762,0.810541,spectrum_fno48_floor6_smooth1_qc_peak4_fieldloss
run15_sparc_1513,sparc_1513,0.577184,0.634225,0.291162,0.525773,0.546790,0.283551,0.925713,0.925891,0.740529,0.907144,0.768329,0.368753,spectrum_fno48_floor6_smooth1_qc_peak4_fieldloss_smooth0
run15_sparc_1526,sparc_1526,0.555603,0.599679,0.483972,0.551617,0.597177,0.448517,0.891207,0.871301,0.712244,0.935096,0.862474,0.662400,spectrum_fno48_floor6_smooth1_qc_peak4_fieldloss_smooth0
run15_sparc_1530,sparc_1530,0.521833,0.544635,0.660473,0.516353,0.532503,0.643062,0.887433,0.899857,0.814769,0.992439,0.990654,0.932974,spectrum_fno48_floor6_smooth1_qc_peak4_fieldloss
run16_sparc_1304,sparc_1304,0.641663,0.744286,0.557902,0.637836,0.705739,0.543658,0.936271,0.940732,0.830104,0.885846,0.792997,0.667339,spectrum_fno48_floor6_smooth1_qc_peak4_fieldloss_smooth0
run16_sparc_1307,sparc_1307,0.965112,0.995518,0.719734,0.687737,0.737240,0.527057,0.925180,0.920684,0.804695,0.922197,0.830009,0.582753,spectrum_fno48_floor6_smooth1_qc_peak4_fieldloss_smooth0
run16_sparc_1309,sparc_1309,1.087268,1.463850,0.836129,0.683627,0.702551,0.538046,0.930322,0.926468,0.795423,0.942086,0.822449,0.799261,spectrum_fno48_floor6_smooth1_qc_peak4_fieldloss_smooth0
run16_sparc_1310,sparc_1310,0.614770,0.564742,0.365116,0.543136,0.500989,0.350401,0.925159,0.929616,0.786408,0.907399,0.816240,0.766919,spectrum_fno48_floor6_smooth1_qc_peak4_fieldloss_smooth0
run16_sparc_1311,sparc_1311,0.526328,0.485009,0.427921,0.522977,0.483474,0.370444,0.922250,0.931677,0.784282,0.752526,0.659031,0.571360,spectrum_fno48_floor6_smooth1_qc_peak4_fieldloss_smooth0
run16_sparc_1313,sparc_1313,0.556769,1.112942,0.412606,0.512955,0.637153,0.353417,0.871964,0.914929,0.756894,0.799755,0.821496,0.771929,spectrum_fno48_floor6_smooth1_qc_peak4_fieldloss_smooth0
run16_sparc_1318,sparc_1318,0.708998,1.408439,0.663171,0.694534,0.715571,0.598647,0.906838,0.922178,0.762336,0.765907,0.726708,0.713616,spectrum_fno48_floor6_smooth1_qc_peak4_fieldloss_smooth0
run16_sparc_1353,sparc_1353,0.575224,1.139388,0.458535,0.563819,0.640640,0.456211,0.872921,0.887081,0.737990,0.826772,0.866588,0.645557,spectrum_fno48_floor6_smooth1_qc_peak4_fieldloss_smooth0
run16_sparc_1359,sparc_1359,0.553381,1.165254,0.393694,0.553296,0.672862,0.393373,0.901160,0.916828,0.762339,0.966308,0.835524,0.807345,spectrum_fno48_floor6_smooth1_qc_peak4_fieldloss_smooth0
run16_sparc_1362,sparc_1362,0.624908,0.781674,0.624295,0.623299,0.663904,0.616894,0.892102,0.911624,0.756774,0.908653,0.815864,0.549007,spectrum_fno48_floor6_smooth1_qc_peak4_fieldloss_smooth0
run16_sparc_1364,sparc_1364,0.755188,0.968721,0.608615,0.716805,0.727087,0.599307,0.889783,0.880118,0.707455,0.948368,0.808699,0.604088,spectrum_fno48_floor6_smooth1_qc_peak4_fieldloss_smooth0
run16_sparc_1365,sparc_1365,0.672641,1.081922,0.639075,0.672615,0.741571,0.619825,0.839735,0.885097,0.713723,0.943882,0.874866,0.623221,spectrum_fno48_floor6_smooth1_qc_peak4_fieldloss_smooth0
run16_sparc_1401,sparc_1401,0.732677,0.808705,0.270799,0.690372,0.745450,0.268100,0.933441,0.942849,0.844418,0.944379,0.755399,0.670505,spectrum_fno48_floor6_smooth1_qc_peak4_fieldloss_smooth0
run16_sparc_1405,sparc_1405,0.616991,0.727618,0.321511,0.598667,0.651824,0.306591,0.944917,0.947358,0.828114,0.894176,0.813535,0.579892,spectrum_fno48_floor6_smooth1_qc_peak4_fieldloss_smooth0
run16_sparc_1406,sparc_1406,0.701160,0.816134,0.351291,0.624738,0.678668,0.351101,0.946705,0.935933,0.828115,0.918181,0.846004,0.670451,spectrum_fno48_floor6_smooth1_qc_peak4_fieldloss_smooth0
run16_sparc_1408,sparc_1408,0.587736,0.718275,0.422080,0.566834,0.592040,0.416993,0.924260,0.924415,0.802196,0.728120,0.772979,0.641479,spectrum_fno48_floor6_smooth1_qc_peak4_fieldloss_smooth0
run16_sparc_1410,sparc_1410,0.626087,0.520631,0.396185,0.592472,0.474283,0.388058,0.928464,0.932270,0.788382,0.888433,0.577858,0.758154,spectrum_fno48_floor6_smooth1_qc_peak4_fieldloss_smooth0
run16_sparc_1421,sparc_1421,0.771313,1.385003,0.600679,0.596641,0.658028,0.501632,0.865798,0.921745,0.755822,0.889996,0.789501,0.750621,spectrum_fno48_floor6_smooth1_qc_peak4_fieldloss_smooth0
run16_sparc_1424,sparc_1424,0.853663,1.036817,0.708253,0.754474,0.770884,0.662008,0.943099,0.949481,0.844891,0.903121,0.846787,0.698020,spectrum_fno48_floor6_smooth1_qc_peak4_fieldloss_smooth0
run16_sparc_1426,sparc_1426,1.179567,1.045830,0.352457,0.637034,0.682590,0.304457,0.946894,0.944162,0.850204,0.907147,0.729866,0.660371,spectrum_fno48_floor6_smooth1_qc_peak4_fieldloss_smooth0
run16_sparc_1427,sparc_1427,0.815715,0.824961,0.596691,0.685370,0.771733,0.593776,0.697732,0.718278,0.586271,0.966338,0.825405,0.679360,spectrum_fno48_floor6_smooth1_qc_peak4_fieldloss_smooth0
run16_sparc_1428,sparc_1428,1.130180,1.056841,0.379806,0.711898,0.781115,0.378352,0.882026,0.844106,0.642358,0.895265,0.866638,0.640512,spectrum_fno48_floor6_smooth1_qc_peak4_fieldloss_smooth0
run16_sparc_1429,sparc_1429,1.033738,1.259299,0.450272,0.734100,0.820227,0.399570,0.903277,0.902766,0.776553,0.929600,0.927290,0.758434,spectrum_fno48_floor6_smooth1_qc_peak4_fieldloss_smooth0
run16_sparc_1504,sparc_1504,0.664910,0.898363,0.383727,0.618859,0.683262,0.374370,0.942545,0.945502,0.823049,0.793271,0.678768,0.589512,spectrum_fno48_floor6_smooth1_qc_peak4_fieldloss_smooth0
run16_sparc_1512,sparc_1512,0.614402,0.567621,0.539398,0.612794,0.522927,0.500341,0.897278,0.916881,0.763112,0.872883,0.639540,0.685081,spectrum_fno48_floor6_smooth1_qc_peak4_fieldloss_smooth0
run16_sparc_1519,sparc_1519,0.580536,0.515267,0.484461,0.500665,0.502292,0.407114,0.914578,0.929694,0.797167,0.944188,0.797148,0.733469,spectrum_fno48_floor6_smooth1_qc_peak4_fieldloss_smooth0
run16_sparc_1524,sparc_1524,0.756411,1.129204,0.512237,0.566064,0.658774,0.462395,0.886763,0.894956,0.728768,0.791476,0.727566,0.589057,spectrum_fno48_floor6_smooth1_qc_peak4_fieldloss_smooth0
run16_sparc_1525,sparc_1525,0.720652,0.900534,0.434210,0.676253,0.723339,0.419698,0.951992,0.952294,0.860096,0.859545,0.654297,0.497866,spectrum_fno48_floor6_smooth1_qc_peak4_fieldloss_smooth0
run16_sparc_1529,sparc_1529,0.840757,1.127833,1.029253,0.739132,0.773521,0.807179,0.531295,0.587025,0.436629,0.980568,0.979704,0.854264,spectrum_fno48_floor6_smooth1_qc_peak4_fieldloss
run17_sparc_1356,sparc_1356,0.503710,0.655631,0.246249,0.484052,0.580127,0.234393,0.923159,0.923742,0.729755,0.924814,0.745960,0.367269,spectrum_fno48_floor6_smooth1_qc_peak4_fieldloss_smooth0
run17_sparc_1361,sparc_1361,0.450132,0.564295,0.250994,0.431624,0.507183,0.250942,0.896318,0.899908,0.707025,0.906207,0.882664,0.575364,spectrum_fno48_floor6_smooth1_qc_peak4_fieldloss_smooth0
run17_sparc_1365,sparc_1365,0.427865,0.552609,0.229432,0.426359,0.521641,0.226774,0.894490,0.899821,0.701472,0.918786,0.923241,0.604690,spectrum_fno48_floor6_smooth1_qc_peak4_fieldloss_smooth0
run17_sparc_1403,sparc_1403,0.590751,0.793326,0.454547,0.576143,0.754125,0.422818,0.916237,0.915653,0.787977,0.953579,0.750723,0.728979,spectrum_fno48_floor6_smooth1_qc_peak4_fieldloss_smooth0
run17_sparc_1412,sparc_1412,0.552981,0.650375,0.305654,0.531488,0.588399,0.303656,0.932361,0.930042,0.755423,0.912155,0.727198,0.590601,spectrum_fno48_floor6_smooth1_qc_peak4_fieldloss_smooth0
run17_sparc_1414,sparc_1414,0.576881,0.633487,0.316831,0.528761,0.583176,0.314365,0.933263,0.931710,0.761451,0.927693,0.861021,0.486085,spectrum_fno48_floor6_smooth1_qc_peak4_fieldloss_smooth0
run17_sparc_1418,sparc_1418,0.499766,0.565598,0.261298,0.482102,0.539125,0.261189,0.920048,0.923859,0.725105,0.916178,0.834597,0.461749,spectrum_fno48_floor6_smooth1_qc_peak4_fieldloss_smooth0
run17_sparc_1420,sparc_1420,0.495228,0.555069,0.265457,0.489251,0.518313,0.262717,0.916854,0.919120,0.723994,0.889777,0.774755,0.354723,spectrum_fno48_floor6_smooth1_qc_peak4_fieldloss_smooth0
run17_sparc_1428,sparc_1428,0.768424,0.781939,0.666792,0.729039,0.739996,0.651946,0.892552,0.884318,0.753652,0.968263,0.854247,0.743124,spectrum_fno48_floor6_smooth1_qc_peak4_fieldloss_smooth0
run17_sparc_1500,sparc_1500,0.562668,0.482153,0.512253,0.511361,0.449787,0.340804,0.990878,0.993962,0.987021,0.951870,0.672224,0.910855,spectrum_fno48_floor6_smooth1_qc_peak4
run17_sparc_1501,sparc_1501,0.650262,0.777194,0.852967,0.649647,0.756056,0.841240,0.885807,0.859425,0.770053,0.956738,0.977258,0.820168,spectrum_fno48_floor6_smooth1_qc_peak4_fieldloss
run17_sparc_1508,sparc_1508,1.365144,1.634607,1.048740,0.841450,0.921767,0.804880,0.775456,0.865083,0.691120,0.931019,0.856033,0.701196,spectrum_fno48_floor6_smooth1_qc_peak4_fieldloss_smooth0
run17_sparc_1512,sparc_1512,0.599609,0.646253,0.287514,0.529780,0.575339,0.287471,0.934083,0.936496,0.760672,0.883747,0.801117,0.532940,spectrum_fno48_floor6_smooth1_qc_peak4_fieldloss_smooth0
run18_sparc_1303,sparc_1303,0.588699,0.636086,0.484456,0.552897,0.632194,0.445643,0.929491,0.924996,0.803724,0.940354,0.652690,0.811317,spectrum_fno48_floor6_smooth1_qc_peak4_fieldloss_smooth0
run18_sparc_1305,sparc_1305,0.753169,0.862386,0.343039,0.720918,0.778082,0.337173,0.929359,0.928815,0.783360,0.916143,0.885983,0.401055,spectrum_fno48_floor6_smooth1_qc_peak4_fieldloss_smooth0
run18_sparc_1311,sparc_1311,0.661248,0.651359,0.307611,0.649036,0.640356,0.244385,0.928969,0.930133,0.781117,0.871325,0.733738,0.551038,spectrum_fno48_floor6_smooth1_qc_peak4_fieldloss_smooth0
run18_sparc_1319,sparc_1319,0.621462,0.676507,0.232663,0.621347,0.672612,0.232237,0.935082,0.938962,0.814836,0.798822,0.873612,0.483665,spectrum_fno48_floor6_smooth1_qc_peak4_fieldloss_smooth0
run18_sparc_1354,sparc_1354,0.664586,0.644069,0.309023,0.663808,0.642805,0.281181,0.921538,0.922952,0.773779,0.929423,0.833995,0.640286,spectrum_fno48_floor6_smooth1_qc_peak4_fieldloss_smooth0
run18_sparc_1359,sparc_1359,0.657685,0.701995,0.249647,0.657680,0.698877,0.233142,0.935950,0.934542,0.795449,0.902851,0.814242,0.483015,spectrum_fno48_floor6_smooth1_qc_peak4_fieldloss_smooth0
run18_sparc_1361,sparc_1361,0.649765,0.685024,0.281561,0.647653,0.682055,0.228207,0.929371,0.929639,0.790310,0.879417,0.794402,0.429742,spectrum_fno48_floor6_smooth1_qc_peak4_fieldloss_smooth0
run18_sparc_1401,sparc_1401,0.560910,0.730257,0.403769,0.539895,0.646543,0.401220,0.951288,0.957755,0.872166,0.944548,0.879231,0.761459,spectrum_fno48_floor6_smooth1_qc_peak4_fieldloss_smooth0
run18_sparc_1413,sparc_1413,0.625427,0.625366,0.278115,0.605625,0.601665,0.226583,0.939246,0.940614,0.792276,0.862153,0.755600,0.531287,spectrum_fno48_floor6_smooth1_qc_peak4_fieldloss_smooth0
run18_sparc_1419,sparc_1419,0.638500,0.662684,0.253189,0.630142,0.660766,0.228622,0.932465,0.932260,0.793261,0.930167,0.746898,0.584414,spectrum_fno48_floor6_smooth1_qc_peak4_fieldloss_smooth0
run18_sparc_1421,sparc_1421,0.630169,0.652909,0.249107,0.617566,0.648064,0.224907,0.935428,0.940822,0.799941,0.905607,0.761094,0.493224,spectrum_fno48_floor6_smooth1_qc_peak4_fieldloss_smooth0
run18_sparc_1425,sparc_1425,0.699531,0.715210,0.261321,0.694747,0.692557,0.261319,0.923209,0.928747,0.791502,0.924158,0.657929,0.548410,spectrum_fno48_floor6_smooth1_qc_peak4_fieldloss_smooth0
run18_sparc_1426,sparc_1426,0.680476,0.720347,0.252377,0.665843,0.701495,0.252252,0.927238,0.925162,0.786515,0.892597,0.806983,0.479733,spectrum_fno48_floor6_smooth1_qc_peak4_fieldloss_smooth0
run18_sparc_1428,sparc_1428,0.850878,0.780984,0.675954,0.830461,0.777575,0.675765,0.904589,0.880872,0.774960,0.913265,0.949407,0.612110,spectrum_fno48_floor6_smooth1_qc_peak4_fieldloss_smooth0
run18_sparc_1440,sparc_1440,0.824109,1.023299,0.410347,0.746398,0.822641,0.408733,0.929424,0.932088,0.785256,0.894529,0.899543,0.471149,spectrum_fno48_floor6_smooth1_qc_peak4_fieldloss_smooth0
run18_sparc_1441,sparc_1441,0.808353,1.029775,0.411457,0.744136,0.822384,0.409841,0.927654,0.931974,0.783777,0.891930,0.899979,0.462439,spectrum_fno48_floor6_smooth1_qc_peak4_fieldloss_smooth0
run18_sparc_1522,sparc_1522,0.627534,0.639817,0.245898,0.626633,0.637818,0.227053,0.922767,0.927951,0.774385,0.829285,0.699777,0.516743,spectrum_fno48_floor6_smooth1_qc_peak4_fieldloss_smooth0
run18_sparc_1530,sparc_1530,0.670333,0.968114,0.591494,0.612432,0.737642,0.561439,0.838138,0.894953,0.756389,0.931961,0.926179,0.691824,spectrum_fno48_floor6_smooth1_qc_peak4_fieldloss_smooth0
run19_sparc_1305,sparc_1305,0.705994,0.956653,0.357864,0.635206,0.743362,0.357128,0.890273,0.891589,0.764254,0.885291,0.659571,0.396284,spectrum_fno48_floor6_smooth1_qc_peak4_fieldloss_smooth0
run19_sparc_1306,sparc_1306,1.312301,1.170554,0.920672,0.900463,0.905638,0.685858,0.863833,0.872170,0.724349,0.934269,0.914307,0.547392,spectrum_fno48_floor6_smooth1_qc_peak4_fieldloss_smooth0
run19_sparc_1315,sparc_1315,0.495091,0.544769,0.274198,0.474058,0.512789,0.267090,0.927429,0.928409,0.739070,0.923852,0.665742,0.509560,spectrum_fno48_floor6_smooth1_qc_peak4_fieldloss_smooth0
run19_sparc_1317,sparc_1317,0.486541,0.547086,0.283153,0.479653,0.546917,0.242825,0.931734,0.928350,0.753285,0.900636,0.636797,0.518250,spectrum_fno48_floor6_smooth1_qc_peak4_fieldloss_smooth0
run19_sparc_1319,sparc_1319,0.476884,0.553245,0.266572,0.476007,0.540923,0.232225,0.926284,0.924516,0.738368,0.906831,0.761883,0.654451,spectrum_fno48_floor6_smooth1_qc_peak4_fieldloss_smooth0
run19_sparc_1352,sparc_1352,0.488657,0.534628,0.309262,0.479905,0.516852,0.307750,0.920261,0.919911,0.730539,0.906165,0.690079,0.547814,spectrum_fno48_floor6_smooth1_qc_peak4_fieldloss_smooth0
run19_sparc_1360,sparc_1360,0.433915,0.535155,0.246733,0.433902,0.521605,0.230667,0.911157,0.911954,0.720979,0.892237,0.887777,0.578629,spectrum_fno48_floor6_smooth1_qc_peak4_fieldloss_smooth0
run19_sparc_1364,sparc_1364,0.476126,0.612515,0.281221,0.474458,0.603338,0.274585,0.888677,0.889718,0.679579,0.914551,0.885920,0.501443,spectrum_fno48_floor6_smooth1_qc_peak4_fieldloss_smooth0
run19_sparc_1406,sparc_1406,0.800074,0.891070,0.221723,0.683857,0.762138,0.207229,0.919901,0.923567,0.799681,0.864032,0.591414,0.615218,spectrum_fno48_floor6_smooth1_qc_peak4_fieldloss_smooth0
run19_sparc_1416,sparc_1416,0.500318,0.629439,0.288670,0.490153,0.560562,0.263976,0.922883,0.926319,0.737398,0.960871,0.626462,0.620141,spectrum_fno48_floor6_smooth1_qc_peak4_fieldloss_smooth0
run19_sparc_1417,sparc_1417,0.488673,0.597696,0.267693,0.481715,0.565113,0.256741,0.918122,0.922288,0.731157,0.952148,0.723439,0.586508,spectrum_fno48_floor6_smooth1_qc_peak4_fieldloss_smooth0
run19_sparc_1428,sparc_1428,0.607846,0.743874,0.467019,0.595439,0.706638,0.464565,0.904583,0.900915,0.760656,0.952472,0.870475,0.735591,spectrum_fno48_floor6_smooth1_qc_peak4_fieldloss_smooth0
run19_sparc_1440,sparc_1440,0.764103,0.892386,0.204043,0.667268,0.749523,0.204042,0.888868,0.897549,0.785426,0.831198,0.694497,0.738398,spectrum_fno48_floor6_smooth1_qc_peak4_fieldloss_smooth0
run19_sparc_1503,sparc_1503,0.986046,1.167190,0.338544,0.603966,0.786042,0.330230,0.904188,0.921151,0.829746,0.897458,0.736353,0.680130,spectrum_fno48_floor6_smooth1_qc_peak4_fieldloss_smooth0
run19_sparc_1505,sparc_1505,0.641164,0.763050,0.704150,0.641107,0.726968,0.704124,0.844825,0.869009,0.750557,0.967797,0.908451,0.718002,spectrum_fno48_floor6_smooth1_qc_peak4_fieldloss
run19_sparc_1511,sparc_1511,0.510442,0.534092,0.289168,0.510409,0.532487,0.275980,0.938128,0.936148,0.770351,0.889564,0.636808,0.542342,spectrum_fno48_floor6_smooth1_qc_peak4_fieldloss_smooth0
run19_sparc_1514,sparc_1514,0.489862,0.542292,0.279461,0.487160,0.535671,0.263127,0.923698,0.931073,0.760544,0.915359,0.571976,0.489550,spectrum_fno48_floor6_smooth1_qc_peak4_fieldloss_smooth0
run19_sparc_1517,sparc_1517,0.489257,0.610397,0.263463,0.474159,0.558782,0.254611,0.926280,0.927178,0.748364,0.908727,0.861561,0.490605,spectrum_fno48_floor6_smooth1_qc_peak4_fieldloss_smooth0
run19_sparc_1522,sparc_1522,0.595132,0.662247,0.449386,0.592112,0.633275,0.448520,0.926883,0.930248,0.743035,0.761226,0.833030,0.474551,spectrum_fno48_floor6_smooth1_qc_peak4_fieldloss_smooth0
run19_sparc_1530,sparc_1530,0.665030,0.484114,0.611765,0.650263,0.466716,0.569791,0.765987,0.896457,0.801694,0.996578,0.995142,0.962068,spectrum_fno48_floor6_smooth1_qc_peak4
run1_sparc_1300,sparc_1300,0.249317,0.429005,0.175776,0.249315,0.345733,0.160512,0.993104,0.995935,0.990507,0.803309,0.574283,0.920259,spectrum_fno48_floor6_smooth1_qc_peak4_fieldloss_smooth0
run1_sparc_1303,sparc_1303,0.567400,0.561462,0.483223,0.562926,0.561177,0.469313,0.923896,0.924064,0.814320,0.881971,0.801846,0.513216,spectrum_fno48_floor6_smooth1_qc_peak4_fieldloss_smooth0
run1_sparc_1308,sparc_1308,0.533716,0.704324,0.489200,0.528940,0.664347,0.484825,0.858399,0.817039,0.628863,0.882597,0.959942,0.673441,spectrum_fno48_floor6_smooth1_qc_peak4_fieldloss_smooth0
run1_sparc_1310,sparc_1310,0.528890,0.550829,0.326519,0.527673,0.546704,0.321477,0.929795,0.924383,0.773994,0.921498,0.788491,0.513371,spectrum_fno48_floor6_smooth1_qc_peak4_fieldloss_smooth0
run1_sparc_1313,sparc_1313,0.543165,0.532411,0.353526,0.533172,0.518153,0.332820,0.933789,0.931157,0.783979,0.915473,0.816966,0.577418,spectrum_fno48_floor6_smooth1_qc_peak4_fieldloss_smooth0
run1_sparc_1315,sparc_1315,0.532864,0.524923,0.383456,0.532770,0.517725,0.343256,0.931725,0.931381,0.776493,0.847304,0.776252,0.498310,spectrum_fno48_floor6_smooth1_qc_peak4_fieldloss_smooth0
run1_sparc_1318,sparc_1318,0.504442,0.550603,0.318452,0.488638,0.520847,0.290077,0.939468,0.938634,0.790367,0.876832,0.846640,0.517408,spectrum_fno48_floor6_smooth1_qc_peak4_fieldloss_smooth0
run1_sparc_1349,sparc_1349,0.531658,0.594851,0.305941,0.525599,0.579318,0.303764,0.923130,0.923415,0.767884,0.869767,0.912410,0.551310,spectrum_fno48_floor6_smooth1_qc_peak4_fieldloss_smooth0
run1_sparc_1350,sparc_1350,0.543165,0.532411,0.353526,0.533172,0.518153,0.332820,0.933789,0.931157,0.783979,0.915473,0.816966,0.577418,spectrum_fno48_floor6_smooth1_qc_peak4_fieldloss_smooth0
run1_sparc_1353,sparc_1353,0.570731,0.651563,0.321521,0.531886,0.597103,0.316982,0.917168,0.915832,0.765047,0.847168,0.918177,0.518034,spectrum_fno48_floor6_smooth1_qc_peak4_fieldloss_smooth0
run1_sparc_1359,sparc_1359,0.556557,0.599155,0.344187,0.556054,0.585628,0.344124,0.912809,0.916736,0.746696,0.929072,0.840841,0.341123,spectrum_fno48_floor6_smooth1_qc_peak4_fieldloss_smooth0
run1_sparc_1361,sparc_1361,0.541128,0.585629,0.334990,0.539985,0.566498,0.331060,0.926883,0.924209,0.763684,0.862198,0.729369,0.346952,spectrum_fno48_floor6_smooth1_qc_peak4_fieldloss_smooth0
run1_sparc_1363,sparc_1363,0.617381,0.743822,0.455217,0.597809,0.706981,0.448315,0.917093,0.915926,0.745286,0.848904,0.907512,0.475249,spectrum_fno48_floor6_smooth1_qc_peak4_fieldloss_smooth0
run1_sparc_1365,sparc_1365,0.609040,0.619999,0.480661,0.602738,0.610751,0.478360,0.924330,0.927633,0.767071,0.908631,0.830460,0.433169,spectrum_fno48_floor6_smooth1_qc_peak4_fieldloss_smooth0
run1_sparc_1400,sparc_1400,0.369225,0.426875,0.273425,0.332627,0.369284,0.270500,0.992752,0.994406,0.988994,0.878752,0.778763,0.930817,spectrum_fno48_floor6_smooth1_qc_peak4_fieldloss_smooth0
run1_sparc_1401,sparc_1401,0.962386,1.015739,0.861752,0.863239,0.895587,0.809589,0.811129,0.824943,0.762757,0.984430,0.984653,0.926280,spectrum_fno48_floor6_smooth1_qc_peak4_fieldloss_smooth0
run1_sparc_1403,sparc_1403,0.571822,0.553745,0.504322,0.563865,0.551212,0.470229,0.931831,0.934070,0.812991,0.914660,0.719735,0.551520,spectrum_fno48_floor6_smooth1_qc_peak4_fieldloss_smooth0
run1_sparc_1411,sparc_1411,0.581646,0.576298,0.369621,0.571506,0.565799,0.359308,0.924008,0.925077,0.764680,0.909829,0.895368,0.510198,spectrum_fno48_floor6_smooth1_qc_peak4_fieldloss_smooth0
run1_sparc_1414,sparc_1414,0.554127,0.604112,0.330452,0.549629,0.590333,0.306204,0.932443,0.933878,0.774881,0.951983,0.831560,0.492068,spectrum_fno48_floor6_smooth1_qc_peak4_fieldloss_smooth0
run1_sparc_1422,sparc_1422,0.717310,0.728913,0.660980,0.692121,0.707271,0.657777,0.906134,0.914488,0.746595,0.888361,0.872564,0.478498,spectrum_fno48_floor6_smooth1_qc_peak4_fieldloss_smooth0
run1_sparc_1423,sparc_1423,0.643241,0.712288,0.471722,0.640139,0.687188,0.464147,0.884610,0.884980,0.710432,0.927120,0.792584,0.513653,spectrum_fno48_floor6_smooth1_qc_peak4_fieldloss_smooth0
run1_sparc_1507,sparc_1507,0.515017,0.559860,0.412506,0.514853,0.559492,0.373572,0.919658,0.921240,0.765529,0.886169,0.852602,0.468973,spectrum_fno48_floor6_smooth1_qc_peak4_fieldloss_smooth0
run1_sparc_1511,sparc_1511,0.598202,0.612789,0.441959,0.581254,0.590952,0.435236,0.918784,0.918086,0.760196,0.895452,0.840838,0.350284,spectrum_fno48_floor6_smooth1_qc_peak4_fieldloss_smooth0
run1_sparc_1519,sparc_1519,0.523794,0.539927,0.367054,0.523707,0.539919,0.345862,0.903740,0.909434,0.728950,0.902113,0.748777,0.387492,spectrum_fno48_floor6_smooth1_qc_peak4_fieldloss_smooth0
run1_sparc_1523,sparc_1523,0.887118,0.887050,0.836161,0.832010,0.843489,0.769121,0.791500,0.767740,0.641916,0.914322,0.805686,0.525633,spectrum_fno48_floor6_smooth1_qc_peak4_fieldloss_smooth0
run1_sparc_1524,sparc_1524,1.003447,0.987003,0.757874,0.822418,0.816901,0.744694,0.866186,0.858860,0.672287,0.924027,0.866388,0.550987,spectrum_fno48_floor6_smooth1_qc_peak4_fieldloss_smooth0
run1_sparc_1526,sparc_1526,0.680618,0.699236,0.547187,0.680522,0.698518,0.546458,0.879883,0.868751,0.740992,0.973875,0.941031,0.700674,spectrum_fno48_floor6_smooth1_qc_peak4_fieldloss_smooth0
run1_sparc_1527,sparc_1527,0.541420,0.574234,0.468552,0.541394,0.567404,0.466436,0.923241,0.925545,0.815032,0.924411,0.834637,0.564980,spectrum_fno48_floor6_smooth1_qc_peak4_fieldloss_smooth0
run20_sparc_1302,sparc_1302,0.578910,0.714250,0.558995,0.572437,0.630281,0.541108,0.905276,0.910286,0.790391,0.961508,0.939536,0.815346,spectrum_fno48_floor6_smooth1_qc_peak4_fieldloss_smooth0
run20_sparc_1304,sparc_1304,0.662678,0.713749,0.541043,0.606800,0.606011,0.526355,0.906655,0.918407,0.781032,0.951138,0.906123,0.662688,spectrum_fno48_floor6_smooth1_qc_peak4_fieldloss_smooth0
run20_sparc_1311,sparc_1311,0.595729,0.632968,0.453951,0.590071,0.629437,0.453821,0.921954,0.926903,0.736622,0.934808,0.651940,0.715839,spectrum_fno48_floor6_smooth1_qc_peak4_fieldloss_smooth0
run20_sparc_1315,sparc_1315,0.627366,0.638570,0.512886,0.585699,0.591797,0.512212,0.925454,0.926983,0.745679,0.890308,0.846138,0.489120,spectrum_fno48_floor6_smooth1_qc_peak4_fieldloss_smooth0
run20_sparc_1317,sparc_1317,0.528437,0.586552,0.371073,0.522665,0.569600,0.369058,0.928542,0.931148,0.758086,0.907156,0.853381,0.463154,spectrum_fno48_floor6_smooth1_qc_peak4_fieldloss_smooth0
run20_sparc_1319,sparc_1319,0.534364,0.600687,0.375366,0.528607,0.585150,0.370332,0.919996,0.927066,0.746366,0.907124,0.876693,0.519531,spectrum_fno48_floor6_smooth1_qc_peak4_fieldloss_smooth0
run20_sparc_1403,sparc_1403,0.570436,0.591039,0.548598,0.557487,0.582439,0.474032,0.928205,0.931690,0.797978,0.970762,0.899892,0.642136,spectrum_fno48_floor6_smooth1_qc_peak4_fieldloss_smooth0
run20_sparc_1405,sparc_1405,0.508281,0.614894,0.395736,0.504766,0.583493,0.390461,0.895966,0.877994,0.689581,0.931519,0.884957,0.555406,spectrum_fno48_floor6_smooth1_qc_peak4_fieldloss_smooth0
run20_sparc_1408,sparc_1408,0.532885,0.646234,0.388003,0.532850,0.642189,0.367720,0.903348,0.910593,0.745171,0.929664,0.901981,0.630511,spectrum_fno48_floor6_smooth1_qc_peak4_fieldloss_smooth0
run20_sparc_1411,sparc_1411,0.593444,0.617501,0.428894,0.590392,0.613791,0.428036,0.922408,0.926892,0.758450,0.896970,0.753434,0.482699,spectrum_fno48_floor6_smooth1_qc_peak4_fieldloss_smooth0
run20_sparc_1412,sparc_1412,0.576643,0.616870,0.377020,0.571637,0.602166,0.366956,0.931971,0.929535,0.766875,0.870573,0.817145,0.610944,spectrum_fno48_floor6_smooth1_qc_peak4_fieldloss_smooth0
run20_sparc_1419,sparc_1419,0.475653,0.639876,0.336481,0.459100,0.569001,0.336383,0.893079,0.901699,0.712288,0.898902,0.919455,0.404869,spectrum_fno48_floor6_smooth1_qc_peak4_fieldloss_smooth0
run20_sparc_1421,sparc_1421,0.589424,0.610868,0.389963,0.571286,0.597956,0.389810,0.917277,0.918197,0.761513,0.871639,0.834371,0.530044,spectrum_fno48_floor6_smooth1_qc_peak4_fieldloss_smooth0
run20_sparc_1502,sparc_1502,0.602001,0.587400,0.559569,0.570962,0.586090,0.558878,0.918657,0.913969,0.788378,0.880881,0.851392,0.638914,spectrum_fno48_floor6_smooth1_qc_peak4_fieldloss_smooth0
run20_sparc_1510,sparc_1510,0.645967,0.661260,0.427103,0.611021,0.631317,0.416587,0.919646,0.926222,0.751328,0.892127,0.794291,0.431000,spectrum_fno48_floor6_smooth1_qc_peak4_fieldloss_smooth0
run20_sparc_1520,sparc_1520,0.527385,0.585945,0.399112,0.527285,0.581875,0.382628,0.911065,0.918388,0.738064,0.814976,0.921005,0.460661,spectrum_fno48_floor6_smooth1_qc_peak4_fieldloss_smooth0
run20_sparc_1522,sparc_1522,0.642133,0.717538,0.509745,0.618181,0.676847,0.509643,0.909588,0.919052,0.755980,0.873719,0.853729,0.506170,spectrum_fno48_floor6_smooth1_qc_peak4_fieldloss_smooth0
run20_sparc_1523,sparc_1523,0.842756,0.767641,0.851208,0.757150,0.742929,0.795072,0.887106,0.895508,0.727999,0.882776,0.839220,0.590403,spectrum_fno48_floor6_smooth1_qc_peak4
run21_sparc_1303,sparc_1303,0.598808,0.628694,0.553084,0.598258,0.624977,0.552608,0.926152,0.933080,0.811821,0.939793,0.911501,0.600028,spectrum_fno48_floor6_smooth1_qc_peak4_fieldloss_smooth0
run21_sparc_1306,sparc_1306,0.676235,0.699866,0.555097,0.675357,0.699853,0.554491,0.878319,0.896070,0.729349,0.948221,0.958875,0.591610,spectrum_fno48_floor6_smooth1_qc_peak4_fieldloss_smooth0
run21_sparc_1307,sparc_1307,1.309791,1.523670,1.185523,0.888388,0.866856,0.817853,0.655798,0.678170,0.543577,0.983665,0.982361,0.861383,spectrum_fno48_floor6_smooth1_qc_peak4_fieldloss_smooth0
run21_sparc_1308,sparc_1308,1.271153,1.356049,1.070455,0.892589,0.874693,0.866720,0.641844,0.661814,0.534849,0.975965,0.971036,0.841153,spectrum_fno48_floor6_smooth1_qc_peak4_fieldloss_smooth0
run21_sparc_1311,sparc_1311,0.656415,0.751556,0.419039,0.614340,0.677700,0.414768,0.886829,0.886920,0.709640,0.918615,0.660030,0.557002,spectrum_fno48_floor6_smooth1_qc_peak4_fieldloss_smooth0
run21_sparc_1351,sparc_1351,0.578296,0.652461,0.453903,0.576521,0.647458,0.451405,0.902265,0.896428,0.717949,0.929879,0.856142,0.589526,spectrum_fno48_floor6_smooth1_qc_peak4_fieldloss_smooth0
run21_sparc_1353,sparc_1353,0.597633,0.665895,0.405268,0.588576,0.643532,0.397833,0.907068,0.908434,0.730518,0.909829,0.914881,0.595036,spectrum_fno48_floor6_smooth1_qc_peak4_fieldloss_smooth0
run21_sparc_1362,sparc_1362,0.597133,0.710851,0.463378,0.551368,0.626400,0.463300,0.907661,0.909701,0.740647,0.938727,0.881884,0.529530,spectrum_fno48_floor6_smooth1_qc_peak4_fieldloss_smooth0
run21_sparc_1403,sparc_1403,0.585918,0.632715,0.472022,0.585446,0.631960,0.471143,0.927388,0.932796,0.818976,0.927980,0.911055,0.579015,spectrum_fno48_floor6_smooth1_qc_peak4_fieldloss_smooth0
run21_sparc_1404,sparc_1404,0.570163,0.674309,0.457661,0.567808,0.622569,0.457579,0.923616,0.928974,0.791132,0.941186,0.898420,0.457160,spectrum_fno48_floor6_smooth1_qc_peak4_fieldloss_smooth0
run21_sparc_1406,sparc_1406,0.536162,0.590536,0.447561,0.535257,0.586056,0.409021,0.930164,0.934972,0.781015,0.925047,0.877366,0.539946,spectrum_fno48_floor6_smooth1_qc_peak4_fieldloss_smooth0
run21_sparc_1412,sparc_1412,0.634614,0.730104,0.377891,0.593517,0.651378,0.374678,0.919893,0.918602,0.737596,0.913414,0.620719,0.504391,spectrum_fno48_floor6_smooth1_qc_peak4_fieldloss_smooth0
run21_sparc_1417,sparc_1417,0.616459,0.743598,0.365385,0.581862,0.714964,0.365382,0.925433,0.918397,0.757976,0.932354,0.721205,0.423490,spectrum_fno48_floor6_smooth1_qc_peak4_fieldloss_smooth0
run21_sparc_1426,sparc_1426,0.617190,0.661754,0.637575,0.616369,0.661456,0.628331,0.913171,0.909815,0.783464,0.957604,0.955863,0.722659,spectrum_fno48_floor6_smooth1_qc_peak4_fieldloss
run21_sparc_1429,sparc_1429,0.728604,0.870785,0.686897,0.686865,0.749468,0.686552,0.898466,0.878841,0.813108,0.948411,0.933987,0.780651,spectrum_fno48_floor6_smooth1_qc_peak4_fieldloss_smooth0
run21_sparc_1430,sparc_1430,0.904007,0.866140,0.820527,0.884372,0.837805,0.769857,0.806841,0.876956,0.689846,0.992242,0.983861,0.921094,spectrum_fno48_floor6_smooth1_qc_peak4_fieldloss_smooth0
run21_sparc_1507,sparc_1507,0.653367,0.704181,0.593669,0.653251,0.687655,0.593394,0.900878,0.911246,0.732953,0.966167,0.909143,0.655742,spectrum_fno48_floor6_smooth1_qc_peak4_fieldloss_smooth0
run21_sparc_1516,sparc_1516,0.573825,0.710961,0.368421,0.566937,0.674813,0.367889,0.924529,0.916831,0.768507,0.843269,0.711781,0.428908,spectrum_fno48_floor6_smooth1_qc_peak4_fieldloss_smooth0
run21_sparc_1517,sparc_1517,0.550514,0.675103,0.400526,0.543610,0.660897,0.400208,0.911182,0.892758,0.748597,0.902812,0.756328,0.503898,spectrum_fno48_floor6_smooth1_qc_peak4_fieldloss_smooth0
run21_sparc_1524,sparc_1524,2.191402,1.541736,2.355288,0.991883,0.992489,0.998869,-0.644257,-0.123010,-0.112888,0.983633,0.982654,0.757455,spectrum_fno48_floor6_smooth1_qc_peak4
run21_sparc_1526,sparc_1526,0.685256,0.694888,0.717016,0.675533,0.670337,0.715071,0.905069,0.909023,0.768008,0.963037,0.945828,0.765513,spectrum_fno48_floor6_smooth1_qc_peak4_fieldloss
run22_sparc_1300,sparc_1300,0.377777,0.552899,0.333992,0.372485,0.552584,0.308446,0.986100,0.991364,0.981995,0.729775,0.756765,0.785496,spectrum_fno48_floor6_smooth1_qc_peak4_fieldloss_smooth0
run22_sparc_1305,sparc_1305,0.727288,0.720105,0.568734,0.690346,0.691397,0.565050,0.890827,0.919909,0.791349,0.969796,0.938257,0.851008,spectrum_fno48_floor6_smooth1_qc_peak4_fieldloss_smooth0
run22_sparc_1310,sparc_1310,0.634841,0.946350,0.460134,0.633193,0.945249,0.458181,0.900078,0.838512,0.787890,0.847090,0.251419,0.796920,spectrum_fno48_floor6_smooth1_qc_peak4_fieldloss_smooth0
run22_sparc_1319,sparc_1319,0.600051,0.893715,0.329822,0.589821,0.829023,0.316229,0.912488,0.884407,0.713777,0.785279,0.736432,0.647070,spectrum_fno48_floor6_smooth1_qc_peak4_fieldloss_smooth0
run22_sparc_1351,sparc_1351,0.802965,0.986869,0.530271,0.784364,0.977276,0.510053,0.778012,0.468609,0.527601,0.681178,0.250863,0.781425,spectrum_fno48_floor6_smooth1_qc_peak4_fieldloss_smooth0
run22_sparc_1354,sparc_1354,1.064793,1.166704,0.919595,0.981402,0.998258,0.899347,0.842781,0.774175,0.670612,0.980287,0.888446,0.818550,spectrum_fno48_floor6_smooth1_qc_peak4_fieldloss_smooth0
run22_sparc_1360,sparc_1360,0.499262,0.824817,0.295339,0.496460,0.772814,0.285202,0.893313,0.864697,0.673995,0.901297,0.940194,0.842907,spectrum_fno48_floor6_smooth1_qc_peak4_fieldloss_smooth0
run22_sparc_1363,sparc_1363,0.593348,1.003230,0.285695,0.563754,0.867518,0.285355,0.884224,0.870352,0.654965,0.908289,0.845648,0.477741,spectrum_fno48_floor6_smooth1_qc_peak4_fieldloss_smooth0
run22_sparc_1402,sparc_1402,0.687631,0.785939,0.636672,0.682262,0.730991,0.630303,0.873997,0.870675,0.776377,0.891017,0.851777,0.555776,spectrum_fno48_floor6_smooth1_qc_peak4_fieldloss_smooth0
run22_sparc_1409,sparc_1409,0.589763,0.964762,0.461267,0.565663,0.964751,0.411744,0.868522,0.871701,0.786768,0.835371,0.252120,0.768480,spectrum_fno48_floor6_smooth1_qc_peak4_fieldloss_smooth0
run22_sparc_1414,sparc_1414,0.588649,0.942209,0.403972,0.522154,0.939841,0.363308,0.896175,0.859027,0.822653,0.681532,0.250829,0.866053,spectrum_fno48_floor6_smooth1_qc_peak4_fieldloss_smooth0
run22_sparc_1426,sparc_1426,1.216729,1.396997,1.101887,0.838466,0.881394,0.614212,0.866162,0.861194,0.703783,0.898080,0.592226,0.543334,spectrum_fno48_floor6_smooth1_qc_peak4_fieldloss_smooth0
run22_sparc_1428,sparc_1428,0.816428,0.990967,0.999839,0.705082,0.911326,0.763369,0.388667,0.318033,0.214448,0.982453,0.908032,0.780529,spectrum_fno48_floor6_smooth1_qc_peak4_fieldloss
run22_sparc_1502,sparc_1502,0.692996,0.784637,0.633425,0.688277,0.731532,0.626220,0.880363,0.878160,0.779813,0.887619,0.817641,0.515184,spectrum_fno48_floor6_smooth1_qc_peak4_fieldloss_smooth0
run22_sparc_1505,sparc_1505,0.770662,0.801941,0.567866,0.739884,0.747530,0.531663,0.925435,0.913731,0.797321,0.941215,0.867446,0.777499,spectrum_fno48_floor6_smooth1_qc_peak4_fieldloss_smooth0
run22_sparc_1506,sparc_1506,0.963466,0.922024,0.591900,0.727220,0.721990,0.515300,0.885579,0.926885,0.792946,0.947567,0.881618,0.697686,spectrum_fno48_floor6_smooth1_qc_peak4_fieldloss_smooth0
run22_sparc_1511,sparc_1511,0.600714,0.959793,0.423661,0.564739,0.959554,0.390713,0.914829,0.904864,0.844889,0.635653,0.250866,0.834277,spectrum_fno48_floor6_smooth1_qc_peak4_fieldloss_smooth0
run22_sparc_1519,sparc_1519,1.288109,1.353127,1.511774,0.870332,0.899318,0.928244,0.730520,0.789491,0.424439,0.987561,0.982443,0.893265,spectrum_fno48_floor6_smooth1_qc_peak4_fieldloss
run22_sparc_1521,sparc_1521,0.652423,0.804003,0.960313,0.651243,0.770930,0.698318,0.780342,0.821728,0.495703,0.978404,0.960306,0.813791,spectrum_fno48_floor6_smooth1_qc_peak4_fieldloss
run22_sparc_1524,sparc_1524,1.895123,1.694401,0.693042,0.991330,0.990872,0.687212,0.098680,-0.006432,0.394585,0.982238,0.982777,0.771988,spectrum_fno48_floor6_smooth1_qc_peak4_fieldloss_smooth0
run23_sparc_1300,sparc_1300,0.481579,0.538443,0.449710,0.481427,0.521043,0.442447,0.971223,0.982185,0.960319,0.843285,0.782034,0.779398,spectrum_fno48_floor6_smooth1_qc_peak4_fieldloss_smooth0
run23_sparc_1303,sparc_1303,0.563413,0.633340,0.501184,0.561810,0.633109,0.450774,0.921969,0.932694,0.804031,0.949168,0.738247,0.813745,spectrum_fno48_floor6_smooth1_qc_peak4_fieldloss_smooth0
run23_sparc_1304,sparc_1304,1.626828,1.752862,1.293074,0.966700,0.925439,0.927019,0.893198,0.901657,0.762748,0.955640,0.939635,0.666064,spectrum_fno48_floor6_smooth1_qc_peak4_fieldloss_smooth0
run23_sparc_1307,sparc_1307,0.747356,0.772135,0.415486,0.676875,0.673748,0.412676,0.927701,0.920150,0.749389,0.907704,0.772964,0.599007,spectrum_fno48_floor6_smooth1_qc_peak4_fieldloss_smooth0
run23_sparc_1319,sparc_1319,0.643707,0.691364,0.209376,0.640396,0.674343,0.206682,0.933124,0.931886,0.806848,0.833460,0.777471,0.545131,spectrum_fno48_floor6_smooth1_qc_peak4_fieldloss_smooth0
run23_sparc_1351,sparc_1351,0.646524,0.641434,0.238926,0.645310,0.639617,0.238789,0.927665,0.931857,0.778446,0.912192,0.805514,0.621103,spectrum_fno48_floor6_smooth1_qc_peak4_fieldloss_smooth0
run23_sparc_1357,sparc_1357,0.638148,0.649384,0.234416,0.637562,0.649364,0.233440,0.928624,0.926472,0.771792,0.827557,0.659446,0.553866,spectrum_fno48_floor6_smooth1_qc_peak4_fieldloss_smooth0
run23_sparc_1364,sparc_1364,0.720278,0.789229,0.248392,0.711134,0.750538,0.244053,0.919370,0.918196,0.781038,0.908371,0.774563,0.546430,spectrum_fno48_floor6_smooth1_qc_peak4_fieldloss_smooth0
run23_sparc_1365,sparc_1365,0.630663,0.674475,0.215076,0.620719,0.651126,0.210354,0.924198,0.923049,0.770707,0.932808,0.817996,0.585541,spectrum_fno48_floor6_smooth1_qc_peak4_fieldloss_smooth0
run23_sparc_1405,sparc_1405,0.843970,0.885315,0.416665,0.772587,0.818854,0.402983,0.929104,0.924880,0.794987,0.895761,0.848572,0.513837,spectrum_fno48_floor6_smooth1_qc_peak4_fieldloss_smooth0
run23_sparc_1413,sparc_1413,0.652169,0.633927,0.234437,0.639260,0.626011,0.223693,0.943127,0.945402,0.794408,0.906408,0.725727,0.433524,spectrum_fno48_floor6_smooth1_qc_peak4_fieldloss_smooth0
run23_sparc_1416,sparc_1416,0.621870,0.612941,0.222251,0.620646,0.612211,0.208470,0.932901,0.934413,0.793627,0.895940,0.731886,0.409376,spectrum_fno48_floor6_smooth1_qc_peak4_fieldloss_smooth0
run23_sparc_1417,sparc_1417,0.666185,0.658823,0.270493,0.650741,0.653501,0.219881,0.927300,0.926884,0.789222,0.892203,0.779051,0.499728,spectrum_fno48_floor6_smooth1_qc_peak4_fieldloss_smooth0
run23_sparc_1423,sparc_1423,0.669864,0.787505,0.355527,0.663753,0.736091,0.350760,0.929738,0.928839,0.802799,0.900041,0.692565,0.604607,spectrum_fno48_floor6_smooth1_qc_peak4_fieldloss_smooth0
run23_sparc_1424,sparc_1424,0.655578,0.747934,0.336989,0.655570,0.733780,0.336826,0.920937,0.918621,0.774965,0.762324,0.562145,0.521630,spectrum_fno48_floor6_smooth1_qc_peak4_fieldloss_smooth0
run23_sparc_1430,sparc_1430,1.028270,1.034958,0.529167,0.771906,0.788872,0.513739,0.567778,0.655796,0.523361,0.958657,0.899184,0.640585,spectrum_fno48_floor6_smooth1_qc_peak4_fieldloss_smooth0
run23_sparc_1440,sparc_1440,0.791549,1.039880,0.314999,0.715379,0.817678,0.298249,0.936189,0.937346,0.807749,0.863953,0.854063,0.378152,spectrum_fno48_floor6_smooth1_qc_peak4_fieldloss_smooth0
run23_sparc_1500,sparc_1500,0.434400,0.506334,0.367853,0.433373,0.479734,0.365935,0.978192,0.986053,0.970954,0.759983,0.756901,0.779868,spectrum_fno48_floor6_smooth1_qc_peak4_fieldloss_smooth0
run23_sparc_1515,sparc_1515,0.647177,0.632605,0.230823,0.644171,0.631712,0.223924,0.930746,0.931557,0.780981,0.937075,0.808504,0.639633,spectrum_fno48_floor6_smooth1_qc_peak4_fieldloss_smooth0
run23_sparc_1517,sparc_1517,0.619948,0.623221,0.221401,0.618959,0.623193,0.216814,0.927023,0.928465,0.787325,0.868620,0.778354,0.559049,spectrum_fno48_floor6_smooth1_qc_peak4_fieldloss_smooth0
run23_sparc_1519,sparc_1519,0.639919,0.655399,0.253346,0.639894,0.654515,0.245176,0.930423,0.931871,0.790747,0.879375,0.687327,0.543125,spectrum_fno48_floor6_smooth1_qc_peak4_fieldloss_smooth0
run23_sparc_1521,sparc_1521,0.653955,0.682243,0.288490,0.647884,0.679683,0.246982,0.934831,0.934562,0.801419,0.892203,0.754592,0.470802,spectrum_fno48_floor6_smooth1_qc_peak4_fieldloss_smooth0
run23_sparc_1528,sparc_1528,0.884696,0.888812,0.538564,0.783379,0.751667,0.463628,0.909280,0.925257,0.799937,0.924747,0.819811,0.678222,spectrum_fno48_floor6_smooth1_qc_peak4_fieldloss_smooth0
run23_sparc_1530,sparc_1530,0.695877,0.911320,0.947232,0.654526,0.787215,0.828917,0.804405,0.882948,0.739626,0.966859,0.924157,0.693245,spectrum_fno48_floor6_smooth1_qc_peak4_fieldloss
run24_sparc_1306,sparc_1306,1.304074,1.733457,0.691251,0.879988,0.928559,0.617873,0.843310,0.865690,0.708733,0.951892,0.909676,0.729841,spectrum_fno48_floor6_smooth1_qc_peak4_fieldloss_smooth0
run24_sparc_1307,sparc_1307,0.944846,1.045107,0.754594,0.818907,0.837543,0.694599,0.882398,0.883671,0.681390,0.935187,0.943137,0.733104,spectrum_fno48_floor6_smooth1_qc_peak4_fieldloss_smooth0
run24_sparc_1308,sparc_1308,1.042545,1.006025,0.809267,0.832429,0.849725,0.683404,0.866960,0.853205,0.671157,0.948159,0.950191,0.745469,spectrum_fno48_floor6_smooth1_qc_peak4_fieldloss_smooth0
run24_sparc_1314,sparc_1314,0.502819,0.674550,0.299794,0.498746,0.627604,0.283619,0.910512,0.910676,0.728636,0.874851,0.703592,0.478870,spectrum_fno48_floor6_smooth1_qc_peak4_fieldloss_smooth0
run24_sparc_1317,sparc_1317,0.462809,0.737453,0.277968,0.461752,0.649990,0.262845,0.913941,0.915471,0.718681,0.818340,0.745517,0.581964,spectrum_fno48_floor6_smooth1_qc_peak4_fieldloss_smooth0
run24_sparc_1351,sparc_1351,0.513495,0.724417,0.309146,0.503512,0.630985,0.302201,0.907864,0.908329,0.705059,0.855115,0.774382,0.480894,spectrum_fno48_floor6_smooth1_qc_peak4_fieldloss_smooth0
run24_sparc_1362,sparc_1362,0.440341,0.615546,0.308860,0.439543,0.596732,0.284219,0.885594,0.889594,0.658153,0.900318,0.832017,0.764318,spectrum_fno48_floor6_smooth1_qc_peak4_fieldloss_smooth0
run24_sparc_1404,sparc_1404,0.995001,1.526345,0.511489,0.792346,0.884711,0.449983,0.912556,0.900577,0.772871,0.885160,0.687136,0.442041,spectrum_fno48_floor6_smooth1_qc_peak4_fieldloss_smooth0
run24_sparc_1409,sparc_1409,0.703086,0.797510,0.578847,0.695568,0.775066,0.578757,0.886914,0.881726,0.679568,0.921951,0.826437,0.640510,spectrum_fno48_floor6_smooth1_qc_peak4_fieldloss_smooth0
run24_sparc_1412,sparc_1412,0.482865,0.763393,0.301044,0.476691,0.636057,0.293851,0.890373,0.907933,0.721219,0.884119,0.733202,0.349883,spectrum_fno48_floor6_smooth1_qc_peak4_fieldloss_smooth0
run24_sparc_1414,sparc_1414,0.480460,0.692948,0.286632,0.478120,0.613975,0.270023,0.898571,0.913391,0.724980,0.919558,0.748077,0.503632,spectrum_fno48_floor6_smooth1_qc_peak4_fieldloss_smooth0
run24_sparc_1416,sparc_1416,0.462996,0.663993,0.266707,0.462328,0.631949,0.250917,0.908831,0.925643,0.744764,0.908919,0.817212,0.639086,spectrum_fno48_floor6_smooth1_qc_peak4_fieldloss_smooth0
run24_sparc_1424,sparc_1424,1.025817,1.211239,0.535823,0.828055,0.882710,0.514651,0.830008,0.859133,0.671754,0.835513,0.708618,0.516953,spectrum_fno48_floor6_smooth1_qc_peak4_fieldloss_smooth0
run24_sparc_1425,sparc_1425,1.719884,2.154954,1.107527,0.920716,0.951678,0.877533,0.742185,0.703869,0.535489,0.962349,0.824445,0.553682,spectrum_fno48_floor6_smooth1_qc_peak4_fieldloss_smooth0
run24_sparc_1426,sparc_1426,0.710013,1.092858,0.646952,0.694623,0.833415,0.641827,0.759452,0.734600,0.605273,0.984073,0.977765,0.765618,spectrum_fno48_floor6_smooth1_qc_peak4_fieldloss_smooth0
run24_sparc_1504,sparc_1504,0.958895,1.185172,0.770195,0.761781,0.876429,0.554233,0.864141,0.898474,0.769007,0.949118,0.790614,0.536805,spectrum_fno48_floor6_smooth1_qc_peak4_fieldloss_smooth0
run24_sparc_1505,sparc_1505,1.043312,1.427668,0.714114,0.793552,0.898941,0.584693,0.926768,0.917420,0.799790,0.886934,0.741421,0.518680,spectrum_fno48_floor6_smooth1_qc_peak4_fieldloss_smooth0
run24_sparc_1509,sparc_1509,0.560848,0.718846,0.349917,0.542411,0.684120,0.331929,0.903817,0.902761,0.700211,0.944493,0.841080,0.628357,spectrum_fno48_floor6_smooth1_qc_peak4_fieldloss_smooth0
run24_sparc_1512,sparc_1512,0.508267,0.709818,0.288152,0.493821,0.639800,0.273177,0.904316,0.919348,0.733963,0.955279,0.777836,0.740396,spectrum_fno48_floor6_smooth1_qc_peak4_fieldloss_smooth0
run24_sparc_1513,sparc_1513,0.494174,0.654721,0.295567,0.493683,0.611386,0.264642,0.915181,0.922071,0.731446,0.913790,0.597122,0.588320,spectrum_fno48_floor6_smooth1_qc_peak4_fieldloss_smooth0
run24_sparc_1523,sparc_1523,0.723857,0.810686,0.649020,0.667495,0.721371,0.570311,0.907532,0.901540,0.726230,0.842238,0.790157,0.349972,spectrum_fno48_floor6_smooth1_qc_peak4_fieldloss_smooth0
run25_sparc_1302,sparc_1302,0.688475,0.801645,0.467018,0.642316,0.692728,0.466058,0.901796,0.900961,0.781365,0.930608,0.807732,0.800343,spectrum_fno48_floor6_smooth1_qc_peak4_fieldloss_smooth0
run25_sparc_1307,sparc_1307,0.947809,1.126500,0.624642,0.687721,0.727494,0.504862,0.923981,0.938616,0.813158,0.947625,0.922469,0.629267,spectrum_fno48_floor6_smooth1_qc_peak4_fieldloss_smooth0
run25_sparc_1316,sparc_1316,0.545622,0.616167,0.310945,0.542071,0.605519,0.287091,0.850539,0.869660,0.610140,0.969482,0.717934,0.491537,spectrum_fno48_floor6_smooth1_qc_peak4_fieldloss_smooth0
run25_sparc_1349,sparc_1349,0.467817,0.595289,0.253585,0.467611,0.574019,0.243737,0.897041,0.899458,0.677448,0.873670,0.923691,0.591174,spectrum_fno48_floor6_smooth1_qc_peak4_fieldloss_smooth0
run25_sparc_1350,sparc_1350,0.563644,0.584993,0.269732,0.548585,0.559797,0.266710,0.916411,0.910580,0.738557,0.903038,0.609140,0.439186,spectrum_fno48_floor6_smooth1_qc_peak4_fieldloss_smooth0
run25_sparc_1351,sparc_1351,0.561204,0.598255,0.286988,0.553226,0.583903,0.279414,0.909649,0.909322,0.693078,0.932514,0.768930,0.427065,spectrum_fno48_floor6_smooth1_qc_peak4_fieldloss_smooth0
run25_sparc_1356,sparc_1356,0.571480,0.678466,0.346892,0.565418,0.662542,0.346829,0.887594,0.894800,0.671067,0.903038,0.823494,0.423868,spectrum_fno48_floor6_smooth1_qc_peak4_fieldloss_smooth0
run25_sparc_1358,sparc_1358,0.486069,0.580822,0.258352,0.482304,0.568339,0.252619,0.881281,0.898395,0.666989,0.915662,0.908934,0.714005,spectrum_fno48_floor6_smooth1_qc_peak4_fieldloss_smooth0
run25_sparc_1359,sparc_1359,0.475219,0.601712,0.244348,0.475053,0.588329,0.238896,0.906998,0.909392,0.708664,0.913071,0.921153,0.620649,spectrum_fno48_floor6_smooth1_qc_peak4_fieldloss_smooth0
run25_sparc_1360,sparc_1360,0.469834,0.605342,0.245221,0.468860,0.590807,0.237576,0.894412,0.899443,0.684820,0.886741,0.932974,0.700922,spectrum_fno48_floor6_smooth1_qc_peak4_fieldloss_smooth0
run25_sparc_1365,sparc_1365,0.478109,0.579449,0.243851,0.478109,0.571300,0.236615,0.906645,0.906290,0.689105,0.892609,0.905469,0.587996,spectrum_fno48_floor6_smooth1_qc_peak4_fieldloss_smooth0
run25_sparc_1400,sparc_1400,0.530933,0.518761,0.442139,0.523663,0.514390,0.431439,0.984286,0.992453,0.981725,0.910428,0.759165,0.848163,spectrum_fno48_floor6_smooth1_qc_peak4_fieldloss_smooth0
run25_sparc_1411,sparc_1411,0.611103,0.702048,0.338206,0.579650,0.632737,0.336436,0.914788,0.909285,0.709961,0.910187,0.740889,0.535383,spectrum_fno48_floor6_smooth1_qc_peak4_fieldloss_smooth0
run25_sparc_1413,sparc_1413,0.569145,0.598862,0.284662,0.552507,0.574294,0.283271,0.919117,0.922224,0.732617,0.867322,0.727371,0.493917,spectrum_fno48_floor6_smooth1_qc_peak4_fieldloss_smooth0
run25_sparc_1418,sparc_1418,0.538151,0.596669,0.260881,0.534575,0.590313,0.254878,0.904199,0.905714,0.683420,0.945941,0.930491,0.603519,spectrum_fno48_floor6_smooth1_qc_peak4_fieldloss_smooth0
run25_sparc_1421,sparc_1421,0.543125,0.685987,0.354878,0.535737,0.654664,0.352561,0.878909,0.881798,0.653495,0.928678,0.769935,0.409603,spectrum_fno48_floor6_smooth1_qc_peak4_fieldloss_smooth0
run25_sparc_1423,sparc_1423,0.926090,1.226585,0.462264,0.746938,0.803280,0.440050,0.940055,0.945806,0.834737,0.947757,0.789214,0.546896,spectrum_fno48_floor6_smooth1_qc_peak4_fieldloss_smooth0
run25_sparc_1428,sparc_1428,1.234727,1.278370,0.689812,0.776971,0.819138,0.571929,0.927729,0.925633,0.797607,0.902338,0.818659,0.541748,spectrum_fno48_floor6_smooth1_qc_peak4_fieldloss_smooth0
run25_sparc_1500,sparc_1500,0.501075,0.500719,0.424822,0.497206,0.496187,0.423868,0.984200,0.992212,0.980267,0.890394,0.753060,0.828229,spectrum_fno48_floor6_smooth1_qc_peak4_fieldloss_smooth0
run25_sparc_1503,sparc_1503,1.488440,1.641279,0.702623,0.837264,0.870796,0.573262,0.939801,0.942962,0.820538,0.858871,0.824139,0.418908,spectrum_fno48_floor6_smooth1_qc_peak4_fieldloss_smooth0
run25_sparc_1505,sparc_1505,0.917203,1.135667,0.194141,0.705199,0.782345,0.194018,0.936575,0.934153,0.800873,0.921703,0.806056,0.435353,spectrum_fno48_floor6_smooth1_qc_peak4_fieldloss_smooth0
run25_sparc_1511,sparc_1511,0.561055,0.634680,0.276367,0.551312,0.621328,0.270268,0.924628,0.925030,0.737270,0.935412,0.732370,0.463891,spectrum_fno48_floor6_smooth1_qc_peak4_fieldloss_smooth0
run25_sparc_1513,sparc_1513,0.547215,0.579188,0.277184,0.544242,0.575568,0.254392,0.917610,0.919444,0.714788,0.914025,0.678820,0.371173,spectrum_fno48_floor6_smooth1_qc_peak4_fieldloss_smooth0
run25_sparc_1514,sparc_1514,0.548993,0.592141,0.280080,0.545397,0.589376,0.261623,0.914854,0.916858,0.715998,0.908985,0.751169,0.467702,spectrum_fno48_floor6_smooth1_qc_peak4_fieldloss_smooth0
run25_sparc_1515,sparc_1515,0.539262,0.580709,0.258607,0.537720,0.569799,0.247971,0.913596,0.915502,0.703120,0.932819,0.732843,0.424732,spectrum_fno48_floor6_smooth1_qc_peak4_fieldloss_smooth0
run25_sparc_1523,sparc_1523,0.468263,0.729903,0.255666,0.467572,0.660783,0.250770,0.894151,0.897771,0.678355,0.917076,0.867992,0.382092,spectrum_fno48_floor6_smooth1_qc_peak4_fieldloss_smooth0
run25_sparc_1525,sparc_1525,0.910809,1.148445,0.289598,0.721947,0.816046,0.285539,0.946533,0.946657,0.835625,0.742164,0.787529,0.443542,spectrum_fno48_floor6_smooth1_qc_peak4_fieldloss_smooth0
run25_sparc_1527,sparc_1527,0.998834,1.303077,0.288136,0.781995,0.860772,0.280500,0.917751,0.886980,0.813846,0.948872,0.918340,0.704442,spectrum_fno48_floor6_smooth1_qc_peak4_fieldloss_smooth0
run26_sparc_1305,sparc_1305,1.083283,1.394205,0.291882,0.805549,0.856661,0.270140,0.923219,0.884117,0.767942,0.921930,0.847865,0.455910,spectrum_fno48_floor6_smooth1_qc_peak4_fieldloss_smooth0
run26_sparc_1314,sparc_1314,0.550498,0.607363,0.281613,0.538085,0.573509,0.269951,0.907557,0.907798,0.685493,0.929192,0.565982,0.586946,spectrum_fno48_floor6_smooth1_qc_peak4_fieldloss_smooth0
run26_sparc_1351,sparc_1351,0.528420,0.579764,0.294656,0.524412,0.576349,0.265070,0.906545,0.903941,0.691182,0.919227,0.766566,0.566285,spectrum_fno48_floor6_smooth1_qc_peak4_fieldloss_smooth0
run26_sparc_1353,sparc_1353,0.492425,0.588059,0.250205,0.491494,0.581635,0.244097,0.898100,0.898435,0.665792,0.906787,0.890240,0.581839,spectrum_fno48_floor6_smooth1_qc_peak4_fieldloss_smooth0
run26_sparc_1403,sparc_1403,0.705414,0.816279,0.435717,0.685507,0.706153,0.435698,0.943702,0.951405,0.837022,0.861115,0.777554,0.612288,spectrum_fno48_floor6_smooth1_qc_peak4_fieldloss_smooth0
run26_sparc_1414,sparc_1414,0.541917,0.605580,0.300438,0.541574,0.592191,0.268654,0.919134,0.920984,0.725536,0.903890,0.647805,0.515797,spectrum_fno48_floor6_smooth1_qc_peak4_fieldloss_smooth0
run26_sparc_1416,sparc_1416,0.552608,0.603325,0.311677,0.551795,0.596416,0.291682,0.911093,0.910286,0.708835,0.930621,0.669097,0.502225,spectrum_fno48_floor6_smooth1_qc_peak4_fieldloss_smooth0
run26_sparc_1429,sparc_1429,1.109739,0.990388,0.710468,0.797532,0.793270,0.623618,0.880161,0.865210,0.691193,0.893935,0.780664,0.712940,spectrum_fno48_floor6_smooth1_qc_peak4_fieldloss_smooth0
run26_sparc_1441,sparc_1441,0.911706,1.271880,0.213684,0.730781,0.843988,0.209117,0.906972,0.913646,0.781289,0.859586,0.883476,0.440672,spectrum_fno48_floor6_smooth1_qc_peak4_fieldloss_smooth0
run26_sparc_1505,sparc_1505,0.951078,1.096201,0.263906,0.815450,0.852600,0.257193,0.920452,0.919107,0.766957,0.897090,0.788268,0.497339,spectrum_fno48_floor6_smooth1_qc_peak4_fieldloss_smooth0
run26_sparc_1507,sparc_1507,0.953955,1.347519,0.369182,0.790020,0.874630,0.310694,0.929493,0.923724,0.794488,0.888585,0.800019,0.411631,spectrum_fno48_floor6_smooth1_qc_peak4_fieldloss_smooth0
run26_sparc_1510,sparc_1510,0.608979,0.947189,0.462186,0.602552,0.774340,0.373677,0.897872,0.868703,0.706049,0.911938,0.938996,0.727054,spectrum_fno48_floor6_smooth1_qc_peak4_fieldloss_smooth0
run26_sparc_1516,sparc_1516,0.544822,0.615242,0.262895,0.532054,0.588683,0.254672,0.914677,0.913814,0.717565,0.962441,0.597305,0.377662,spectrum_fno48_floor6_smooth1_qc_peak4_fieldloss_smooth0
run26_sparc_1520,sparc_1520,0.579225,0.662237,0.384039,0.561952,0.622858,0.381692,0.897021,0.899469,0.665939,0.912282,0.720124,0.519821,spectrum_fno48_floor6_smooth1_qc_peak4_fieldloss_smooth0
run27_sparc_1302,sparc_1302,0.788174,0.744997,0.747912,0.787893,0.744877,0.745746,0.854047,0.859623,0.773206,0.978716,0.972326,0.785654,spectrum_fno48_floor6_smooth1_qc_peak4
run27_sparc_1306,sparc_1306,0.772071,0.743842,0.806489,0.732722,0.683652,0.739282,0.711009,0.662336,0.480674,0.940904,0.933189,0.836667,spectrum_fno48_floor6_smooth1_qc_peak4
run27_sparc_1308,sparc_1308,0.817266,0.976590,0.722558,0.693799,0.854126,0.698533,0.697844,0.620888,0.502006,0.987812,0.976813,0.803504,spectrum_fno48_floor6_smooth1_qc_peak4_fieldloss_smooth0
run27_sparc_1310,sparc_1310,0.544972,0.674996,0.305266,0.515219,0.622602,0.296247,0.911586,0.913471,0.721036,0.958222,0.789276,0.709686,spectrum_fno48_floor6_smooth1_qc_peak4_fieldloss_smooth0
run27_sparc_1354,sparc_1354,0.549364,0.611044,0.335951,0.543334,0.596173,0.331034,0.850343,0.845930,0.654733,0.942416,0.937884,0.799092,spectrum_fno48_floor6_smooth1_qc_peak4_fieldloss_smooth0
run27_sparc_1358,sparc_1358,0.450129,0.578671,0.274289,0.449856,0.554887,0.258647,0.907465,0.907667,0.735826,0.916587,0.911166,0.674056,spectrum_fno48_floor6_smooth1_qc_peak4_fieldloss_smooth0
run27_sparc_1405,sparc_1405,0.622385,0.982301,0.526553,0.579478,0.896351,0.525294,0.823707,0.369732,0.714851,0.982875,0.979022,0.807822,spectrum_fno48_floor6_smooth1_qc_peak4_fieldloss_smooth0
run27_sparc_1408,sparc_1408,1.030623,1.046462,0.496149,0.788443,0.846260,0.439761,0.901993,0.896983,0.753274,0.927761,0.853324,0.730941,spectrum_fno48_floor6_smooth1_qc_peak4_fieldloss_smooth0
run27_sparc_1414,sparc_1414,0.501962,0.615922,0.274527,0.501750,0.585228,0.262213,0.922755,0.926345,0.738153,0.896962,0.849771,0.419582,spectrum_fno48_floor6_smooth1_qc_peak4_fieldloss_smooth0
run27_sparc_1416,sparc_1416,0.484472,0.633132,0.274063,0.471750,0.582336,0.254729,0.922861,0.925652,0.742949,0.935842,0.842065,0.493199,spectrum_fno48_floor6_smooth1_qc_peak4_fieldloss_smooth0
run27_sparc_1441,sparc_1441,0.715458,0.925394,0.451661,0.683607,0.852175,0.406986,0.896161,0.869135,0.732559,0.859395,0.868561,0.520432,spectrum_fno48_floor6_smooth1_qc_peak4_fieldloss_smooth0
run27_sparc_1520,sparc_1520,0.494278,0.613003,0.368776,0.483387,0.557653,0.367959,0.915398,0.921503,0.736178,0.744457,0.876274,0.446379,spectrum_fno48_floor6_smooth1_qc_peak4_fieldloss_smooth0
run27_sparc_1530,sparc_1530,0.786379,0.774592,0.786138,0.776033,0.729927,0.767642,0.800705,0.938749,0.866076,0.995392,0.972183,0.936248,spectrum_fno48_floor6_smooth1_qc_peak4
run27_sparc_1593,sparc_1593,0.585657,0.663749,0.454363,0.581998,0.660164,0.449906,0.931906,0.931610,0.804693,0.903906,0.810453,0.525708,spectrum_fno48_floor6_smooth1_qc_peak4_fieldloss_smooth0
run28_sparc_1304,sparc_1304,0.629417,0.626931,0.554363,0.616664,0.624584,0.554183,0.924838,0.934335,0.811817,0.955286,0.922200,0.699501,spectrum_fno48_floor6_smooth1_qc_peak4_fieldloss_smooth0
run28_sparc_1306,sparc_1306,0.564123,0.599255,0.497156,0.564049,0.599229,0.496954,0.923441,0.925586,0.778204,0.945058,0.911190,0.475803,spectrum_fno48_floor6_smooth1_qc_peak4_fieldloss_smooth0
run28_sparc_1311,sparc_1311,0.609249,0.591854,0.446208,0.593229,0.579569,0.444211,0.893241,0.905970,0.728329,0.895199,0.760968,0.420899,spectrum_fno48_floor6_smooth1_qc_peak4_fieldloss_smooth0
run28_sparc_1316,sparc_1316,0.662561,0.628808,0.464106,0.628820,0.602368,0.462397,0.918889,0.916337,0.776848,0.840525,0.867399,0.473033,spectrum_fno48_floor6_smooth1_qc_peak4_fieldloss_smooth0
run28_sparc_1317,sparc_1317,0.598387,0.610668,0.424535,0.596493,0.610477,0.417485,0.924378,0.929427,0.776590,0.883134,0.811175,0.452606,spectrum_fno48_floor6_smooth1_qc_peak4_fieldloss_smooth0
run28_sparc_1352,sparc_1352,0.698760,0.677393,0.475907,0.685325,0.663392,0.473545,0.912750,0.913468,0.758265,0.891411,0.875468,0.435979,spectrum_fno48_floor6_smooth1_qc_peak4_fieldloss_smooth0
run28_sparc_1355,sparc_1355,0.697052,0.724142,0.507098,0.652678,0.656838,0.503830,0.918088,0.916755,0.754078,0.868083,0.822985,0.307595,spectrum_fno48_floor6_smooth1_qc_peak4_fieldloss_smooth0
run28_sparc_1361,sparc_1361,0.737330,0.794941,0.468317,0.639954,0.693369,0.466728,0.908176,0.903980,0.753336,0.957045,0.905282,0.536594,spectrum_fno48_floor6_smooth1_qc_peak4_fieldloss_smooth0
run28_sparc_1406,sparc_1406,0.580148,0.653691,0.480732,0.565103,0.648258,0.458986,0.932028,0.933691,0.811159,0.950439,0.951048,0.577672,spectrum_fno48_floor6_smooth1_qc_peak4_fieldloss_smooth0
run28_sparc_1418,sparc_1418,0.668608,0.710357,0.375315,0.608305,0.663179,0.366846,0.907419,0.913974,0.772939,0.929180,0.852936,0.490751,spectrum_fno48_floor6_smooth1_qc_peak4_fieldloss_smooth0
run28_sparc_1420,sparc_1420,0.844008,0.773122,0.664599,0.782802,0.735716,0.604741,0.863558,0.885489,0.731188,0.955787,0.949585,0.504708,spectrum_fno48_floor6_smooth1_qc_peak4_fieldloss_smooth0
run28_sparc_1423,sparc_1423,0.689417,0.712949,0.565847,0.665069,0.679614,0.549242,0.884214,0.886437,0.755404,0.932475,0.886250,0.617013,spectrum_fno48_floor6_smooth1_qc_peak4_fieldloss_smooth0
run28_sparc_1506,sparc_1506,0.549188,0.619176,0.481932,0.542479,0.617821,0.434525,0.935049,0.939008,0.811203,0.933467,0.923018,0.464343,spectrum_fno48_floor6_smooth1_qc_peak4_fieldloss_smooth0
run28_sparc_1516,sparc_1516,0.560791,0.599445,0.437640,0.555509,0.594514,0.431945,0.896446,0.909235,0.757970,0.892100,0.794313,0.483045,spectrum_fno48_floor6_smooth1_qc_peak4_fieldloss_smooth0
run28_sparc_1525,sparc_1525,0.625426,0.634817,0.583725,0.609965,0.626781,0.559743,0.933848,0.936924,0.817996,0.939018,0.946218,0.747102,spectrum_fno48_floor6_smooth1_qc_peak4_fieldloss_smooth0
run28_sparc_1527,sparc_1527,0.689964,0.755693,0.657006,0.662080,0.685195,0.629990,0.929403,0.923047,0.821038,0.937832,0.930484,0.720714,spectrum_fno48_floor6_smooth1_qc_peak4_fieldloss_smooth0
run28_sparc_1528,sparc_1528,0.662928,0.697373,0.586250,0.604892,0.661229,0.574140,0.927954,0.936510,0.843903,0.911489,0.913775,0.588971,spectrum_fno48_floor6_smooth1_qc_peak4_fieldloss_smooth0
run29_sparc_1300,sparc_1300,0.512053,0.547259,0.514689,0.511476,0.538359,0.506757,0.968718,0.983467,0.971957,0.973752,0.923750,0.925519,spectrum_fno48_floor6_smooth1_qc_peak4_fieldloss
run29_sparc_1305,sparc_1305,0.948935,1.091087,0.523562,0.766067,0.819762,0.507490,0.935620,0.931140,0.792736,0.870993,0.823426,0.637792,spectrum_fno48_floor6_smooth1_qc_peak4_fieldloss_smooth0
run29_sparc_1308,sparc_1308,1.140572,1.476625,1.148395,0.720370,0.786223,0.591111,0.908394,0.905812,0.755104,0.892886,0.821188,0.616779,spectrum_fno48_floor6_smooth1_qc_peak4_fieldloss
run29_sparc_1310,sparc_1310,0.537004,0.750240,0.323125,0.513691,0.648286,0.319379,0.914353,0.907825,0.703229,0.967918,0.720209,0.546016,spectrum_fno48_floor6_smooth1_qc_peak4_fieldloss_smooth0
run29_sparc_1314,sparc_1314,0.537666,0.705946,0.317878,0.521203,0.628917,0.315031,0.902927,0.897004,0.693907,0.932820,0.775912,0.597476,spectrum_fno48_floor6_smooth1_qc_peak4_fieldloss_smooth0
run29_sparc_1315,sparc_1315,0.555351,0.729404,0.322663,0.530058,0.636241,0.321048,0.900450,0.892479,0.667087,0.919414,0.782492,0.594377,spectrum_fno48_floor6_smooth1_qc_peak4_fieldloss_smooth0
run29_sparc_1316,sparc_1316,0.535895,0.734746,0.351793,0.515537,0.635534,0.349823,0.897154,0.892002,0.673045,0.917727,0.795021,0.450321,spectrum_fno48_floor6_smooth1_qc_peak4_fieldloss_smooth0
run29_sparc_1349,sparc_1349,0.486185,0.656640,0.304512,0.477425,0.612506,0.304386,0.883117,0.881277,0.654181,0.890776,0.895169,0.491639,spectrum_fno48_floor6_smooth1_qc_peak4_fieldloss_smooth0
run29_sparc_1354,sparc_1354,0.505964,0.630363,0.318921,0.492377,0.575864,0.313977,0.871388,0.866814,0.637203,0.893797,0.878094,0.595653,spectrum_fno48_floor6_smooth1_qc_peak4_fieldloss_smooth0
run29_sparc_1361,sparc_1361,0.528189,0.774039,0.277606,0.503604,0.634857,0.261111,0.883521,0.880915,0.660521,0.902736,0.907088,0.504613,spectrum_fno48_floor6_smooth1_qc_peak4_fieldloss_smooth0
run29_sparc_1363,sparc_1363,0.528496,0.783404,0.328019,0.503702,0.641778,0.324155,0.886547,0.883904,0.663852,0.886059,0.897974,0.352711,spectrum_fno48_floor6_smooth1_qc_peak4_fieldloss_smooth0
run29_sparc_1365,sparc_1365,0.520284,0.741664,0.257114,0.507807,0.673252,0.242371,0.876169,0.867983,0.652974,0.908210,0.895729,0.485847,spectrum_fno48_floor6_smooth1_qc_peak4_fieldloss_smooth0
run29_sparc_1401,sparc_1401,0.598681,0.668315,0.518380,0.596778,0.610748,0.505901,0.928819,0.930798,0.863759,0.967551,0.970260,0.790188,spectrum_fno48_floor6_smooth1_qc_peak4_fieldloss_smooth0
run29_sparc_1403,sparc_1403,0.411513,0.603110,0.265632,0.407804,0.517926,0.256022,0.935863,0.937372,0.831933,0.978318,0.898209,0.888181,spectrum_fno48_floor6_smooth1_qc_peak4_fieldloss_smooth0
run29_sparc_1408,sparc_1408,0.840101,1.176776,0.720994,0.757882,0.824471,0.579280,0.919340,0.923111,0.758466,0.806298,0.728293,0.687411,spectrum_fno48_floor6_smooth1_qc_peak4_fieldloss_smooth0
run29_sparc_1416,sparc_1416,0.520372,0.715644,0.311299,0.518497,0.646423,0.288324,0.911398,0.906497,0.693872,0.912269,0.885357,0.542762,spectrum_fno48_floor6_smooth1_qc_peak4_fieldloss_smooth0
run29_sparc_1418,sparc_1418,0.546549,0.760704,0.276854,0.529576,0.662530,0.264964,0.891991,0.887883,0.663921,0.904197,0.905829,0.476633,spectrum_fno48_floor6_smooth1_qc_peak4_fieldloss_smooth0
run29_sparc_1419,sparc_1419,0.516655,0.808729,0.262195,0.516459,0.714376,0.262084,0.871036,0.874434,0.646629,0.956444,0.954256,0.586975,spectrum_fno48_floor6_smooth1_qc_peak4_fieldloss_smooth0
run29_sparc_1429,sparc_1429,0.732131,1.006286,0.697604,0.631362,0.839485,0.577276,0.752104,0.706830,0.568787,0.956971,0.881508,0.761520,spectrum_fno48_floor6_smooth1_qc_peak4_fieldloss_smooth0
run29_sparc_1501,sparc_1501,0.726925,0.769718,0.622206,0.722694,0.749680,0.615198,0.857620,0.905653,0.815541,0.939527,0.932429,0.843517,spectrum_fno48_floor6_smooth1_qc_peak4_fieldloss_smooth0
run29_sparc_1507,sparc_1507,0.925241,1.070886,0.444000,0.736654,0.807424,0.443737,0.862807,0.873177,0.745548,0.976241,0.958300,0.759458,spectrum_fno48_floor6_smooth1_qc_peak4_fieldloss_smooth0
run29_sparc_1509,sparc_1509,0.533251,0.719490,0.343384,0.523943,0.654004,0.342833,0.901565,0.901112,0.695690,0.946783,0.817570,0.446000,spectrum_fno48_floor6_smooth1_qc_peak4_fieldloss_smooth0
run29_sparc_1517,sparc_1517,0.523075,0.722495,0.263882,0.518313,0.650790,0.252615,0.903157,0.901609,0.689259,0.965408,0.839449,0.445787,spectrum_fno48_floor6_smooth1_qc_peak4_fieldloss_smooth0
run29_sparc_1528,sparc_1528,0.905273,0.948529,0.720558,0.771331,0.830610,0.654721,0.864808,0.863313,0.756287,0.896055,0.686672,0.660326,spectrum_fno48_floor6_smooth1_qc_peak4_fieldloss_smooth0
run29_sparc_1593,sparc_1593,0.408617,0.634659,0.243459,0.401906,0.541515,0.239545,0.927398,0.920945,0.809977,0.922600,0.805119,0.754268,spectrum_fno48_floor6_smooth1_qc_peak4_fieldloss_smooth0
run2_sparc_1302,sparc_1302,0.734647,0.785799,0.791660,0.681983,0.683143,0.754228,0.844325,0.875886,0.739076,0.967626,0.947835,0.827894,spectrum_fno48_floor6_smooth1_qc_peak4_fieldloss
run2_sparc_1304,sparc_1304,0.589118,0.640281,0.505121,0.584369,0.607582,0.500905,0.881851,0.889777,0.744453,0.953890,0.945531,0.700064,spectrum_fno48_floor6_smooth1_qc_peak4_fieldloss_smooth0
run2_sparc_1306,sparc_1306,0.779462,0.899133,0.720491,0.764882,0.822443,0.695915,0.888181,0.878859,0.715853,0.926121,0.904953,0.803924,spectrum_fno48_floor6_smooth1_qc_peak4_fieldloss_smooth0
run2_sparc_1307,sparc_1307,0.627192,0.746577,0.515043,0.619023,0.732491,0.514133,0.881397,0.856720,0.692480,0.937015,0.939449,0.780016,spectrum_fno48_floor6_smooth1_qc_peak4_fieldloss_smooth0
run2_sparc_1308,sparc_1308,0.860416,0.893202,0.841781,0.857828,0.877321,0.840950,0.875025,0.864142,0.682194,0.950666,0.912930,0.782969,spectrum_fno48_floor6_smooth1_qc_peak4_fieldloss_smooth0
run2_sparc_1317,sparc_1317,0.550203,0.674705,0.329276,0.535013,0.616044,0.328863,0.926260,0.926591,0.775770,0.909101,0.775692,0.504868,spectrum_fno48_floor6_smooth1_qc_peak4_fieldloss_smooth0
run2_sparc_1319,sparc_1319,0.544944,0.686416,0.335782,0.534180,0.616363,0.332502,0.926806,0.929327,0.759735,0.849448,0.771445,0.431946,spectrum_fno48_floor6_smooth1_qc_peak4_fieldloss_smooth0
run2_sparc_1352,sparc_1352,0.577797,0.564684,0.524382,0.577595,0.562976,0.521975,0.924696,0.922847,0.744461,0.870608,0.777170,0.392608,spectrum_fno48_floor6_smooth1_qc_peak4_fieldloss_smooth0
run2_sparc_1401,sparc_1401,0.802063,0.929029,0.611972,0.794893,0.892830,0.598552,0.794081,0.792931,0.748230,0.978952,0.981426,0.899414,spectrum_fno48_floor6_smooth1_qc_peak4_fieldloss_smooth0
run2_sparc_1403,sparc_1403,0.700544,0.776846,0.523411,0.657549,0.696335,0.519167,0.914938,0.925114,0.787679,0.942896,0.731415,0.746654,spectrum_fno48_floor6_smooth1_qc_peak4_fieldloss_smooth0
run2_sparc_1404,sparc_1404,0.577615,0.704206,0.580431,0.565087,0.607637,0.517026,0.887056,0.879145,0.750844,0.964269,0.937993,0.665504,spectrum_fno48_floor6_smooth1_qc_peak4_fieldloss
run2_sparc_1406,sparc_1406,0.494315,0.539413,0.323468,0.483869,0.539245,0.311968,0.916719,0.920362,0.761025,0.956437,0.717052,0.604549,spectrum_fno48_floor6_smooth1_qc_peak4_fieldloss_smooth0
run2_sparc_1408,sparc_1408,0.950611,0.967990,0.906969,0.853995,0.867823,0.805486,0.729707,0.777657,0.621067,0.992893,0.962167,0.827297,spectrum_fno48_floor6_smooth1_qc_peak4_fieldloss_smooth0
run2_sparc_1412,sparc_1412,0.577142,0.637286,0.368223,0.566718,0.618856,0.363746,0.931623,0.932221,0.768555,0.930509,0.736823,0.539032,spectrum_fno48_floor6_smooth1_qc_peak4_fieldloss_smooth0
run2_sparc_1414,sparc_1414,0.575969,0.668218,0.368595,0.562996,0.634595,0.367465,0.919643,0.919140,0.747302,0.957404,0.756212,0.465877,spectrum_fno48_floor6_smooth1_qc_peak4_fieldloss_smooth0
run2_sparc_1415,sparc_1415,0.570525,0.689335,0.361463,0.548356,0.647357,0.356735,0.925793,0.924274,0.755455,0.936463,0.797591,0.492996,spectrum_fno48_floor6_smooth1_qc_peak4_fieldloss_smooth0
run2_sparc_1421,sparc_1421,0.531064,0.665966,0.508399,0.531062,0.625040,0.507987,0.914261,0.920721,0.747051,0.869903,0.791733,0.458654,spectrum_fno48_floor6_smooth1_qc_peak4_fieldloss_smooth0
run2_sparc_1501,sparc_1501,0.834444,0.950176,0.806573,0.828210,0.919138,0.799042,0.822841,0.818054,0.734405,0.973068,0.979399,0.857559,spectrum_fno48_floor6_smooth1_qc_peak4_fieldloss_smooth0
run2_sparc_1506,sparc_1506,0.543231,0.565073,0.403335,0.534550,0.564043,0.381016,0.902332,0.908212,0.749185,0.962685,0.819893,0.606626,spectrum_fno48_floor6_smooth1_qc_peak4_fieldloss_smooth0
run2_sparc_1509,sparc_1509,0.630905,0.661306,0.572694,0.629641,0.660437,0.572543,0.902555,0.914018,0.742733,0.933657,0.764549,0.510998,spectrum_fno48_floor6_smooth1_qc_peak4_fieldloss_smooth0
run2_sparc_1514,sparc_1514,0.569695,0.626511,0.388539,0.566521,0.623859,0.385526,0.920403,0.924832,0.743636,0.873018,0.777288,0.510138,spectrum_fno48_floor6_smooth1_qc_peak4_fieldloss_smooth0
run2_sparc_1516,sparc_1516,0.548820,0.646580,0.369549,0.520434,0.605369,0.364794,0.920851,0.924093,0.736615,0.907501,0.753345,0.340277,spectrum_fno48_floor6_smooth1_qc_peak4_fieldloss_smooth0
run2_sparc_1520,sparc_1520,0.518263,0.673351,0.442912,0.516295,0.620664,0.436815,0.922668,0.922916,0.749577,0.775921,0.824611,0.422897,spectrum_fno48_floor6_smooth1_qc_peak4_fieldloss_smooth0
run2_sparc_1521,sparc_1521,0.667565,0.752654,0.606153,0.657675,0.667461,0.606136,0.899652,0.909708,0.738311,0.856522,0.868736,0.557448,spectrum_fno48_floor6_smooth1_qc_peak4_fieldloss_smooth0
run2_sparc_1523,sparc_1523,0.712213,0.780470,0.885234,0.679266,0.720527,0.808124,0.899998,0.907041,0.730652,0.862187,0.781329,0.421703,spectrum_fno48_floor6_smooth1_qc_peak4_fieldloss
run2_sparc_1525,sparc_1525,0.672646,0.710990,0.560370,0.655292,0.653207,0.549557,0.895827,0.872592,0.744140,0.973622,0.959143,0.814336,spectrum_fno48_floor6_smooth1_qc_peak4_fieldloss_smooth0
run30_sparc_1301,sparc_1301,0.622614,0.574657,0.609295,0.566294,0.554929,0.559176,0.950844,0.955335,0.903540,0.965110,0.952660,0.861588,spectrum_fno48_floor6_smooth1_qc_peak4
run30_sparc_1304,sparc_1304,0.905078,1.219751,0.394271,0.786304,0.863769,0.354746,0.892405,0.904312,0.725597,0.888345,0.906645,0.399508,spectrum_fno48_floor6_smooth1_qc_peak4_fieldloss_smooth0
run30_sparc_1314,sparc_1314,0.570392,0.592696,0.270015,0.559454,0.581442,0.251507,0.897910,0.896854,0.666965,0.904903,0.800121,0.408467,spectrum_fno48_floor6_smooth1_qc_peak4_fieldloss_smooth0
run30_sparc_1350,sparc_1350,0.579265,0.592146,0.267211,0.560951,0.579383,0.252678,0.903537,0.901772,0.684101,0.918923,0.780765,0.417432,spectrum_fno48_floor6_smooth1_qc_peak4_fieldloss_smooth0
run30_sparc_1352,sparc_1352,0.590522,0.611239,0.285588,0.568106,0.595494,0.284710,0.881214,0.884616,0.632153,0.940632,0.760892,0.419464,spectrum_fno48_floor6_smooth1_qc_peak4_fieldloss_smooth0
run30_sparc_1355,sparc_1355,0.500061,0.595090,0.265540,0.490733,0.574201,0.263719,0.875574,0.874758,0.631395,0.899015,0.905587,0.567369,spectrum_fno48_floor6_smooth1_qc_peak4_fieldloss_smooth0
run30_sparc_1359,sparc_1359,0.497294,0.600780,0.263811,0.490490,0.580508,0.254008,0.889555,0.894024,0.659829,0.947088,0.855622,0.498242,spectrum_fno48_floor6_smooth1_qc_peak4_fieldloss_smooth0
run30_sparc_1363,sparc_1363,0.521633,0.677235,0.265945,0.510504,0.630735,0.256025,0.861215,0.861660,0.619415,0.928989,0.881051,0.448500,spectrum_fno48_floor6_smooth1_qc_peak4_fieldloss_smooth0
run30_sparc_1407,sparc_1407,1.029493,1.421874,0.329196,0.799234,0.881381,0.327807,0.934183,0.925089,0.784336,0.863604,0.835936,0.361030,spectrum_fno48_floor6_smooth1_qc_peak4_fieldloss_smooth0
run30_sparc_1409,sparc_1409,0.953086,0.832558,0.295962,0.730157,0.719078,0.294202,0.888233,0.881045,0.635487,0.933228,0.898632,0.674024,spectrum_fno48_floor6_smooth1_qc_peak4_fieldloss_smooth0
run30_sparc_1411,sparc_1411,0.590592,0.674998,0.261365,0.563706,0.625935,0.260437,0.907751,0.904244,0.677994,0.960520,0.733500,0.481536,spectrum_fno48_floor6_smooth1_qc_peak4_fieldloss_smooth0
run30_sparc_1424,sparc_1424,1.263631,1.554375,0.512141,0.822030,0.891403,0.425904,0.934397,0.921593,0.794898,0.884770,0.899891,0.484099,spectrum_fno48_floor6_smooth1_qc_peak4_fieldloss_smooth0
run30_sparc_1426,sparc_1426,0.971072,0.958103,0.362302,0.766377,0.740883,0.332570,0.936029,0.935966,0.825616,0.860695,0.717658,0.418529,spectrum_fno48_floor6_smooth1_qc_peak4_fieldloss_smooth0
run30_sparc_1504,sparc_1504,0.907315,0.965797,0.365070,0.802939,0.841815,0.364123,0.891657,0.894920,0.769568,0.965395,0.928717,0.689527,spectrum_fno48_floor6_smooth1_qc_peak4_fieldloss_smooth0
run30_sparc_1505,sparc_1505,1.145963,1.276919,0.190561,0.820262,0.855594,0.190258,0.915681,0.908445,0.758774,0.933438,0.826434,0.353990,spectrum_fno48_floor6_smooth1_qc_peak4_fieldloss_smooth0
run30_sparc_1508,sparc_1508,0.866654,1.067748,0.351205,0.734166,0.791056,0.346130,0.918407,0.919336,0.753737,0.904525,0.884599,0.577999,spectrum_fno48_floor6_smooth1_qc_peak4_fieldloss_smooth0
run30_sparc_1522,sparc_1522,0.511482,0.972617,0.274014,0.510989,0.765566,0.263742,0.874064,0.872608,0.618119,0.865473,0.849994,0.623146,spectrum_fno48_floor6_smooth1_qc_peak4_fieldloss_smooth0
run30_sparc_1528,sparc_1528,0.814369,1.159475,0.271263,0.726264,0.902711,0.244818,0.895750,0.869590,0.718450,0.868585,0.740870,0.451192,spectrum_fno48_floor6_smooth1_qc_peak4_fieldloss_smooth0
run31_sparc_1301,sparc_1301,1.153770,1.098169,0.903487,0.878344,0.869644,0.790351,0.871698,0.891357,0.826742,0.993207,0.990994,0.955096,spectrum_fno48_floor6_smooth1_qc_peak4_fieldloss_smooth0
run31_sparc_1304,sparc_1304,0.594622,0.615023,0.497212,0.594234,0.613867,0.473240,0.909218,0.901008,0.796176,0.914516,0.879829,0.629730,spectrum_fno48_floor6_smooth1_qc_peak4_fieldloss_smooth0
run31_sparc_1309,sparc_1309,0.936272,0.949432,0.916896,0.908735,0.918704,0.890606,0.334617,0.221903,0.260576,0.975657,0.970436,0.758646,spectrum_fno48_floor6_smooth1_qc_peak4_fieldloss_smooth0
run31_sparc_1361,sparc_1361,0.703909,0.724527,0.478108,0.661376,0.676471,0.464305,0.922623,0.926215,0.759325,0.820188,0.717736,0.496151,spectrum_fno48_floor6_smooth1_qc_peak4_fieldloss_smooth0
run31_sparc_1401,sparc_1401,1.081879,1.096710,0.879609,0.868984,0.854608,0.799796,0.887962,0.900469,0.848228,0.990799,0.986981,0.942139,spectrum_fno48_floor6_smooth1_qc_peak4_fieldloss_smooth0
run31_sparc_1403,sparc_1403,0.615256,0.625675,0.450096,0.589998,0.611914,0.391034,0.936806,0.940756,0.840320,0.889322,0.795345,0.510396,spectrum_fno48_floor6_smooth1_qc_peak4_fieldloss_smooth0
run31_sparc_1406,sparc_1406,0.648371,0.659431,0.652544,0.607918,0.648708,0.613379,0.919780,0.922665,0.798394,0.944248,0.928851,0.714735,spectrum_fno48_floor6_smooth1_qc_peak4_fieldloss
run31_sparc_1412,sparc_1412,0.631843,0.606454,0.395631,0.609769,0.598991,0.391854,0.924626,0.925864,0.791537,0.934242,0.835147,0.466984,spectrum_fno48_floor6_smooth1_qc_peak4_fieldloss_smooth0
run31_sparc_1413,sparc_1413,0.691158,0.614912,0.399969,0.613252,0.600024,0.399798,0.925420,0.927134,0.786512,0.922514,0.839533,0.503262,spectrum_fno48_floor6_smooth1_qc_peak4_fieldloss_smooth0
run31_sparc_1418,sparc_1418,0.631587,0.768414,0.392086,0.599528,0.699376,0.389053,0.929012,0.928306,0.780193,0.930532,0.833376,0.452461,spectrum_fno48_floor6_smooth1_qc_peak4_fieldloss_smooth0
run31_sparc_1421,sparc_1421,0.754885,0.732169,0.664544,0.747006,0.718456,0.661218,0.888659,0.895817,0.712084,0.924123,0.935021,0.584649,spectrum_fno48_floor6_smooth1_qc_peak4_fieldloss_smooth0
run31_sparc_1426,sparc_1426,0.726751,0.699714,0.592887,0.680404,0.678231,0.571308,0.903805,0.899133,0.784652,0.901478,0.891457,0.614102,spectrum_fno48_floor6_smooth1_qc_peak4_fieldloss_smooth0
run31_sparc_1440,sparc_1440,0.635131,0.609312,0.536125,0.625174,0.609185,0.534429,0.918462,0.928827,0.793188,0.927547,0.889586,0.509503,spectrum_fno48_floor6_smooth1_qc_peak4_fieldloss_smooth0
run31_sparc_1441,sparc_1441,0.653757,0.618108,0.557416,0.642232,0.617637,0.556367,0.913066,0.925661,0.792782,0.938168,0.896320,0.529897,spectrum_fno48_floor6_smooth1_qc_peak4_fieldloss_smooth0
run31_sparc_1500,sparc_1500,0.362615,0.451563,0.300141,0.358107,0.392972,0.293855,0.990081,0.991631,0.983365,0.979154,0.891796,0.969870,spectrum_fno48_floor6_smooth1_qc_peak4_fieldloss_smooth0
run31_sparc_1501,sparc_1501,0.843560,0.825639,0.714851,0.799067,0.782554,0.703722,0.862649,0.898741,0.844452,0.992393,0.986726,0.930549,spectrum_fno48_floor6_smooth1_qc_peak4_fieldloss_smooth0
run31_sparc_1502,sparc_1502,0.574025,0.745881,0.517565,0.573556,0.718957,0.507352,0.918747,0.920373,0.831460,0.907203,0.947829,0.685180,spectrum_fno48_floor6_smooth1_qc_peak4_fieldloss_smooth0
run31_sparc_1507,sparc_1507,0.515687,0.597263,0.368626,0.515678,0.590833,0.357531,0.909984,0.922321,0.762161,0.918901,0.903578,0.540305,spectrum_fno48_floor6_smooth1_qc_peak4_fieldloss_smooth0
run31_sparc_1513,sparc_1513,0.666014,0.659640,0.523213,0.666012,0.654350,0.519440,0.926755,0.928648,0.775815,0.940449,0.822810,0.481242,spectrum_fno48_floor6_smooth1_qc_peak4_fieldloss_smooth0
run31_sparc_1525,sparc_1525,0.598748,0.668082,0.552873,0.590182,0.643459,0.519365,0.917936,0.904421,0.795305,0.920652,0.906627,0.683238,spectrum_fno48_floor6_smooth1_qc_peak4_fieldloss_smooth0
run31_sparc_1528,sparc_1528,0.736432,0.734196,0.676071,0.702076,0.702960,0.654015,0.914219,0.915697,0.816754,0.954532,0.935865,0.736266,spectrum_fno48_floor6_smooth1_qc_peak4_fieldloss_smooth0
run31_sparc_1530,sparc_1530,1.037485,0.631002,0.389216,0.987884,0.548876,0.386978,0.117388,0.960259,0.883660,0.996337,0.642087,0.935935,spectrum_fno48_floor6_smooth1_qc_peak4_fieldloss_smooth0
run31_sparc_1593,sparc_1593,0.541462,0.591042,0.539755,0.541295,0.588108,0.450284,0.941987,0.944270,0.837480,0.924793,0.860030,0.784594,spectrum_fno48_floor6_smooth1_qc_peak4_fieldloss_smooth0
run32_sparc_1300,sparc_1300,0.272062,0.681408,0.404828,0.242328,0.635288,0.394937,0.993886,0.992572,0.990094,0.750053,0.442031,0.789942,spectrum_fno48_floor6_smooth1_qc_peak4_fieldloss
run32_sparc_1302,sparc_1302,0.861734,0.885424,0.814884,0.795861,0.793470,0.768056,0.879897,0.860031,0.775200,0.973324,0.938781,0.788338,spectrum_fno48_floor6_smooth1_qc_peak4_fieldloss_smooth0
run32_sparc_1305,sparc_1305,0.618226,0.659925,0.552150,0.614260,0.655538,0.544153,0.913411,0.903018,0.743397,0.921811,0.909134,0.560905,spectrum_fno48_floor6_smooth1_qc_peak4_fieldloss_smooth0
run32_sparc_1315,sparc_1315,0.540435,0.608739,0.313341,0.536497,0.593094,0.309229,0.914457,0.917753,0.723167,0.908430,0.869656,0.493683,spectrum_fno48_floor6_smooth1_qc_peak4_fieldloss_smooth0
run32_sparc_1353,sparc_1353,0.491798,0.647169,0.314433,0.491527,0.633524,0.314359,0.920836,0.925870,0.772263,0.926867,0.918841,0.335155,spectrum_fno48_floor6_smooth1_qc_peak4_fieldloss_smooth0
run32_sparc_1355,sparc_1355,0.542031,0.582283,0.496943,0.537567,0.558929,0.496941,0.891677,0.897056,0.716461,0.837720,0.870226,0.423254,spectrum_fno48_floor6_smooth1_qc_peak4_fieldloss_smooth0
run32_sparc_1358,sparc_1358,0.543690,0.530845,0.358112,0.526535,0.521177,0.357787,0.915395,0.921430,0.754751,0.868918,0.799498,0.618816,spectrum_fno48_floor6_smooth1_qc_peak4_fieldloss_smooth0
run32_sparc_1402,sparc_1402,0.538701,0.655506,0.401216,0.538479,0.649274,0.397197,0.933433,0.936704,0.834659,0.910365,0.869284,0.636985,spectrum_fno48_floor6_smooth1_qc_peak4_fieldloss_smooth0
run32_sparc_1422,sparc_1422,0.822813,0.884167,0.720032,0.772765,0.783816,0.703346,0.857704,0.878174,0.679780,0.948652,0.908401,0.668897,spectrum_fno48_floor6_smooth1_qc_peak4_fieldloss_smooth0
run32_sparc_1501,sparc_1501,0.737794,0.746494,0.695123,0.735270,0.745779,0.687181,0.869723,0.919953,0.819001,0.974612,0.976916,0.829021,spectrum_fno48_floor6_smooth1_qc_peak4_fieldloss_smooth0
run32_sparc_1507,sparc_1507,0.580227,0.676759,0.465600,0.569196,0.631225,0.457447,0.919743,0.919375,0.763953,0.937912,0.789377,0.479639,spectrum_fno48_floor6_smooth1_qc_peak4_fieldloss_smooth0
run32_sparc_1517,sparc_1517,0.508411,0.550122,0.370765,0.508257,0.549723,0.357185,0.919335,0.926898,0.760964,0.839477,0.883584,0.554921,spectrum_fno48_floor6_smooth1_qc_peak4_fieldloss_smooth0
run32_sparc_1524,sparc_1524,0.919763,0.875747,0.753464,0.831598,0.829346,0.751658,0.819043,0.817563,0.622766,0.930342,0.911574,0.666253,spectrum_fno48_floor6_smooth1_qc_peak4_fieldloss_smooth0
run32_sparc_1526,sparc_1526,0.640920,0.749943,0.585740,0.640385,0.706340,0.559614,0.882734,0.871428,0.736913,0.951352,0.944420,0.593802,spectrum_fno48_floor6_smooth1_qc_peak4_fieldloss_smooth0
run32_sparc_1529,sparc_1529,0.649687,0.624931,0.574651,0.647411,0.624860,0.546930,0.880898,0.913762,0.810248,0.972565,0.971521,0.756123,spectrum_fno48_floor6_smooth1_qc_peak4_fieldloss_smooth0
run33_sparc_1303,sparc_1303,0.667902,0.992703,0.194223,0.622349,0.836943,0.190498,0.925821,0.935543,0.808963,0.917895,0.764960,0.608538,spectrum_fno48_floor6_smooth1_qc_peak4_fieldloss_smooth0
run33_sparc_1308,sparc_1308,0.687353,0.776493,0.522444,0.687244,0.756543,0.518344,0.924756,0.923223,0.796619,0.949616,0.879694,0.680425,spectrum_fno48_floor6_smooth1_qc_peak4_fieldloss_smooth0
run33_sparc_1310,sparc_1310,0.727372,0.918248,0.457581,0.626637,0.804957,0.415818,0.890454,0.885702,0.678763,0.872134,0.804213,0.642000,spectrum_fno48_floor6_smooth1_qc_peak4_fieldloss_smooth0
run33_sparc_1351,sparc_1351,0.595928,0.738445,0.370715,0.578317,0.725920,0.364709,0.880758,0.882915,0.671436,0.941270,0.618464,0.478855,spectrum_fno48_floor6_smooth1_qc_peak4_fieldloss_smooth0
run33_sparc_1361,sparc_1361,0.474115,0.782397,0.303059,0.468100,0.712478,0.301535,0.896301,0.886989,0.686774,0.892520,0.865221,0.632993,spectrum_fno48_floor6_smooth1_qc_peak4_fieldloss_smooth0
run33_sparc_1363,sparc_1363,0.515775,0.733881,0.328612,0.515659,0.697419,0.327443,0.890842,0.888195,0.663233,0.858826,0.892197,0.667639,spectrum_fno48_floor6_smooth1_qc_peak4_fieldloss_smooth0
run33_sparc_1411,sparc_1411,0.643628,0.793846,0.381503,0.592514,0.731845,0.376902,0.894976,0.892178,0.662025,0.874158,0.815478,0.473533,spectrum_fno48_floor6_smooth1_qc_peak4_fieldloss_smooth0
run33_sparc_1420,sparc_1420,0.556366,0.697838,0.425387,0.554992,0.664045,0.424318,0.894917,0.884302,0.653272,0.944967,0.918772,0.464660,spectrum_fno48_floor6_smooth1_qc_peak4_fieldloss_smooth0
run33_sparc_1425,sparc_1425,1.535639,1.444921,0.461995,0.795749,0.823282,0.425887,0.947616,0.927465,0.833988,0.934826,0.894431,0.627737,spectrum_fno48_floor6_smooth1_qc_peak4_fieldloss_smooth0
run33_sparc_1440,sparc_1440,0.967024,1.298698,0.418762,0.726580,0.810980,0.367617,0.937245,0.945516,0.829812,0.915118,0.843290,0.478433,spectrum_fno48_floor6_smooth1_qc_peak4_fieldloss_smooth0
run33_sparc_1441,sparc_1441,0.929264,1.260213,0.400153,0.720049,0.807191,0.363423,0.937954,0.946196,0.830414,0.916822,0.842593,0.479964,spectrum_fno48_floor6_smooth1_qc_peak4_fieldloss_smooth0
run33_sparc_1502,sparc_1502,0.765583,0.863679,0.509747,0.696924,0.756292,0.506319,0.940221,0.940516,0.836190,0.817562,0.755816,0.610739,spectrum_fno48_floor6_smooth1_qc_peak4_fieldloss_smooth0
run33_sparc_1503,sparc_1503,0.701204,1.246761,0.195279,0.661361,0.857407,0.195229,0.938690,0.937609,0.808671,0.847668,0.802955,0.522491,spectrum_fno48_floor6_smooth1_qc_peak4_fieldloss_smooth0
run33_sparc_1506,sparc_1506,0.908755,1.119035,0.326933,0.728065,0.770844,0.324088,0.936529,0.940703,0.823809,0.928233,0.846113,0.665347,spectrum_fno48_floor6_smooth1_qc_peak4_fieldloss_smooth0
run33_sparc_1511,sparc_1511,0.609097,0.780199,0.368085,0.570005,0.722738,0.359000,0.903715,0.902856,0.689601,0.873759,0.784295,0.547348,spectrum_fno48_floor6_smooth1_qc_peak4_fieldloss_smooth0
run33_sparc_1512,sparc_1512,0.615774,0.757004,0.366329,0.568574,0.719480,0.360156,0.896902,0.894265,0.675694,0.893378,0.763289,0.538745,spectrum_fno48_floor6_smooth1_qc_peak4_fieldloss_smooth0
run33_sparc_1521,sparc_1521,0.619031,0.749635,0.270513,0.591398,0.694022,0.261475,0.866953,0.871914,0.641608,0.949065,0.807140,0.632937,spectrum_fno48_floor6_smooth1_qc_peak4_fieldloss_smooth0
run33_sparc_1529,sparc_1529,0.983980,1.254270,0.638517,0.777506,0.923130,0.580796,0.855851,0.818346,0.665583,0.895476,0.826921,0.604412,spectrum_fno48_floor6_smooth1_qc_peak4_fieldloss_smooth0
run34_sparc_1315,sparc_1315,0.662822,0.709338,0.556492,0.614387,0.643172,0.492471,0.923420,0.932494,0.787638,0.962692,0.812142,0.661703,spectrum_fno48_floor6_smooth1_qc_peak4_fieldloss_smooth0
run34_sparc_1349,sparc_1349,0.629959,0.720294,0.630174,0.618902,0.609004,0.583748,0.812328,0.859527,0.729446,0.979319,0.894575,0.777839,spectrum_fno48_floor6_smooth1_qc_peak4_fieldloss
run34_sparc_1360,sparc_1360,0.489730,0.602185,0.331274,0.464355,0.598594,0.327048,0.924850,0.934601,0.785469,0.979351,0.905583,0.847288,spectrum_fno48_floor6_smooth1_qc_peak4_fieldloss_smooth0
run34_sparc_1363,sparc_1363,0.734075,0.917404,0.712638,0.713650,0.787188,0.693674,0.916266,0.911898,0.774011,0.900156,0.874592,0.711384,spectrum_fno48_floor6_smooth1_qc_peak4_fieldloss_smooth0
run34_sparc_1400,sparc_1400,0.475169,0.496857,0.373660,0.474825,0.496695,0.357321,0.978863,0.987635,0.975634,0.792216,0.725674,0.732056,spectrum_fno48_floor6_smooth1_qc_peak4_fieldloss_smooth0
run34_sparc_1401,sparc_1401,0.800362,0.964609,0.540424,0.709963,0.831055,0.485351,0.943076,0.940335,0.851903,0.817330,0.739686,0.544206,spectrum_fno48_floor6_smooth1_qc_peak4_fieldloss_smooth0
run34_sparc_1406,sparc_1406,0.697071,0.681504,0.515713,0.673677,0.662447,0.500453,0.945243,0.942659,0.839588,0.868167,0.762232,0.624800,spectrum_fno48_floor6_smooth1_qc_peak4_fieldloss_smooth0
run34_sparc_1415,sparc_1415,0.584353,0.559107,0.598938,0.561053,0.557708,0.546287,0.921416,0.936657,0.798436,0.966392,0.914721,0.784735,spectrum_fno48_floor6_smooth1_qc_peak4
run34_sparc_1417,sparc_1417,0.527496,1.071197,0.383119,0.516210,0.645355,0.379513,0.920685,0.898072,0.776705,0.910373,0.851489,0.649675,spectrum_fno48_floor6_smooth1_qc_peak4_fieldloss_smooth0
run34_sparc_1423,sparc_1423,0.868521,1.080232,0.791008,0.707838,0.711511,0.612819,0.950413,0.950960,0.844103,0.887441,0.844991,0.547654,spectrum_fno48_floor6_smooth1_qc_peak4_fieldloss_smooth0
run34_sparc_1515,sparc_1515,0.542020,0.620493,0.544572,0.538176,0.581296,0.478395,0.929735,0.940140,0.801428,0.966197,0.869559,0.772019,spectrum_fno48_floor6_smooth1_qc_peak4_fieldloss
run35_sparc_1307,sparc_1307,0.725394,1.057285,0.610275,0.653586,0.823684,0.526888,0.764148,0.817386,0.670725,0.969000,0.964644,0.782717,spectrum_fno48_floor6_smooth1_qc_peak4_fieldloss_smooth0
run35_sparc_1315,sparc_1315,0.541399,0.660521,0.429163,0.536194,0.639647,0.423354,0.930862,0.928690,0.780446,0.895303,0.874211,0.423853,spectrum_fno48_floor6_smooth1_qc_peak4_fieldloss_smooth0
run35_sparc_1317,sparc_1317,0.636074,0.627492,0.352735,0.594626,0.598310,0.351856,0.931487,0.933464,0.776147,0.901204,0.812864,0.557451,spectrum_fno48_floor6_smooth1_qc_peak4_fieldloss_smooth0
run35_sparc_1351,sparc_1351,0.582899,0.624720,0.453990,0.549472,0.583721,0.450986,0.931077,0.932295,0.781465,0.860299,0.859869,0.476477,spectrum_fno48_floor6_smooth1_qc_peak4_fieldloss_smooth0
run35_sparc_1357,sparc_1357,0.673194,0.624610,0.994837,0.660627,0.617904,0.846949,0.909632,0.907513,0.721068,0.900313,0.809758,0.571924,spectrum_fno48_floor6_smooth1_qc_peak4
run35_sparc_1400,sparc_1400,0.344420,0.412993,0.233789,0.314329,0.367311,0.232226,0.992580,0.993906,0.988137,0.926801,0.935274,0.878470,spectrum_fno48_floor6_smooth1_qc_peak4_fieldloss_smooth0
run35_sparc_1404,sparc_1404,0.499221,0.558621,0.402590,0.497959,0.551811,0.392431,0.934501,0.938716,0.807674,0.914858,0.925037,0.477141,spectrum_fno48_floor6_smooth1_qc_peak4_fieldloss_smooth0
run35_sparc_1407,sparc_1407,0.574063,0.660554,0.402360,0.566151,0.619405,0.396783,0.912212,0.914638,0.760018,0.901954,0.848777,0.299077,spectrum_fno48_floor6_smooth1_qc_peak4_fieldloss_smooth0
run35_sparc_1409,sparc_1409,0.739354,0.777823,0.629152,0.721286,0.762241,0.626371,0.883766,0.890826,0.722614,0.898333,0.802091,0.458461,spectrum_fno48_floor6_smooth1_qc_peak4_fieldloss_smooth0
run35_sparc_1412,sparc_1412,0.597505,0.628797,0.369322,0.584180,0.605269,0.365845,0.933411,0.927831,0.783133,0.951256,0.880893,0.571247,spectrum_fno48_floor6_smooth1_qc_peak4_fieldloss_smooth0
run35_sparc_1413,sparc_1413,0.600732,0.622945,0.353868,0.577868,0.593381,0.353862,0.935642,0.929790,0.784077,0.950400,0.884937,0.555706,spectrum_fno48_floor6_smooth1_qc_peak4_fieldloss_smooth0
run35_sparc_1415,sparc_1415,0.589964,0.659890,0.350947,0.559078,0.623037,0.350932,0.928215,0.928406,0.754977,0.928086,0.721698,0.509875,spectrum_fno48_floor6_smooth1_qc_peak4_fieldloss_smooth0
run35_sparc_1419,sparc_1419,0.758754,0.712214,0.774235,0.729301,0.694851,0.710954,0.885132,0.892558,0.722463,0.922159,0.910022,0.525775,spectrum_fno48_floor6_smooth1_qc_peak4
run35_sparc_1421,sparc_1421,0.634553,0.681155,0.691149,0.629260,0.673653,0.653971,0.890965,0.888501,0.716725,0.909479,0.908961,0.505715,spectrum_fno48_floor6_smooth1_qc_peak4_fieldloss
run35_sparc_1427,sparc_1427,0.654590,0.696896,0.538825,0.644546,0.685878,0.536857,0.880941,0.899445,0.766381,0.937009,0.894027,0.698290,spectrum_fno48_floor6_smooth1_qc_peak4_fieldloss_smooth0
run35_sparc_1430,sparc_1430,0.835033,0.826520,0.870156,0.833785,0.826455,0.859310,0.787374,0.898279,0.671654,0.991681,0.988123,0.932751,spectrum_fno48_floor6_smooth1_qc_peak4
run35_sparc_1440,sparc_1440,0.566286,0.640207,0.473837,0.565360,0.636502,0.465230,0.932230,0.936664,0.800027,0.805446,0.797792,0.395773,spectrum_fno48_floor6_smooth1_qc_peak4_fieldloss_smooth0
run35_sparc_1501,sparc_1501,0.854058,0.826831,0.847536,0.820506,0.783224,0.832175,0.881054,0.900618,0.819963,0.985430,0.982238,0.919597,spectrum_fno48_floor6_smooth1_qc_peak4
run35_sparc_1515,sparc_1515,0.537674,0.590729,0.354853,0.534781,0.590459,0.352500,0.930831,0.929651,0.766068,0.867325,0.785072,0.366589,spectrum_fno48_floor6_smooth1_qc_peak4_fieldloss_smooth0
run35_sparc_1518,sparc_1518,0.547803,0.615222,0.341864,0.532255,0.575894,0.340188,0.915812,0.914750,0.754528,0.829314,0.838507,0.525529,spectrum_fno48_floor6_smooth1_qc_peak4_fieldloss_smooth0
run35_sparc_1519,sparc_1519,0.767123,0.718620,0.781598,0.721127,0.686666,0.720359,0.919565,0.916723,0.752911,0.894146,0.912346,0.557750,spectrum_fno48_floor6_smooth1_qc_peak4
run35_sparc_1520,sparc_1520,0.610872,0.691811,0.495362,0.586555,0.671389,0.491301,0.917656,0.918465,0.762361,0.786805,0.889644,0.374559,spectrum_fno48_floor6_smooth1_qc_peak4_fieldloss_smooth0
run35_sparc_1522,sparc_1522,0.825743,0.828078,0.813014,0.766434,0.787724,0.787114,0.867105,0.869021,0.683802,0.893611,0.821391,0.609589,spectrum_fno48_floor6_smooth1_qc_peak4_fieldloss_smooth0
run35_sparc_1525,sparc_1525,0.621649,0.630207,0.586887,0.617043,0.629645,0.572642,0.889879,0.905065,0.745961,0.934951,0.882714,0.623242,spectrum_fno48_floor6_smooth1_qc_peak4_fieldloss_smooth0
run36_sparc_1302,sparc_1302,0.679038,1.101275,0.408808,0.634290,0.810130,0.408526,0.908885,0.906843,0.774768,0.947460,0.795512,0.796361,spectrum_fno48_floor6_smooth1_qc_peak4_fieldloss_smooth0
run36_sparc_1306,sparc_1306,1.405048,1.483417,0.894145,0.904289,0.915124,0.695305,0.915001,0.910575,0.734482,0.906400,0.921585,0.635081,spectrum_fno48_floor6_smooth1_qc_peak4_fieldloss_smooth0
run36_sparc_1307,sparc_1307,0.847689,1.014798,0.687315,0.739905,0.776534,0.573855,0.901679,0.906355,0.759935,0.967810,0.943069,0.613427,spectrum_fno48_floor6_smooth1_qc_peak4_fieldloss_smooth0
run36_sparc_1353,sparc_1353,0.495306,0.690947,0.294265,0.493001,0.641787,0.291390,0.875421,0.884001,0.648188,0.907699,0.923102,0.496359,spectrum_fno48_floor6_smooth1_qc_peak4_fieldloss_smooth0
run36_sparc_1355,sparc_1355,0.518137,0.595535,0.258652,0.507317,0.565719,0.258421,0.899503,0.900503,0.683183,0.926920,0.827597,0.480396,spectrum_fno48_floor6_smooth1_qc_peak4_fieldloss_smooth0
run36_sparc_1358,sparc_1358,0.530293,0.615993,0.264993,0.512161,0.578632,0.264244,0.889017,0.889270,0.660298,0.914509,0.860046,0.435053,spectrum_fno48_floor6_smooth1_qc_peak4_fieldloss_smooth0
run36_sparc_1364,sparc_1364,0.509839,0.757208,0.338318,0.504258,0.715543,0.336032,0.878780,0.878671,0.640455,0.889527,0.910608,0.707759,spectrum_fno48_floor6_smooth1_qc_peak4_fieldloss_smooth0
run36_sparc_1400,sparc_1400,0.412093,0.472854,0.436101,0.411421,0.463703,0.426919,0.985320,0.990272,0.977316,0.900684,0.901453,0.845211,spectrum_fno48_floor6_smooth1_qc_peak4_fieldloss
run36_sparc_1414,sparc_1414,0.583823,0.670441,0.271501,0.557730,0.640064,0.271473,0.905601,0.905509,0.690937,0.899456,0.653509,0.505025,spectrum_fno48_floor6_smooth1_qc_peak4_fieldloss_smooth0
run36_sparc_1417,sparc_1417,0.559125,0.635985,0.270010,0.552178,0.621264,0.262579,0.906019,0.907391,0.678253,0.911653,0.720995,0.487723,spectrum_fno48_floor6_smooth1_qc_peak4_fieldloss_smooth0
run36_sparc_1426,sparc_1426,0.948506,1.245307,0.208119,0.747630,0.802523,0.206347,0.923015,0.915492,0.786920,0.866086,0.817381,0.577903,spectrum_fno48_floor6_smooth1_qc_peak4_fieldloss_smooth0
run36_sparc_1502,sparc_1502,0.670629,1.075844,0.399828,0.618718,0.790461,0.397252,0.870152,0.881038,0.725796,0.956949,0.778121,0.834490,spectrum_fno48_floor6_smooth1_qc_peak4_fieldloss_smooth0
run36_sparc_1507,sparc_1507,1.122314,1.474549,0.618558,0.824415,0.901176,0.544837,0.912996,0.917231,0.760101,0.884593,0.821742,0.582101,spectrum_fno48_floor6_smooth1_qc_peak4_fieldloss_smooth0
run36_sparc_1513,sparc_1513,0.557858,0.619722,0.286224,0.553597,0.609179,0.273374,0.912343,0.911836,0.691032,0.945646,0.631748,0.517552,spectrum_fno48_floor6_smooth1_qc_peak4_fieldloss_smooth0
run36_sparc_1522,sparc_1522,0.539608,0.821376,0.306039,0.509490,0.674904,0.301718,0.889860,0.895821,0.682294,0.843826,0.881497,0.460411,spectrum_fno48_floor6_smooth1_qc_peak4_fieldloss_smooth0
run36_sparc_1523,sparc_1523,0.524076,0.871476,0.300057,0.517043,0.711399,0.290809,0.891533,0.890313,0.668400,0.880715,0.866184,0.458512,spectrum_fno48_floor6_smooth1_qc_peak4_fieldloss_smooth0
run36_sparc_1525,sparc_1525,1.065665,1.159941,0.356579,0.790331,0.803907,0.333992,0.940009,0.930399,0.820926,0.836322,0.678972,0.454694,spectrum_fno48_floor6_smooth1_qc_peak4_fieldloss_smooth0
run36_sparc_1527,sparc_1527,0.931832,1.177958,0.286264,0.808607,0.859974,0.284589,0.910935,0.842538,0.805792,0.899219,0.847360,0.586454,spectrum_fno48_floor6_smooth1_qc_peak4_fieldloss_smooth0
run36_sparc_1529,sparc_1529,1.219469,1.253567,0.955195,0.889417,0.885507,0.863510,0.787918,0.808041,0.620523,0.924836,0.920283,0.630406,spectrum_fno48_floor6_smooth1_qc_peak4_fieldloss_smooth0
run36_sparc_1530,sparc_1530,0.755930,0.703492,0.761006,0.753454,0.696769,0.760568,0.893056,0.917453,0.853541,0.983590,0.976769,0.902841,spectrum_fno48_floor6_smooth1_qc_peak4
run37_sparc_1300,sparc_1300,0.688700,0.706768,0.648445,0.638300,0.657237,0.596058,0.921823,0.959689,0.934110,0.913013,0.864337,0.795455,spectrum_fno48_floor6_smooth1_qc_peak4_fieldloss_smooth0
run37_sparc_1305,sparc_1305,0.888149,0.895405,0.306486,0.713042,0.722127,0.305458,0.924855,0.927750,0.768163,0.908803,0.784653,0.551744,spectrum_fno48_floor6_smooth1_qc_peak4_fieldloss_smooth0
run37_sparc_1306,sparc_1306,0.831703,0.903207,0.612606,0.754000,0.765397,0.610258,0.860323,0.870940,0.697511,0.956455,0.934509,0.705156,spectrum_fno48_floor6_smooth1_qc_peak4_fieldloss_smooth0
run37_sparc_1313,sparc_1313,0.671850,0.688775,0.323863,0.647077,0.673674,0.248184,0.941498,0.944075,0.801636,0.940848,0.810940,0.706759,spectrum_fno48_floor6_smooth1_qc_peak4_fieldloss_smooth0
run37_sparc_1314,sparc_1314,0.661634,0.677447,0.322349,0.641702,0.665227,0.248834,0.941893,0.945189,0.804451,0.948771,0.811365,0.713032,spectrum_fno48_floor6_smooth1_qc_peak4_fieldloss_smooth0
run37_sparc_1317,sparc_1317,0.682301,0.680822,0.300201,0.680290,0.674076,0.270118,0.915206,0.926463,0.800846,0.926852,0.814914,0.618625,spectrum_fno48_floor6_smooth1_qc_peak4_fieldloss_smooth0
run37_sparc_1318,sparc_1318,0.675942,0.678371,0.286453,0.675023,0.670145,0.267338,0.929551,0.935522,0.815467,0.890511,0.724953,0.605433,spectrum_fno48_floor6_smooth1_qc_peak4_fieldloss_smooth0
run37_sparc_1359,sparc_1359,0.661597,0.691356,0.292473,0.654501,0.690457,0.239440,0.934468,0.935367,0.804429,0.891030,0.764721,0.491874,spectrum_fno48_floor6_smooth1_qc_peak4_fieldloss_smooth0
run37_sparc_1364,sparc_1364,0.706601,0.741375,0.317996,0.698906,0.740276,0.261097,0.929678,0.933092,0.794598,0.905930,0.786640,0.562318,spectrum_fno48_floor6_smooth1_qc_peak4_fieldloss_smooth0
run37_sparc_1400,sparc_1400,0.650750,0.617010,0.576963,0.650348,0.616879,0.566764,0.947114,0.969381,0.946981,0.941448,0.852748,0.795467,spectrum_fno48_floor6_smooth1_qc_peak4_fieldloss_smooth0
run37_sparc_1402,sparc_1402,0.767145,0.685954,0.433341,0.545325,0.630067,0.408029,0.928127,0.938595,0.824590,0.955368,0.877977,0.852151,spectrum_fno48_floor6_smooth1_qc_peak4_fieldloss_smooth0
run37_sparc_1403,sparc_1403,0.828880,0.997923,0.290875,0.739810,0.777570,0.285162,0.902214,0.916415,0.762761,0.943380,0.847516,0.619261,spectrum_fno48_floor6_smooth1_qc_peak4_fieldloss_smooth0
run37_sparc_1406,sparc_1406,0.875535,0.953271,0.348147,0.742636,0.792531,0.326127,0.934459,0.938975,0.798183,0.907098,0.900363,0.564750,spectrum_fno48_floor6_smooth1_qc_peak4_fieldloss_smooth0
run37_sparc_1407,sparc_1407,0.742594,0.886375,0.365673,0.713404,0.766183,0.351767,0.929854,0.932022,0.767879,0.869421,0.828371,0.521363,spectrum_fno48_floor6_smooth1_qc_peak4_fieldloss_smooth0
run37_sparc_1408,sparc_1408,0.700214,0.726219,0.361923,0.698633,0.715406,0.361862,0.920457,0.928829,0.771640,0.923624,0.920133,0.709515,spectrum_fno48_floor6_smooth1_qc_peak4_fieldloss_smooth0
run37_sparc_1413,sparc_1413,0.682676,0.723843,0.295955,0.668526,0.712492,0.258459,0.939739,0.942277,0.799153,0.930134,0.824697,0.724695,spectrum_fno48_floor6_smooth1_qc_peak4_fieldloss_smooth0
run37_sparc_1414,sparc_1414,0.665635,0.694709,0.319618,0.637564,0.677852,0.251505,0.940191,0.943947,0.803789,0.914833,0.798465,0.693827,spectrum_fno48_floor6_smooth1_qc_peak4_fieldloss_smooth0
run37_sparc_1423,sparc_1423,0.672603,0.725462,0.237472,0.672586,0.704323,0.223566,0.907934,0.910277,0.792899,0.860007,0.805305,0.544526,spectrum_fno48_floor6_smooth1_qc_peak4_fieldloss_smooth0
run37_sparc_1425,sparc_1425,0.661208,0.683139,0.223512,0.661208,0.681397,0.202909,0.930398,0.933438,0.797578,0.860206,0.666722,0.380320,spectrum_fno48_floor6_smooth1_qc_peak4_fieldloss_smooth0
run37_sparc_1500,sparc_1500,0.575263,0.548628,0.514481,0.573510,0.547478,0.512911,0.959694,0.976979,0.952465,0.921399,0.862967,0.794613,spectrum_fno48_floor6_smooth1_qc_peak4_fieldloss_smooth0
run37_sparc_1501,sparc_1501,1.040001,1.086836,0.621145,0.767688,0.846936,0.557335,0.925425,0.930974,0.840927,0.923043,0.910177,0.722836,spectrum_fno48_floor6_smooth1_qc_peak4_fieldloss_smooth0
run37_sparc_1505,sparc_1505,0.788259,0.803351,0.290052,0.705759,0.719317,0.289680,0.922535,0.918304,0.774759,0.899562,0.837837,0.520964,spectrum_fno48_floor6_smooth1_qc_peak4_fieldloss_smooth0
run37_sparc_1511,sparc_1511,0.689171,0.731701,0.339841,0.661033,0.711404,0.267091,0.939339,0.940451,0.798666,0.923624,0.866986,0.695693,spectrum_fno48_floor6_smooth1_qc_peak4_fieldloss_smooth0
run37_sparc_1517,sparc_1517,0.672483,0.693219,0.273671,0.660044,0.685283,0.239611,0.931833,0.933275,0.795989,0.875918,0.808671,0.626783,spectrum_fno48_floor6_smooth1_qc_peak4_fieldloss_smooth0
run37_sparc_1520,sparc_1520,0.680219,0.697758,0.281101,0.666895,0.693369,0.239830,0.935447,0.933124,0.807198,0.914491,0.843770,0.682780,spectrum_fno48_floor6_smooth1_qc_peak4_fieldloss_smooth0
run37_sparc_1528,sparc_1528,0.689953,0.645625,0.315652,0.679579,0.639604,0.311456,0.896072,0.897757,0.752982,0.928918,0.767262,0.634359,spectrum_fno48_floor6_smooth1_qc_peak4_fieldloss_smooth0
run38_sparc_1300,sparc_1300,0.402097,0.418647,0.360462,0.397722,0.403255,0.319710,0.984033,0.975845,0.969025,0.882050,0.604993,0.872393,spectrum_fno48_floor6_smooth1_qc_peak4_fieldloss_smooth0
run38_sparc_1308,sparc_1308,0.632040,0.883307,0.431660,0.604731,0.770710,0.413058,0.907302,0.902518,0.739438,0.908699,0.929810,0.615063,spectrum_fno48_floor6_smooth1_qc_peak4_fieldloss_smooth0
run38_sparc_1309,sparc_1309,0.529624,0.628075,0.327898,0.526886,0.614544,0.327839,0.910926,0.907534,0.685260,0.903866,0.882514,0.635602,spectrum_fno48_floor6_smooth1_qc_peak4_fieldloss_smooth0
run38_sparc_1310,sparc_1310,0.532697,0.580982,0.328599,0.514772,0.559094,0.326340,0.897997,0.913761,0.712911,0.869761,0.647185,0.501841,spectrum_fno48_floor6_smooth1_qc_peak4_fieldloss_smooth0
run38_sparc_1311,sparc_1311,0.534171,0.550916,0.325422,0.521037,0.540639,0.323289,0.897464,0.914596,0.716467,0.889022,0.580656,0.490923,spectrum_fno48_floor6_smooth1_qc_peak4_fieldloss_smooth0
run38_sparc_1350,sparc_1350,0.492587,0.518665,0.302013,0.483592,0.497466,0.298896,0.919395,0.924601,0.736950,0.838237,0.687241,0.537871,spectrum_fno48_floor6_smooth1_qc_peak4_fieldloss_smooth0
run38_sparc_1351,sparc_1351,0.503997,0.519388,0.307607,0.478849,0.491445,0.304713,0.926123,0.923438,0.746534,0.909424,0.779795,0.561700,spectrum_fno48_floor6_smooth1_qc_peak4_fieldloss_smooth0
run38_sparc_1353,sparc_1353,0.436098,0.552040,0.256125,0.432569,0.552040,0.253786,0.900295,0.901463,0.704348,0.891985,0.827327,0.492052,spectrum_fno48_floor6_smooth1_qc_peak4_fieldloss_smooth0
run38_sparc_1354,sparc_1354,0.490734,0.545533,0.308534,0.489879,0.545530,0.300358,0.857466,0.878375,0.662086,0.937282,0.815556,0.672886,spectrum_fno48_floor6_smooth1_qc_peak4_fieldloss_smooth0
run38_sparc_1357,sparc_1357,0.505332,0.578343,0.323352,0.502859,0.567926,0.322386,0.906767,0.907056,0.707807,0.908707,0.750230,0.607502,spectrum_fno48_floor6_smooth1_qc_peak4_fieldloss_smooth0
run38_sparc_1359,sparc_1359,0.418092,0.518727,0.255841,0.417935,0.505805,0.255831,0.907456,0.914892,0.711192,0.904420,0.860425,0.476652,spectrum_fno48_floor6_smooth1_qc_peak4_fieldloss_smooth0
run38_sparc_1362,sparc_1362,0.418363,0.511772,0.248809,0.416981,0.505384,0.248064,0.884663,0.889330,0.674095,0.898399,0.877258,0.600198,spectrum_fno48_floor6_smooth1_qc_peak4_fieldloss_smooth0
run38_sparc_1402,sparc_1402,0.670463,0.836551,0.515221,0.598648,0.623499,0.488113,0.892890,0.927577,0.859108,0.950840,0.887299,0.770019,spectrum_fno48_floor6_smooth1_qc_peak4_fieldloss_smooth0
run38_sparc_1414,sparc_1414,0.563370,0.576426,0.315414,0.524036,0.534671,0.315317,0.930408,0.931505,0.761612,0.778604,0.575792,0.335857,spectrum_fno48_floor6_smooth1_qc_peak4_fieldloss_smooth0
run38_sparc_1423,sparc_1423,1.458270,1.798826,1.463479,0.872873,0.906056,0.831185,0.793186,0.801371,0.550319,0.949659,0.859056,0.802926,spectrum_fno48_floor6_smooth1_qc_peak4_fieldloss
run38_sparc_1426,sparc_1426,0.805271,1.022807,0.605888,0.689992,0.826207,0.604930,0.656045,0.407982,0.589224,0.978587,0.968470,0.833682,spectrum_fno48_floor6_smooth1_qc_peak4_fieldloss_smooth0
run38_sparc_1503,sparc_1503,0.709825,1.129050,0.468573,0.520691,0.800103,0.383068,0.903660,0.887617,0.804235,0.960722,0.933708,0.745474,spectrum_fno48_floor6_smooth1_qc_peak4_fieldloss_smooth0
run38_sparc_1513,sparc_1513,0.584600,0.606049,0.317291,0.508764,0.552388,0.308484,0.936254,0.937172,0.766079,0.892528,0.619788,0.473939,spectrum_fno48_floor6_smooth1_qc_peak4_fieldloss_smooth0
run38_sparc_1514,sparc_1514,0.564558,0.585245,0.305272,0.503283,0.542298,0.299143,0.930916,0.930016,0.743961,0.861736,0.676679,0.432291,spectrum_fno48_floor6_smooth1_qc_peak4_fieldloss_smooth0
run38_sparc_1515,sparc_1515,0.541619,0.560789,0.311670,0.496627,0.524621,0.295450,0.928909,0.928509,0.742574,0.883653,0.682273,0.434017,spectrum_fno48_floor6_smooth1_qc_peak4_fieldloss_smooth0
run38_sparc_1516,sparc_1516,0.490501,0.549567,0.312329,0.484715,0.515908,0.296007,0.924430,0.925278,0.736681,0.888655,0.723622,0.447779,spectrum_fno48_floor6_smooth1_qc_peak4_fieldloss_smooth0
run38_sparc_1519,sparc_1519,0.496914,0.610025,0.316012,0.491562,0.575536,0.311268,0.903452,0.902931,0.706639,0.922818,0.796634,0.247648,spectrum_fno48_floor6_smooth1_qc_peak4_fieldloss_smooth0
run39_sparc_1313,sparc_1313,0.555996,0.625182,0.293358,0.546387,0.611888,0.286616,0.914489,0.913249,0.724722,0.901942,0.721915,0.451054,spectrum_fno48_floor6_smooth1_qc_peak4_fieldloss_smooth0
run39_sparc_1316,sparc_1316,0.550047,0.643464,0.315728,0.539470,0.626273,0.302795,0.868175,0.879041,0.623112,0.946374,0.840461,0.516097,spectrum_fno48_floor6_smooth1_qc_peak4_fieldloss_smooth0
run39_sparc_1351,sparc_1351,0.557356,0.651829,0.308179,0.546858,0.628411,0.300654,0.902409,0.903745,0.667514,0.915893,0.704314,0.490486,spectrum_fno48_floor6_smooth1_qc_peak4_fieldloss_smooth0
run39_sparc_1352,sparc_1352,0.567545,0.741221,0.353269,0.559749,0.664138,0.351453,0.895312,0.899014,0.672922,0.854512,0.782494,0.379279,spectrum_fno48_floor6_smooth1_qc_peak4_fieldloss_smooth0
run39_sparc_1358,sparc_1358,0.483371,0.590785,0.264680,0.476293,0.569896,0.264456,0.886672,0.896287,0.668144,0.940736,0.906481,0.643731,spectrum_fno48_floor6_smooth1_qc_peak4_fieldloss_smooth0
run39_sparc_1364,sparc_1364,0.537595,0.706656,0.386297,0.533081,0.664157,0.378497,0.874103,0.880024,0.648713,0.824219,0.890538,0.513322,spectrum_fno48_floor6_smooth1_qc_peak4_fieldloss_smooth0
run39_sparc_1404,sparc_1404,0.724905,0.887346,0.342094,0.668352,0.707258,0.327505,0.900906,0.918738,0.800472,0.957927,0.942543,0.752433,spectrum_fno48_floor6_smooth1_qc_peak4_fieldloss_smooth0
run39_sparc_1406,sparc_1406,1.169478,1.260657,0.347923,0.777401,0.810825,0.319445,0.937580,0.942980,0.809178,0.886487,0.873551,0.552443,spectrum_fno48_floor6_smooth1_qc_peak4_fieldloss_smooth0
run39_sparc_1413,sparc_1413,0.585854,0.661513,0.290252,0.559283,0.629937,0.290251,0.907522,0.905540,0.701901,0.896848,0.763341,0.404244,spectrum_fno48_floor6_smooth1_qc_peak4_fieldloss_smooth0
run39_sparc_1415,sparc_1415,0.558603,0.620893,0.275633,0.547457,0.586327,0.268035,0.904643,0.903992,0.690373,0.935679,0.740782,0.583319,spectrum_fno48_floor6_smooth1_qc_peak4_fieldloss_smooth0
run39_sparc_1420,sparc_1420,0.524958,0.646845,0.279055,0.515733,0.616912,0.277781,0.898903,0.896707,0.687103,0.858792,0.896039,0.338130,spectrum_fno48_floor6_smooth1_qc_peak4_fieldloss_smooth0
run39_sparc_1423,sparc_1423,1.110586,1.594831,0.367182,0.769429,0.830625,0.345526,0.940393,0.951169,0.845763,0.947996,0.782930,0.554316,spectrum_fno48_floor6_smooth1_qc_peak4_fieldloss_smooth0
run39_sparc_1425,sparc_1425,0.941224,1.243234,0.398122,0.753209,0.813176,0.385347,0.942436,0.924603,0.833636,0.869246,0.885690,0.592772,spectrum_fno48_floor6_smooth1_qc_peak4_fieldloss_smooth0
run39_sparc_1507,sparc_1507,0.971979,1.253697,0.301398,0.756957,0.826879,0.301382,0.931874,0.937292,0.812567,0.885355,0.869054,0.619959,spectrum_fno48_floor6_smooth1_qc_peak4_fieldloss_smooth0
run39_sparc_1513,sparc_1513,0.582691,0.643712,0.286043,0.553521,0.605505,0.284902,0.910737,0.913113,0.703183,0.904082,0.666947,0.477054,spectrum_fno48_floor6_smooth1_qc_peak4_fieldloss_smooth0
run39_sparc_1520,sparc_1520,0.523766,0.638011,0.391198,0.523349,0.617885,0.386787,0.883059,0.888804,0.645263,0.942269,0.929080,0.336234,spectrum_fno48_floor6_smooth1_qc_peak4_fieldloss_smooth0
run39_sparc_1522,sparc_1522,0.502980,0.670389,0.308201,0.502767,0.652251,0.294973,0.899250,0.892840,0.676701,0.942943,0.739069,0.220042,spectrum_fno48_floor6_smooth1_qc_peak4_fieldloss_smooth0
run39_sparc_1524,sparc_1524,0.607039,0.935398,0.404729,0.598067,0.780442,0.404304,0.878867,0.876777,0.703202,0.915066,0.872843,0.375604,spectrum_fno48_floor6_smooth1_qc_peak4_fieldloss_smooth0
run39_sparc_1525,sparc_1525,0.929665,1.082412,0.368559,0.727022,0.816146,0.354834,0.943458,0.939004,0.820520,0.887135,0.817197,0.518697,spectrum_fno48_floor6_smooth1_qc_peak4_fieldloss_smooth0
run3_sparc_1301,sparc_1301,0.691776,0.784877,0.678322,0.679632,0.772532,0.670050,0.909842,0.917168,0.861145,0.977614,0.988763,0.918657,spectrum_fno48_floor6_smooth1_qc_peak4_fieldloss_smooth0
run3_sparc_1307,sparc_1307,0.559272,0.932292,0.443332,0.550531,0.753764,0.430345,0.917405,0.919407,0.739833,0.877800,0.946421,0.560499,spectrum_fno48_floor6_smooth1_qc_peak4_fieldloss_smooth0
run3_sparc_1311,sparc_1311,0.652647,0.924308,0.376728,0.601651,0.833340,0.364482,0.906780,0.892213,0.726952,0.908321,0.878172,0.334586,spectrum_fno48_floor6_smooth1_qc_peak4_fieldloss_smooth0
run3_sparc_1314,sparc_1314,0.604098,0.730823,0.363133,0.581161,0.685930,0.337769,0.920824,0.921877,0.768897,0.874032,0.690898,0.559397,spectrum_fno48_floor6_smooth1_qc_peak4_fieldloss_smooth0
run3_sparc_1319,sparc_1319,0.584870,0.699001,0.399323,0.557945,0.657630,0.399005,0.925636,0.929922,0.777814,0.925507,0.716433,0.364333,spectrum_fno48_floor6_smooth1_qc_peak4_fieldloss_smooth0
run3_sparc_1349,sparc_1349,0.550282,0.745930,0.409330,0.535963,0.686433,0.408905,0.904316,0.906513,0.725444,0.900779,0.890147,0.396537,spectrum_fno48_floor6_smooth1_qc_peak4_fieldloss_smooth0
run3_sparc_1352,sparc_1352,0.636772,0.725846,0.495995,0.625997,0.683634,0.484098,0.921899,0.920352,0.771971,0.919746,0.550315,0.290262,spectrum_fno48_floor6_smooth1_qc_peak4_fieldloss_smooth0
run3_sparc_1355,sparc_1355,0.663016,0.724805,0.680317,0.646932,0.675220,0.669260,0.917774,0.914102,0.757339,0.912016,0.816418,0.477893,spectrum_fno48_floor6_smooth1_qc_peak4_fieldloss
run3_sparc_1365,sparc_1365,0.757439,0.789468,0.675209,0.691848,0.688114,0.642323,0.909205,0.914089,0.747909,0.949974,0.855628,0.585806,spectrum_fno48_floor6_smooth1_qc_peak4_fieldloss_smooth0
run3_sparc_1401,sparc_1401,0.737754,0.877317,0.798581,0.714762,0.774512,0.689388,0.914553,0.919858,0.868402,0.986236,0.986918,0.908891,spectrum_fno48_floor6_smooth1_qc_peak4_fieldloss
run3_sparc_1402,sparc_1402,0.595851,0.667867,0.529790,0.584682,0.644080,0.482719,0.934540,0.944955,0.854399,0.910880,0.869237,0.631096,spectrum_fno48_floor6_smooth1_qc_peak4_fieldloss_smooth0
run3_sparc_1404,sparc_1404,0.531083,0.568092,0.446044,0.528901,0.567868,0.445976,0.929167,0.935510,0.810493,0.931070,0.920772,0.639051,spectrum_fno48_floor6_smooth1_qc_peak4_fieldloss_smooth0
run3_sparc_1410,sparc_1410,0.679420,1.009415,0.487603,0.636594,0.864296,0.432711,0.913760,0.890035,0.733266,0.615836,0.844247,0.401926,spectrum_fno48_floor6_smooth1_qc_peak4_fieldloss_smooth0
run3_sparc_1420,sparc_1420,0.636567,0.779698,0.468923,0.610551,0.770531,0.463274,0.892534,0.893999,0.769567,0.948724,0.921234,0.330209,spectrum_fno48_floor6_smooth1_qc_peak4_fieldloss_smooth0
run3_sparc_1423,sparc_1423,0.623059,0.702987,0.567292,0.616214,0.641634,0.547106,0.913270,0.908250,0.766978,0.947534,0.924976,0.604565,spectrum_fno48_floor6_smooth1_qc_peak4_fieldloss_smooth0
run3_sparc_1425,sparc_1425,0.808086,0.779627,0.784758,0.788525,0.759042,0.783016,0.848031,0.866608,0.741235,0.977042,0.959131,0.834723,spectrum_fno48_floor6_smooth1_qc_peak4
run3_sparc_1503,sparc_1503,0.559952,0.604289,0.453068,0.559946,0.604208,0.448672,0.941802,0.940019,0.821117,0.910308,0.886359,0.590631,spectrum_fno48_floor6_smooth1_qc_peak4_fieldloss_smooth0
run3_sparc_1504,sparc_1504,0.629994,0.634389,0.495392,0.613063,0.621485,0.491779,0.915215,0.917532,0.792842,0.933543,0.897816,0.579172,spectrum_fno48_floor6_smooth1_qc_peak4_fieldloss_smooth0
run3_sparc_1505,sparc_1505,0.662928,0.657041,0.564848,0.657062,0.650741,0.562247,0.923188,0.923045,0.794693,0.961530,0.933303,0.642443,spectrum_fno48_floor6_smooth1_qc_peak4_fieldloss_smooth0
run3_sparc_1508,sparc_1508,0.812574,1.127557,0.643045,0.723589,0.988141,0.634007,0.814296,0.848827,0.688354,0.853936,0.388044,0.518416,spectrum_fno48_floor6_smooth1_qc_peak4_fieldloss_smooth0
run3_sparc_1518,sparc_1518,0.571755,0.897487,0.376631,0.555051,0.803795,0.373906,0.901062,0.897805,0.740267,0.940419,0.900090,0.305343,spectrum_fno48_floor6_smooth1_qc_peak4_fieldloss_smooth0
run3_sparc_1520,sparc_1520,0.717818,0.853154,0.584560,0.642953,0.743402,0.560960,0.891320,0.897268,0.760486,0.941433,0.920384,0.542701,spectrum_fno48_floor6_smooth1_qc_peak4_fieldloss_smooth0
run3_sparc_1521,sparc_1521,0.811056,0.841033,0.672666,0.742547,0.751239,0.645959,0.896242,0.892494,0.723588,0.950131,0.935801,0.591569,spectrum_fno48_floor6_smooth1_qc_peak4_fieldloss_smooth0
run3_sparc_1527,sparc_1527,0.625832,0.636836,0.573701,0.625437,0.635402,0.571428,0.914059,0.913604,0.799214,0.979775,0.955320,0.768709,spectrum_fno48_floor6_smooth1_qc_peak4_fieldloss_smooth0
run40_sparc_1303,sparc_1303,0.473567,0.632583,0.491654,0.469749,0.569787,0.424319,0.912990,0.912752,0.770029,0.944619,0.925986,0.741290,spectrum_fno48_floor6_smooth1_qc_peak4_fieldloss
run40_sparc_1304,sparc_1304,0.561522,0.699739,0.453829,0.551340,0.678569,0.439490,0.901229,0.891132,0.739668,0.951530,0.908015,0.763681,spectrum_fno48_floor6_smooth1_qc_peak4_fieldloss_smooth0
run40_sparc_1308,sparc_1308,1.123851,1.225451,0.683220,0.798156,0.827577,0.603243,0.897576,0.902659,0.740684,0.940293,0.880799,0.672009,spectrum_fno48_floor6_smooth1_qc_peak4_fieldloss_smooth0
run40_sparc_1309,sparc_1309,0.585855,0.711116,0.395144,0.560038,0.650149,0.393744,0.906783,0.900181,0.700135,0.912730,0.904207,0.660408,spectrum_fno48_floor6_smooth1_qc_peak4_fieldloss_smooth0
run40_sparc_1314,sparc_1314,0.495954,0.512331,0.274644,0.479478,0.495088,0.264087,0.929422,0.929530,0.760839,0.874988,0.655814,0.495894,spectrum_fno48_floor6_smooth1_qc_peak4_fieldloss_smooth0
run40_sparc_1319,sparc_1319,0.497571,0.589623,0.270501,0.476974,0.544868,0.263076,0.927205,0.931715,0.750048,0.849696,0.833647,0.576782,spectrum_fno48_floor6_smooth1_qc_peak4_fieldloss_smooth0
run40_sparc_1350,sparc_1350,0.495051,0.515904,0.271156,0.479824,0.496229,0.267836,0.929753,0.929958,0.762188,0.867524,0.684009,0.490952,spectrum_fno48_floor6_smooth1_qc_peak4_fieldloss_smooth0
run40_sparc_1353,sparc_1353,0.459293,0.622915,0.274892,0.458093,0.593411,0.265284,0.916013,0.909900,0.739267,0.892956,0.882334,0.411565,spectrum_fno48_floor6_smooth1_qc_peak4_fieldloss_smooth0
run40_sparc_1362,sparc_1362,0.451430,0.541450,0.267923,0.450572,0.530432,0.259859,0.911272,0.913432,0.728471,0.923203,0.882397,0.547898,spectrum_fno48_floor6_smooth1_qc_peak4_fieldloss_smooth0
run40_sparc_1363,sparc_1363,0.461567,0.573873,0.267172,0.461558,0.563968,0.261530,0.913473,0.910126,0.748902,0.883650,0.908228,0.759144,spectrum_fno48_floor6_smooth1_qc_peak4_fieldloss_smooth0
run40_sparc_1402,sparc_1402,0.678787,0.661030,0.518382,0.663855,0.660938,0.499800,0.883767,0.903761,0.794793,0.936161,0.920725,0.675066,spectrum_fno48_floor6_smooth1_qc_peak4_fieldloss_smooth0
run40_sparc_1403,sparc_1403,0.521847,0.543546,0.352625,0.501570,0.542076,0.320589,0.918431,0.914340,0.774366,0.957624,0.916738,0.696875,spectrum_fno48_floor6_smooth1_qc_peak4_fieldloss_smooth0
run40_sparc_1408,sparc_1408,1.490555,1.630318,1.252960,0.964856,0.980602,0.965694,0.507818,0.517318,0.603704,0.949565,0.939813,0.713396,spectrum_fno48_floor6_smooth1_qc_peak4_fieldloss_smooth0
run40_sparc_1409,sparc_1409,0.510886,0.603704,0.294585,0.508757,0.592138,0.290476,0.926388,0.924401,0.756477,0.946273,0.891598,0.653921,spectrum_fno48_floor6_smooth1_qc_peak4_fieldloss_smooth0
run40_sparc_1421,sparc_1421,0.542527,0.550598,0.400073,0.541068,0.548586,0.399848,0.905058,0.907076,0.724009,0.906805,0.672667,0.606850,spectrum_fno48_floor6_smooth1_qc_peak4_fieldloss_smooth0
run40_sparc_1426,sparc_1426,0.651925,0.708494,0.570350,0.651909,0.700076,0.559473,0.898610,0.890344,0.738867,0.981466,0.853876,0.729348,spectrum_fno48_floor6_smooth1_qc_peak4_fieldloss_smooth0
run40_sparc_1501,sparc_1501,0.614143,0.619757,0.618083,0.581799,0.574315,0.605688,0.916008,0.933187,0.817996,0.857054,0.893373,0.645536,spectrum_fno48_floor6_smooth1_qc_peak4_fieldloss
run40_sparc_1503,sparc_1503,0.556492,0.560505,0.365952,0.538054,0.557304,0.353228,0.918544,0.918914,0.779983,0.948869,0.879935,0.604421,spectrum_fno48_floor6_smooth1_qc_peak4_fieldloss_smooth0
run40_sparc_1508,sparc_1508,1.334817,1.542818,1.292451,0.970253,0.982576,0.970284,0.496680,0.509481,0.599535,0.950530,0.942117,0.720295,spectrum_fno48_floor6_smooth1_qc_peak4_fieldloss_smooth0
run40_sparc_1514,sparc_1514,0.512942,0.536135,0.250481,0.493086,0.504831,0.242523,0.931461,0.934056,0.761107,0.837618,0.848568,0.462126,spectrum_fno48_floor6_smooth1_qc_peak4_fieldloss_smooth0
run40_sparc_1524,sparc_1524,0.706664,0.740611,0.583163,0.678707,0.697485,0.577710,0.893627,0.887174,0.723043,0.837300,0.685612,0.356044,spectrum_fno48_floor6_smooth1_qc_peak4_fieldloss_smooth0
run40_sparc_1525,sparc_1525,0.630750,0.693398,0.548439,0.625660,0.672131,0.548430,0.887077,0.884906,0.701981,0.970524,0.852489,0.780686,spectrum_fno48_floor6_smooth1_qc_peak4_fieldloss_smooth0
run40_sparc_1530,sparc_1530,0.976807,0.682754,0.879285,0.895819,0.564462,0.844195,0.599279,0.852172,0.747443,0.996879,0.996485,0.965395,spectrum_fno48_floor6_smooth1_qc_peak4
run41_sparc_1301,sparc_1301,0.461348,0.597678,0.326557,0.452793,0.536533,0.320107,0.925979,0.939253,0.850092,0.935117,0.951636,0.721764,spectrum_fno48_floor6_smooth1_qc_peak4_fieldloss_smooth0
run41_sparc_1302,sparc_1302,0.678829,0.928450,0.284942,0.621734,0.755012,0.259787,0.920636,0.931509,0.809430,0.953770,0.897239,0.707043,spectrum_fno48_floor6_smooth1_qc_peak4_fieldloss_smooth0
run41_sparc_1303,sparc_1303,0.809655,0.948291,0.146580,0.679671,0.786931,0.126636,0.918993,0.920622,0.759442,0.857784,0.749102,0.431945,spectrum_fno48_floor6_smooth1_qc_peak4_fieldloss_smooth0
run41_sparc_1306,sparc_1306,1.167677,1.252617,0.680944,0.809696,0.894038,0.557869,0.889761,0.868594,0.695944,0.900960,0.909483,0.586432,spectrum_fno48_floor6_smooth1_qc_peak4_fieldloss_smooth0
run41_sparc_1315,sparc_1315,1.551569,1.563499,1.733265,0.835659,0.909897,0.943997,0.580234,0.586193,0.415421,0.962081,0.950418,0.642714,spectrum_fno48_floor6_smooth1_qc_peak4_fieldloss
run41_sparc_1318,sparc_1318,0.684501,0.832012,0.643138,0.682314,0.773613,0.642957,0.862274,0.874583,0.681769,0.875404,0.724280,0.582290,spectrum_fno48_floor6_smooth1_qc_peak4_fieldloss_smooth0
run41_sparc_1319,sparc_1319,0.572884,0.758482,0.471740,0.569274,0.704441,0.471115,0.881947,0.883970,0.658641,0.945510,0.821967,0.626830,spectrum_fno48_floor6_smooth1_qc_peak4_fieldloss_smooth0
run41_sparc_1354,sparc_1354,0.857514,1.046451,0.960940,0.670557,0.734341,0.684506,0.800454,0.815215,0.639780,0.954715,0.937521,0.708679,spectrum_fno48_floor6_smooth1_qc_peak4_fieldloss
run41_sparc_1404,sparc_1404,0.841963,1.113588,0.152584,0.670247,0.765406,0.147887,0.922576,0.926516,0.772328,0.928241,0.785674,0.483086,spectrum_fno48_floor6_smooth1_qc_peak4_fieldloss_smooth0
run41_sparc_1416,sparc_1416,0.632660,0.601798,0.264575,0.605518,0.597991,0.250582,0.877712,0.893206,0.694421,0.917881,0.767680,0.597070,spectrum_fno48_floor6_smooth1_qc_peak4_fieldloss_smooth0
run41_sparc_1420,sparc_1420,0.685653,0.774112,0.333693,0.632691,0.680993,0.328011,0.858361,0.819621,0.626209,0.815669,0.842632,0.673166,spectrum_fno48_floor6_smooth1_qc_peak4_fieldloss_smooth0
run41_sparc_1502,sparc_1502,0.678509,1.036215,0.254223,0.624514,0.756524,0.216212,0.932510,0.949587,0.844939,0.936624,0.878247,0.664664,spectrum_fno48_floor6_smooth1_qc_peak4_fieldloss_smooth0
run41_sparc_1506,sparc_1506,1.127157,1.176559,0.398872,0.772614,0.832439,0.337911,0.928380,0.933985,0.790123,0.923046,0.889565,0.544154,spectrum_fno48_floor6_smooth1_qc_peak4_fieldloss_smooth0
run41_sparc_1507,sparc_1507,0.916256,1.259671,0.380790,0.726338,0.818805,0.347134,0.930570,0.932841,0.782539,0.920340,0.788555,0.583760,spectrum_fno48_floor6_smooth1_qc_peak4_fieldloss_smooth0
run41_sparc_1510,sparc_1510,0.630492,0.627653,0.184688,0.595758,0.613452,0.173062,0.923230,0.920531,0.744931,0.874102,0.686028,0.533086,spectrum_fno48_floor6_smooth1_qc_peak4_fieldloss_smooth0
run41_sparc_1520,sparc_1520,0.660359,0.625694,0.207854,0.620858,0.619643,0.201541,0.911912,0.897245,0.735653,0.860986,0.696367,0.592306,spectrum_fno48_floor6_smooth1_qc_peak4_fieldloss_smooth0
run41_sparc_1521,sparc_1521,0.690527,0.686629,0.206245,0.617834,0.658151,0.195464,0.912478,0.906227,0.733555,0.849725,0.584564,0.541670,spectrum_fno48_floor6_smooth1_qc_peak4_fieldloss_smooth0
run41_sparc_1525,sparc_1525,0.750059,0.878295,0.179853,0.631155,0.692510,0.176074,0.933660,0.934310,0.808332,0.829144,0.645638,0.448301,spectrum_fno48_floor6_smooth1_qc_peak4_fieldloss_smooth0
run41_sparc_1526,sparc_1526,0.765729,0.893024,0.141518,0.636793,0.692969,0.140607,0.925017,0.929481,0.807081,0.861146,0.827094,0.511682,spectrum_fno48_floor6_smooth1_qc_peak4_fieldloss_smooth0
run42_sparc_1317,sparc_1317,0.655283,0.766526,0.508559,0.625610,0.717838,0.448400,0.903458,0.902511,0.678544,0.960479,0.610215,0.543939,spectrum_fno48_floor6_smooth1_qc_peak4_fieldloss_smooth0
run42_sparc_1354,sparc_1354,0.723280,0.735315,0.360276,0.714726,0.735266,0.358210,0.884470,0.882372,0.683231,0.916721,0.892587,0.623867,spectrum_fno48_floor6_smooth1_qc_peak4_fieldloss_smooth0
run42_sparc_1356,sparc_1356,0.799065,0.802101,0.458588,0.799059,0.798625,0.404541,0.898766,0.900079,0.705167,0.963405,0.750867,0.530521,spectrum_fno48_floor6_smooth1_qc_peak4_fieldloss_smooth0
run42_sparc_1359,sparc_1359,0.504626,0.761500,0.324656,0.486889,0.711813,0.299578,0.910650,0.906745,0.720379,0.942939,0.836928,0.508032,spectrum_fno48_floor6_smooth1_qc_peak4_fieldloss_smooth0
run42_sparc_1363,sparc_1363,0.545195,0.687919,0.364207,0.545177,0.651957,0.333976,0.898945,0.897772,0.708050,0.887068,0.798363,0.668546,spectrum_fno48_floor6_smooth1_qc_peak4_fieldloss_smooth0
run42_sparc_1364,sparc_1364,0.540804,0.631528,0.251569,0.540799,0.626032,0.244798,0.874483,0.880989,0.658358,0.922708,0.634811,0.632921,spectrum_fno48_floor6_smooth1_qc_peak4_fieldloss_smooth0
run42_sparc_1365,sparc_1365,0.481666,0.792607,0.327725,0.475742,0.707502,0.315453,0.897059,0.889232,0.670993,0.876719,0.800832,0.617447,spectrum_fno48_floor6_smooth1_qc_peak4_fieldloss_smooth0
run42_sparc_1404,sparc_1404,0.772627,0.976644,0.249667,0.701171,0.798831,0.241774,0.921615,0.922777,0.785559,0.870223,0.849081,0.494128,spectrum_fno48_floor6_smooth1_qc_peak4_fieldloss_smooth0
run42_sparc_1411,sparc_1411,0.576613,0.625435,0.141821,0.574673,0.624624,0.130454,0.901957,0.909325,0.767146,0.883010,0.487898,0.609016,spectrum_fno48_floor6_smooth1_qc_peak4_fieldloss_smooth0
run42_sparc_1418,sparc_1418,0.748510,0.803861,0.826721,0.647622,0.734539,0.544645,0.899659,0.895266,0.687030,0.919134,0.773851,0.616304,spectrum_fno48_floor6_smooth1_qc_peak4_fieldloss
run42_sparc_1423,sparc_1423,0.730127,0.773785,0.560770,0.675808,0.700770,0.497521,0.928050,0.937654,0.800109,0.761708,0.760857,0.450367,spectrum_fno48_floor6_smooth1_qc_peak4_fieldloss_smooth0
run42_sparc_1424,sparc_1424,0.689901,0.847295,0.714791,0.658402,0.750545,0.692456,0.940817,0.946076,0.826222,0.835628,0.801189,0.431508,spectrum_fno48_floor6_smooth1_qc_peak4_fieldloss
run42_sparc_1503,sparc_1503,0.931358,0.957420,0.289136,0.707918,0.741549,0.261532,0.947353,0.945411,0.828632,0.912252,0.780490,0.638930,spectrum_fno48_floor6_smooth1_qc_peak4_fieldloss_smooth0
run42_sparc_1508,sparc_1508,0.613224,0.660172,0.237212,0.611031,0.640300,0.229618,0.928658,0.930419,0.774427,0.886177,0.734558,0.540415,spectrum_fno48_floor6_smooth1_qc_peak4_fieldloss_smooth0
run42_sparc_1511,sparc_1511,0.623247,0.656735,0.158562,0.616883,0.652004,0.155567,0.912411,0.894218,0.744273,0.896759,0.449457,0.571191,spectrum_fno48_floor6_smooth1_qc_peak4_fieldloss_smooth0
run42_sparc_1512,sparc_1512,0.600612,0.642435,0.230505,0.591002,0.640272,0.211784,0.893097,0.889362,0.711556,0.894432,0.670531,0.631545,spectrum_fno48_floor6_smooth1_qc_peak4_fieldloss_smooth0
run42_sparc_1513,sparc_1513,0.642578,0.766094,0.176403,0.626796,0.728912,0.174659,0.904559,0.873465,0.727382,0.878440,0.672302,0.601559,spectrum_fno48_floor6_smooth1_qc_peak4_fieldloss_smooth0
run42_sparc_1528,sparc_1528,0.784542,0.826321,0.517961,0.695612,0.724973,0.453727,0.813573,0.829215,0.686610,0.891061,0.847244,0.472163,spectrum_fno48_floor6_smooth1_qc_peak4_fieldloss_smooth0
run43_sparc_1349,sparc_1349,0.798779,0.808071,0.614757,0.754473,0.766237,0.600170,0.910282,0.921288,0.753928,0.893511,0.831453,0.478151,spectrum_fno48_floor6_smooth1_qc_peak4_fieldloss_smooth0
run43_sparc_1356,sparc_1356,0.820413,0.780172,0.737100,0.818063,0.779967,0.737098,0.895751,0.894479,0.740265,0.929399,0.948047,0.432457,spectrum_fno48_floor6_smooth1_qc_peak4_fieldloss_smooth0
run43_sparc_1358,sparc_1358,0.837189,0.791367,0.855179,0.709283,0.725622,0.780307,0.900284,0.895873,0.725314,0.844423,0.812863,0.602565,spectrum_fno48_floor6_smooth1_qc_peak4
run43_sparc_1404,sparc_1404,0.740521,0.694146,0.719522,0.677045,0.651541,0.653667,0.924049,0.922958,0.804226,0.945070,0.945801,0.782568,spectrum_fno48_floor6_smooth1_qc_peak4
run43_sparc_1405,sparc_1405,0.799636,0.779293,0.723659,0.702965,0.716230,0.627143,0.917050,0.909322,0.800004,0.938828,0.920164,0.665789,spectrum_fno48_floor6_smooth1_qc_peak4_fieldloss_smooth0
run43_sparc_1411,sparc_1411,0.713446,0.667853,0.497746,0.707788,0.662630,0.493714,0.905749,0.913095,0.756229,0.890657,0.896355,0.333987,spectrum_fno48_floor6_smooth1_qc_peak4_fieldloss_smooth0
run43_sparc_1413,sparc_1413,0.743115,0.757864,0.632782,0.735832,0.752908,0.622472,0.905816,0.910945,0.754936,0.922364,0.834888,0.429340,spectrum_fno48_floor6_smooth1_qc_peak4_fieldloss_smooth0
run43_sparc_1414,sparc_1414,0.801980,0.850457,0.650665,0.773789,0.799281,0.650600,0.883960,0.891023,0.724062,0.924732,0.891167,0.518499,spectrum_fno48_floor6_smooth1_qc_peak4_fieldloss_smooth0
run43_sparc_1422,sparc_1422,1.410720,1.396517,1.241792,0.948757,0.959217,0.962188,0.858179,0.844344,0.677579,0.972468,0.973296,0.823386,spectrum_fno48_floor6_smooth1_qc_peak4_fieldloss_smooth0
run43_sparc_1424,sparc_1424,0.816286,0.823773,0.768821,0.748382,0.736173,0.768146,0.867001,0.878005,0.780742,0.923273,0.889889,0.660776,spectrum_fno48_floor6_smooth1_qc_peak4_fieldloss_smooth0
run43_sparc_1427,sparc_1427,0.598244,0.654991,0.611607,0.590458,0.631010,0.593499,0.900489,0.895617,0.812593,0.966004,0.896475,0.731352,spectrum_fno48_floor6_smooth1_qc_peak4_fieldloss
run43_sparc_1440,sparc_1440,0.540400,0.696281,0.360006,0.523370,0.651846,0.355092,0.936530,0.935637,0.821442,0.896709,0.843031,0.479703,spectrum_fno48_floor6_smooth1_qc_peak4_fieldloss_smooth0
run43_sparc_1530,sparc_1530,1.298781,0.816470,1.127799,0.999998,0.805583,0.995339,-0.180970,0.432810,0.222400,0.996223,0.995745,0.974625,spectrum_fno48_floor6_smooth1_qc_peak4
run44_sparc_1310,sparc_1310,0.537376,0.722763,0.123056,0.525451,0.678806,0.103718,0.915718,0.900588,0.750545,0.788195,0.530141,0.429761,spectrum_fno48_floor6_smooth1_qc_peak4_fieldloss_smooth0
run44_sparc_1315,sparc_1315,0.583343,0.776012,0.515347,0.575882,0.732592,0.470172,0.920422,0.916305,0.728696,0.917807,0.669114,0.590002,spectrum_fno48_floor6_smooth1_qc_peak4_fieldloss_smooth0
run44_sparc_1319,sparc_1319,0.598608,0.905738,0.391666,0.579210,0.789946,0.376558,0.902610,0.890493,0.692272,0.946811,0.869751,0.678694,spectrum_fno48_floor6_smooth1_qc_peak4_fieldloss_smooth0
run44_sparc_1350,sparc_1350,0.624067,0.836092,0.384296,0.616897,0.781929,0.342234,0.917213,0.912744,0.743059,0.905214,0.662871,0.576349,spectrum_fno48_floor6_smooth1_qc_peak4_fieldloss_smooth0
run44_sparc_1357,sparc_1357,0.771165,0.895450,0.355385,0.766289,0.895035,0.353192,0.885800,0.863200,0.673708,0.689669,0.783497,0.583536,spectrum_fno48_floor6_smooth1_qc_peak4_fieldloss_smooth0
run44_sparc_1362,sparc_1362,0.473173,0.792962,0.558827,0.472350,0.713399,0.465158,0.898976,0.894425,0.700574,0.882031,0.833368,0.663858,spectrum_fno48_floor6_smooth1_qc_peak4_fieldloss
run44_sparc_1416,sparc_1416,0.749568,0.848652,0.361392,0.746600,0.824559,0.349664,0.897286,0.872387,0.709176,0.906042,0.670708,0.578585,spectrum_fno48_floor6_smooth1_qc_peak4_fieldloss_smooth0
run44_sparc_1422,sparc_1422,0.717273,0.815700,0.436469,0.715291,0.805777,0.347207,0.901038,0.901001,0.700674,0.893556,0.809419,0.651869,spectrum_fno48_floor6_smooth1_qc_peak4_fieldloss_smooth0
run44_sparc_1423,sparc_1423,0.803286,0.895051,0.700595,0.737744,0.763204,0.614325,0.926743,0.925538,0.790106,0.835296,0.796886,0.303776,spectrum_fno48_floor6_smooth1_qc_peak4_fieldloss_smooth0
run44_sparc_1425,sparc_1425,0.715288,0.955795,0.387179,0.644387,0.739915,0.324943,0.927064,0.929600,0.809074,0.782860,0.763778,0.302659,spectrum_fno48_floor6_smooth1_qc_peak4_fieldloss_smooth0
run44_sparc_1427,sparc_1427,0.795983,0.889105,0.853712,0.695723,0.752982,0.766308,0.895884,0.894265,0.747880,0.884028,0.846878,0.443585,spectrum_fno48_floor6_smooth1_qc_peak4_fieldloss
run44_sparc_1430,sparc_1430,0.699127,0.748508,0.519424,0.681656,0.704535,0.513231,0.868332,0.904344,0.742294,0.852821,0.859375,0.656665,spectrum_fno48_floor6_smooth1_qc_peak4_fieldloss_smooth0
run44_sparc_1505,sparc_1505,0.861523,1.119227,0.228780,0.761111,0.839365,0.216842,0.906245,0.915034,0.765505,0.898079,0.859600,0.476500,spectrum_fno48_floor6_smooth1_qc_peak4_fieldloss_smooth0
run44_sparc_1506,sparc_1506,0.975610,1.440447,0.334830,0.756846,0.875437,0.307462,0.920048,0.930995,0.789990,0.900834,0.716448,0.287815,spectrum_fno48_floor6_smooth1_qc_peak4_fieldloss_smooth0
run44_sparc_1508,sparc_1508,0.735842,0.860738,0.223594,0.666217,0.687234,0.215978,0.928646,0.931583,0.783626,0.804675,0.789511,0.629785,spectrum_fno48_floor6_smooth1_qc_peak4_fieldloss_smooth0
run44_sparc_1513,sparc_1513,0.583262,0.784494,0.213272,0.556595,0.736462,0.211851,0.852600,0.854699,0.695040,0.935590,0.718690,0.673125,spectrum_fno48_floor6_smooth1_qc_peak4_fieldloss_smooth0
run44_sparc_1515,sparc_1515,0.579915,0.869975,0.486562,0.576688,0.769379,0.435092,0.887000,0.882656,0.664574,0.965684,0.922774,0.630320,spectrum_fno48_floor6_smooth1_qc_peak4_fieldloss_smooth0
run44_sparc_1517,sparc_1517,0.590226,0.793777,0.473643,0.589397,0.779134,0.372744,0.912012,0.906061,0.709882,0.967536,0.870516,0.783259,spectrum_fno48_floor6_smooth1_qc_peak4_fieldloss_smooth0
run44_sparc_1524,sparc_1524,1.133130,0.945008,1.002621,0.726509,0.801825,0.638345,0.698350,0.715116,0.643801,0.977889,0.966471,0.766322,spectrum_fno48_floor6_smooth1_qc_peak4
run45_sparc_1308,sparc_1308,0.870367,1.291268,0.569389,0.714520,0.805315,0.468230,0.899491,0.909700,0.731159,0.885015,0.864476,0.545531,spectrum_fno48_floor6_smooth1_qc_peak4_fieldloss_smooth0
run45_sparc_1313,sparc_1313,0.557742,0.609852,0.333948,0.540089,0.570571,0.327933,0.898220,0.897565,0.664515,0.925852,0.641209,0.513819,spectrum_fno48_floor6_smooth1_qc_peak4_fieldloss_smooth0
run45_sparc_1314,sparc_1314,0.565500,0.603070,0.334035,0.542773,0.570254,0.326418,0.898399,0.898073,0.667165,0.927205,0.636915,0.513019,spectrum_fno48_floor6_smooth1_qc_peak4_fieldloss_smooth0
run45_sparc_1353,sparc_1353,0.504564,0.619943,0.301990,0.504236,0.602292,0.277544,0.902289,0.901650,0.695773,0.921955,0.912021,0.561485,spectrum_fno48_floor6_smooth1_qc_peak4_fieldloss_smooth0
run45_sparc_1356,sparc_1356,0.575423,0.664313,0.319093,0.562755,0.618582,0.315133,0.883482,0.895696,0.682453,0.964861,0.653356,0.436686,spectrum_fno48_floor6_smooth1_qc_peak4_fieldloss_smooth0
run45_sparc_1364,sparc_1364,0.514666,0.640229,0.263825,0.513265,0.623600,0.262045,0.866891,0.866923,0.627409,0.869561,0.913982,0.464930,spectrum_fno48_floor6_smooth1_qc_peak4_fieldloss_smooth0
run45_sparc_1365,sparc_1365,0.537927,0.623448,0.360068,0.531780,0.607353,0.358969,0.895359,0.900030,0.684212,0.926542,0.741551,0.416024,spectrum_fno48_floor6_smooth1_qc_peak4_fieldloss_smooth0
run45_sparc_1408,sparc_1408,0.899685,1.224453,0.295075,0.729564,0.882964,0.277383,0.912863,0.922652,0.756099,0.742555,0.776801,0.337216,spectrum_fno48_floor6_smooth1_qc_peak4_fieldloss_smooth0
run45_sparc_1414,sparc_1414,0.569667,0.591434,0.339418,0.549888,0.577735,0.338060,0.925320,0.924700,0.727594,0.928199,0.598955,0.460694,spectrum_fno48_floor6_smooth1_qc_peak4_fieldloss_smooth0
run45_sparc_1427,sparc_1427,0.862191,1.069113,0.525436,0.798724,0.842597,0.498987,0.891671,0.907814,0.771024,0.681002,0.620150,0.327807,spectrum_fno48_floor6_smooth1_qc_peak4_fieldloss_smooth0
run45_sparc_1430,sparc_1430,0.873059,0.834305,0.738817,0.705735,0.682111,0.651952,0.696786,0.862697,0.709606,0.957996,0.925979,0.832459,spectrum_fno48_floor6_smooth1_qc_peak4_fieldloss_smooth0
run45_sparc_1441,sparc_1441,1.050778,1.123269,0.216900,0.790812,0.905209,0.214748,0.912145,0.922920,0.800931,0.672758,0.553813,0.419747,spectrum_fno48_floor6_smooth1_qc_peak4_fieldloss_smooth0
run45_sparc_1501,sparc_1501,0.559114,0.572580,0.488076,0.546230,0.562874,0.486010,0.940916,0.956366,0.904720,0.943164,0.932985,0.826474,spectrum_fno48_floor6_smooth1_qc_peak4_fieldloss_smooth0
run45_sparc_1505,sparc_1505,1.021979,1.201987,0.209970,0.799004,0.866346,0.204365,0.895505,0.899697,0.771705,0.801332,0.793258,0.494870,spectrum_fno48_floor6_smooth1_qc_peak4_fieldloss_smooth0
run45_sparc_1506,sparc_1506,1.383365,1.343614,0.413161,0.860355,0.915891,0.333654,0.892333,0.904263,0.758373,0.850877,0.799417,0.264894,spectrum_fno48_floor6_smooth1_qc_peak4_fieldloss_smooth0
run45_sparc_1512,sparc_1512,0.556352,0.598154,0.340798,0.546510,0.586170,0.340410,0.905030,0.908267,0.695756,0.914795,0.575562,0.395713,spectrum_fno48_floor6_smooth1_qc_peak4_fieldloss_smooth0
run45_sparc_1513,sparc_1513,0.564117,0.584487,0.339848,0.544058,0.571881,0.339069,0.912512,0.912596,0.701941,0.908605,0.544019,0.458460,spectrum_fno48_floor6_smooth1_qc_peak4_fieldloss_smooth0
run45_sparc_1514,sparc_1514,0.552232,0.590116,0.350897,0.547516,0.573445,0.346642,0.916045,0.916595,0.697289,0.913103,0.535628,0.479457,spectrum_fno48_floor6_smooth1_qc_peak4_fieldloss_smooth0
run45_sparc_1518,sparc_1518,0.591053,0.646595,0.353052,0.570085,0.609664,0.349676,0.902666,0.904221,0.672330,0.856673,0.621375,0.489079,spectrum_fno48_floor6_smooth1_qc_peak4_fieldloss_smooth0
run45_sparc_1524,sparc_1524,0.652721,0.870287,0.476660,0.642621,0.768509,0.453338,0.885455,0.880084,0.679821,0.840119,0.878127,0.617115,spectrum_fno48_floor6_smooth1_qc_peak4_fieldloss_smooth0
run45_sparc_1593,sparc_1593,0.595375,0.718138,0.380966,0.594952,0.673329,0.380735,0.925888,0.953133,0.852770,0.980074,0.947004,0.891348,spectrum_fno48_floor6_smooth1_qc_peak4_fieldloss_smooth0
run46_sparc_1300,sparc_1300,0.386389,0.445229,0.416117,0.385592,0.427775,0.384827,0.982741,0.987301,0.976250,0.928843,0.911510,0.801284,spectrum_fno48_floor6_smooth1_qc_peak4_fieldloss
run46_sparc_1301,sparc_1301,0.620517,0.573313,0.502205,0.620466,0.553439,0.499209,0.925049,0.939223,0.864947,0.885036,0.921560,0.685637,spectrum_fno48_floor6_smooth1_qc_peak4_fieldloss_smooth0
run46_sparc_1302,sparc_1302,0.650035,0.844194,0.419327,0.633121,0.761326,0.398607,0.923684,0.933274,0.809946,0.938259,0.940988,0.602482,spectrum_fno48_floor6_smooth1_qc_peak4_fieldloss_smooth0
run46_sparc_1305,sparc_1305,0.937319,1.208284,0.222709,0.764583,0.832075,0.220987,0.927958,0.929869,0.788787,0.892695,0.802363,0.390379,spectrum_fno48_floor6_smooth1_qc_peak4_fieldloss_smooth0
run46_sparc_1308,sparc_1308,1.013097,1.279574,1.102155,0.766429,0.807854,0.682183,0.865878,0.875032,0.736571,0.973331,0.924836,0.648039,spectrum_fno48_floor6_smooth1_qc_peak4_fieldloss
run46_sparc_1317,sparc_1317,0.576746,0.727146,0.363982,0.568463,0.705014,0.362722,0.889633,0.887819,0.648538,0.928428,0.874496,0.473501,spectrum_fno48_floor6_smooth1_qc_peak4_fieldloss_smooth0
run46_sparc_1318,sparc_1318,0.588903,0.744894,0.379417,0.571660,0.699722,0.378925,0.885980,0.872613,0.664917,0.942737,0.906901,0.544616,spectrum_fno48_floor6_smooth1_qc_peak4_fieldloss_smooth0
run46_sparc_1319,sparc_1319,0.605083,0.751733,0.374334,0.574797,0.703041,0.374104,0.884492,0.866084,0.665587,0.940793,0.906195,0.560213,spectrum_fno48_floor6_smooth1_qc_peak4_fieldloss_smooth0
run46_sparc_1349,sparc_1349,0.504498,0.745996,0.327557,0.501708,0.705148,0.327552,0.895915,0.882416,0.666356,0.884106,0.933349,0.597770,spectrum_fno48_floor6_smooth1_qc_peak4_fieldloss_smooth0
run46_sparc_1360,sparc_1360,0.513321,0.633863,0.275608,0.509142,0.600802,0.273380,0.879060,0.881962,0.642421,0.931328,0.831798,0.536306,spectrum_fno48_floor6_smooth1_qc_peak4_fieldloss_smooth0
run46_sparc_1364,sparc_1364,0.584419,0.834405,0.415418,0.571884,0.744603,0.409697,0.848475,0.844704,0.581282,0.882619,0.855395,0.564384,spectrum_fno48_floor6_smooth1_qc_peak4_fieldloss_smooth0
run46_sparc_1365,sparc_1365,0.535662,0.647623,0.265954,0.509202,0.599050,0.264185,0.875008,0.881568,0.649579,0.935155,0.731488,0.623367,spectrum_fno48_floor6_smooth1_qc_peak4_fieldloss_smooth0
run46_sparc_1409,sparc_1409,0.774285,0.846491,0.676407,0.735105,0.761063,0.646816,0.827126,0.865742,0.651885,0.982881,0.973598,0.742398,spectrum_fno48_floor6_smooth1_qc_peak4_fieldloss_smooth0
run46_sparc_1410,sparc_1410,0.601151,0.777964,0.371428,0.585426,0.719106,0.369043,0.876384,0.878095,0.639376,0.894446,0.841870,0.382250,spectrum_fno48_floor6_smooth1_qc_peak4_fieldloss_smooth0
run46_sparc_1411,sparc_1411,0.593333,0.750440,0.362849,0.584602,0.712719,0.359390,0.879376,0.876433,0.638658,0.895983,0.825857,0.388306,spectrum_fno48_floor6_smooth1_qc_peak4_fieldloss_smooth0
run46_sparc_1414,sparc_1414,0.611923,0.754421,0.316219,0.586184,0.685073,0.312833,0.899737,0.898877,0.670001,0.883970,0.725704,0.454492,spectrum_fno48_floor6_smooth1_qc_peak4_fieldloss_smooth0
run46_sparc_1415,sparc_1415,0.617451,0.759067,0.308708,0.590299,0.677776,0.307967,0.903437,0.903630,0.675423,0.887577,0.727510,0.459516,spectrum_fno48_floor6_smooth1_qc_peak4_fieldloss_smooth0
run46_sparc_1423,sparc_1423,1.070366,1.368820,0.281146,0.750101,0.825468,0.267562,0.937480,0.932065,0.790638,0.918134,0.811098,0.590412,spectrum_fno48_floor6_smooth1_qc_peak4_fieldloss_smooth0
run46_sparc_1425,sparc_1425,0.903059,1.179429,0.213979,0.733408,0.781239,0.211286,0.923247,0.924135,0.801438,0.864392,0.785733,0.561517,spectrum_fno48_floor6_smooth1_qc_peak4_fieldloss_smooth0
run46_sparc_1428,sparc_1428,1.057914,1.298006,0.447718,0.790270,0.899489,0.437952,0.928304,0.928054,0.815881,0.870120,0.657654,0.504553,spectrum_fno48_floor6_smooth1_qc_peak4_fieldloss_smooth0
run46_sparc_1440,sparc_1440,0.972193,1.318093,0.229148,0.781772,0.877215,0.216158,0.933379,0.937837,0.794477,0.842979,0.895890,0.484894,spectrum_fno48_floor6_smooth1_qc_peak4_fieldloss_smooth0
run46_sparc_1441,sparc_1441,0.968844,1.300757,0.226250,0.780403,0.874996,0.214718,0.934165,0.938514,0.797986,0.849768,0.896152,0.484293,spectrum_fno48_floor6_smooth1_qc_peak4_fieldloss_smooth0
run46_sparc_1501,sparc_1501,0.585695,0.628356,0.557971,0.584119,0.571456,0.510717,0.918007,0.928973,0.851599,0.778765,0.828659,0.606847,spectrum_fno48_floor6_smooth1_qc_peak4_fieldloss_smooth0
run46_sparc_1511,sparc_1511,0.585277,0.733802,0.320837,0.563201,0.684551,0.318077,0.887547,0.887491,0.652151,0.931176,0.651401,0.514543,spectrum_fno48_floor6_smooth1_qc_peak4_fieldloss_smooth0
run46_sparc_1516,sparc_1516,0.647147,0.763631,0.322554,0.576353,0.692993,0.309375,0.888314,0.888371,0.657249,0.950206,0.664111,0.600652,spectrum_fno48_floor6_smooth1_qc_peak4_fieldloss_smooth0
run46_sparc_1520,sparc_1520,0.632290,0.737363,0.290054,0.571534,0.661373,0.289367,0.879500,0.889672,0.652383,0.905881,0.753209,0.357152,spectrum_fno48_floor6_smooth1_qc_peak4_fieldloss_smooth0
run46_sparc_1524,sparc_1524,0.570301,1.045199,0.421155,0.559950,0.772692,0.417926,0.858950,0.872416,0.648416,0.927652,0.945104,0.594666,spectrum_fno48_floor6_smooth1_qc_peak4_fieldloss_smooth0
run47_sparc_1308,sparc_1308,0.597528,0.739967,0.607928,0.596968,0.734296,0.593463,0.867788,0.820052,0.654645,0.954703,0.969754,0.789639,spectrum_fno48_floor6_smooth1_qc_peak4_fieldloss
run47_sparc_1319,sparc_1319,0.516294,0.548706,0.365943,0.509360,0.543671,0.358679,0.924702,0.928219,0.769153,0.890865,0.861921,0.437144,spectrum_fno48_floor6_smooth1_qc_peak4_fieldloss_smooth0
run47_sparc_1355,sparc_1355,0.672616,0.703107,0.555999,0.635459,0.649776,0.555973,0.917569,0.918487,0.759081,0.947218,0.914483,0.617317,spectrum_fno48_floor6_smooth1_qc_peak4_fieldloss_smooth0
run47_sparc_1360,sparc_1360,0.569457,0.657232,0.374228,0.553294,0.604776,0.356662,0.925237,0.920623,0.762070,0.841128,0.861054,0.488827,spectrum_fno48_floor6_smooth1_qc_peak4_fieldloss_smooth0
run47_sparc_1364,sparc_1364,0.630576,0.772556,0.422104,0.597279,0.713465,0.418277,0.913964,0.910247,0.761923,0.858228,0.911408,0.533069,spectrum_fno48_floor6_smooth1_qc_peak4_fieldloss_smooth0
run47_sparc_1413,sparc_1413,0.548641,0.654656,0.308694,0.530387,0.614255,0.300713,0.933674,0.932820,0.769450,0.922967,0.831887,0.517855,spectrum_fno48_floor6_smooth1_qc_peak4_fieldloss_smooth0
run47_sparc_1418,sparc_1418,0.496355,0.541431,0.283304,0.493512,0.527390,0.269777,0.924750,0.924215,0.769904,0.924806,0.692737,0.409435,spectrum_fno48_floor6_smooth1_qc_peak4_fieldloss_smooth0
run47_sparc_1424,sparc_1424,0.619850,0.660607,0.498567,0.619204,0.654580,0.496667,0.902437,0.903273,0.757294,0.814082,0.756083,0.473107,spectrum_fno48_floor6_smooth1_qc_peak4_fieldloss_smooth0
run47_sparc_1425,sparc_1425,0.674437,0.723169,0.504501,0.623322,0.649155,0.489675,0.891339,0.897420,0.731750,0.958583,0.872918,0.606675,spectrum_fno48_floor6_smooth1_qc_peak4_fieldloss_smooth0
run47_sparc_1429,sparc_1429,0.701275,0.748608,0.779112,0.680596,0.717790,0.744003,0.907846,0.907283,0.805127,0.969179,0.974459,0.850279,spectrum_fno48_floor6_smooth1_qc_peak4_fieldloss
run47_sparc_1505,sparc_1505,0.580392,0.621242,0.476381,0.575745,0.596595,0.469948,0.921793,0.920985,0.785722,0.961103,0.897663,0.562520,spectrum_fno48_floor6_smooth1_qc_peak4_fieldloss_smooth0
run47_sparc_1509,sparc_1509,0.657892,0.816928,0.446668,0.648711,0.773597,0.415638,0.910048,0.911349,0.750313,0.955090,0.954600,0.658393,spectrum_fno48_floor6_smooth1_qc_peak4_fieldloss_smooth0
run47_sparc_1516,sparc_1516,0.531252,0.572655,0.369559,0.528977,0.556856,0.367231,0.920059,0.924946,0.749577,0.885616,0.817710,0.408851,spectrum_fno48_floor6_smooth1_qc_peak4_fieldloss_smooth0
run47_sparc_1517,sparc_1517,0.534242,0.560486,0.351621,0.523656,0.539805,0.350115,0.924485,0.930127,0.763470,0.944658,0.830097,0.312490,spectrum_fno48_floor6_smooth1_qc_peak4_fieldloss_smooth0
run47_sparc_1522,sparc_1522,0.737654,0.849783,0.795232,0.668953,0.777075,0.722742,0.894296,0.900682,0.750139,0.871956,0.845821,0.497616,spectrum_fno48_floor6_smooth1_qc_peak4_fieldloss
run47_sparc_1524,sparc_1524,1.083164,1.075574,1.088702,0.871154,0.884230,0.894614,0.859459,0.849095,0.650669,0.918020,0.878262,0.555865,spectrum_fno48_floor6_smooth1_qc_peak4
run47_sparc_1529,sparc_1529,0.785971,0.781387,0.684774,0.772642,0.756335,0.680127,0.520679,0.533441,0.635676,0.959831,0.919860,0.780005,spectrum_fno48_floor6_smooth1_qc_peak4_fieldloss_smooth0
run48_sparc_1301,sparc_1301,0.779743,0.919786,0.831515,0.723735,0.800140,0.761103,0.895800,0.905283,0.811831,0.977474,0.981812,0.939157,spectrum_fno48_floor6_smooth1_qc_peak4_fieldloss
run48_sparc_1306,sparc_1306,0.644878,0.941667,0.605819,0.636649,0.800452,0.602768,0.887297,0.866582,0.695761,0.934344,0.955388,0.654696,spectrum_fno48_floor6_smooth1_qc_peak4_fieldloss_smooth0
run48_sparc_1309,sparc_1309,0.594472,0.648286,0.430478,0.590325,0.642109,0.425224,0.918956,0.918733,0.750375,0.915981,0.908406,0.515819,spectrum_fno48_floor6_smooth1_qc_peak4_fieldloss_smooth0
run48_sparc_1315,sparc_1315,0.557697,0.636737,0.534222,0.542398,0.609104,0.525040,0.931094,0.929065,0.761564,0.939330,0.868670,0.560452,spectrum_fno48_floor6_smooth1_qc_peak4_fieldloss_smooth0
run48_sparc_1317,sparc_1317,0.518313,0.533915,0.319418,0.508751,0.529255,0.317860,0.933433,0.927729,0.765414,0.911394,0.797099,0.395659,spectrum_fno48_floor6_smooth1_qc_peak4_fieldloss_smooth0
run48_sparc_1360,sparc_1360,0.563799,0.599904,0.380904,0.542823,0.576442,0.372036,0.918518,0.912939,0.743714,0.897455,0.711204,0.356302,spectrum_fno48_floor6_smooth1_qc_peak4_fieldloss_smooth0
run48_sparc_1401,sparc_1401,0.876075,0.917910,0.794572,0.867563,0.891476,0.789388,0.835037,0.853646,0.783246,0.976519,0.978411,0.843360,spectrum_fno48_floor6_smooth1_qc_peak4_fieldloss_smooth0
run48_sparc_1409,sparc_1409,0.654609,0.724247,0.489394,0.649028,0.714482,0.489261,0.922882,0.925467,0.750387,0.848776,0.803319,0.360052,spectrum_fno48_floor6_smooth1_qc_peak4_fieldloss_smooth0
run48_sparc_1413,sparc_1413,0.576179,0.590117,0.309085,0.557199,0.556834,0.308932,0.927522,0.928972,0.765687,0.921879,0.886368,0.529902,spectrum_fno48_floor6_smooth1_qc_peak4_fieldloss_smooth0
run48_sparc_1420,sparc_1420,0.505737,0.577889,0.445363,0.503683,0.555553,0.445290,0.906572,0.914137,0.737410,0.894487,0.910069,0.526739,spectrum_fno48_floor6_smooth1_qc_peak4_fieldloss_smooth0
run48_sparc_1423,sparc_1423,0.580822,0.679565,0.433990,0.578932,0.654852,0.421784,0.912398,0.911606,0.757825,0.947376,0.915872,0.644588,spectrum_fno48_floor6_smooth1_qc_peak4_fieldloss_smooth0
run48_sparc_1427,sparc_1427,0.623985,0.683923,0.521835,0.609699,0.640322,0.519543,0.920961,0.906283,0.805756,0.945594,0.915292,0.728564,spectrum_fno48_floor6_smooth1_qc_peak4_fieldloss_smooth0
run48_sparc_1500,sparc_1500,0.393007,0.399993,0.359507,0.392990,0.398324,0.323968,0.991359,0.992267,0.985459,0.878375,0.711864,0.932975,spectrum_fno48_floor6_smooth1_qc_peak4_fieldloss_smooth0
run48_sparc_1501,sparc_1501,0.818830,0.815399,0.784036,0.786754,0.811565,0.757315,0.869157,0.904304,0.801462,0.969108,0.973808,0.891521,spectrum_fno48_floor6_smooth1_qc_peak4_fieldloss_smooth0
run48_sparc_1503,sparc_1503,0.597339,0.621072,0.471942,0.590176,0.616825,0.466467,0.932789,0.933851,0.814449,0.934420,0.861476,0.473041,spectrum_fno48_floor6_smooth1_qc_peak4_fieldloss_smooth0
run48_sparc_1508,sparc_1508,0.538648,0.616087,0.403651,0.537373,0.614793,0.402965,0.919851,0.922500,0.765473,0.892037,0.829434,0.500250,spectrum_fno48_floor6_smooth1_qc_peak4_fieldloss_smooth0
run48_sparc_1516,sparc_1516,0.532556,0.553595,0.368190,0.519828,0.531150,0.367981,0.936087,0.935109,0.782319,0.840550,0.718718,0.363359,spectrum_fno48_floor6_smooth1_qc_peak4_fieldloss_smooth0
run48_sparc_1520,sparc_1520,0.562149,0.614699,0.452289,0.538482,0.596291,0.449894,0.904729,0.912797,0.727689,0.855098,0.926208,0.454009,spectrum_fno48_floor6_smooth1_qc_peak4_fieldloss_smooth0
run48_sparc_1528,sparc_1528,0.675751,0.699595,0.555528,0.672018,0.677632,0.544807,0.921858,0.927179,0.805357,0.904405,0.826054,0.601132,spectrum_fno48_floor6_smooth1_qc_peak4_fieldloss_smooth0
run49_sparc_1302,sparc_1302,1.075047,0.999760,1.045404,0.933706,0.922447,0.952424,0.883519,0.877804,0.788036,0.983562,0.985180,0.928049,spectrum_fno48_floor6_smooth1_qc_peak4
run49_sparc_1303,sparc_1303,0.731695,0.813111,0.579731,0.726919,0.794781,0.579635,0.934747,0.939868,0.863253,0.979071,0.977870,0.804679,spectrum_fno48_floor6_smooth1_qc_peak4_fieldloss_smooth0
run49_sparc_1304,sparc_1304,0.821295,0.794728,0.845961,0.804177,0.782976,0.773278,0.931841,0.935654,0.828867,0.964605,0.962847,0.777154,spectrum_fno48_floor6_smooth1_qc_peak4
run49_sparc_1309,sparc_1309,0.959529,1.343225,0.837117,0.853604,0.939012,0.807311,0.798789,0.709609,0.532602,0.931787,0.929658,0.678170,spectrum_fno48_floor6_smooth1_qc_peak4_fieldloss_smooth0
run49_sparc_1311,sparc_1311,0.923676,0.974128,0.818870,0.831919,0.858260,0.815677,0.892328,0.885815,0.727816,0.971679,0.951037,0.325379,spectrum_fno48_floor6_smooth1_qc_peak4_fieldloss_smooth0
run49_sparc_1349,sparc_1349,1.071128,1.030024,0.942273,0.895482,0.892458,0.881570,0.880458,0.888397,0.709832,0.978391,0.949412,0.777309,spectrum_fno48_floor6_smooth1_qc_peak4_fieldloss_smooth0
run49_sparc_1352,sparc_1352,0.798258,0.755058,0.637266,0.728834,0.724305,0.635578,0.844730,0.850771,0.673872,0.925838,0.899202,0.676379,spectrum_fno48_floor6_smooth1_qc_peak4_fieldloss_smooth0
run49_sparc_1356,sparc_1356,1.047839,1.033495,0.958086,0.886742,0.877608,0.886633,0.833007,0.864942,0.683395,0.947366,0.944132,0.655848,spectrum_fno48_floor6_smooth1_qc_peak4_fieldloss_smooth0
run49_sparc_1359,sparc_1359,1.501139,1.362113,1.195072,0.974094,0.972941,0.970036,0.881944,0.905101,0.729814,0.930125,0.958884,0.771293,spectrum_fno48_floor6_smooth1_qc_peak4_fieldloss_smooth0
run49_sparc_1363,sparc_1363,1.078829,1.068750,1.037122,0.910146,0.895926,0.869168,0.842392,0.878573,0.720319,0.951692,0.910751,0.568188,spectrum_fno48_floor6_smooth1_qc_peak4_fieldloss_smooth0
run49_sparc_1365,sparc_1365,1.239271,1.096938,1.005358,0.949359,0.954731,0.940500,0.881393,0.885291,0.698697,0.982198,0.955817,0.549771,spectrum_fno48_floor6_smooth1_qc_peak4_fieldloss_smooth0
run49_sparc_1403,sparc_1403,0.701930,0.813949,0.521069,0.701620,0.794397,0.520115,0.933150,0.943403,0.873786,0.971181,0.971882,0.755322,spectrum_fno48_floor6_smooth1_qc_peak4_fieldloss_smooth0
run49_sparc_1404,sparc_1404,0.785446,0.785900,0.756272,0.773813,0.773195,0.733151,0.926259,0.928761,0.828561,0.961334,0.963719,0.731441,spectrum_fno48_floor6_smooth1_qc_peak4_fieldloss_smooth0
run49_sparc_1412,sparc_1412,1.186970,1.129351,0.941454,0.880344,0.877292,0.854897,0.894491,0.905164,0.747381,0.940943,0.910078,0.703216,spectrum_fno48_floor6_smooth1_qc_peak4_fieldloss_smooth0
run49_sparc_1416,sparc_1416,1.473156,1.231902,1.120379,0.913235,0.902597,0.877698,0.854385,0.880272,0.734581,0.960032,0.870423,0.502446,spectrum_fno48_floor6_smooth1_qc_peak4_fieldloss_smooth0
run49_sparc_1418,sparc_1418,1.219065,1.269490,1.199334,0.937249,0.930115,0.920834,0.815581,0.853838,0.707221,0.968314,0.950447,0.651211,spectrum_fno48_floor6_smooth1_qc_peak4_fieldloss_smooth0
run49_sparc_1424,sparc_1424,0.859577,0.906976,0.770208,0.809859,0.825204,0.732395,0.910879,0.918904,0.817287,0.930841,0.963073,0.705898,spectrum_fno48_floor6_smooth1_qc_peak4_fieldloss_smooth0
run49_sparc_1425,sparc_1425,0.934224,1.085516,0.709454,0.834394,0.820720,0.700518,0.857828,0.873314,0.799634,0.968740,0.970943,0.732275,spectrum_fno48_floor6_smooth1_qc_peak4_fieldloss_smooth0
run49_sparc_1428,sparc_1428,0.748761,0.801939,0.882953,0.748680,0.755284,0.876953,0.902840,0.921731,0.813044,0.957381,0.957300,0.862977,spectrum_fno48_floor6_smooth1_qc_peak4_fieldloss
run49_sparc_1429,sparc_1429,0.989766,1.074773,0.949906,0.903122,0.893325,0.918595,0.864054,0.872209,0.761390,0.981950,0.981373,0.893219,spectrum_fno48_floor6_smooth1_qc_peak4_fieldloss_smooth0
run49_sparc_1505,sparc_1505,0.741306,0.818979,0.591708,0.741239,0.805038,0.583050,0.936381,0.920909,0.839500,0.964596,0.971126,0.627471,spectrum_fno48_floor6_smooth1_qc_peak4_fieldloss_smooth0
run49_sparc_1510,sparc_1510,1.411538,1.494737,0.989631,0.894936,0.901501,0.860237,0.881181,0.867157,0.732773,0.939928,0.905902,0.676973,spectrum_fno48_floor6_smooth1_qc_peak4_fieldloss_smooth0
run49_sparc_1512,sparc_1512,2.019535,1.876718,1.046645,0.884519,0.871029,0.766745,0.871630,0.887918,0.757369,0.968663,0.952252,0.629660,spectrum_fno48_floor6_smooth1_qc_peak4_fieldloss_smooth0
run49_sparc_1515,sparc_1515,1.406504,1.417485,1.116175,0.942430,0.936787,0.924263,0.869996,0.896784,0.745041,0.948704,0.882683,0.566914,spectrum_fno48_floor6_smooth1_qc_peak4_fieldloss_smooth0
run49_sparc_1516,sparc_1516,1.521616,1.272121,1.411817,0.914992,0.908909,0.902574,0.854151,0.889845,0.732402,0.959162,0.975370,0.618215,spectrum_fno48_floor6_smooth1_qc_peak4
run49_sparc_1517,sparc_1517,1.203402,1.164321,1.095555,0.946254,0.936400,0.917337,0.818927,0.868109,0.729106,0.987805,0.965747,0.769158,spectrum_fno48_floor6_smooth1_qc_peak4_fieldloss_smooth0
run49_sparc_1519,sparc_1519,1.431884,1.437868,1.558123,0.977618,0.976076,0.973647,0.866409,0.890812,0.755558,0.962733,0.954496,0.676837,spectrum_fno48_floor6_smooth1_qc_peak4_fieldloss
run4_sparc_1301,sparc_1301,0.605101,0.662551,0.760593,0.592938,0.631234,0.699853,0.837581,0.887256,0.740145,0.938635,0.933291,0.855447,spectrum_fno48_floor6_smooth1_qc_peak4_fieldloss
run4_sparc_1305,sparc_1305,0.594545,0.667375,0.532066,0.586713,0.659201,0.522495,0.906344,0.889091,0.745947,0.913988,0.911024,0.715311,spectrum_fno48_floor6_smooth1_qc_peak4_fieldloss_smooth0
run4_sparc_1309,sparc_1309,0.535504,0.665813,0.344631,0.532784,0.622505,0.340190,0.915228,0.913278,0.707903,0.890076,0.890518,0.637067,spectrum_fno48_floor6_smooth1_qc_peak4_fieldloss_smooth0
run4_sparc_1314,sparc_1314,0.469851,0.491720,0.276326,0.469764,0.490973,0.275972,0.927442,0.926519,0.748594,0.846697,0.712131,0.457532,spectrum_fno48_floor6_smooth1_qc_peak4_fieldloss_smooth0
run4_sparc_1315,sparc_1315,0.472369,0.490857,0.296268,0.469186,0.489763,0.291987,0.926349,0.919985,0.734873,0.841264,0.688042,0.512197,spectrum_fno48_floor6_smooth1_qc_peak4_fieldloss_smooth0
run4_sparc_1356,sparc_1356,0.443602,0.605515,0.293992,0.443456,0.573341,0.269716,0.903122,0.909895,0.711632,0.838647,0.881971,0.569893,spectrum_fno48_floor6_smooth1_qc_peak4_fieldloss_smooth0
run4_sparc_1357,sparc_1357,0.519239,0.638363,0.314953,0.500736,0.581780,0.314172,0.909924,0.908902,0.706603,0.911741,0.776889,0.633345,spectrum_fno48_floor6_smooth1_qc_peak4_fieldloss_smooth0
run4_sparc_1358,sparc_1358,0.423669,0.502548,0.260162,0.423666,0.495686,0.258882,0.887199,0.894657,0.683786,0.892339,0.896608,0.707828,spectrum_fno48_floor6_smooth1_qc_peak4_fieldloss_smooth0
run4_sparc_1361,sparc_1361,0.414012,0.516336,0.249694,0.412266,0.498780,0.246080,0.898832,0.902369,0.693707,0.895318,0.884455,0.643732,spectrum_fno48_floor6_smooth1_qc_peak4_fieldloss_smooth0
run4_sparc_1415,sparc_1415,0.583833,0.556097,0.315706,0.513100,0.510781,0.311355,0.930657,0.933472,0.754466,0.906325,0.587022,0.419220,spectrum_fno48_floor6_smooth1_qc_peak4_fieldloss_smooth0
run4_sparc_1422,sparc_1422,0.514926,0.642355,0.299180,0.505699,0.592447,0.295783,0.905513,0.907459,0.722913,0.862914,0.841100,0.355018,spectrum_fno48_floor6_smooth1_qc_peak4_fieldloss_smooth0
run4_sparc_1427,sparc_1427,0.653135,0.757899,0.498390,0.652738,0.736340,0.496587,0.893083,0.905324,0.761195,0.951095,0.801696,0.612843,spectrum_fno48_floor6_smooth1_qc_peak4_fieldloss_smooth0
run4_sparc_1441,sparc_1441,0.532192,0.714277,0.427973,0.531711,0.642394,0.423531,0.923354,0.925549,0.808993,0.970239,0.939850,0.784964,spectrum_fno48_floor6_smooth1_qc_peak4_fieldloss_smooth0
run4_sparc_1500,sparc_1500,0.456050,0.465910,0.453204,0.447968,0.438453,0.398591,0.979357,0.987301,0.973466,0.962990,0.693031,0.948087,spectrum_fno48_floor6_smooth1_qc_peak4_fieldloss_smooth0
run4_sparc_1507,sparc_1507,1.192685,1.525240,1.157156,0.863433,0.914024,0.871398,0.903454,0.911951,0.768742,0.896693,0.734147,0.624509,spectrum_fno48_floor6_smooth1_qc_peak4_fieldloss_smooth0
run4_sparc_1511,sparc_1511,0.519626,0.586783,0.303117,0.507428,0.556916,0.302782,0.936538,0.932661,0.769470,0.935213,0.696045,0.689435,spectrum_fno48_floor6_smooth1_qc_peak4_fieldloss_smooth0
run4_sparc_1512,sparc_1512,0.527723,0.602006,0.308433,0.511775,0.571385,0.308424,0.934241,0.934176,0.773129,0.941805,0.692948,0.716556,spectrum_fno48_floor6_smooth1_qc_peak4_fieldloss_smooth0
run4_sparc_1518,sparc_1518,0.503774,0.565962,0.296529,0.480656,0.532767,0.293033,0.917876,0.921611,0.725630,0.877684,0.744964,0.453717,spectrum_fno48_floor6_smooth1_qc_peak4_fieldloss_smooth0
run4_sparc_1519,sparc_1519,0.519566,0.607094,0.300038,0.497875,0.590256,0.297596,0.891983,0.898760,0.687064,0.880921,0.923291,0.644693,spectrum_fno48_floor6_smooth1_qc_peak4_fieldloss_smooth0
run4_sparc_1529,sparc_1529,0.733774,0.957204,0.633898,0.594530,0.671332,0.509866,0.871195,0.878556,0.787062,0.854561,0.907254,0.746819,spectrum_fno48_floor6_smooth1_qc_peak4_fieldloss_smooth0
run4_sparc_1593,sparc_1593,0.439739,0.922667,0.358452,0.437544,0.666355,0.358440,0.904526,0.920183,0.813358,0.909771,0.905214,0.797594,spectrum_fno48_floor6_smooth1_qc_peak4_fieldloss_smooth0
run50_sparc_1300,sparc_1300,0.490151,0.664427,0.517572,0.487959,0.628253,0.466445,0.961767,0.972698,0.964659,0.975126,0.950923,0.907297,spectrum_fno48_floor6_smooth1_qc_peak4_fieldloss
run50_sparc_1301,sparc_1301,0.592832,0.730041,0.466095,0.552987,0.620489,0.427217,0.934866,0.941648,0.869896,0.928911,0.930843,0.777895,spectrum_fno48_floor6_smooth1_qc_peak4_fieldloss_smooth0
run50_sparc_1305,sparc_1305,0.975739,1.031450,0.599089,0.788167,0.842463,0.502116,0.908291,0.912011,0.780422,0.938409,0.894408,0.615031,spectrum_fno48_floor6_smooth1_qc_peak4_fieldloss_smooth0
run50_sparc_1306,sparc_1306,1.222373,1.201220,0.967261,0.865032,0.917869,0.726700,0.882307,0.853887,0.744552,0.950260,0.927618,0.695349,spectrum_fno48_floor6_smooth1_qc_peak4_fieldloss_smooth0
run50_sparc_1307,sparc_1307,1.087137,1.249903,0.962346,0.815285,0.849469,0.659023,0.901928,0.894785,0.728059,0.922781,0.884049,0.671949,spectrum_fno48_floor6_smooth1_qc_peak4_fieldloss_smooth0
run50_sparc_1316,sparc_1316,0.569568,0.726951,0.369859,0.533965,0.635059,0.366795,0.881955,0.881642,0.641477,0.909821,0.786314,0.535452,spectrum_fno48_floor6_smooth1_qc_peak4_fieldloss_smooth0
run50_sparc_1350,sparc_1350,0.580907,0.731222,0.338849,0.544359,0.637157,0.337975,0.916001,0.907243,0.719865,0.900977,0.735612,0.450934,spectrum_fno48_floor6_smooth1_qc_peak4_fieldloss_smooth0
run50_sparc_1356,sparc_1356,0.578739,0.777374,0.372932,0.551765,0.665297,0.372645,0.890945,0.885400,0.665701,0.892019,0.845026,0.492939,spectrum_fno48_floor6_smooth1_qc_peak4_fieldloss_smooth0
run50_sparc_1357,sparc_1357,0.555048,0.711644,0.350815,0.550659,0.656066,0.345744,0.882571,0.879052,0.641993,0.868924,0.801701,0.446174,spectrum_fno48_floor6_smooth1_qc_peak4_fieldloss_smooth0
run50_sparc_1358,sparc_1358,0.571907,0.789159,0.299526,0.542694,0.663343,0.290378,0.868560,0.873464,0.661258,0.890134,0.885402,0.554906,spectrum_fno48_floor6_smooth1_qc_peak4_fieldloss_smooth0
run50_sparc_1361,sparc_1361,0.569453,0.777923,0.297056,0.530881,0.661756,0.290349,0.874519,0.881166,0.663462,0.900558,0.877095,0.581747,spectrum_fno48_floor6_smooth1_qc_peak4_fieldloss_smooth0
run50_sparc_1413,sparc_1413,0.579893,0.799246,0.335646,0.536470,0.654470,0.334444,0.911568,0.908478,0.716808,0.906317,0.807515,0.474147,spectrum_fno48_floor6_smooth1_qc_peak4_fieldloss_smooth0
run50_sparc_1415,sparc_1415,0.556685,0.764110,0.347486,0.538380,0.674170,0.336209,0.908663,0.906701,0.706573,0.920493,0.864257,0.510408,spectrum_fno48_floor6_smooth1_qc_peak4_fieldloss_smooth0
run50_sparc_1418,sparc_1418,0.553518,0.786427,0.314076,0.539578,0.697222,0.301752,0.894256,0.890129,0.653357,0.911482,0.893141,0.524178,spectrum_fno48_floor6_smooth1_qc_peak4_fieldloss_smooth0
run50_sparc_1424,sparc_1424,1.271872,1.023041,0.822739,0.800528,0.788792,0.625156,0.910301,0.913083,0.752052,0.918347,0.812084,0.519652,spectrum_fno48_floor6_smooth1_qc_peak4_fieldloss_smooth0
run50_sparc_1428,sparc_1428,1.319481,2.087118,0.835886,0.897432,0.971037,0.703864,0.897831,0.880014,0.751705,0.886712,0.896143,0.752137,spectrum_fno48_floor6_smooth1_qc_peak4_fieldloss_smooth0
run50_sparc_1441,sparc_1441,1.121675,1.374153,0.675794,0.821091,0.873805,0.584240,0.941241,0.939861,0.817878,0.842376,0.727398,0.577321,spectrum_fno48_floor6_smooth1_qc_peak4_fieldloss_smooth0
run50_sparc_1500,sparc_1500,1.228607,0.704777,1.097522,0.881984,0.701616,0.850247,0.965342,0.973737,0.954908,0.976828,0.974685,0.955077,spectrum_fno48_floor6_smooth1_qc_peak4
run50_sparc_1504,sparc_1504,0.754776,0.876780,0.546612,0.742523,0.824080,0.531433,0.834929,0.835820,0.731060,0.980072,0.974990,0.755061,spectrum_fno48_floor6_smooth1_qc_peak4_fieldloss_smooth0
run50_sparc_1506,sparc_1506,1.176029,1.372762,0.574393,0.825309,0.888629,0.547701,0.937071,0.937566,0.797368,0.913015,0.844365,0.513750,spectrum_fno48_floor6_smooth1_qc_peak4_fieldloss_smooth0
run50_sparc_1508,sparc_1508,0.981176,1.329600,0.653245,0.765374,0.839040,0.537171,0.903648,0.909702,0.719071,0.860495,0.783508,0.512950,spectrum_fno48_floor6_smooth1_qc_peak4_fieldloss_smooth0
run50_sparc_1512,sparc_1512,0.540981,0.749802,0.336179,0.523447,0.662623,0.320106,0.915508,0.910090,0.710798,0.919020,0.894460,0.749656,spectrum_fno48_floor6_smooth1_qc_peak4_fieldloss_smooth0
run50_sparc_1517,sparc_1517,0.533688,0.800850,0.308102,0.530173,0.692298,0.280171,0.891691,0.886280,0.669926,0.914708,0.886480,0.440632,spectrum_fno48_floor6_smooth1_qc_peak4_fieldloss_smooth0
run50_sparc_1521,sparc_1521,0.981022,1.216381,0.445134,0.742193,0.867641,0.422215,0.469902,0.802880,0.502625,0.989142,0.982889,0.872959,spectrum_fno48_floor6_smooth1_qc_peak4_fieldloss_smooth0
run50_sparc_1523,sparc_1523,0.766264,1.122214,0.630055,0.693255,0.806511,0.629318,0.710759,0.854462,0.563714,0.952526,0.970495,0.727186,spectrum_fno48_floor6_smooth1_qc_peak4_fieldloss_smooth0
run50_sparc_1524,sparc_1524,0.860478,1.108419,1.101662,0.707696,0.839641,0.752200,0.793626,0.863647,0.427281,0.973875,0.972543,0.855335,spectrum_fno48_floor6_smooth1_qc_peak4_fieldloss
run50_sparc_1527,sparc_1527,0.977028,1.098680,0.697350,0.799664,0.834068,0.618068,0.890877,0.911578,0.786954,0.883249,0.669595,0.740928,spectrum_fno48_floor6_smooth1_qc_peak4_fieldloss_smooth0
run50_sparc_1528,sparc_1528,1.043458,1.265836,0.655765,0.806362,0.865333,0.602489,0.814244,0.787088,0.730778,0.946510,0.787179,0.659432,spectrum_fno48_floor6_smooth1_qc_peak4_fieldloss_smooth0
run51_sparc_1300,sparc_1300,0.510887,0.745174,0.603502,0.510886,0.733975,0.548401,0.987867,0.991956,0.978153,0.958939,0.599934,0.900032,spectrum_fno48_floor6_smooth1_qc_peak4_fieldloss
run51_sparc_1361,sparc_1361,1.627811,1.638517,1.624060,0.982958,0.983260,0.983530,0.896985,0.909415,0.727021,0.956366,0.927876,0.749796,spectrum_fno48_floor6_smooth1_qc_peak4_fieldloss_smooth0
run51_sparc_1412,sparc_1412,1.352546,1.513148,1.346448,0.960445,0.961331,0.955867,0.878475,0.888514,0.719874,0.960259,0.912589,0.651105,spectrum_fno48_floor6_smooth1_qc_peak4_fieldloss_smooth0
run51_sparc_1416,sparc_1416,1.589558,1.631205,1.518211,0.948963,0.948946,0.950224,0.909933,0.908027,0.766959,0.980560,0.980144,0.819396,spectrum_fno48_floor6_smooth1_qc_peak4_fieldloss_smooth0
run51_sparc_1417,sparc_1417,1.905523,1.926295,1.945325,0.971541,0.971581,0.971454,0.903480,0.903697,0.758547,0.974477,0.972376,0.778264,spectrum_fno48_floor6_smooth1_qc_peak4_fieldloss
run51_sparc_1419,sparc_1419,1.311185,1.394564,1.467339,0.971623,0.971720,0.971520,0.901034,0.906496,0.740566,0.980679,0.970447,0.782169,spectrum_fno48_floor6_smooth1_qc_peak4_fieldloss
run51_sparc_1423,sparc_1423,0.869020,0.888674,0.797161,0.849417,0.871358,0.791927,0.690934,0.763459,0.726197,0.943076,0.968638,0.749712,spectrum_fno48_floor6_smooth1_qc_peak4_fieldloss_smooth0
run51_sparc_1425,sparc_1425,0.934572,0.925638,0.802544,0.795802,0.754845,0.754224,0.838655,0.905459,0.793571,0.962780,0.940918,0.785319,spectrum_fno48_floor6_smooth1_qc_peak4_fieldloss_smooth0
run51_sparc_1441,sparc_1441,0.653559,0.845973,0.468120,0.652968,0.816237,0.464948,0.937603,0.928663,0.826395,0.823889,0.963302,0.716331,spectrum_fno48_floor6_smooth1_qc_peak4_fieldloss_smooth0
run51_sparc_1501,sparc_1501,1.128889,1.105332,1.157239,0.976751,0.976790,0.978007,0.939425,0.965428,0.912153,0.985180,0.948338,0.912007,spectrum_fno48_floor6_smooth1_qc_peak4
run51_sparc_1503,sparc_1503,0.715552,0.885681,0.697878,0.704177,0.833871,0.647942,0.919063,0.914842,0.848607,0.966753,0.975092,0.807665,spectrum_fno48_floor6_smooth1_qc_peak4_fieldloss_smooth0
run51_sparc_1507,sparc_1507,0.790614,0.826090,0.712353,0.787237,0.815196,0.700855,0.908623,0.923563,0.815023,0.938224,0.973090,0.699617,spectrum_fno48_floor6_smooth1_qc_peak4_fieldloss_smooth0
run51_sparc_1509,sparc_1509,1.294016,1.160804,1.176210,0.971909,0.974932,0.967370,0.865209,0.895292,0.744235,0.971703,0.929701,0.706669,spectrum_fno48_floor6_smooth1_qc_peak4
run51_sparc_1515,sparc_1515,1.770335,1.648674,1.418965,0.948883,0.949317,0.948799,0.879672,0.883670,0.712409,0.958805,0.940484,0.654862,spectrum_fno48_floor6_smooth1_qc_peak4_fieldloss_smooth0
run51_sparc_1518,sparc_1518,1.416142,1.437655,1.473027,0.970397,0.970912,0.970109,0.897282,0.892809,0.747256,0.956926,0.944488,0.687222,spectrum_fno48_floor6_smooth1_qc_peak4_fieldloss
run51_sparc_1519,sparc_1519,1.471509,1.519874,1.498646,0.981903,0.981840,0.981615,0.898323,0.899927,0.764388,0.959908,0.944935,0.695996,spectrum_fno48_floor6_smooth1_qc_peak4_fieldloss
run51_sparc_1523,sparc_1523,1.100382,1.296170,1.117184,0.977489,0.976307,0.979942,0.859796,0.864334,0.724018,0.906003,0.892104,0.690722,spectrum_fno48_floor6_smooth1_qc_peak4_fieldloss
run51_sparc_1527,sparc_1527,0.890616,0.857583,0.871152,0.857824,0.833908,0.867961,0.867127,0.887648,0.836028,0.981802,0.971521,0.851429,spectrum_fno48_floor6_smooth1_qc_peak4
run51_sparc_1528,sparc_1528,0.963448,0.907812,0.947715,0.927993,0.895267,0.942138,0.827541,0.879013,0.806280,0.979559,0.975558,0.862600,spectrum_fno48_floor6_smooth1_qc_peak4
run51_sparc_1593,sparc_1593,0.748339,0.858824,0.682668,0.739791,0.833307,0.675590,0.886843,0.885120,0.814122,0.964615,0.970610,0.828980,spectrum_fno48_floor6_smooth1_qc_peak4_fieldloss_smooth0
run52_sparc_1303,sparc_1303,0.891227,0.972173,0.906686,0.766726,0.823827,0.885884,0.909575,0.933359,0.819032,0.978495,0.969360,0.690593,spectrum_fno48_floor6_smooth1_qc_peak4_fieldloss
run52_sparc_1307,sparc_1307,0.893382,1.128704,0.597618,0.719528,0.784598,0.551705,0.917156,0.911660,0.755259,0.962724,0.936589,0.649894,spectrum_fno48_floor6_smooth1_qc_peak4_fieldloss_smooth0
run52_sparc_1310,sparc_1310,0.576447,0.755387,0.293293,0.552614,0.673702,0.292025,0.887956,0.870492,0.673559,0.941046,0.902473,0.582724,spectrum_fno48_floor6_smooth1_qc_peak4_fieldloss_smooth0
run52_sparc_1316,sparc_1316,0.565778,0.637706,0.290040,0.545336,0.597152,0.283931,0.878531,0.893268,0.646978,0.964655,0.804079,0.610713,spectrum_fno48_floor6_smooth1_qc_peak4_fieldloss_smooth0
run52_sparc_1317,sparc_1317,0.559475,0.638866,0.270602,0.538181,0.596762,0.264588,0.912819,0.907951,0.719648,0.958349,0.712825,0.534284,spectrum_fno48_floor6_smooth1_qc_peak4_fieldloss_smooth0
run52_sparc_1350,sparc_1350,0.585496,0.584732,0.258272,0.549203,0.554203,0.257364,0.917783,0.915990,0.723074,0.916922,0.677940,0.524875,spectrum_fno48_floor6_smooth1_qc_peak4_fieldloss_smooth0
run52_sparc_1354,sparc_1354,0.469743,0.576225,0.269259,0.469736,0.562335,0.268157,0.890888,0.892166,0.675961,0.933606,0.942504,0.630545,spectrum_fno48_floor6_smooth1_qc_peak4_fieldloss_smooth0
run52_sparc_1357,sparc_1357,0.526641,0.661831,0.272096,0.525751,0.627741,0.263987,0.897963,0.893661,0.679387,0.913949,0.698277,0.408500,spectrum_fno48_floor6_smooth1_qc_peak4_fieldloss_smooth0
run52_sparc_1361,sparc_1361,0.450644,0.571694,0.241683,0.448354,0.569533,0.233235,0.908609,0.908047,0.708750,0.938149,0.940470,0.744215,spectrum_fno48_floor6_smooth1_qc_peak4_fieldloss_smooth0
run52_sparc_1362,sparc_1362,0.445699,0.558416,0.236895,0.445488,0.552943,0.226410,0.894647,0.897799,0.686294,0.961686,0.945885,0.790622,spectrum_fno48_floor6_smooth1_qc_peak4_fieldloss_smooth0
run52_sparc_1363,sparc_1363,0.504034,0.639203,0.254139,0.497391,0.623124,0.252461,0.898478,0.901604,0.680434,0.965581,0.899893,0.381475,spectrum_fno48_floor6_smooth1_qc_peak4_fieldloss_smooth0
run52_sparc_1400,sparc_1400,0.501591,0.497926,0.424805,0.492446,0.494699,0.424797,0.977104,0.990853,0.980839,0.927070,0.795982,0.853915,spectrum_fno48_floor6_smooth1_qc_peak4_fieldloss_smooth0
run52_sparc_1402,sparc_1402,0.783937,0.786160,0.390001,0.684565,0.684386,0.383311,0.919509,0.930806,0.825936,0.894194,0.743619,0.663013,spectrum_fno48_floor6_smooth1_qc_peak4_fieldloss_smooth0
run52_sparc_1411,sparc_1411,0.596080,0.673807,0.296045,0.563463,0.616385,0.295899,0.917400,0.916498,0.732966,0.883014,0.800893,0.549211,spectrum_fno48_floor6_smooth1_qc_peak4_fieldloss_smooth0
run52_sparc_1420,sparc_1420,0.525807,0.646743,0.336255,0.525129,0.629454,0.318529,0.886300,0.893342,0.663266,0.923136,0.919382,0.331081,spectrum_fno48_floor6_smooth1_qc_peak4_fieldloss_smooth0
run52_sparc_1429,sparc_1429,1.222837,1.328774,0.868654,0.813871,0.834141,0.667820,0.895416,0.905299,0.784038,0.900066,0.804378,0.756589,spectrum_fno48_floor6_smooth1_qc_peak4_fieldloss_smooth0
run52_sparc_1440,sparc_1440,0.711152,0.877364,0.290195,0.628115,0.720074,0.278845,0.931735,0.943139,0.826083,0.962815,0.924403,0.744079,spectrum_fno48_floor6_smooth1_qc_peak4_fieldloss_smooth0
run52_sparc_1441,sparc_1441,0.746019,0.888598,0.295111,0.638011,0.729003,0.282624,0.934819,0.945724,0.828333,0.959077,0.913858,0.716160,spectrum_fno48_floor6_smooth1_qc_peak4_fieldloss_smooth0
run52_sparc_1503,sparc_1503,0.729080,0.932811,0.502044,0.685669,0.760447,0.474150,0.928116,0.936939,0.825325,0.971225,0.799975,0.711681,spectrum_fno48_floor6_smooth1_qc_peak4_fieldloss_smooth0
run52_sparc_1513,sparc_1513,0.527550,0.579664,0.273028,0.526736,0.573817,0.250403,0.912716,0.914172,0.698213,0.909027,0.851717,0.571291,spectrum_fno48_floor6_smooth1_qc_peak4_fieldloss_smooth0
run52_sparc_1514,sparc_1514,0.558948,0.618070,0.296290,0.548976,0.601897,0.268742,0.902503,0.906006,0.686978,0.904391,0.825436,0.534085,spectrum_fno48_floor6_smooth1_qc_peak4_fieldloss_smooth0
run52_sparc_1520,sparc_1520,0.562325,0.729377,0.359907,0.540285,0.657436,0.349012,0.886917,0.893134,0.665532,0.958263,0.769494,0.611980,spectrum_fno48_floor6_smooth1_qc_peak4_fieldloss_smooth0
run52_sparc_1521,sparc_1521,0.543476,0.690954,0.342378,0.521882,0.644773,0.342338,0.898632,0.893919,0.682191,0.837003,0.872293,0.256341,spectrum_fno48_floor6_smooth1_qc_peak4_fieldloss_smooth0
run52_sparc_1526,sparc_1526,1.063800,1.227290,0.313253,0.788592,0.859500,0.300004,0.934238,0.922137,0.818743,0.892040,0.757392,0.495510,spectrum_fno48_floor6_smooth1_qc_peak4_fieldloss_smooth0
run52_sparc_1530,sparc_1530,0.525056,0.682434,0.602948,0.507110,0.611850,0.536040,0.947368,0.919971,0.855070,0.969942,0.976718,0.861300,spectrum_fno48_floor6_smooth1_qc_peak4_fieldloss
run53_sparc_1300,sparc_1300,0.297357,0.417563,0.245437,0.296181,0.371171,0.219525,0.994430,0.996703,0.991805,0.789241,0.389798,0.867133,spectrum_fno48_floor6_smooth1_qc_peak4_fieldloss_smooth0
run53_sparc_1306,sparc_1306,0.687985,0.744231,0.717209,0.661594,0.715795,0.694094,0.874822,0.880929,0.722700,0.941752,0.942115,0.518816,spectrum_fno48_floor6_smooth1_qc_peak4_fieldloss
run53_sparc_1307,sparc_1307,0.599318,0.755645,0.566889,0.591176,0.709932,0.560286,0.853945,0.850763,0.692175,0.894482,0.947970,0.515136,spectrum_fno48_floor6_smooth1_qc_peak4_fieldloss_smooth0
run53_sparc_1313,sparc_1313,0.608838,0.659080,0.357682,0.563430,0.649656,0.357607,0.925096,0.927205,0.762128,0.839960,0.686947,0.493087,spectrum_fno48_floor6_smooth1_qc_peak4_fieldloss_smooth0
run53_sparc_1356,sparc_1356,0.813625,0.729658,0.546284,0.763029,0.716443,0.535742,0.909000,0.917233,0.738922,0.850448,0.909975,0.475663,spectrum_fno48_floor6_smooth1_qc_peak4_fieldloss_smooth0
run53_sparc_1358,sparc_1358,0.694421,0.732333,1.042430,0.622217,0.647778,0.891481,0.915236,0.915298,0.734006,0.928519,0.812952,0.597555,spectrum_fno48_floor6_smooth1_qc_peak4_fieldloss
run53_sparc_1361,sparc_1361,0.733718,0.724311,0.549880,0.698116,0.690558,0.549861,0.911098,0.914204,0.753827,0.959542,0.871231,0.551487,spectrum_fno48_floor6_smooth1_qc_peak4_fieldloss_smooth0
run53_sparc_1362,sparc_1362,0.730527,0.724737,0.544596,0.675026,0.678693,0.543825,0.917707,0.921847,0.758410,0.917155,0.870095,0.609759,spectrum_fno48_floor6_smooth1_qc_peak4_fieldloss_smooth0
run53_sparc_1400,sparc_1400,0.520830,0.582371,0.488676,0.520823,0.548531,0.463262,0.994122,0.995621,0.989940,0.947433,0.739225,0.939689,spectrum_fno48_floor6_smooth1_qc_peak4_fieldloss_smooth0
run53_sparc_1407,sparc_1407,0.657898,0.684662,0.616562,0.653293,0.677299,0.603044,0.887799,0.893420,0.736248,0.965459,0.864676,0.720445,spectrum_fno48_floor6_smooth1_qc_peak4_fieldloss_smooth0
run53_sparc_1409,sparc_1409,0.643747,0.789727,0.467210,0.618795,0.786009,0.466873,0.916848,0.913741,0.765439,0.806169,0.831482,0.341549,spectrum_fno48_floor6_smooth1_qc_peak4_fieldloss_smooth0
run53_sparc_1411,sparc_1411,0.612968,0.644042,0.414741,0.611214,0.635092,0.414470,0.919027,0.922651,0.755250,0.888111,0.585476,0.372424,spectrum_fno48_floor6_smooth1_qc_peak4_fieldloss_smooth0
run53_sparc_1412,sparc_1412,0.626244,0.776925,0.401963,0.589388,0.664167,0.400390,0.918208,0.916858,0.757316,0.892810,0.635105,0.501650,spectrum_fno48_floor6_smooth1_qc_peak4_fieldloss_smooth0
run53_sparc_1413,sparc_1413,0.625160,0.767741,0.392050,0.587569,0.665197,0.390111,0.918364,0.916747,0.753702,0.908648,0.585037,0.533283,spectrum_fno48_floor6_smooth1_qc_peak4_fieldloss_smooth0
run53_sparc_1424,sparc_1424,0.624273,0.699637,0.552399,0.619826,0.673072,0.552396,0.837783,0.850997,0.682557,0.929711,0.936873,0.618785,spectrum_fno48_floor6_smooth1_qc_peak4_fieldloss_smooth0
run53_sparc_1427,sparc_1427,0.705775,0.685016,0.720265,0.654754,0.629131,0.638006,0.893211,0.908685,0.794599,0.954016,0.921423,0.706240,spectrum_fno48_floor6_smooth1_qc_peak4
run53_sparc_1428,sparc_1428,0.719320,0.762207,0.666115,0.691362,0.704370,0.628919,0.921631,0.917807,0.824445,0.936389,0.937622,0.740375,spectrum_fno48_floor6_smooth1_qc_peak4_fieldloss_smooth0
run53_sparc_1440,sparc_1440,0.526134,0.595881,0.453871,0.519651,0.570706,0.423047,0.940602,0.941880,0.819848,0.743689,0.824925,0.607414,spectrum_fno48_floor6_smooth1_qc_peak4_fieldloss_smooth0
run53_sparc_1500,sparc_1500,0.366783,0.411811,0.292474,0.351206,0.377048,0.289006,0.992902,0.994287,0.987407,0.956725,0.836481,0.959502,spectrum_fno48_floor6_smooth1_qc_peak4_fieldloss_smooth0
run53_sparc_1503,sparc_1503,0.622737,0.641604,0.534055,0.622294,0.640524,0.527404,0.931039,0.921662,0.818938,0.950704,0.929593,0.710864,spectrum_fno48_floor6_smooth1_qc_peak4_fieldloss_smooth0
run53_sparc_1513,sparc_1513,0.610188,0.679885,0.405109,0.595081,0.647954,0.395573,0.922364,0.926040,0.765229,0.911961,0.489921,0.404553,spectrum_fno48_floor6_smooth1_qc_peak4_fieldloss_smooth0
run53_sparc_1514,sparc_1514,0.572462,0.732965,0.420570,0.567944,0.655548,0.408943,0.912306,0.916558,0.738221,0.832122,0.709863,0.268973,spectrum_fno48_floor6_smooth1_qc_peak4_fieldloss_smooth0
run53_sparc_1518,sparc_1518,0.544944,0.695247,0.401004,0.526754,0.671982,0.400993,0.908076,0.909776,0.740527,0.841894,0.848212,0.423511,spectrum_fno48_floor6_smooth1_qc_peak4_fieldloss_smooth0
run53_sparc_1524,sparc_1524,0.975323,1.038036,1.077688,0.880134,0.906687,0.950113,0.839484,0.839196,0.609872,0.810902,0.857790,0.548102,spectrum_fno48_floor6_smooth1_qc_peak4_fieldloss
run53_sparc_1527,sparc_1527,0.929578,0.911477,0.871681,0.824757,0.794669,0.775661,0.870920,0.861691,0.770331,0.974926,0.961732,0.741949,spectrum_fno48_floor6_smooth1_qc_peak4_fieldloss_smooth0
run53_sparc_1529,sparc_1529,0.653452,0.784692,0.703710,0.653366,0.764727,0.694361,0.874186,0.879181,0.803975,0.931704,0.952961,0.695555,spectrum_fno48_floor6_smooth1_qc_peak4_fieldloss
run53_sparc_1593,sparc_1593,0.677205,0.677824,0.563150,0.676301,0.672943,0.561282,0.914121,0.897944,0.795232,0.967799,0.943234,0.820307,spectrum_fno48_floor6_smooth1_qc_peak4_fieldloss_smooth0
run54_sparc_1301,sparc_1301,0.549406,0.673198,0.590586,0.548480,0.654920,0.589950,0.869492,0.884119,0.722773,0.934467,0.961310,0.918408,spectrum_fno48_floor6_smooth1_qc_peak4_fieldloss
run54_sparc_1305,sparc_1305,0.619349,0.769076,0.491409,0.606916,0.688388,0.491321,0.903930,0.890247,0.726898,0.964148,0.919825,0.760630,spectrum_fno48_floor6_smooth1_qc_peak4_fieldloss_smooth0
run54_sparc_1319,sparc_1319,0.490112,0.561246,0.272325,0.480347,0.535688,0.271877,0.900203,0.909941,0.714734,0.846083,0.801553,0.504111,spectrum_fno48_floor6_smooth1_qc_peak4_fieldloss_smooth0
run54_sparc_1350,sparc_1350,0.538487,0.567061,0.293287,0.509607,0.510960,0.277454,0.915233,0.919079,0.723437,0.908584,0.770091,0.419449,spectrum_fno48_floor6_smooth1_qc_peak4_fieldloss_smooth0
run54_sparc_1354,sparc_1354,0.681298,0.710435,0.485764,0.646853,0.664167,0.472048,0.847762,0.859749,0.666396,0.923655,0.919665,0.665750,spectrum_fno48_floor6_smooth1_qc_peak4_fieldloss_smooth0
run54_sparc_1356,sparc_1356,0.498804,0.594773,0.299510,0.494378,0.560758,0.268838,0.906018,0.909128,0.710933,0.846201,0.811882,0.400414,spectrum_fno48_floor6_smooth1_qc_peak4_fieldloss_smooth0
run54_sparc_1365,sparc_1365,0.517343,0.609935,0.340919,0.466237,0.542726,0.333019,0.912670,0.913162,0.739694,0.858317,0.792105,0.528256,spectrum_fno48_floor6_smooth1_qc_peak4_fieldloss_smooth0
run54_sparc_1406,sparc_1406,0.583770,0.713868,0.554161,0.556706,0.706494,0.553139,0.893957,0.850311,0.702604,0.981455,0.942348,0.856057,spectrum_fno48_floor6_smooth1_qc_peak4_fieldloss_smooth0
run54_sparc_1410,sparc_1410,0.554075,0.632735,0.371474,0.529922,0.574088,0.366001,0.920580,0.919367,0.734802,0.891440,0.664700,0.359253,spectrum_fno48_floor6_smooth1_qc_peak4_fieldloss_smooth0
run54_sparc_1427,sparc_1427,0.704167,0.823233,0.620539,0.671019,0.692485,0.584007,0.881995,0.887293,0.745645,0.966164,0.947606,0.683472,spectrum_fno48_floor6_smooth1_qc_peak4_fieldloss_smooth0
run54_sparc_1440,sparc_1440,0.521528,0.725610,0.342807,0.519095,0.689684,0.342513,0.921500,0.915399,0.748722,0.821329,0.890306,0.501976,spectrum_fno48_floor6_smooth1_qc_peak4_fieldloss_smooth0
run54_sparc_1507,sparc_1507,0.542133,0.677565,0.385749,0.535015,0.661053,0.381571,0.893698,0.884658,0.708356,0.928706,0.924258,0.627375,spectrum_fno48_floor6_smooth1_qc_peak4_fieldloss_smooth0
run54_sparc_1508,sparc_1508,0.902407,0.908603,0.791198,0.836410,0.882323,0.788065,0.547442,0.070908,0.050765,0.986580,0.984162,0.840524,spectrum_fno48_floor6_smooth1_qc_peak4_fieldloss_smooth0
run54_sparc_1510,sparc_1510,0.547211,0.611960,0.333436,0.525747,0.578051,0.331123,0.923584,0.926313,0.743858,0.921315,0.571258,0.406736,spectrum_fno48_floor6_smooth1_qc_peak4_fieldloss_smooth0
run54_sparc_1513,sparc_1513,0.524694,0.551769,0.332533,0.519113,0.527960,0.332302,0.928131,0.927223,0.737224,0.927401,0.737199,0.267462,spectrum_fno48_floor6_smooth1_qc_peak4_fieldloss_smooth0
run54_sparc_1515,sparc_1515,0.493459,0.530657,0.311340,0.492494,0.527116,0.302911,0.917413,0.925687,0.729114,0.858982,0.781795,0.353657,spectrum_fno48_floor6_smooth1_qc_peak4_fieldloss_smooth0
run54_sparc_1518,sparc_1518,0.462682,0.557579,0.295389,0.447334,0.502281,0.290448,0.912421,0.914791,0.720690,0.917157,0.905483,0.607873,spectrum_fno48_floor6_smooth1_qc_peak4_fieldloss_smooth0
run54_sparc_1521,sparc_1521,0.575569,0.616741,0.577316,0.573918,0.593504,0.573635,0.895982,0.900701,0.714261,0.864381,0.937998,0.546125,spectrum_fno48_floor6_smooth1_qc_peak4_fieldloss
run54_sparc_1528,sparc_1528,0.567096,0.628919,0.574667,0.565983,0.621945,0.535121,0.891511,0.885695,0.758244,0.940536,0.925028,0.709239,spectrum_fno48_floor6_smooth1_qc_peak4_fieldloss
run54_sparc_1530,sparc_1530,0.868067,0.795775,0.837504,0.863040,0.795667,0.834638,0.639933,0.706650,0.691786,0.995174,0.993741,0.947622,spectrum_fno48_floor6_smooth1_qc_peak4
run55_sparc_1307,sparc_1307,0.797914,1.031010,0.758335,0.721108,0.822837,0.655640,0.869692,0.850720,0.664401,0.901467,0.880391,0.697279,spectrum_fno48_floor6_smooth1_qc_peak4_fieldloss_smooth0
run55_sparc_1313,sparc_1313,0.513361,0.841411,0.287177,0.512135,0.777931,0.252944,0.906425,0.900643,0.700431,0.909886,0.859895,0.558984,spectrum_fno48_floor6_smooth1_qc_peak4_fieldloss_smooth0
run55_sparc_1314,sparc_1314,0.520173,0.837640,0.301935,0.517205,0.783637,0.254763,0.907600,0.901187,0.702481,0.917143,0.859347,0.552605,spectrum_fno48_floor6_smooth1_qc_peak4_fieldloss_smooth0
run55_sparc_1353,sparc_1353,0.494823,0.949812,0.282677,0.492194,0.788523,0.251335,0.884197,0.883143,0.668384,0.895200,0.907760,0.636771,spectrum_fno48_floor6_smooth1_qc_peak4_fieldloss_smooth0
run55_sparc_1357,sparc_1357,0.521696,0.841308,0.298264,0.517829,0.749316,0.269723,0.880477,0.875453,0.654407,0.913290,0.836275,0.716669,spectrum_fno48_floor6_smooth1_qc_peak4_fieldloss_smooth0
run55_sparc_1360,sparc_1360,0.524172,0.934181,0.286842,0.523001,0.828571,0.284431,0.894217,0.888681,0.677452,0.870639,0.931972,0.692909,spectrum_fno48_floor6_smooth1_qc_peak4_fieldloss_smooth0
run55_sparc_1364,sparc_1364,0.502871,0.759281,0.333067,0.493511,0.688347,0.302122,0.846722,0.859800,0.601113,0.921297,0.969952,0.684593,spectrum_fno48_floor6_smooth1_qc_peak4_fieldloss_smooth0
run55_sparc_1417,sparc_1417,0.550461,0.981120,0.269971,0.542693,0.840360,0.263570,0.909681,0.904052,0.699920,0.907601,0.833202,0.500197,spectrum_fno48_floor6_smooth1_qc_peak4_fieldloss_smooth0
run55_sparc_1422,sparc_1422,0.476093,0.713685,0.327883,0.474424,0.653926,0.322129,0.898848,0.894572,0.684340,0.910067,0.806750,0.351090,spectrum_fno48_floor6_smooth1_qc_peak4_fieldloss_smooth0
run55_sparc_1427,sparc_1427,0.908127,1.168210,0.466200,0.714380,0.798375,0.462765,0.673064,0.774666,0.603789,0.976238,0.939156,0.709040,spectrum_fno48_floor6_smooth1_qc_peak4_fieldloss_smooth0
run55_sparc_1505,sparc_1505,0.975729,1.401991,0.526578,0.747553,0.854828,0.484247,0.898103,0.909519,0.778055,0.865216,0.715216,0.653609,spectrum_fno48_floor6_smooth1_qc_peak4_fieldloss_smooth0
run55_sparc_1522,sparc_1522,0.527629,0.819817,0.352804,0.499721,0.713810,0.342996,0.914150,0.908546,0.717122,0.747513,0.841382,0.327864,spectrum_fno48_floor6_smooth1_qc_peak4_fieldloss_smooth0
run55_sparc_1527,sparc_1527,0.729638,0.869984,0.571838,0.722100,0.799019,0.523715,0.839294,0.862464,0.730420,0.977723,0.962350,0.752969,spectrum_fno48_floor6_smooth1_qc_peak4_fieldloss_smooth0
run55_sparc_1529,sparc_1529,0.622887,1.472983,0.945008,0.598104,0.858158,0.674805,0.865714,0.841866,0.718610,0.909373,0.909411,0.788774,spectrum_fno48_floor6_smooth1_qc_peak4_fieldloss
run55_sparc_1593,sparc_1593,0.780304,1.155590,0.530930,0.646976,0.809861,0.421427,0.924738,0.926971,0.814374,0.877548,0.763486,0.787284,spectrum_fno48_floor6_smooth1_qc_peak4_fieldloss_smooth0
run56_sparc_1300,sparc_1300,0.426008,0.547026,0.462290,0.425709,0.529758,0.430619,0.986299,0.989015,0.978206,0.879617,0.647837,0.843129,spectrum_fno48_floor6_smooth1_qc_peak4_fieldloss
run56_sparc_1302,sparc_1302,0.583987,0.663295,0.592874,0.579697,0.587257,0.586534,0.940923,0.949777,0.871490,0.905402,0.812495,0.584684,spectrum_fno48_floor6_smooth1_qc_peak4_fieldloss
run56_sparc_1310,sparc_1310,0.508897,0.735728,0.303599,0.500632,0.643032,0.283907,0.904448,0.902079,0.705540,0.932460,0.696811,0.503349,spectrum_fno48_floor6_smooth1_qc_peak4_fieldloss_smooth0
run56_sparc_1318,sparc_1318,0.543786,0.759424,0.267983,0.501759,0.661540,0.265260,0.905189,0.902172,0.697122,0.911654,0.876054,0.601309,spectrum_fno48_floor6_smooth1_qc_peak4_fieldloss_smooth0
run56_sparc_1360,sparc_1360,0.500696,0.860663,0.244940,0.485478,0.720695,0.227192,0.868389,0.873118,0.641820,0.891398,0.889224,0.587269,spectrum_fno48_floor6_smooth1_qc_peak4_fieldloss_smooth0
run56_sparc_1362,sparc_1362,0.491517,0.749321,0.288801,0.491426,0.670715,0.260120,0.910623,0.904776,0.702438,0.905147,0.853994,0.481873,spectrum_fno48_floor6_smooth1_qc_peak4_fieldloss_smooth0
run56_sparc_1363,sparc_1363,0.509502,0.753265,0.334756,0.500371,0.654848,0.328866,0.882855,0.887588,0.669204,0.934672,0.894480,0.567687,spectrum_fno48_floor6_smooth1_qc_peak4_fieldloss_smooth0
run56_sparc_1365,sparc_1365,0.492354,0.817307,0.260063,0.481353,0.713795,0.234013,0.895931,0.892308,0.675304,0.898768,0.879851,0.511506,spectrum_fno48_floor6_smooth1_qc_peak4_fieldloss_smooth0
run56_sparc_1425,sparc_1425,1.314604,1.345607,0.838944,0.838195,0.856266,0.656350,0.927602,0.905131,0.790768,0.864542,0.781259,0.551510,spectrum_fno48_floor6_smooth1_qc_peak4_fieldloss_smooth0
run56_sparc_1504,sparc_1504,0.855766,1.067984,0.547502,0.772927,0.830627,0.541894,0.926816,0.921595,0.794884,0.902709,0.813175,0.546324,spectrum_fno48_floor6_smooth1_qc_peak4_fieldloss_smooth0
run56_sparc_1507,sparc_1507,0.904306,1.201536,0.527239,0.758973,0.834870,0.521498,0.931628,0.927695,0.787185,0.921216,0.860351,0.649556,spectrum_fno48_floor6_smooth1_qc_peak4_fieldloss_smooth0
run56_sparc_1508,sparc_1508,0.929345,1.229053,0.627291,0.762770,0.849124,0.550216,0.918516,0.922933,0.756621,0.858993,0.804514,0.399124,spectrum_fno48_floor6_smooth1_qc_peak4_fieldloss_smooth0
run56_sparc_1510,sparc_1510,0.501000,0.776266,0.309860,0.492860,0.645017,0.285439,0.930384,0.923692,0.735274,0.934317,0.730903,0.477661,spectrum_fno48_floor6_smooth1_qc_peak4_fieldloss_smooth0
run56_sparc_1520,sparc_1520,0.532434,0.827124,0.305405,0.527328,0.801867,0.304509,0.897966,0.889627,0.673101,0.937622,0.842495,0.267488,spectrum_fno48_floor6_smooth1_qc_peak4_fieldloss_smooth0
run56_sparc_1527,sparc_1527,0.838625,0.865372,0.541907,0.780533,0.810867,0.541433,0.873789,0.861815,0.766511,0.961952,0.785963,0.721409,spectrum_fno48_floor6_smooth1_qc_peak4_fieldloss_smooth0
run57_sparc_1300,sparc_1300,0.262274,0.382027,0.220071,0.262273,0.340947,0.161227,0.993030,0.996154,0.990359,0.867611,0.447617,0.931066,spectrum_fno48_floor6_smooth1_qc_peak4_fieldloss_smooth0
run57_sparc_1305,sparc_1305,0.561985,0.616763,0.519397,0.557117,0.596149,0.519009,0.921875,0.929193,0.781718,0.953928,0.958941,0.660893,spectrum_fno48_floor6_smooth1_qc_peak4_fieldloss_smooth0
run57_sparc_1307,sparc_1307,0.787470,1.100506,0.640784,0.703593,0.788705,0.620421,0.809947,0.833837,0.626862,0.946321,0.941526,0.734295,spectrum_fno48_floor6_smooth1_qc_peak4_fieldloss_smooth0
run57_sparc_1308,sparc_1308,0.873566,1.026009,0.762351,0.852181,0.895879,0.747163,0.817586,0.799238,0.673207,0.957518,0.953315,0.726108,spectrum_fno48_floor6_smooth1_qc_peak4_fieldloss_smooth0
run57_sparc_1316,sparc_1316,0.586724,0.570167,0.433347,0.551351,0.560170,0.433136,0.914360,0.913701,0.746156,0.945897,0.892442,0.508803,spectrum_fno48_floor6_smooth1_qc_peak4_fieldloss_smooth0
run57_sparc_1356,sparc_1356,0.624732,0.702754,0.395730,0.624126,0.698930,0.387366,0.923744,0.922026,0.766670,0.873039,0.885489,0.303936,spectrum_fno48_floor6_smooth1_qc_peak4_fieldloss_smooth0
run57_sparc_1357,sparc_1357,0.637509,0.647105,0.718292,0.624426,0.617488,0.676017,0.912458,0.912838,0.724556,0.918861,0.783026,0.580690,spectrum_fno48_floor6_smooth1_qc_peak4_fieldloss
run57_sparc_1358,sparc_1358,0.631902,0.707446,1.046217,0.585092,0.620172,0.884481,0.879715,0.892588,0.682033,0.894396,0.854597,0.599832,spectrum_fno48_floor6_smooth1_qc_peak4_fieldloss
run57_sparc_1361,sparc_1361,0.549826,0.611477,0.376560,0.540330,0.582857,0.375437,0.921474,0.920307,0.762507,0.913462,0.836828,0.518845,spectrum_fno48_floor6_smooth1_qc_peak4_fieldloss_smooth0
run57_sparc_1365,sparc_1365,0.651488,0.698390,0.630784,0.621775,0.653776,0.617788,0.913476,0.918348,0.748325,0.909454,0.920198,0.576390,spectrum_fno48_floor6_smooth1_qc_peak4_fieldloss_smooth0
run57_sparc_1402,sparc_1402,0.545282,0.601122,0.496052,0.544317,0.600676,0.443176,0.933333,0.944141,0.838273,0.941441,0.862344,0.736161,spectrum_fno48_floor6_smooth1_qc_peak4_fieldloss_smooth0
run57_sparc_1415,sparc_1415,0.565277,0.613378,0.361155,0.565275,0.611150,0.360831,0.932764,0.932723,0.781258,0.943337,0.766713,0.483154,spectrum_fno48_floor6_smooth1_qc_peak4_fieldloss_smooth0
run57_sparc_1417,sparc_1417,0.554516,0.598822,0.344131,0.528863,0.576241,0.342763,0.927734,0.927136,0.768446,0.939943,0.843627,0.522341,spectrum_fno48_floor6_smooth1_qc_peak4_fieldloss_smooth0
run57_sparc_1421,sparc_1421,0.612946,0.697454,0.629719,0.594247,0.667085,0.614827,0.894664,0.898605,0.737057,0.785300,0.899627,0.436366,spectrum_fno48_floor6_smooth1_qc_peak4_fieldloss
run57_sparc_1423,sparc_1423,0.667573,0.706325,0.579906,0.667568,0.701899,0.578468,0.877823,0.878751,0.725323,0.963585,0.895819,0.743735,spectrum_fno48_floor6_smooth1_qc_peak4_fieldloss_smooth0
run57_sparc_1425,sparc_1425,0.677805,0.687386,0.611662,0.673588,0.685232,0.552174,0.892055,0.883138,0.743320,0.962610,0.885918,0.632642,spectrum_fno48_floor6_smooth1_qc_peak4_fieldloss_smooth0
run57_sparc_1429,sparc_1429,0.638379,0.688036,0.571484,0.623657,0.666292,0.560896,0.916284,0.930759,0.807558,0.935559,0.878021,0.690713,spectrum_fno48_floor6_smooth1_qc_peak4_fieldloss_smooth0
run57_sparc_1500,sparc_1500,0.356530,0.404288,0.254712,0.319907,0.343002,0.253937,0.992390,0.993428,0.986395,0.909730,0.760380,0.942248,spectrum_fno48_floor6_smooth1_qc_peak4_fieldloss_smooth0
run57_sparc_1504,sparc_1504,0.634444,0.615722,0.606137,0.630948,0.614443,0.597505,0.916140,0.913280,0.763838,0.940278,0.886137,0.565233,spectrum_fno48_floor6_smooth1_qc_peak4_fieldloss_smooth0
run57_sparc_1508,sparc_1508,0.715326,0.798557,0.669095,0.701574,0.748919,0.665474,0.887336,0.875126,0.754193,0.968298,0.969130,0.743149,spectrum_fno48_floor6_smooth1_qc_peak4_fieldloss_smooth0
run57_sparc_1520,sparc_1520,0.643034,0.719763,0.406439,0.629818,0.674923,0.406174,0.911521,0.915168,0.743052,0.878304,0.911863,0.573271,spectrum_fno48_floor6_smooth1_qc_peak4_fieldloss_smooth0
run57_sparc_1523,sparc_1523,0.807271,0.802470,0.746704,0.770767,0.774753,0.745983,0.885334,0.885206,0.709210,0.858401,0.801180,0.483784,spectrum_fno48_floor6_smooth1_qc_peak4_fieldloss_smooth0
run57_sparc_1528,sparc_1528,0.725680,0.763602,0.694436,0.725607,0.730489,0.684536,0.900457,0.898557,0.773637,0.962140,0.949606,0.750785,spectrum_fno48_floor6_smooth1_qc_peak4_fieldloss_smooth0
run57_sparc_1593,sparc_1593,0.587833,0.625029,0.516229,0.579001,0.617262,0.472938,0.936287,0.938438,0.820323,0.925397,0.888516,0.734532,spectrum_fno48_floor6_smooth1_qc_peak4_fieldloss_smooth0
run58_sparc_1300,sparc_1300,0.425345,0.487124,0.423473,0.422062,0.470492,0.419900,0.981339,0.990255,0.981867,0.913659,0.812104,0.839506,spectrum_fno48_floor6_smooth1_qc_peak4_fieldloss_smooth0
run58_sparc_1349,sparc_1349,0.505819,0.657554,0.281959,0.493803,0.603564,0.275577,0.891953,0.884762,0.662227,0.931759,0.909492,0.511546,spectrum_fno48_floor6_smooth1_qc_peak4_fieldloss_smooth0
run58_sparc_1351,sparc_1351,0.554311,0.590594,0.327583,0.538341,0.579868,0.305612,0.908519,0.904408,0.676130,0.906615,0.799266,0.491936,spectrum_fno48_floor6_smooth1_qc_peak4_fieldloss_smooth0
run58_sparc_1353,sparc_1353,0.502103,0.646690,0.289165,0.496576,0.611536,0.285571,0.882035,0.878596,0.691219,0.897653,0.931606,0.467030,spectrum_fno48_floor6_smooth1_qc_peak4_fieldloss_smooth0
run58_sparc_1355,sparc_1355,0.540323,0.648332,0.340343,0.525063,0.612991,0.340242,0.892529,0.889042,0.670981,0.903883,0.854886,0.483612,spectrum_fno48_floor6_smooth1_qc_peak4_fieldloss_smooth0
run58_sparc_1358,sparc_1358,0.525808,0.647743,0.330832,0.521099,0.604189,0.328049,0.897093,0.897404,0.674840,0.884936,0.848941,0.513757,spectrum_fno48_floor6_smooth1_qc_peak4_fieldloss_smooth0
run58_sparc_1359,sparc_1359,0.507880,0.673867,0.343516,0.502909,0.598319,0.331363,0.906297,0.912290,0.708097,0.928408,0.867847,0.556971,spectrum_fno48_floor6_smooth1_qc_peak4_fieldloss_smooth0
run58_sparc_1365,sparc_1365,0.543031,0.689502,0.370087,0.530584,0.613595,0.362401,0.900081,0.895808,0.671372,0.944734,0.761698,0.572173,spectrum_fno48_floor6_smooth1_qc_peak4_fieldloss_smooth0
run58_sparc_1402,sparc_1402,0.411979,0.584206,0.314013,0.406868,0.518602,0.307294,0.945132,0.953367,0.874359,0.966310,0.878805,0.726711,spectrum_fno48_floor6_smooth1_qc_peak4_fieldloss_smooth0
run58_sparc_1403,sparc_1403,0.794638,0.925960,0.654983,0.717460,0.780894,0.617140,0.879925,0.860190,0.750135,0.946575,0.883604,0.748341,spectrum_fno48_floor6_smooth1_qc_peak4_fieldloss_smooth0
run58_sparc_1413,sparc_1413,0.561434,0.630930,0.321495,0.551464,0.609962,0.306776,0.907474,0.906045,0.698324,0.933917,0.789930,0.448477,spectrum_fno48_floor6_smooth1_qc_peak4_fieldloss_smooth0
run58_sparc_1421,sparc_1421,0.536747,0.761973,0.304101,0.535829,0.724808,0.285459,0.896849,0.889788,0.689476,0.944925,0.824438,0.424788,spectrum_fno48_floor6_smooth1_qc_peak4_fieldloss_smooth0
run58_sparc_1422,sparc_1422,0.547709,0.882922,0.344136,0.542702,0.758462,0.312328,0.891443,0.888514,0.686776,0.894864,0.826379,0.601196,spectrum_fno48_floor6_smooth1_qc_peak4_fieldloss_smooth0
run58_sparc_1429,sparc_1429,1.087092,1.220263,0.731320,0.799364,0.887141,0.616026,0.776353,0.649741,0.500133,0.907706,0.915919,0.821126,spectrum_fno48_floor6_smooth1_qc_peak4_fieldloss_smooth0
run58_sparc_1440,sparc_1440,1.239034,1.070648,0.234950,0.828502,0.805095,0.231944,0.936401,0.942897,0.809956,0.894727,0.689126,0.337351,spectrum_fno48_floor6_smooth1_qc_peak4_fieldloss_smooth0
run58_sparc_1503,sparc_1503,0.881542,0.932776,0.719379,0.742725,0.771385,0.639083,0.860136,0.815017,0.747881,0.916069,0.843122,0.667427,spectrum_fno48_floor6_smooth1_qc_peak4_fieldloss_smooth0
run58_sparc_1512,sparc_1512,0.552168,0.665613,0.315854,0.535928,0.605275,0.312918,0.915545,0.914713,0.715158,0.909801,0.762541,0.535837,spectrum_fno48_floor6_smooth1_qc_peak4_fieldloss_smooth0
run58_sparc_1516,sparc_1516,0.634744,0.687018,0.383066,0.561645,0.597768,0.362836,0.912070,0.909398,0.695949,0.926187,0.695879,0.443127,spectrum_fno48_floor6_smooth1_qc_peak4_fieldloss_smooth0
run58_sparc_1522,sparc_1522,0.575800,0.806258,0.338952,0.575773,0.752720,0.313583,0.896190,0.895259,0.688361,0.937104,0.890765,0.536986,spectrum_fno48_floor6_smooth1_qc_peak4_fieldloss_smooth0
run58_sparc_1527,sparc_1527,0.939093,1.141937,0.257723,0.763953,0.845065,0.238247,0.917191,0.923485,0.789975,0.798534,0.660764,0.438149,spectrum_fno48_floor6_smooth1_qc_peak4_fieldloss_smooth0
run58_sparc_1593,sparc_1593,0.803768,0.949142,0.663336,0.713898,0.781906,0.625193,0.862720,0.838248,0.731145,0.932319,0.873582,0.691465,spectrum_fno48_floor6_smooth1_qc_peak4_fieldloss_smooth0
run59_sparc_1300,sparc_1300,0.631017,0.660341,0.623982,0.594048,0.608510,0.549462,0.954624,0.972165,0.946565,0.872482,0.830175,0.784742,spectrum_fno48_floor6_smooth1_qc_peak4_fieldloss_smooth0
run59_sparc_1314,sparc_1314,0.685594,0.696313,0.304332,0.676959,0.694343,0.248245,0.936740,0.940077,0.797978,0.861324,0.810173,0.468137,spectrum_fno48_floor6_smooth1_qc_peak4_fieldloss_smooth0
run59_sparc_1315,sparc_1315,0.669327,0.676892,0.313904,0.662344,0.670045,0.247108,0.935518,0.941271,0.799116,0.880024,0.854414,0.479936,spectrum_fno48_floor6_smooth1_qc_peak4_fieldloss_smooth0
run59_sparc_1316,sparc_1316,0.640488,0.659943,0.255452,0.640392,0.659656,0.236951,0.926911,0.937178,0.803516,0.909079,0.910828,0.566437,spectrum_fno48_floor6_smooth1_qc_peak4_fieldloss_smooth0
run59_sparc_1317,sparc_1317,0.667786,0.679959,0.331025,0.667753,0.679911,0.329455,0.937380,0.938023,0.809267,0.938201,0.872758,0.657960,spectrum_fno48_floor6_smooth1_qc_peak4_fieldloss_smooth0
run59_sparc_1319,sparc_1319,0.659670,0.683084,0.341709,0.659320,0.680802,0.338142,0.939434,0.935909,0.816205,0.909111,0.786043,0.635300,spectrum_fno48_floor6_smooth1_qc_peak4_fieldloss_smooth0
run59_sparc_1353,sparc_1353,0.667590,0.674048,0.279573,0.665762,0.673445,0.231296,0.928533,0.926947,0.791807,0.962062,0.860211,0.521959,spectrum_fno48_floor6_smooth1_qc_peak4_fieldloss_smooth0
run59_sparc_1359,sparc_1359,0.638944,0.672993,0.241170,0.636621,0.670609,0.226130,0.938640,0.942769,0.813168,0.900847,0.830974,0.446580,spectrum_fno48_floor6_smooth1_qc_peak4_fieldloss_smooth0
run59_sparc_1363,sparc_1363,0.665481,0.712086,0.255797,0.663123,0.707315,0.234357,0.930429,0.931444,0.796400,0.953448,0.890004,0.529361,spectrum_fno48_floor6_smooth1_qc_peak4_fieldloss_smooth0
run59_sparc_1402,sparc_1402,0.606955,0.831984,0.210913,0.546517,0.606983,0.185751,0.945013,0.942183,0.833249,0.898746,0.749385,0.697210,spectrum_fno48_floor6_smooth1_qc_peak4_fieldloss_smooth0
run59_sparc_1407,sparc_1407,0.876433,0.954398,0.556427,0.769823,0.796497,0.513195,0.930380,0.926260,0.764630,0.893196,0.754168,0.546165,spectrum_fno48_floor6_smooth1_qc_peak4_fieldloss_smooth0
run59_sparc_1412,sparc_1412,0.691377,0.711951,0.312740,0.670031,0.691602,0.255123,0.937878,0.941474,0.799269,0.842288,0.807568,0.548122,spectrum_fno48_floor6_smooth1_qc_peak4_fieldloss_smooth0
run59_sparc_1416,sparc_1416,0.656137,0.666194,0.277355,0.642321,0.656754,0.235302,0.935049,0.939600,0.803154,0.872441,0.838010,0.410923,spectrum_fno48_floor6_smooth1_qc_peak4_fieldloss_smooth0
run59_sparc_1423,sparc_1423,0.679418,0.711914,0.274208,0.672321,0.702166,0.273931,0.928791,0.931412,0.801949,0.830835,0.741692,0.583922,spectrum_fno48_floor6_smooth1_qc_peak4_fieldloss_smooth0
run59_sparc_1424,sparc_1424,0.628074,0.693554,0.349795,0.627968,0.688964,0.342283,0.932904,0.930068,0.796685,0.921432,0.777882,0.648855,spectrum_fno48_floor6_smooth1_qc_peak4_fieldloss_smooth0
run59_sparc_1426,sparc_1426,0.663447,0.762487,0.214095,0.663210,0.719408,0.211960,0.927066,0.925086,0.793881,0.856659,0.799446,0.464494,spectrum_fno48_floor6_smooth1_qc_peak4_fieldloss_smooth0
run59_sparc_1430,sparc_1430,0.638041,0.765942,0.543364,0.635303,0.709781,0.543349,0.762915,0.701956,0.557705,0.969252,0.956421,0.757822,spectrum_fno48_floor6_smooth1_qc_peak4_fieldloss_smooth0
run59_sparc_1512,sparc_1512,0.684436,0.710869,0.318643,0.645430,0.672006,0.248108,0.940861,0.941747,0.799746,0.877287,0.826892,0.639795,spectrum_fno48_floor6_smooth1_qc_peak4_fieldloss_smooth0
run5_sparc_1302,sparc_1302,0.581734,0.609886,0.449407,0.562215,0.568335,0.440146,0.804457,0.858598,0.776300,0.981088,0.975905,0.891468,spectrum_fno48_floor6_smooth1_qc_peak4_fieldloss_smooth0
run5_sparc_1307,sparc_1307,0.797929,0.948843,0.545496,0.694886,0.736606,0.521294,0.927331,0.917819,0.789692,0.901275,0.808466,0.582130,spectrum_fno48_floor6_smooth1_qc_peak4_fieldloss_smooth0
run5_sparc_1314,sparc_1314,0.617908,0.752547,0.390080,0.579344,0.716102,0.372933,0.904183,0.898248,0.691022,0.974929,0.520284,0.667317,spectrum_fno48_floor6_smooth1_qc_peak4_fieldloss_smooth0
run5_sparc_1317,sparc_1317,0.602807,0.686567,0.359036,0.572327,0.667209,0.357981,0.897899,0.894227,0.683489,0.965891,0.633226,0.466496,spectrum_fno48_floor6_smooth1_qc_peak4_fieldloss_smooth0
run5_sparc_1350,sparc_1350,0.618444,0.772631,0.395475,0.576630,0.718317,0.374149,0.906947,0.900727,0.694814,0.976259,0.548807,0.685268,spectrum_fno48_floor6_smooth1_qc_peak4_fieldloss_smooth0
run5_sparc_1363,sparc_1363,0.522786,0.716220,0.339683,0.510668,0.674392,0.333443,0.877010,0.875796,0.655857,0.938959,0.834209,0.476817,spectrum_fno48_floor6_smooth1_qc_peak4_fieldloss_smooth0
run5_sparc_1365,sparc_1365,0.495811,0.654020,0.305794,0.495039,0.635025,0.301315,0.891614,0.890806,0.658757,0.900765,0.892836,0.641475,spectrum_fno48_floor6_smooth1_qc_peak4_fieldloss_smooth0
run5_sparc_1408,sparc_1408,1.087390,1.103463,0.348455,0.726248,0.792609,0.344269,0.933385,0.923178,0.784077,0.930897,0.795275,0.640070,spectrum_fno48_floor6_smooth1_qc_peak4_fieldloss_smooth0
run5_sparc_1411,sparc_1411,0.607598,0.851470,0.370441,0.564386,0.735992,0.352397,0.894188,0.895912,0.675085,0.942117,0.761957,0.432508,spectrum_fno48_floor6_smooth1_qc_peak4_fieldloss_smooth0
run5_sparc_1420,sparc_1420,0.578744,0.701113,0.341898,0.575975,0.664338,0.300219,0.892066,0.887807,0.657889,0.939039,0.772273,0.510006,spectrum_fno48_floor6_smooth1_qc_peak4_fieldloss_smooth0
run5_sparc_1500,sparc_1500,0.489741,0.520307,0.496821,0.477856,0.504435,0.482592,0.980096,0.988858,0.976446,0.947046,0.905933,0.850977,spectrum_fno48_floor6_smooth1_qc_peak4_fieldloss
run5_sparc_1501,sparc_1501,1.097813,1.093908,0.820385,0.776861,0.792499,0.642977,0.946144,0.953351,0.880162,0.904958,0.846715,0.801135,spectrum_fno48_floor6_smooth1_qc_peak4_fieldloss_smooth0
run5_sparc_1509,sparc_1509,0.926173,1.294387,0.502157,0.724049,0.830735,0.442254,0.874939,0.855178,0.694476,0.922576,0.885890,0.753518,spectrum_fno48_floor6_smooth1_qc_peak4_fieldloss_smooth0
run5_sparc_1511,sparc_1511,0.588953,0.808977,0.337824,0.555082,0.706274,0.332531,0.882954,0.883021,0.662668,0.921305,0.663389,0.548369,spectrum_fno48_floor6_smooth1_qc_peak4_fieldloss_smooth0
run5_sparc_1514,sparc_1514,0.565673,0.729744,0.352125,0.564322,0.712939,0.351735,0.893958,0.895242,0.685496,0.922191,0.695933,0.510092,spectrum_fno48_floor6_smooth1_qc_peak4_fieldloss_smooth0
run5_sparc_1517,sparc_1517,0.589574,0.702111,0.332730,0.568635,0.667606,0.331756,0.892301,0.893895,0.665924,0.927039,0.736272,0.599188,spectrum_fno48_floor6_smooth1_qc_peak4_fieldloss_smooth0
run5_sparc_1523,sparc_1523,0.571761,0.814015,0.321849,0.544472,0.704937,0.319006,0.894682,0.887326,0.665878,0.893069,0.886657,0.411684,spectrum_fno48_floor6_smooth1_qc_peak4_fieldloss_smooth0
run5_sparc_1526,sparc_1526,1.251567,1.335761,0.331901,0.759279,0.806908,0.314837,0.932069,0.934981,0.813539,0.896576,0.641595,0.580430,spectrum_fno48_floor6_smooth1_qc_peak4_fieldloss_smooth0
run5_sparc_1530,sparc_1530,0.560996,0.798648,0.546580,0.560243,0.722984,0.546055,0.869831,0.894951,0.806723,0.917302,0.781928,0.719495,spectrum_fno48_floor6_smooth1_qc_peak4_fieldloss_smooth0
run5_sparc_1593,sparc_1593,0.731130,1.012223,0.225480,0.657515,0.781686,0.204672,0.944158,0.935303,0.831433,0.868757,0.738639,0.519679,spectrum_fno48_floor6_smooth1_qc_peak4_fieldloss_smooth0
run60_sparc_1303,sparc_1303,0.837997,1.352037,0.581238,0.570733,0.733028,0.490031,0.901158,0.889293,0.773097,0.863326,0.879772,0.675090,spectrum_fno48_floor6_smooth1_qc_peak4_fieldloss_smooth0
run60_sparc_1350,sparc_1350,0.506373,0.555109,0.261617,0.488001,0.511517,0.245870,0.936994,0.938929,0.772642,0.935389,0.733115,0.524666,spectrum_fno48_floor6_smooth1_qc_peak4_fieldloss_smooth0
run60_sparc_1351,sparc_1351,0.487935,0.532443,0.291322,0.482316,0.510648,0.274160,0.933882,0.929307,0.751905,0.941217,0.809737,0.535596,spectrum_fno48_floor6_smooth1_qc_peak4_fieldloss_smooth0
run60_sparc_1352,sparc_1352,0.476424,0.559290,0.276110,0.467866,0.529008,0.275089,0.919609,0.909230,0.723234,0.925469,0.830732,0.466433,spectrum_fno48_floor6_smooth1_qc_peak4_fieldloss_smooth0
run60_sparc_1353,sparc_1353,0.451311,0.538890,0.232015,0.446138,0.529758,0.231636,0.912008,0.914138,0.719123,0.912100,0.773778,0.496429,spectrum_fno48_floor6_smooth1_qc_peak4_fieldloss_smooth0
run60_sparc_1356,sparc_1356,0.499211,0.626588,0.310395,0.493338,0.581751,0.310118,0.913469,0.914241,0.721773,0.940019,0.870895,0.524056,spectrum_fno48_floor6_smooth1_qc_peak4_fieldloss_smooth0
run60_sparc_1361,sparc_1361,0.446773,0.532790,0.252409,0.442763,0.513850,0.242815,0.902065,0.905505,0.706579,0.922855,0.847695,0.631000,spectrum_fno48_floor6_smooth1_qc_peak4_fieldloss_smooth0
run60_sparc_1402,sparc_1402,0.611599,0.712749,0.620770,0.609664,0.694115,0.609878,0.774695,0.752541,0.668100,0.953443,0.923802,0.792760,spectrum_fno48_floor6_smooth1_qc_peak4_fieldloss
run60_sparc_1403,sparc_1403,0.960352,1.462940,0.562671,0.593462,0.715639,0.431796,0.909481,0.908363,0.784477,0.905385,0.835396,0.646560,spectrum_fno48_floor6_smooth1_qc_peak4_fieldloss_smooth0
run60_sparc_1418,sparc_1418,0.481669,0.593734,0.249417,0.466269,0.545143,0.242935,0.919136,0.927164,0.730144,0.892432,0.826611,0.501517,spectrum_fno48_floor6_smooth1_qc_peak4_fieldloss_smooth0
run60_sparc_1421,sparc_1421,0.495330,0.568766,0.348975,0.493984,0.553202,0.348440,0.915663,0.919227,0.726535,0.887469,0.819668,0.466924,spectrum_fno48_floor6_smooth1_qc_peak4_fieldloss_smooth0
run60_sparc_1423,sparc_1423,0.888936,1.082168,0.774596,0.790824,0.858698,0.668416,0.782771,0.737061,0.588164,0.951358,0.863307,0.633925,spectrum_fno48_floor6_smooth1_qc_peak4_fieldloss_smooth0
run60_sparc_1428,sparc_1428,0.587257,0.674645,0.408643,0.579538,0.624833,0.402015,0.909480,0.911820,0.790497,0.955303,0.897886,0.795245,spectrum_fno48_floor6_smooth1_qc_peak4_fieldloss_smooth0
run60_sparc_1430,sparc_1430,0.776194,0.760305,0.700966,0.748574,0.713589,0.700966,0.527593,0.864813,0.522642,0.963530,0.900331,0.845390,spectrum_fno48_floor6_smooth1_qc_peak4_fieldloss_smooth0
run60_sparc_1440,sparc_1440,0.820598,1.088911,0.253779,0.626749,0.783797,0.219722,0.913328,0.921816,0.803894,0.908712,0.544986,0.763487,spectrum_fno48_floor6_smooth1_qc_peak4_fieldloss_smooth0
run60_sparc_1500,sparc_1500,0.362312,0.426161,0.217778,0.315930,0.360707,0.212913,0.989765,0.992636,0.983757,0.801214,0.865354,0.832519,spectrum_fno48_floor6_smooth1_qc_peak4_fieldloss_smooth0
run60_sparc_1503,sparc_1503,1.428439,1.979140,1.135001,0.789199,0.806747,0.608438,0.792117,0.796192,0.712925,0.975453,0.919908,0.838328,spectrum_fno48_floor6_smooth1_qc_peak4_fieldloss_smooth0
run60_sparc_1504,sparc_1504,0.705484,0.917242,0.341713,0.568288,0.741645,0.341701,0.869616,0.874707,0.762280,0.875051,0.618446,0.697826,spectrum_fno48_floor6_smooth1_qc_peak4_fieldloss_smooth0
run60_sparc_1506,sparc_1506,0.578985,0.842802,0.398264,0.565590,0.717151,0.395551,0.893376,0.915976,0.781337,0.844593,0.526025,0.478750,spectrum_fno48_floor6_smooth1_qc_peak4_fieldloss_smooth0
run60_sparc_1511,sparc_1511,0.493984,0.499173,0.272122,0.491612,0.497036,0.254748,0.943757,0.941518,0.786188,0.887055,0.481184,0.502467,spectrum_fno48_floor6_smooth1_qc_peak4_fieldloss_smooth0
run60_sparc_1515,sparc_1515,0.495454,0.556408,0.278471,0.483081,0.533040,0.266269,0.910586,0.917919,0.724406,0.891203,0.642765,0.543375,spectrum_fno48_floor6_smooth1_qc_peak4_fieldloss_smooth0
run60_sparc_1521,sparc_1521,0.495617,0.586865,0.348490,0.495605,0.569673,0.348186,0.913424,0.915594,0.728118,0.871695,0.759657,0.422963,spectrum_fno48_floor6_smooth1_qc_peak4_fieldloss_smooth0
run60_sparc_1523,sparc_1523,0.693617,0.704717,0.488116,0.619002,0.654149,0.480275,0.899725,0.903423,0.721068,0.904039,0.823358,0.491392,spectrum_fno48_floor6_smooth1_qc_peak4_fieldloss_smooth0
run61_sparc_1303,sparc_1303,0.741558,0.693470,0.244888,0.603913,0.631738,0.237063,0.942185,0.947268,0.836111,0.900277,0.682992,0.487676,spectrum_fno48_floor6_smooth1_qc_peak4_fieldloss_smooth0
run61_sparc_1305,sparc_1305,0.866290,1.338258,0.678667,0.706763,0.780837,0.615776,0.909960,0.905588,0.802908,0.908342,0.885704,0.691797,spectrum_fno48_floor6_smooth1_qc_peak4_fieldloss_smooth0
run61_sparc_1309,sparc_1309,1.292515,0.786349,0.490883,0.773218,0.661455,0.411802,0.895523,0.910724,0.835665,0.884798,0.591162,0.624823,spectrum_fno48_floor6_smooth1_qc_peak4_fieldloss_smooth0
run61_sparc_1313,sparc_1313,0.907532,0.757033,0.346648,0.601623,0.642475,0.303163,0.935347,0.954805,0.877009,0.663515,0.734670,0.333677,spectrum_fno48_floor6_smooth1_qc_peak4_fieldloss_smooth0
run61_sparc_1315,sparc_1315,0.738928,0.794745,0.402574,0.611602,0.687260,0.345638,0.922720,0.951206,0.875754,0.594563,0.737658,0.296215,spectrum_fno48_floor6_smooth1_qc_peak4_fieldloss_smooth0
run61_sparc_1354,sparc_1354,0.683900,0.630529,0.526920,0.666299,0.630503,0.492760,0.928259,0.934171,0.855757,0.761405,0.837384,0.563425,spectrum_fno48_floor6_smooth1_qc_peak4_fieldloss_smooth0
run61_sparc_1355,sparc_1355,0.724497,0.870522,0.763900,0.723379,0.828949,0.586198,0.664479,0.736624,0.539359,0.705872,0.721195,0.423856,spectrum_fno48_floor6_smooth1_qc_peak4_fieldloss
run61_sparc_1356,sparc_1356,0.573004,0.641280,0.231738,0.560650,0.636756,0.206429,0.907340,0.941919,0.857374,0.652949,0.815822,0.328238,spectrum_fno48_floor6_smooth1_qc_peak4_fieldloss_smooth0
run61_sparc_1406,sparc_1406,0.572125,0.764906,0.493245,0.571916,0.759846,0.480906,0.872624,0.883487,0.803714,0.979340,0.961255,0.783654,spectrum_fno48_floor6_smooth1_qc_peak4_fieldloss_smooth0
run61_sparc_1407,sparc_1407,0.617911,0.682682,0.573820,0.603252,0.681082,0.524387,0.852501,0.922777,0.789176,0.972990,0.927369,0.768382,spectrum_fno48_floor6_smooth1_qc_peak4_fieldloss_smooth0
run61_sparc_1411,sparc_1411,0.667732,0.589515,0.267127,0.654537,0.589391,0.266717,0.940941,0.955680,0.861096,0.843754,0.580152,0.560155,spectrum_fno48_floor6_smooth1_qc_peak4_fieldloss_smooth0
run61_sparc_1419,sparc_1419,0.570833,0.754021,0.205204,0.555079,0.736317,0.198042,0.920393,0.942281,0.855230,0.919287,0.875755,0.386554,spectrum_fno48_floor6_smooth1_qc_peak4_fieldloss_smooth0
run61_sparc_1426,sparc_1426,0.706103,0.722743,0.564699,0.696277,0.721119,0.539849,0.937376,0.941870,0.845030,0.940642,0.881037,0.705301,spectrum_fno48_floor6_smooth1_qc_peak4_fieldloss_smooth0
run61_sparc_1430,sparc_1430,0.714285,1.227121,0.533568,0.663195,0.803995,0.525605,0.895903,0.925326,0.794688,0.947199,0.908825,0.666021,spectrum_fno48_floor6_smooth1_qc_peak4_fieldloss_smooth0
run61_sparc_1500,sparc_1500,0.424364,0.452436,0.372743,0.421864,0.451105,0.367019,0.965699,0.982441,0.969312,0.857823,0.836224,0.808256,spectrum_fno48_floor6_smooth1_qc_peak4_fieldloss_smooth0
run61_sparc_1501,sparc_1501,0.589313,0.724629,0.281989,0.579113,0.698299,0.279595,0.931633,0.939072,0.848184,0.855317,0.922410,0.731391,spectrum_fno48_floor6_smooth1_qc_peak4_fieldloss_smooth0
run61_sparc_1502,sparc_1502,0.508875,0.825258,0.277537,0.506948,0.675151,0.273640,0.937950,0.945020,0.833291,0.809694,0.781208,0.557668,spectrum_fno48_floor6_smooth1_qc_peak4_fieldloss_smooth0
run61_sparc_1503,sparc_1503,0.717501,0.726214,0.197646,0.601531,0.630939,0.186559,0.946137,0.951807,0.828996,0.875727,0.688031,0.568535,spectrum_fno48_floor6_smooth1_qc_peak4_fieldloss_smooth0
run61_sparc_1508,sparc_1508,0.751715,0.834222,0.419361,0.664176,0.783570,0.381869,0.833290,0.888943,0.757482,0.775737,0.898702,0.517069,spectrum_fno48_floor6_smooth1_qc_peak4_fieldloss_smooth0
run61_sparc_1509,sparc_1509,0.686051,0.603407,0.269468,0.658327,0.599464,0.268284,0.910678,0.911722,0.848223,0.840966,0.346733,0.583976,spectrum_fno48_floor6_smooth1_qc_peak4_fieldloss_smooth0
run61_sparc_1512,sparc_1512,0.658613,0.608514,0.268609,0.640908,0.608480,0.268258,0.949053,0.960819,0.883385,0.762778,0.599555,0.582909,spectrum_fno48_floor6_smooth1_qc_peak4_fieldloss_smooth0
run61_sparc_1516,sparc_1516,0.738920,0.611037,0.311776,0.643824,0.603503,0.275835,0.944807,0.957273,0.886638,0.824253,0.687490,0.558734,spectrum_fno48_floor6_smooth1_qc_peak4_fieldloss_smooth0
run61_sparc_1517,sparc_1517,0.798787,0.659131,0.342593,0.647401,0.637321,0.300755,0.939315,0.957836,0.887310,0.827041,0.731260,0.548669,spectrum_fno48_floor6_smooth1_qc_peak4_fieldloss_smooth0
run61_sparc_1522,sparc_1522,0.671512,0.788315,0.379930,0.621215,0.784785,0.357965,0.779944,0.836871,0.594081,0.815706,0.479881,0.556091,spectrum_fno48_floor6_smooth1_qc_peak4_fieldloss_smooth0
run61_sparc_1527,sparc_1527,0.885396,1.010320,0.262702,0.586485,0.678609,0.262554,0.885186,0.938066,0.836414,0.953916,0.667546,0.700207,spectrum_fno48_floor6_smooth1_qc_peak4_fieldloss_smooth0
run61_sparc_1529,sparc_1529,0.749893,0.772609,0.799925,0.715272,0.768264,0.794470,0.862343,0.849058,0.742110,0.971388,0.973794,0.889890,spectrum_fno48_floor6_smooth1_qc_peak4_fieldloss
run61_sparc_1593,sparc_1593,0.681579,0.682045,0.234797,0.595233,0.622441,0.217944,0.939461,0.946322,0.829679,0.889215,0.668973,0.504839,spectrum_fno48_floor6_smooth1_qc_peak4_fieldloss_smooth0
run62_sparc_1307,sparc_1307,0.768099,0.907628,0.425565,0.683068,0.728883,0.421877,0.925787,0.937351,0.823783,0.933736,0.932884,0.681997,spectrum_fno48_floor6_smooth1_qc_peak4_fieldloss_smooth0
run62_sparc_1309,sparc_1309,0.993358,0.975373,0.340670,0.712064,0.740026,0.322790,0.905852,0.921662,0.761660,0.942570,0.907078,0.555949,spectrum_fno48_floor6_smooth1_qc_peak4_fieldloss_smooth0
run62_sparc_1319,sparc_1319,0.535599,0.628384,0.271598,0.532300,0.608335,0.257347,0.915443,0.914776,0.716001,0.897351,0.800020,0.478191,spectrum_fno48_floor6_smooth1_qc_peak4_fieldloss_smooth0
run62_sparc_1351,sparc_1351,0.548789,0.592396,0.281632,0.543644,0.572370,0.279120,0.896767,0.900605,0.677171,0.928538,0.735499,0.574038,spectrum_fno48_floor6_smooth1_qc_peak4_fieldloss_smooth0
run62_sparc_1358,sparc_1358,0.483870,0.582360,0.254140,0.481798,0.560989,0.254138,0.878393,0.897141,0.675662,0.920867,0.903996,0.675698,spectrum_fno48_floor6_smooth1_qc_peak4_fieldloss_smooth0
run62_sparc_1362,sparc_1362,0.436982,0.544014,0.220771,0.436587,0.532042,0.216271,0.903565,0.907351,0.697754,0.954440,0.944805,0.753945,spectrum_fno48_floor6_smooth1_qc_peak4_fieldloss_smooth0
run62_sparc_1404,sparc_1404,0.670083,0.893773,0.195331,0.637925,0.727003,0.176981,0.921567,0.936956,0.816930,0.903783,0.806074,0.590451,spectrum_fno48_floor6_smooth1_qc_peak4_fieldloss_smooth0
run62_sparc_1405,sparc_1405,0.724807,0.922878,0.167130,0.675531,0.775105,0.166309,0.938376,0.944896,0.813973,0.869248,0.776300,0.515744,spectrum_fno48_floor6_smooth1_qc_peak4_fieldloss_smooth0
run62_sparc_1416,sparc_1416,0.546417,0.586393,0.260032,0.537655,0.575277,0.260009,0.918264,0.918039,0.722932,0.948329,0.757347,0.535170,spectrum_fno48_floor6_smooth1_qc_peak4_fieldloss_smooth0
run62_sparc_1422,sparc_1422,0.522792,0.650256,0.316707,0.515608,0.612788,0.314725,0.903450,0.902798,0.697980,0.892996,0.773606,0.442619,spectrum_fno48_floor6_smooth1_qc_peak4_fieldloss_smooth0
run62_sparc_1425,sparc_1425,1.100131,1.219330,0.364313,0.820233,0.814300,0.364082,0.944367,0.946150,0.846698,0.815263,0.866421,0.509252,spectrum_fno48_floor6_smooth1_qc_peak4_fieldloss_smooth0
run62_sparc_1440,sparc_1440,0.761477,0.821536,0.255813,0.681698,0.735855,0.253477,0.954932,0.955027,0.851706,0.911452,0.862804,0.555279,spectrum_fno48_floor6_smooth1_qc_peak4_fieldloss_smooth0
run62_sparc_1441,sparc_1441,0.750904,0.803744,0.250959,0.678608,0.734059,0.248789,0.954698,0.955123,0.849748,0.909425,0.865951,0.563923,spectrum_fno48_floor6_smooth1_qc_peak4_fieldloss_smooth0
run62_sparc_1503,sparc_1503,1.158142,1.304298,0.532297,0.852073,0.879557,0.496208,0.887242,0.864097,0.735242,0.944509,0.893362,0.556480,spectrum_fno48_floor6_smooth1_qc_peak4_fieldloss_smooth0
run62_sparc_1508,sparc_1508,0.790403,1.117145,0.362674,0.689629,0.767519,0.338241,0.928401,0.939478,0.786599,0.841904,0.825946,0.549586,spectrum_fno48_floor6_smooth1_qc_peak4_fieldloss_smooth0
run62_sparc_1515,sparc_1515,0.540734,0.611955,0.266699,0.533866,0.588326,0.259670,0.904348,0.906999,0.694644,0.927962,0.759787,0.527299,spectrum_fno48_floor6_smooth1_qc_peak4_fieldloss_smooth0
run62_sparc_1525,sparc_1525,0.759643,0.955818,0.235174,0.692064,0.765200,0.229289,0.936452,0.933745,0.824179,0.847836,0.804581,0.494014,spectrum_fno48_floor6_smooth1_qc_peak4_fieldloss_smooth0
run63_sparc_1316,sparc_1316,0.580353,0.563647,0.408272,0.542567,0.537111,0.399616,0.912780,0.921820,0.752469,0.878703,0.844294,0.440497,spectrum_fno48_floor6_smooth1_qc_peak4_fieldloss_smooth0
run63_sparc_1317,sparc_1317,0.595926,0.590177,0.342897,0.543769,0.534596,0.324760,0.913728,0.921911,0.736278,0.907151,0.895273,0.577646,spectrum_fno48_floor6_smooth1_qc_peak4_fieldloss_smooth0
run63_sparc_1319,sparc_1319,0.545503,0.566457,0.292571,0.502916,0.526719,0.289991,0.911332,0.920354,0.737861,0.906159,0.867093,0.398380,spectrum_fno48_floor6_smooth1_qc_peak4_fieldloss_smooth0
run63_sparc_1401,sparc_1401,0.932073,0.863049,0.997735,0.909300,0.850027,0.923251,0.842528,0.918644,0.807413,0.990344,0.987173,0.939701,spectrum_fno48_floor6_smooth1_qc_peak4
run63_sparc_1406,sparc_1406,0.804128,0.817594,0.765905,0.666247,0.689759,0.687844,0.914281,0.912793,0.758596,0.964414,0.937077,0.673428,spectrum_fno48_floor6_smooth1_qc_peak4_fieldloss_smooth0
run63_sparc_1409,sparc_1409,0.843178,0.890559,0.627012,0.842943,0.872752,0.622941,0.884434,0.773048,0.688905,0.912611,0.813182,0.395128,spectrum_fno48_floor6_smooth1_qc_peak4_fieldloss_smooth0
run63_sparc_1419,sparc_1419,0.737030,0.675559,0.757018,0.717089,0.665314,0.708993,0.893835,0.910507,0.735488,0.920130,0.927041,0.687771,spectrum_fno48_floor6_smooth1_qc_peak4
run63_sparc_1423,sparc_1423,0.670693,0.731898,0.520309,0.663953,0.706143,0.516443,0.889898,0.893033,0.722570,0.936027,0.958457,0.593518,spectrum_fno48_floor6_smooth1_qc_peak4_fieldloss_smooth0
run63_sparc_1425,sparc_1425,0.809662,0.787658,0.650916,0.702966,0.722184,0.649930,0.883891,0.872125,0.724790,0.966636,0.933474,0.647696,spectrum_fno48_floor6_smooth1_qc_peak4_fieldloss_smooth0
run63_sparc_1441,sparc_1441,0.600889,0.672732,0.470635,0.598756,0.667212,0.464010,0.917968,0.919389,0.772481,0.943146,0.765034,0.642243,spectrum_fno48_floor6_smooth1_qc_peak4_fieldloss_smooth0
run63_sparc_1506,sparc_1506,0.732458,0.705647,0.684763,0.671313,0.661634,0.652997,0.901792,0.909820,0.744569,0.957517,0.917205,0.608941,spectrum_fno48_floor6_smooth1_qc_peak4_fieldloss_smooth0
run63_sparc_1507,sparc_1507,0.596362,0.701328,0.511721,0.587375,0.689750,0.509855,0.922139,0.919193,0.775319,0.912042,0.871003,0.402876,spectrum_fno48_floor6_smooth1_qc_peak4_fieldloss_smooth0
run63_sparc_1516,sparc_1516,0.530439,0.595168,0.343263,0.524352,0.578856,0.337229,0.923428,0.925441,0.753189,0.932934,0.684767,0.523615,spectrum_fno48_floor6_smooth1_qc_peak4_fieldloss_smooth0
run63_sparc_1519,sparc_1519,0.753711,0.731803,0.841148,0.722126,0.673684,0.759833,0.908281,0.913754,0.750166,0.884352,0.927288,0.689759,spectrum_fno48_floor6_smooth1_qc_peak4
run63_sparc_1523,sparc_1523,0.807690,0.782816,0.708869,0.659290,0.641878,0.625400,0.850604,0.859902,0.685201,0.980358,0.972724,0.721697,spectrum_fno48_floor6_smooth1_qc_peak4_fieldloss_smooth0
run63_sparc_1525,sparc_1525,0.611997,0.670976,0.526352,0.610716,0.660121,0.526288,0.903230,0.912635,0.757361,0.937236,0.963377,0.647237,spectrum_fno48_floor6_smooth1_qc_peak4_fieldloss_smooth0
run63_sparc_1527,sparc_1527,0.698964,0.733923,0.627325,0.626881,0.654976,0.528893,0.918464,0.919683,0.808578,0.945795,0.931201,0.663888,spectrum_fno48_floor6_smooth1_qc_peak4_fieldloss_smooth0
run63_sparc_1593,sparc_1593,0.601063,0.624456,0.409850,0.590313,0.623575,0.399663,0.929614,0.931931,0.804464,0.917594,0.886675,0.742607,spectrum_fno48_floor6_smooth1_qc_peak4_fieldloss_smooth0
run64_sparc_1305,sparc_1305,0.653852,0.654316,0.539787,0.649590,0.653405,0.518192,0.921950,0.925115,0.801583,0.951085,0.919887,0.655456,spectrum_fno48_floor6_smooth1_qc_peak4_fieldloss_smooth0
run64_sparc_1307,sparc_1307,0.611220,0.687502,0.574200,0.558691,0.603103,0.569268,0.915869,0.918637,0.765395,0.983085,0.964595,0.717078,spectrum_fno48_floor6_smooth1_qc_peak4_fieldloss_smooth0
run64_sparc_1311,sparc_1311,0.631385,0.585783,0.407620,0.596200,0.575422,0.406298,0.910379,0.920998,0.744433,0.896442,0.789643,0.435405,spectrum_fno48_floor6_smooth1_qc_peak4_fieldloss_smooth0
run64_sparc_1315,sparc_1315,0.746299,0.659319,0.438570,0.646118,0.609386,0.433692,0.915926,0.917547,0.768724,0.906036,0.838718,0.521828,spectrum_fno48_floor6_smooth1_qc_peak4_fieldloss_smooth0
run64_sparc_1316,sparc_1316,0.701009,0.672735,0.489744,0.661509,0.612462,0.477127,0.912972,0.920265,0.747509,0.865965,0.839459,0.349935,spectrum_fno48_floor6_smooth1_qc_peak4_fieldloss_smooth0
run64_sparc_1317,sparc_1317,0.696838,0.668668,0.398842,0.640394,0.617340,0.398775,0.916413,0.919889,0.759914,0.905104,0.850358,0.548403,spectrum_fno48_floor6_smooth1_qc_peak4_fieldloss_smooth0
run64_sparc_1350,sparc_1350,0.623042,0.603816,0.389548,0.605009,0.589964,0.389042,0.929809,0.932205,0.787056,0.858760,0.818180,0.535297,spectrum_fno48_floor6_smooth1_qc_peak4_fieldloss_smooth0
run64_sparc_1353,sparc_1353,0.690095,0.772839,0.434121,0.617212,0.686999,0.396551,0.899089,0.907031,0.726152,0.890057,0.906134,0.518343,spectrum_fno48_floor6_smooth1_qc_peak4_fieldloss_smooth0
run64_sparc_1360,sparc_1360,0.672613,0.682345,0.492646,0.625037,0.645986,0.446571,0.896162,0.901247,0.727424,0.896630,0.880436,0.464297,spectrum_fno48_floor6_smooth1_qc_peak4_fieldloss_smooth0
run64_sparc_1364,sparc_1364,0.614804,0.787338,0.593501,0.579358,0.677452,0.546194,0.912043,0.912362,0.731248,0.957411,0.962785,0.671904,spectrum_fno48_floor6_smooth1_qc_peak4_fieldloss_smooth0
run64_sparc_1404,sparc_1404,0.666716,0.649867,0.491284,0.635356,0.614869,0.489559,0.928356,0.934779,0.816715,0.909075,0.932243,0.566875,spectrum_fno48_floor6_smooth1_qc_peak4_fieldloss_smooth0
run64_sparc_1405,sparc_1405,0.966178,0.956628,0.913289,0.878908,0.862049,0.855417,0.750350,0.755855,0.672702,0.979936,0.979328,0.862587,spectrum_fno48_floor6_smooth1_qc_peak4_fieldloss_smooth0
run64_sparc_1415,sparc_1415,0.708786,0.712320,0.514383,0.646968,0.660623,0.455174,0.910445,0.916425,0.762860,0.912375,0.884736,0.379735,spectrum_fno48_floor6_smooth1_qc_peak4_fieldloss_smooth0
run64_sparc_1423,sparc_1423,0.678894,0.663313,0.557602,0.675142,0.660671,0.555756,0.901230,0.909590,0.780914,0.912710,0.884161,0.651356,spectrum_fno48_floor6_smooth1_qc_peak4_fieldloss_smooth0
run64_sparc_1426,sparc_1426,0.743645,0.727667,0.553372,0.737871,0.714234,0.550433,0.912316,0.902329,0.795823,0.920210,0.907631,0.700630,spectrum_fno48_floor6_smooth1_qc_peak4_fieldloss_smooth0
run64_sparc_1428,sparc_1428,0.728226,0.721646,0.700635,0.694495,0.696195,0.628905,0.868035,0.889167,0.787080,0.933361,0.899751,0.720254,spectrum_fno48_floor6_smooth1_qc_peak4_fieldloss_smooth0
run64_sparc_1441,sparc_1441,0.586073,0.617514,0.407170,0.542523,0.600728,0.380181,0.933634,0.927590,0.801123,0.874914,0.832955,0.437943,spectrum_fno48_floor6_smooth1_qc_peak4_fieldloss_smooth0
run64_sparc_1500,sparc_1500,0.388673,0.442417,0.281768,0.321714,0.413927,0.247072,0.992739,0.993330,0.988342,0.950436,0.925202,0.907318,spectrum_fno48_floor6_smooth1_qc_peak4_fieldloss_smooth0
run64_sparc_1509,sparc_1509,0.697364,0.704740,0.463037,0.658236,0.655638,0.453240,0.913812,0.915700,0.753400,0.884904,0.797737,0.389828,spectrum_fno48_floor6_smooth1_qc_peak4_fieldloss_smooth0
run64_sparc_1511,sparc_1511,0.661935,0.671376,0.489856,0.654542,0.657898,0.488791,0.918472,0.919614,0.772199,0.938448,0.859504,0.389039,spectrum_fno48_floor6_smooth1_qc_peak4_fieldloss_smooth0
run64_sparc_1513,sparc_1513,0.693947,0.680503,0.557404,0.679771,0.676005,0.552373,0.899835,0.907166,0.743357,0.920332,0.861698,0.623808,spectrum_fno48_floor6_smooth1_qc_peak4_fieldloss_smooth0
run64_sparc_1520,sparc_1520,0.966944,0.731520,0.555934,0.824123,0.696984,0.553782,0.887538,0.908346,0.756089,0.962224,0.952156,0.629826,spectrum_fno48_floor6_smooth1_qc_peak4_fieldloss_smooth0
run64_sparc_1529,sparc_1529,0.725158,0.749835,0.778630,0.725157,0.745733,0.737563,0.899535,0.900409,0.832003,0.962778,0.915415,0.710853,spectrum_fno48_floor6_smooth1_qc_peak4_fieldloss
run65_sparc_1307,sparc_1307,0.856723,0.920696,0.812983,0.841111,0.875507,0.806936,0.510602,0.362332,0.274788,0.968968,0.956628,0.598300,spectrum_fno48_floor6_smooth1_qc_peak4_fieldloss_smooth0
run65_sparc_1311,sparc_1311,0.523935,0.657910,0.281781,0.509098,0.614202,0.280681,0.920599,0.922731,0.737254,0.895736,0.832859,0.530145,spectrum_fno48_floor6_smooth1_qc_peak4_fieldloss_smooth0
run65_sparc_1315,sparc_1315,0.533868,0.598996,0.302171,0.482867,0.539722,0.295399,0.912694,0.913057,0.705833,0.944670,0.668339,0.462813,spectrum_fno48_floor6_smooth1_qc_peak4_fieldloss_smooth0
run65_sparc_1316,sparc_1316,0.494761,0.574472,0.295588,0.476908,0.530253,0.294410,0.898982,0.901553,0.689739,0.956572,0.726603,0.450766,spectrum_fno48_floor6_smooth1_qc_peak4_fieldloss_smooth0
run65_sparc_1351,sparc_1351,0.532298,0.635574,0.300737,0.488128,0.547725,0.298473,0.889027,0.889459,0.664975,0.949055,0.757727,0.526420,spectrum_fno48_floor6_smooth1_qc_peak4_fieldloss_smooth0
run65_sparc_1359,sparc_1359,0.441418,0.565411,0.251879,0.435180,0.521258,0.250668,0.908463,0.910550,0.726548,0.907665,0.882090,0.471643,spectrum_fno48_floor6_smooth1_qc_peak4_fieldloss_smooth0
run65_sparc_1361,sparc_1361,0.430848,0.551557,0.244145,0.429206,0.522347,0.244144,0.898723,0.903070,0.712545,0.907328,0.902875,0.533117,spectrum_fno48_floor6_smooth1_qc_peak4_fieldloss_smooth0
run65_sparc_1362,sparc_1362,0.444772,0.606610,0.249688,0.436955,0.543436,0.248958,0.849822,0.851500,0.618187,0.913314,0.895226,0.527366,spectrum_fno48_floor6_smooth1_qc_peak4_fieldloss_smooth0
run65_sparc_1363,sparc_1363,0.447493,0.533520,0.255569,0.440830,0.516758,0.252539,0.891141,0.896184,0.702376,0.962192,0.861229,0.619369,spectrum_fno48_floor6_smooth1_qc_peak4_fieldloss_smooth0
run65_sparc_1364,sparc_1364,0.485392,0.638142,0.272816,0.481486,0.616186,0.272265,0.899843,0.899386,0.706808,0.877732,0.908014,0.342272,spectrum_fno48_floor6_smooth1_qc_peak4_fieldloss_smooth0
run65_sparc_1365,sparc_1365,0.434752,0.596656,0.224517,0.426108,0.541825,0.224314,0.886025,0.889858,0.668851,0.895358,0.916384,0.547694,spectrum_fno48_floor6_smooth1_qc_peak4_fieldloss_smooth0
run65_sparc_1411,sparc_1411,0.526217,0.639064,0.275689,0.509939,0.584953,0.273181,0.930167,0.927421,0.753459,0.886309,0.879434,0.475212,spectrum_fno48_floor6_smooth1_qc_peak4_fieldloss_smooth0
run65_sparc_1421,sparc_1421,0.536563,0.583130,0.339393,0.518487,0.554777,0.338760,0.920355,0.919190,0.740009,0.932978,0.731083,0.391560,spectrum_fno48_floor6_smooth1_qc_peak4_fieldloss_smooth0
run65_sparc_1423,sparc_1423,0.625012,0.762634,0.603715,0.622818,0.733535,0.591130,0.881163,0.860620,0.667983,0.960787,0.780265,0.725592,spectrum_fno48_floor6_smooth1_qc_peak4_fieldloss_smooth0
run65_sparc_1425,sparc_1425,0.673960,0.840616,0.550176,0.645284,0.775771,0.548782,0.891080,0.856448,0.710122,0.834121,0.789044,0.576776,spectrum_fno48_floor6_smooth1_qc_peak4_fieldloss_smooth0
run65_sparc_1428,sparc_1428,0.793075,0.872292,0.727869,0.761861,0.790202,0.721778,0.863779,0.810322,0.715707,0.967984,0.902528,0.723890,spectrum_fno48_floor6_smooth1_qc_peak4_fieldloss_smooth0
run65_sparc_1441,sparc_1441,0.810134,1.123961,0.647670,0.788880,0.878641,0.634378,0.871655,0.831380,0.691524,0.684466,0.843503,0.685544,spectrum_fno48_floor6_smooth1_qc_peak4_fieldloss_smooth0
run65_sparc_1506,sparc_1506,1.047926,1.530513,0.921485,0.877748,0.915173,0.851349,0.695845,0.675553,0.641126,0.875168,0.726852,0.760499,spectrum_fno48_floor6_smooth1_qc_peak4_fieldloss_smooth0
run65_sparc_1507,sparc_1507,1.098149,1.383434,0.988545,0.859951,0.902594,0.887762,0.694374,0.636545,0.362828,0.902571,0.912791,0.573624,spectrum_fno48_floor6_smooth1_qc_peak4_fieldloss_smooth0
run65_sparc_1510,sparc_1510,0.601478,0.651534,0.297491,0.534751,0.590160,0.295400,0.932563,0.934381,0.766573,0.805331,0.855318,0.505802,spectrum_fno48_floor6_smooth1_qc_peak4_fieldloss_smooth0
run65_sparc_1512,sparc_1512,0.560042,0.623384,0.294374,0.517608,0.571339,0.292808,0.934588,0.937129,0.765111,0.921508,0.902563,0.630468,spectrum_fno48_floor6_smooth1_qc_peak4_fieldloss_smooth0
run65_sparc_1520,sparc_1520,0.510560,0.560617,0.321257,0.506477,0.558093,0.317094,0.913871,0.918466,0.713057,0.786351,0.822695,0.231906,spectrum_fno48_floor6_smooth1_qc_peak4_fieldloss_smooth0
run65_sparc_1525,sparc_1525,0.593043,0.771358,0.458474,0.569937,0.680824,0.448804,0.901555,0.867214,0.711855,0.912537,0.756508,0.535159,spectrum_fno48_floor6_smooth1_qc_peak4_fieldloss_smooth0
run65_sparc_1529,sparc_1529,0.747078,0.765229,0.671541,0.716491,0.760819,0.661439,0.844301,0.844469,0.758238,0.966798,0.930831,0.743502,spectrum_fno48_floor6_smooth1_qc_peak4_fieldloss_smooth0
run66_sparc_1302,sparc_1302,0.602250,0.830026,0.644074,0.588696,0.775703,0.619664,0.796894,0.792381,0.652310,0.939645,0.842697,0.672916,spectrum_fno48_floor6_smooth1_qc_peak4_fieldloss
run66_sparc_1303,sparc_1303,0.572217,0.657286,0.442631,0.571334,0.620138,0.437051,0.887518,0.887074,0.735836,0.951174,0.882745,0.809742,spectrum_fno48_floor6_smooth1_qc_peak4_fieldloss_smooth0
run66_sparc_1304,sparc_1304,0.714847,1.183860,0.573941,0.614868,0.811037,0.519761,0.898977,0.867655,0.736346,0.920554,0.880749,0.652099,spectrum_fno48_floor6_smooth1_qc_peak4_fieldloss_smooth0
run66_sparc_1313,sparc_1313,0.499238,0.549266,0.254602,0.482619,0.514652,0.253625,0.911867,0.917031,0.711358,0.868180,0.812987,0.456906,spectrum_fno48_floor6_smooth1_qc_peak4_fieldloss_smooth0
run66_sparc_1318,sparc_1318,0.440051,0.541283,0.263840,0.439674,0.521533,0.248510,0.908410,0.915984,0.717887,0.929840,0.831404,0.477001,spectrum_fno48_floor6_smooth1_qc_peak4_fieldloss_smooth0
run66_sparc_1319,sparc_1319,0.445857,0.550487,0.265244,0.445264,0.529289,0.253520,0.913444,0.916997,0.731105,0.912475,0.807437,0.464594,spectrum_fno48_floor6_smooth1_qc_peak4_fieldloss_smooth0
run66_sparc_1350,sparc_1350,0.499235,0.549263,0.254603,0.482618,0.514652,0.253626,0.911868,0.917031,0.711359,0.868175,0.812984,0.456895,spectrum_fno48_floor6_smooth1_qc_peak4_fieldloss_smooth0
run66_sparc_1408,sparc_1408,1.003879,1.235328,0.247526,0.749601,0.844995,0.244041,0.892605,0.910270,0.756638,0.931036,0.817774,0.453991,spectrum_fno48_floor6_smooth1_qc_peak4_fieldloss_smooth0
run66_sparc_1415,sparc_1415,0.527120,0.552704,0.269914,0.500472,0.531427,0.269122,0.921107,0.921940,0.737087,0.871328,0.662660,0.459574,spectrum_fno48_floor6_smooth1_qc_peak4_fieldloss_smooth0
run66_sparc_1416,sparc_1416,0.530972,0.567690,0.278941,0.501538,0.545036,0.278273,0.917224,0.919751,0.730287,0.938539,0.684734,0.424551,spectrum_fno48_floor6_smooth1_qc_peak4_fieldloss_smooth0
run66_sparc_1427,sparc_1427,0.656034,0.658641,0.599752,0.651527,0.655282,0.581917,0.873530,0.843145,0.697087,0.915827,0.767580,0.625272,spectrum_fno48_floor6_smooth1_qc_peak4_fieldloss_smooth0
run66_sparc_1429,sparc_1429,0.600175,0.599580,0.540348,0.597264,0.599552,0.540203,0.909927,0.901303,0.781657,0.953706,0.890174,0.732185,spectrum_fno48_floor6_smooth1_qc_peak4_fieldloss_smooth0
run66_sparc_1430,sparc_1430,0.858079,0.783380,0.811902,0.739859,0.679162,0.694629,0.542680,0.813817,0.478320,0.955922,0.903797,0.772900,spectrum_fno48_floor6_smooth1_qc_peak4
run66_sparc_1509,sparc_1509,0.531312,0.611974,0.320190,0.525739,0.583124,0.299329,0.932805,0.927418,0.765910,0.924919,0.824996,0.476314,spectrum_fno48_floor6_smooth1_qc_peak4_fieldloss_smooth0
run66_sparc_1514,sparc_1514,0.516040,0.540249,0.266111,0.504191,0.530315,0.265835,0.917180,0.921712,0.729358,0.921871,0.725175,0.394342,spectrum_fno48_floor6_smooth1_qc_peak4_fieldloss_smooth0
run66_sparc_1516,sparc_1516,0.524182,0.553465,0.253808,0.499687,0.536524,0.253320,0.903422,0.906070,0.708235,0.910136,0.728145,0.421915,spectrum_fno48_floor6_smooth1_qc_peak4_fieldloss_smooth0
run66_sparc_1529,sparc_1529,1.033344,1.087650,1.044304,0.864171,0.871968,0.828706,0.793585,0.741289,0.723292,0.962982,0.953076,0.823086,spectrum_fno48_floor6_smooth1_qc_peak4_fieldloss
run67_sparc_1302,sparc_1302,0.536852,1.201189,0.625821,0.514959,0.721275,0.573654,0.878720,0.875671,0.800451,0.917642,0.901980,0.772277,spectrum_fno48_floor6_smooth1_qc_peak4_fieldloss
run67_sparc_1304,sparc_1304,0.906452,1.175164,0.934181,0.748144,0.853530,0.790770,0.695280,0.613968,0.540236,0.979756,0.947055,0.521031,spectrum_fno48_floor6_smooth1_qc_peak4_fieldloss
run67_sparc_1318,sparc_1318,0.425534,0.589285,0.275448,0.421234,0.537565,0.252373,0.918748,0.917717,0.729839,0.840499,0.822635,0.571216,spectrum_fno48_floor6_smooth1_qc_peak4_fieldloss_smooth0
run67_sparc_1350,sparc_1350,0.456949,0.595403,0.296472,0.456873,0.541209,0.264419,0.916355,0.916273,0.732375,0.848479,0.866977,0.527187,spectrum_fno48_floor6_smooth1_qc_peak4_fieldloss_smooth0
run67_sparc_1362,sparc_1362,0.420643,0.539155,0.256151,0.420081,0.524375,0.250857,0.900004,0.899541,0.680493,0.913581,0.892848,0.729910,spectrum_fno48_floor6_smooth1_qc_peak4_fieldloss_smooth0
run67_sparc_1401,sparc_1401,0.693067,0.740545,0.564795,0.641687,0.668984,0.547373,0.601839,0.767548,0.650313,0.947793,0.900860,0.765956,spectrum_fno48_floor6_smooth1_qc_peak4_fieldloss_smooth0
run67_sparc_1403,sparc_1403,0.393884,0.940710,0.303692,0.391317,0.713346,0.295446,0.916956,0.938160,0.836511,0.884689,0.647118,0.641296,spectrum_fno48_floor6_smooth1_qc_peak4_fieldloss_smooth0
run67_sparc_1404,sparc_1404,0.615597,0.929277,0.588370,0.536365,0.668968,0.499950,0.883353,0.899996,0.797871,0.981548,0.966742,0.686885,spectrum_fno48_floor6_smooth1_qc_peak4_fieldloss_smooth0
run67_sparc_1410,sparc_1410,0.495472,0.676792,0.307439,0.488093,0.588994,0.273068,0.913766,0.913707,0.716781,0.885097,0.826576,0.337392,spectrum_fno48_floor6_smooth1_qc_peak4_fieldloss_smooth0
run67_sparc_1412,sparc_1412,0.473438,0.577741,0.298697,0.472772,0.546075,0.269522,0.915831,0.917473,0.725795,0.879412,0.722601,0.520609,spectrum_fno48_floor6_smooth1_qc_peak4_fieldloss_smooth0
run67_sparc_1417,sparc_1417,0.462726,0.560234,0.310710,0.462722,0.539253,0.267381,0.897270,0.899130,0.676070,0.906799,0.789773,0.581024,spectrum_fno48_floor6_smooth1_qc_peak4_fieldloss_smooth0
run67_sparc_1419,sparc_1419,0.534940,0.704275,0.369999,0.529504,0.660328,0.369988,0.863234,0.879483,0.655265,0.884398,0.853344,0.494329,spectrum_fno48_floor6_smooth1_qc_peak4_fieldloss_smooth0
run67_sparc_1427,sparc_1427,1.663185,1.764101,1.571569,0.924578,0.963571,0.933195,0.781464,0.697054,0.627535,0.938435,0.916364,0.698210,spectrum_fno48_floor6_smooth1_qc_peak4_fieldloss_smooth0
run67_sparc_1500,sparc_1500,1.093965,0.939712,1.107660,0.880571,0.924827,0.841853,0.980935,0.987492,0.976814,0.955634,0.908295,0.937590,spectrum_fno48_floor6_smooth1_qc_peak4
run67_sparc_1508,sparc_1508,1.279055,1.520672,0.477961,0.845468,0.872686,0.429969,0.921712,0.928677,0.775263,0.896025,0.773459,0.532836,spectrum_fno48_floor6_smooth1_qc_peak4_fieldloss_smooth0
run67_sparc_1509,sparc_1509,0.517281,0.651246,0.402643,0.516797,0.618298,0.350281,0.916790,0.915119,0.729784,0.917617,0.907837,0.540043,spectrum_fno48_floor6_smooth1_qc_peak4_fieldloss_smooth0
run67_sparc_1510,sparc_1510,0.510966,0.624425,0.323000,0.506116,0.577394,0.277225,0.917971,0.920740,0.746276,0.845369,0.783283,0.462487,spectrum_fno48_floor6_smooth1_qc_peak4_fieldloss_smooth0
run67_sparc_1514,sparc_1514,0.475554,0.548891,0.319517,0.475554,0.531955,0.277640,0.924784,0.925665,0.742496,0.931045,0.815703,0.676748,spectrum_fno48_floor6_smooth1_qc_peak4_fieldloss_smooth0
run67_sparc_1515,sparc_1515,0.464948,0.542486,0.312363,0.464345,0.530323,0.276829,0.924055,0.924218,0.736177,0.926994,0.790693,0.666858,spectrum_fno48_floor6_smooth1_qc_peak4_fieldloss_smooth0
run67_sparc_1517,sparc_1517,0.463922,0.578907,0.281605,0.460461,0.570133,0.271529,0.916283,0.917852,0.735860,0.930438,0.789204,0.710472,spectrum_fno48_floor6_smooth1_qc_peak4_fieldloss_smooth0
run67_sparc_1519,sparc_1519,0.538173,0.723775,0.456456,0.532302,0.675319,0.449121,0.874469,0.885582,0.656718,0.893141,0.885021,0.558740,spectrum_fno48_floor6_smooth1_qc_peak4_fieldloss_smooth0
run67_sparc_1522,sparc_1522,0.553030,0.634669,0.369211,0.543792,0.601715,0.369104,0.912929,0.913630,0.723037,0.836786,0.806084,0.475109,spectrum_fno48_floor6_smooth1_qc_peak4_fieldloss_smooth0
run67_sparc_1524,sparc_1524,0.748640,0.829541,0.632395,0.667621,0.755229,0.564942,0.898047,0.899508,0.721091,0.898434,0.888451,0.503322,spectrum_fno48_floor6_smooth1_qc_peak4_fieldloss_smooth0
run67_sparc_1526,sparc_1526,0.734428,0.895546,0.532897,0.702867,0.813249,0.522860,0.878228,0.868934,0.683603,0.938723,0.837534,0.500855,spectrum_fno48_floor6_smooth1_qc_peak4_fieldloss_smooth0
run67_sparc_1530,sparc_1530,0.858640,0.713047,0.688170,0.749962,0.687786,0.636075,0.912504,0.898066,0.854581,0.971865,0.969743,0.851030,spectrum_fno48_floor6_smooth1_qc_peak4_fieldloss_smooth0
run68_sparc_1305,sparc_1305,0.713832,0.842461,0.388910,0.686985,0.811259,0.385444,0.926579,0.931214,0.804673,0.958025,0.921613,0.786153,spectrum_fno48_floor6_smooth1_qc_peak4_fieldloss_smooth0
run68_sparc_1313,sparc_1313,0.429363,0.967160,0.125537,0.412167,0.965751,0.124059,0.916772,0.907262,0.831672,0.718474,0.252412,0.579040,spectrum_fno48_floor6_smooth1_qc_peak4_fieldloss_smooth0
run68_sparc_1314,sparc_1314,0.468509,0.972819,0.132179,0.434161,0.970282,0.131885,0.914358,0.904473,0.829879,0.628115,0.252456,0.580404,spectrum_fno48_floor6_smooth1_qc_peak4_fieldloss_smooth0
run68_sparc_1359,sparc_1359,0.776447,1.110163,0.191668,0.735968,0.997977,0.191556,0.744503,0.740112,0.611321,0.740567,0.281398,0.512782,spectrum_fno48_floor6_smooth1_qc_peak4_fieldloss_smooth0
run68_sparc_1364,sparc_1364,1.404532,1.122584,1.026919,0.959311,0.967215,0.770195,0.724450,0.767849,0.559457,0.812982,0.620459,0.545465,spectrum_fno48_floor6_smooth1_qc_peak4_fieldloss_smooth0
run68_sparc_1401,sparc_1401,0.658946,0.913492,0.437434,0.638665,0.767418,0.436983,0.930228,0.923785,0.850146,0.929620,0.870027,0.779398,spectrum_fno48_floor6_smooth1_qc_peak4_fieldloss_smooth0
run68_sparc_1414,sparc_1414,0.588015,0.948352,0.047973,0.491669,0.945254,0.047251,0.914285,0.934574,0.837975,0.653182,0.252685,0.581227,spectrum_fno48_floor6_smooth1_qc_peak4_fieldloss_smooth0
run68_sparc_1418,sparc_1418,0.739519,0.940338,0.141777,0.652110,0.937704,0.116822,0.899158,0.926259,0.828691,0.418550,0.252341,0.592294,spectrum_fno48_floor6_smooth1_qc_peak4_fieldloss_smooth0
run68_sparc_1420,sparc_1420,0.439589,0.764286,0.166435,0.430177,0.699298,0.165090,0.916799,0.891572,0.816716,0.715170,0.214955,0.579824,spectrum_fno48_floor6_smooth1_qc_peak4_fieldloss_smooth0
run68_sparc_1426,sparc_1426,1.047036,1.032398,0.470914,0.718449,0.824951,0.374662,0.922681,0.917516,0.823043,0.983150,0.926182,0.549402,spectrum_fno48_floor6_smooth1_qc_peak4_fieldloss_smooth0
run68_sparc_1430,sparc_1430,1.256417,1.397130,1.236843,0.804438,0.819714,0.799167,0.768367,0.837569,0.651189,0.917849,0.849530,0.754838,spectrum_fno48_floor6_smooth1_qc_peak4_fieldloss_smooth0
run68_sparc_1506,sparc_1506,1.187560,0.942197,0.703088,0.818293,0.900876,0.527530,0.908413,0.873064,0.787300,0.958465,0.940555,0.686264,spectrum_fno48_floor6_smooth1_qc_peak4_fieldloss_smooth0
run68_sparc_1508,sparc_1508,0.553264,0.931534,0.229682,0.515284,0.732900,0.210257,0.886659,0.905902,0.763760,0.806294,0.558793,0.493367,spectrum_fno48_floor6_smooth1_qc_peak4_fieldloss_smooth0
run68_sparc_1517,sparc_1517,0.540410,0.938526,0.123134,0.511722,0.935390,0.111307,0.893340,0.929482,0.832876,0.561758,0.253417,0.587412,spectrum_fno48_floor6_smooth1_qc_peak4_fieldloss_smooth0
run69_sparc_1309,sparc_1309,0.753899,1.059212,0.675392,0.637381,0.777718,0.556881,0.722525,0.706648,0.562162,0.977910,0.964487,0.840683,spectrum_fno48_floor6_smooth1_qc_peak4_fieldloss_smooth0
run69_sparc_1310,sparc_1310,0.545538,0.730130,0.459677,0.539253,0.653329,0.431344,0.884223,0.885904,0.642414,0.959467,0.816224,0.725938,spectrum_fno48_floor6_smooth1_qc_peak4_fieldloss_smooth0
run69_sparc_1311,sparc_1311,0.543080,0.705609,0.397710,0.533522,0.629058,0.379755,0.891624,0.893835,0.657682,0.951159,0.739425,0.573171,spectrum_fno48_floor6_smooth1_qc_peak4_fieldloss_smooth0
run69_sparc_1315,sparc_1315,0.556936,0.656446,0.332839,0.541496,0.597970,0.332615,0.905202,0.900430,0.672592,0.882911,0.727216,0.445592,spectrum_fno48_floor6_smooth1_qc_peak4_fieldloss_smooth0
run69_sparc_1358,sparc_1358,0.542178,0.659597,0.317039,0.524590,0.620499,0.309807,0.897248,0.897233,0.682964,0.901697,0.915550,0.595130,spectrum_fno48_floor6_smooth1_qc_peak4_fieldloss_smooth0
run69_sparc_1359,sparc_1359,0.542794,0.734240,0.339377,0.530997,0.648960,0.323172,0.894323,0.897012,0.685975,0.909372,0.851685,0.395880,spectrum_fno48_floor6_smooth1_qc_peak4_fieldloss_smooth0
run69_sparc_1363,sparc_1363,0.518827,0.674749,0.335843,0.513602,0.641534,0.335720,0.882133,0.883141,0.658410,0.936160,0.875430,0.502219,spectrum_fno48_floor6_smooth1_qc_peak4_fieldloss_smooth0
run69_sparc_1401,sparc_1401,0.581164,0.664787,0.473300,0.559324,0.546090,0.473300,0.950699,0.957228,0.896649,0.980105,0.978114,0.902250,spectrum_fno48_floor6_smooth1_qc_peak4_fieldloss_smooth0
run69_sparc_1404,sparc_1404,0.972220,1.332017,0.637251,0.770379,0.866705,0.565283,0.940136,0.935289,0.818487,0.911985,0.897138,0.464613,spectrum_fno48_floor6_smooth1_qc_peak4_fieldloss_smooth0
run69_sparc_1411,sparc_1411,0.534366,0.697229,0.349398,0.525543,0.620916,0.348672,0.901076,0.907753,0.693477,0.942106,0.756045,0.491904,spectrum_fno48_floor6_smooth1_qc_peak4_fieldloss_smooth0
run69_sparc_1416,sparc_1416,0.544678,0.725121,0.349641,0.534244,0.635635,0.338837,0.914210,0.911060,0.703007,0.933118,0.808194,0.501222,spectrum_fno48_floor6_smooth1_qc_peak4_fieldloss_smooth0
run69_sparc_1420,sparc_1420,0.540375,0.913788,0.343855,0.540325,0.807141,0.278560,0.882414,0.891636,0.657979,0.852677,0.869892,0.370002,spectrum_fno48_floor6_smooth1_qc_peak4_fieldloss_smooth0
run69_sparc_1422,sparc_1422,0.499056,0.765591,0.372744,0.473946,0.716936,0.359611,0.787556,0.890821,0.668868,0.916963,0.929393,0.510168,spectrum_fno48_floor6_smooth1_qc_peak4_fieldloss_smooth0
run69_sparc_1425,sparc_1425,1.267401,1.087914,0.931467,0.846178,0.818648,0.687013,0.928670,0.917136,0.773258,0.878714,0.772345,0.625313,spectrum_fno48_floor6_smooth1_qc_peak4_fieldloss_smooth0
run69_sparc_1441,sparc_1441,1.140477,1.260159,0.542815,0.822175,0.862009,0.522549,0.944398,0.947351,0.822878,0.836624,0.796049,0.582220,spectrum_fno48_floor6_smooth1_qc_peak4_fieldloss_smooth0
run69_sparc_1507,sparc_1507,1.132630,1.107141,0.734548,0.838437,0.880318,0.729218,0.856905,0.838411,0.712190,0.976636,0.974206,0.772803,spectrum_fno48_floor6_smooth1_qc_peak4_fieldloss_smooth0
run69_sparc_1511,sparc_1511,0.517502,0.687930,0.328665,0.511242,0.623517,0.325041,0.914825,0.917523,0.714771,0.886410,0.840224,0.473030,spectrum_fno48_floor6_smooth1_qc_peak4_fieldloss_smooth0
run69_sparc_1516,sparc_1516,0.536839,0.722330,0.332147,0.526858,0.636095,0.311554,0.899289,0.903084,0.681557,0.921017,0.855544,0.701165,spectrum_fno48_floor6_smooth1_qc_peak4_fieldloss_smooth0
run69_sparc_1525,sparc_1525,1.163784,1.164966,0.794037,0.823014,0.813380,0.642814,0.926829,0.913109,0.777447,0.826346,0.731629,0.627376,spectrum_fno48_floor6_smooth1_qc_peak4_fieldloss_smooth0
run69_sparc_1530,sparc_1530,0.963507,0.967984,0.798550,0.772489,0.756295,0.749364,0.908037,0.928420,0.866429,0.973406,0.945787,0.913626,spectrum_fno48_floor6_smooth1_qc_peak4_fieldloss_smooth0
run6_sparc_1307,sparc_1307,0.690293,0.798892,0.612829,0.665228,0.753733,0.611584,0.871660,0.846151,0.708966,0.863056,0.915403,0.393557,spectrum_fno48_floor6_smooth1_qc_peak4_fieldloss_smooth0
run6_sparc_1313,sparc_1313,0.527215,0.659939,0.337835,0.524895,0.630529,0.336880,0.922937,0.928615,0.766720,0.903884,0.858565,0.575345,spectrum_fno48_floor6_smooth1_qc_peak4_fieldloss_smooth0
run6_sparc_1317,sparc_1317,0.602527,0.637176,0.329721,0.562790,0.552383,0.324533,0.933144,0.932520,0.782957,0.919369,0.746577,0.537799,spectrum_fno48_floor6_smooth1_qc_peak4_fieldloss_smooth0
run6_sparc_1351,sparc_1351,0.576799,0.682613,0.430317,0.574232,0.660732,0.405151,0.917922,0.920897,0.764462,0.930004,0.874632,0.499465,spectrum_fno48_floor6_smooth1_qc_peak4_fieldloss_smooth0
run6_sparc_1354,sparc_1354,0.713216,0.771681,0.668266,0.692749,0.754825,0.659096,0.884220,0.877956,0.724993,0.910257,0.916039,0.584917,spectrum_fno48_floor6_smooth1_qc_peak4_fieldloss_smooth0
run6_sparc_1358,sparc_1358,0.602732,0.708464,0.582810,0.584286,0.670170,0.580883,0.911491,0.914815,0.745196,0.881865,0.880875,0.499986,spectrum_fno48_floor6_smooth1_qc_peak4_fieldloss_smooth0
run6_sparc_1360,sparc_1360,0.580815,0.730363,0.375463,0.561381,0.649153,0.374758,0.909870,0.915175,0.745191,0.915604,0.784289,0.397213,spectrum_fno48_floor6_smooth1_qc_peak4_fieldloss_smooth0
run6_sparc_1364,sparc_1364,0.751439,0.797786,0.568698,0.699939,0.770021,0.567255,0.893275,0.893991,0.772487,0.920053,0.896916,0.652833,spectrum_fno48_floor6_smooth1_qc_peak4_fieldloss_smooth0
run6_sparc_1401,sparc_1401,0.809989,0.851461,0.817041,0.778123,0.819961,0.802635,0.919107,0.935795,0.858489,0.987453,0.985171,0.930020,spectrum_fno48_floor6_smooth1_qc_peak4_fieldloss
run6_sparc_1402,sparc_1402,0.610624,0.679413,0.442757,0.608377,0.671640,0.418701,0.945862,0.953599,0.859599,0.936212,0.932893,0.670743,spectrum_fno48_floor6_smooth1_qc_peak4_fieldloss_smooth0
run6_sparc_1419,sparc_1419,0.575658,0.741749,0.544990,0.553062,0.697684,0.515481,0.874596,0.872828,0.699120,0.941659,0.958797,0.625913,spectrum_fno48_floor6_smooth1_qc_peak4_fieldloss_smooth0
run6_sparc_1423,sparc_1423,0.728441,0.705236,0.663471,0.674371,0.670149,0.539780,0.882921,0.905352,0.745292,0.941807,0.897912,0.646621,spectrum_fno48_floor6_smooth1_qc_peak4_fieldloss_smooth0
run6_sparc_1428,sparc_1428,0.709351,0.718328,0.601919,0.705077,0.713847,0.601831,0.910556,0.879389,0.819376,0.972123,0.966726,0.798842,spectrum_fno48_floor6_smooth1_qc_peak4_fieldloss_smooth0
run6_sparc_1430,sparc_1430,0.994518,0.935922,1.007798,0.906475,0.891588,0.941100,0.757521,0.828963,0.550476,0.987488,0.986039,0.934233,spectrum_fno48_floor6_smooth1_qc_peak4
run6_sparc_1503,sparc_1503,0.602375,0.674449,0.452847,0.594921,0.652682,0.452759,0.930729,0.938344,0.821925,0.937578,0.907311,0.650042,spectrum_fno48_floor6_smooth1_qc_peak4_fieldloss_smooth0
run6_sparc_1509,sparc_1509,0.691556,0.798286,0.515999,0.687360,0.768741,0.499966,0.893385,0.905453,0.724529,0.910870,0.836435,0.497223,spectrum_fno48_floor6_smooth1_qc_peak4_fieldloss_smooth0
run6_sparc_1527,sparc_1527,0.647561,0.655064,0.590485,0.640851,0.650649,0.589176,0.918044,0.925838,0.803264,0.912310,0.920183,0.696148,spectrum_fno48_floor6_smooth1_qc_peak4_fieldloss_smooth0
run6_sparc_1528,sparc_1528,0.916802,0.941255,0.800749,0.745081,0.758581,0.654515,0.892956,0.866656,0.796442,0.957699,0.941631,0.699956,spectrum_fno48_floor6_smooth1_qc_peak4_fieldloss_smooth0
run70_sparc_1301,sparc_1301,0.578139,0.693591,0.486163,0.553449,0.666555,0.481601,0.726049,0.727559,0.702249,0.896057,0.929364,0.775238,spectrum_fno48_floor6_smooth1_qc_peak4_fieldloss_smooth0
run70_sparc_1307,sparc_1307,0.848096,0.908905,0.484519,0.723777,0.756206,0.456331,0.910460,0.909338,0.765663,0.964518,0.937788,0.748282,spectrum_fno48_floor6_smooth1_qc_peak4_fieldloss_smooth0
run70_sparc_1309,sparc_1309,0.546639,0.798287,0.544723,0.546571,0.776596,0.540428,0.865045,0.816290,0.578574,0.963212,0.928991,0.797853,spectrum_fno48_floor6_smooth1_qc_peak4_fieldloss_smooth0
run70_sparc_1354,sparc_1354,0.500623,0.661561,0.355575,0.499875,0.652445,0.316931,0.871266,0.869373,0.661065,0.889434,0.863817,0.628645,spectrum_fno48_floor6_smooth1_qc_peak4_fieldloss_smooth0
run70_sparc_1359,sparc_1359,0.439527,0.545066,0.272349,0.435257,0.529669,0.268420,0.907189,0.910562,0.705363,0.911125,0.767297,0.604415,spectrum_fno48_floor6_smooth1_qc_peak4_fieldloss_smooth0
run70_sparc_1365,sparc_1365,0.460773,0.566855,0.312913,0.458853,0.550700,0.301307,0.899863,0.897862,0.695724,0.865438,0.740273,0.523189,spectrum_fno48_floor6_smooth1_qc_peak4_fieldloss_smooth0
run70_sparc_1400,sparc_1400,1.436227,1.094707,1.279416,0.999181,0.999819,0.953404,0.980840,0.989771,0.982208,0.943679,0.713629,0.937819,spectrum_fno48_floor6_smooth1_qc_peak4
run70_sparc_1405,sparc_1405,1.562688,1.409668,1.388487,0.938782,0.958000,0.779324,0.882745,0.880890,0.776147,0.956291,0.856424,0.838076,spectrum_fno48_floor6_smooth1_qc_peak4_fieldloss_smooth0
run70_sparc_1409,sparc_1409,0.518270,0.847671,0.401598,0.518202,0.799917,0.400016,0.855672,0.822939,0.676854,0.945488,0.912853,0.762036,spectrum_fno48_floor6_smooth1_qc_peak4_fieldloss_smooth0
run70_sparc_1413,sparc_1413,0.519315,0.675990,0.325528,0.514356,0.620721,0.306441,0.934150,0.931646,0.760685,0.882063,0.716743,0.593882,spectrum_fno48_floor6_smooth1_qc_peak4_fieldloss_smooth0
run70_sparc_1420,sparc_1420,0.487104,0.622647,0.314839,0.479943,0.598854,0.306514,0.914611,0.918949,0.722779,0.930600,0.803755,0.459247,spectrum_fno48_floor6_smooth1_qc_peak4_fieldloss_smooth0
run70_sparc_1441,sparc_1441,1.154303,1.417551,0.522967,0.845412,0.942180,0.423557,0.889438,0.902238,0.783822,0.839436,0.456034,0.702104,spectrum_fno48_floor6_smooth1_qc_peak4_fieldloss_smooth0
run70_sparc_1506,sparc_1506,1.082952,1.345719,0.652901,0.830897,0.915177,0.546054,0.897553,0.921347,0.799586,0.927108,0.746431,0.214637,spectrum_fno48_floor6_smooth1_qc_peak4_fieldloss_smooth0
run70_sparc_1509,sparc_1509,0.580963,0.797515,0.379879,0.578721,0.786287,0.374867,0.881898,0.849985,0.688090,0.937536,0.909541,0.776494,spectrum_fno48_floor6_smooth1_qc_peak4_fieldloss_smooth0
run70_sparc_1511,sparc_1511,0.534879,0.678754,0.317090,0.524578,0.648444,0.313901,0.929834,0.928183,0.756164,0.908084,0.738752,0.732003,spectrum_fno48_floor6_smooth1_qc_peak4_fieldloss_smooth0
run70_sparc_1512,sparc_1512,0.535322,0.677803,0.328771,0.534412,0.647618,0.325070,0.922061,0.919650,0.737745,0.898664,0.730424,0.699102,spectrum_fno48_floor6_smooth1_qc_peak4_fieldloss_smooth0
run70_sparc_1513,sparc_1513,0.552012,0.657125,0.314313,0.531190,0.639446,0.313660,0.923974,0.921393,0.737532,0.813116,0.736126,0.544329,spectrum_fno48_floor6_smooth1_qc_peak4_fieldloss_smooth0
run70_sparc_1516,sparc_1516,0.538347,0.607221,0.302936,0.505858,0.582121,0.301127,0.929451,0.928542,0.745245,0.875574,0.667949,0.520324,spectrum_fno48_floor6_smooth1_qc_peak4_fieldloss_smooth0
run70_sparc_1517,sparc_1517,0.554537,0.595274,0.326931,0.513924,0.575191,0.315747,0.924837,0.926023,0.738753,0.847127,0.640532,0.537438,spectrum_fno48_floor6_smooth1_qc_peak4_fieldloss_smooth0
run71_sparc_1300,sparc_1300,0.452260,0.520185,0.361867,0.438202,0.519439,0.361478,0.940595,0.959020,0.934370,0.975937,0.965541,0.868214,spectrum_fno48_floor6_smooth1_qc_peak4_fieldloss_smooth0
run71_sparc_1303,sparc_1303,0.744852,0.794156,0.444437,0.719292,0.748562,0.398033,0.907966,0.916100,0.797843,0.968078,0.958801,0.715198,spectrum_fno48_floor6_smooth1_qc_peak4_fieldloss_smooth0
run71_sparc_1305,sparc_1305,0.956254,1.059266,0.566244,0.726885,0.761368,0.447537,0.912445,0.915292,0.757075,0.831208,0.738747,0.417577,spectrum_fno48_floor6_smooth1_qc_peak4_fieldloss_smooth0
run71_sparc_1306,sparc_1306,0.821853,1.048757,0.546237,0.768585,0.819156,0.480291,0.920991,0.919451,0.763266,0.908558,0.880159,0.545280,spectrum_fno48_floor6_smooth1_qc_peak4_fieldloss_smooth0
run71_sparc_1310,sparc_1310,0.592619,0.626414,0.150863,0.584526,0.626414,0.128224,0.865030,0.901694,0.733499,0.883284,0.574222,0.522106,spectrum_fno48_floor6_smooth1_qc_peak4_fieldloss_smooth0
run71_sparc_1311,sparc_1311,0.624413,0.637776,0.130539,0.598582,0.631693,0.122176,0.887033,0.899038,0.727452,0.891807,0.539873,0.558345,spectrum_fno48_floor6_smooth1_qc_peak4_fieldloss_smooth0
run71_sparc_1313,sparc_1313,0.632667,0.751234,0.635905,0.622049,0.709520,0.454226,0.916981,0.907272,0.706952,0.878403,0.777694,0.642822,spectrum_fno48_floor6_smooth1_qc_peak4_fieldloss
run71_sparc_1318,sparc_1318,0.671830,0.810999,0.497557,0.641437,0.723217,0.421862,0.897916,0.895630,0.669712,0.921519,0.619821,0.484307,spectrum_fno48_floor6_smooth1_qc_peak4_fieldloss_smooth0
run71_sparc_1352,sparc_1352,0.611302,0.765156,0.815302,0.599900,0.687595,0.506569,0.889650,0.885302,0.666168,0.898553,0.793797,0.619053,spectrum_fno48_floor6_smooth1_qc_peak4_fieldloss
run71_sparc_1357,sparc_1357,0.624533,1.001613,1.379990,0.576515,0.754531,0.681395,0.876295,0.865660,0.627354,0.870215,0.877982,0.593797,spectrum_fno48_floor6_smooth1_qc_peak4_fieldloss
run71_sparc_1364,sparc_1364,0.566638,0.651097,0.320534,0.566542,0.646962,0.313569,0.871149,0.878283,0.641389,0.893738,0.669979,0.582204,spectrum_fno48_floor6_smooth1_qc_peak4_fieldloss_smooth0
run71_sparc_1421,sparc_1421,0.614351,0.711541,0.226911,0.608570,0.711365,0.226687,0.889585,0.831797,0.690322,0.876686,0.684889,0.572870,spectrum_fno48_floor6_smooth1_qc_peak4_fieldloss_smooth0
run71_sparc_1424,sparc_1424,0.787502,0.880770,0.706843,0.701431,0.773591,0.685605,0.937196,0.947371,0.824675,0.880490,0.852789,0.504809,spectrum_fno48_floor6_smooth1_qc_peak4_fieldloss_smooth0
run71_sparc_1429,sparc_1429,0.743900,0.941901,0.481898,0.615220,0.682061,0.480799,0.837572,0.901863,0.761303,0.980788,0.963429,0.858372,spectrum_fno48_floor6_smooth1_qc_peak4_fieldloss_smooth0
run71_sparc_1504,sparc_1504,0.798189,1.067067,0.581424,0.695084,0.801409,0.554084,0.926867,0.932254,0.791948,0.864705,0.894779,0.485679,spectrum_fno48_floor6_smooth1_qc_peak4_fieldloss_smooth0
run71_sparc_1505,sparc_1505,0.888773,0.990794,0.550803,0.737139,0.795619,0.393498,0.906274,0.911589,0.760394,0.847305,0.845908,0.439086,spectrum_fno48_floor6_smooth1_qc_peak4_fieldloss_smooth0
run71_sparc_1512,sparc_1512,0.620926,0.628948,0.144571,0.590649,0.628792,0.143409,0.901614,0.890530,0.733521,0.848856,0.601866,0.660103,spectrum_fno48_floor6_smooth1_qc_peak4_fieldloss_smooth0
run71_sparc_1514,sparc_1514,0.582315,0.660375,0.202773,0.580348,0.659528,0.196914,0.902362,0.900780,0.722699,0.842706,0.610231,0.642198,spectrum_fno48_floor6_smooth1_qc_peak4_fieldloss_smooth0
run71_sparc_1515,sparc_1515,0.686095,0.727169,0.146514,0.635003,0.712076,0.139265,0.886161,0.869594,0.727272,0.904980,0.567724,0.590663,spectrum_fno48_floor6_smooth1_qc_peak4_fieldloss_smooth0
run71_sparc_1527,sparc_1527,0.647124,0.807992,0.293887,0.583665,0.669501,0.237585,0.930682,0.940363,0.821321,0.824954,0.662273,0.367368,spectrum_fno48_floor6_smooth1_qc_peak4_fieldloss_smooth0
run72_sparc_1301,sparc_1301,0.848799,0.878043,0.946464,0.812675,0.824430,0.858148,0.889670,0.889052,0.788571,0.978333,0.981784,0.931706,spectrum_fno48_floor6_smooth1_qc_peak4_fieldloss
run72_sparc_1302,sparc_1302,0.768450,0.762128,0.757504,0.766077,0.762061,0.753360,0.883510,0.868395,0.795428,0.968148,0.948999,0.821976,spectrum_fno48_floor6_smooth1_qc_peak4_fieldloss_smooth0
run72_sparc_1315,sparc_1315,0.540796,0.574867,0.353299,0.525041,0.565166,0.350518,0.905920,0.912756,0.735250,0.948650,0.864351,0.559923,spectrum_fno48_floor6_smooth1_qc_peak4_fieldloss_smooth0
run72_sparc_1352,sparc_1352,0.595325,0.641546,0.512780,0.561648,0.576299,0.504849,0.920369,0.921248,0.745647,0.856053,0.732815,0.471465,spectrum_fno48_floor6_smooth1_qc_peak4_fieldloss_smooth0
run72_sparc_1353,sparc_1353,0.505900,0.684305,0.322457,0.492018,0.602368,0.320992,0.915789,0.917060,0.754269,0.909735,0.936393,0.547722,spectrum_fno48_floor6_smooth1_qc_peak4_fieldloss_smooth0
run72_sparc_1354,sparc_1354,0.698829,0.708043,0.435804,0.688922,0.672976,0.432717,0.875688,0.882315,0.714996,0.890596,0.890992,0.718262,spectrum_fno48_floor6_smooth1_qc_peak4_fieldloss_smooth0
run72_sparc_1363,sparc_1363,0.586501,0.783417,0.348370,0.573991,0.700095,0.336504,0.914765,0.917086,0.750252,0.879872,0.911878,0.621463,spectrum_fno48_floor6_smooth1_qc_peak4_fieldloss_smooth0
run72_sparc_1401,sparc_1401,0.955916,0.881117,0.912055,0.869508,0.847599,0.841564,0.844569,0.886648,0.793138,0.981377,0.981908,0.922555,spectrum_fno48_floor6_smooth1_qc_peak4
run72_sparc_1420,sparc_1420,0.608678,0.531737,0.486922,0.574236,0.530707,0.486702,0.901820,0.912460,0.729145,0.834949,0.820456,0.488179,spectrum_fno48_floor6_smooth1_qc_peak4_fieldloss_smooth0
run72_sparc_1421,sparc_1421,0.593934,0.652768,0.655046,0.584229,0.616776,0.655045,0.921871,0.919117,0.756804,0.812153,0.915467,0.500164,spectrum_fno48_floor6_smooth1_qc_peak4_fieldloss
run72_sparc_1422,sparc_1422,0.722474,0.785648,0.782605,0.687045,0.747721,0.700171,0.902538,0.908483,0.742448,0.929854,0.908811,0.502643,spectrum_fno48_floor6_smooth1_qc_peak4_fieldloss
run72_sparc_1504,sparc_1504,0.646321,0.610334,0.556884,0.588279,0.595959,0.555034,0.920649,0.923116,0.772620,0.907429,0.898340,0.557014,spectrum_fno48_floor6_smooth1_qc_peak4_fieldloss_smooth0
run72_sparc_1506,sparc_1506,0.538427,0.594228,0.456368,0.526830,0.556894,0.447861,0.933063,0.937018,0.789794,0.893812,0.863249,0.481181,spectrum_fno48_floor6_smooth1_qc_peak4_fieldloss_smooth0
run72_sparc_1509,sparc_1509,0.617023,0.688223,0.424787,0.589362,0.668744,0.399289,0.926590,0.929652,0.771203,0.853398,0.826738,0.360800,spectrum_fno48_floor6_smooth1_qc_peak4_fieldloss_smooth0
run72_sparc_1519,sparc_1519,0.490107,0.500218,0.384581,0.488299,0.500201,0.377915,0.883246,0.895790,0.709147,0.897716,0.845362,0.443287,spectrum_fno48_floor6_smooth1_qc_peak4_fieldloss_smooth0
run72_sparc_1521,sparc_1521,0.589010,0.692508,0.497873,0.580162,0.656429,0.472307,0.920764,0.916334,0.755541,0.890522,0.930033,0.605390,spectrum_fno48_floor6_smooth1_qc_peak4_fieldloss_smooth0
run72_sparc_1525,sparc_1525,0.609388,0.673088,0.551418,0.598668,0.665027,0.551323,0.910955,0.901692,0.758620,0.943197,0.924405,0.740449,spectrum_fno48_floor6_smooth1_qc_peak4_fieldloss_smooth0
run72_sparc_1527,sparc_1527,0.550752,0.585537,0.470129,0.549003,0.582531,0.468989,0.924629,0.930446,0.811935,0.938851,0.898433,0.548044,spectrum_fno48_floor6_smooth1_qc_peak4_fieldloss_smooth0
run73_sparc_1304,sparc_1304,1.220336,1.544910,0.436186,0.684458,0.762427,0.378507,0.934682,0.941301,0.811879,0.952070,0.846515,0.804011,spectrum_fno48_floor6_smooth1_qc_peak4_fieldloss_smooth0
run73_sparc_1313,sparc_1313,0.704822,0.613127,0.403659,0.663930,0.608072,0.352601,0.893828,0.923200,0.763987,0.725547,0.404259,0.585719,spectrum_fno48_floor6_smooth1_qc_peak4_fieldloss_smooth0
run73_sparc_1405,sparc_1405,0.702000,0.783276,0.400110,0.629394,0.664835,0.398205,0.926876,0.927852,0.811729,0.919838,0.844175,0.711374,spectrum_fno48_floor6_smooth1_qc_peak4_fieldloss_smooth0
run73_sparc_1417,sparc_1417,0.626460,0.615746,0.311699,0.626405,0.595037,0.311657,0.900087,0.882216,0.719687,0.821860,0.572375,0.695590,spectrum_fno48_floor6_smooth1_qc_peak4_fieldloss_smooth0
run73_sparc_1418,sparc_1418,0.708215,0.674117,0.501329,0.704398,0.672749,0.436881,0.909288,0.905763,0.739811,0.798229,0.607682,0.635369,spectrum_fno48_floor6_smooth1_qc_peak4_fieldloss_smooth0
run73_sparc_1420,sparc_1420,0.791656,0.645847,0.952114,0.623281,0.630512,0.520002,0.912473,0.907517,0.781168,0.941873,0.474547,0.707787,spectrum_fno48_floor6_smooth1_qc_peak4
run73_sparc_1423,sparc_1423,0.700152,0.637966,0.651929,0.681899,0.637916,0.651917,0.906552,0.898945,0.776980,0.825327,0.523998,0.565177,spectrum_fno48_floor6_smooth1_qc_peak4
run73_sparc_1429,sparc_1429,1.290418,1.322145,0.603710,0.801749,0.847083,0.573156,0.908739,0.912151,0.753096,0.969241,0.933850,0.792527,spectrum_fno48_floor6_smooth1_qc_peak4_fieldloss_smooth0
run73_sparc_1500,sparc_1500,0.366667,0.376695,0.323191,0.363097,0.374870,0.303636,0.974450,0.987541,0.975164,0.795871,0.746229,0.792897,spectrum_fno48_floor6_smooth1_qc_peak4_fieldloss_smooth0
run73_sparc_1511,sparc_1511,0.603663,0.683515,0.243806,0.569996,0.585359,0.206902,0.906038,0.925938,0.782934,0.731706,0.587267,0.675526,spectrum_fno48_floor6_smooth1_qc_peak4_fieldloss_smooth0
run73_sparc_1516,sparc_1516,0.672298,0.612578,0.339081,0.636953,0.603949,0.320537,0.892160,0.880462,0.712292,0.818117,0.637815,0.674053,spectrum_fno48_floor6_smooth1_qc_peak4_fieldloss_smooth0
run73_sparc_1522,sparc_1522,0.539854,0.510690,0.296364,0.516428,0.485755,0.295668,0.762964,0.845052,0.661093,0.960123,0.783609,0.711525,spectrum_fno48_floor6_smooth1_qc_peak4_fieldloss_smooth0
run73_sparc_1523,sparc_1523,0.622875,0.587200,0.355734,0.583841,0.551411,0.296054,0.882936,0.888827,0.737758,0.893065,0.459987,0.682857,spectrum_fno48_floor6_smooth1_qc_peak4_fieldloss_smooth0
run73_sparc_1524,sparc_1524,0.777820,0.913103,0.473040,0.667956,0.653038,0.448400,0.853213,0.861104,0.680117,0.797989,0.622060,0.636173,spectrum_fno48_floor6_smooth1_qc_peak4_fieldloss_smooth0
run73_sparc_1525,sparc_1525,0.679166,0.905045,0.568230,0.664324,0.688785,0.481249,0.955555,0.953819,0.865910,0.878967,0.711610,0.492004,spectrum_fno48_floor6_smooth1_qc_peak4_fieldloss_smooth0
run73_sparc_1530,sparc_1530,0.682804,1.017544,0.648639,0.625233,0.786063,0.602790,0.906902,0.899520,0.738437,0.935063,0.946833,0.818890,spectrum_fno48_floor6_smooth1_qc_peak4_fieldloss_smooth0
run74_sparc_1301,sparc_1301,0.656295,0.804568,0.437189,0.649042,0.701873,0.436904,0.741526,0.741325,0.749148,0.944035,0.952338,0.720854,spectrum_fno48_floor6_smooth1_qc_peak4_fieldloss_smooth0
run74_sparc_1303,sparc_1303,1.680559,2.279593,0.653346,0.934254,0.962643,0.611104,0.853763,0.834185,0.747867,0.874116,0.864329,0.395123,spectrum_fno48_floor6_smooth1_qc_peak4_fieldloss_smooth0
run74_sparc_1305,sparc_1305,1.425873,1.332463,0.583336,0.917106,0.948401,0.536204,0.854339,0.816767,0.700128,0.913924,0.718889,0.150710,spectrum_fno48_floor6_smooth1_qc_peak4_fieldloss_smooth0
run74_sparc_1309,sparc_1309,1.022888,1.065019,1.138513,0.937353,0.983558,0.979787,0.399006,0.142306,0.390396,0.907618,0.862077,0.631281,spectrum_fno48_floor6_smooth1_qc_peak4_fieldloss
run74_sparc_1310,sparc_1310,0.621022,0.876285,0.434660,0.621022,0.822629,0.434660,0.012726,0.312871,0.461414,0.930106,0.885442,0.558568,spectrum_fno48_floor6_smooth1_qc_peak4_fieldloss_smooth0
run74_sparc_1350,sparc_1350,0.687595,0.648102,0.398471,0.615681,0.648098,0.398451,0.729533,0.904108,0.718082,0.589670,0.315300,0.468365,spectrum_fno48_floor6_smooth1_qc_peak4_fieldloss_smooth0
run74_sparc_1351,sparc_1351,0.677886,0.648707,0.466137,0.608510,0.648105,0.454421,0.652279,0.873961,0.695019,0.607350,0.314832,0.473423,spectrum_fno48_floor6_smooth1_qc_peak4_fieldloss_smooth0
run74_sparc_1400,sparc_1400,0.345012,0.412219,0.255069,0.336123,0.360608,0.232397,0.983937,0.987251,0.981755,0.915383,0.645601,0.920182,spectrum_fno48_floor6_smooth1_qc_peak4_fieldloss_smooth0
run74_sparc_1407,sparc_1407,1.326536,1.362776,0.774532,0.884720,0.921794,0.725270,0.915381,0.910480,0.765604,0.890521,0.455136,0.175564,spectrum_fno48_floor6_smooth1_qc_peak4_fieldloss_smooth0
run74_sparc_1409,sparc_1409,0.995727,1.032478,0.300412,0.786238,0.954158,0.297674,0.772046,0.485127,0.558042,0.732063,0.701495,0.564442,spectrum_fno48_floor6_smooth1_qc_peak4_fieldloss_smooth0
run74_sparc_1411,sparc_1411,0.986179,0.952852,0.560868,0.780744,0.884335,0.559535,0.190408,0.884814,0.531716,0.981811,0.932246,0.604186,spectrum_fno48_floor6_smooth1_qc_peak4_fieldloss_smooth0
run74_sparc_1422,sparc_1422,0.642722,0.732139,0.395886,0.595855,0.661316,0.385270,0.904550,0.904173,0.700664,0.898429,0.870654,0.389088,spectrum_fno48_floor6_smooth1_qc_peak4_fieldloss_smooth0
run74_sparc_1424,sparc_1424,1.894052,1.326529,1.085344,0.943445,0.959384,0.705502,0.846725,0.832112,0.488395,0.766997,0.587832,0.428008,spectrum_fno48_floor6_smooth1_qc_peak4_fieldloss_smooth0
run74_sparc_1502,sparc_1502,0.590483,0.638510,0.434073,0.582324,0.636583,0.405601,0.930021,0.937625,0.838700,0.692648,0.785228,0.771553,spectrum_fno48_floor6_smooth1_qc_peak4_fieldloss_smooth0
run74_sparc_1503,sparc_1503,1.477058,1.853727,0.441744,0.852474,0.885668,0.431706,0.881884,0.916959,0.803165,0.709148,0.805922,0.594232,spectrum_fno48_floor6_smooth1_qc_peak4_fieldloss_smooth0
run74_sparc_1508,sparc_1508,0.957495,1.402390,0.265676,0.782604,0.900251,0.262700,0.918793,0.924425,0.764956,0.893856,0.783138,0.691093,spectrum_fno48_floor6_smooth1_qc_peak4_fieldloss_smooth0
run74_sparc_1512,sparc_1512,1.169773,0.930023,0.621803,0.813204,0.833000,0.560978,0.340103,0.822884,0.630406,0.981385,0.956174,0.726093,spectrum_fno48_floor6_smooth1_qc_peak4_fieldloss_smooth0
run74_sparc_1516,sparc_1516,0.550105,0.668689,0.298940,0.545157,0.659851,0.294388,0.841801,0.924710,0.747759,0.925527,0.848529,0.476733,spectrum_fno48_floor6_smooth1_qc_peak4_fieldloss_smooth0
run74_sparc_1521,sparc_1521,0.568941,0.717782,0.341334,0.561807,0.668147,0.341094,0.903375,0.912473,0.707099,0.853073,0.873660,0.457933,spectrum_fno48_floor6_smooth1_qc_peak4_fieldloss_smooth0
run74_sparc_1522,sparc_1522,0.648188,0.829510,0.367382,0.618325,0.739819,0.367370,0.894571,0.885412,0.708377,0.860172,0.907414,0.521770,spectrum_fno48_floor6_smooth1_qc_peak4_fieldloss_smooth0
run74_sparc_1527,sparc_1527,1.326001,1.566117,0.755924,0.829634,0.903505,0.584914,0.785277,0.830300,0.639428,0.941034,0.824672,0.450818,spectrum_fno48_floor6_smooth1_qc_peak4_fieldloss_smooth0
run74_sparc_1593,sparc_1593,1.792049,1.987843,0.476030,0.912201,0.940304,0.447114,0.858633,0.876142,0.772439,0.839053,0.847825,0.541403,spectrum_fno48_floor6_smooth1_qc_peak4_fieldloss_smooth0
run75_sparc_1303,sparc_1303,0.575168,0.795419,0.435789,0.562896,0.654479,0.435786,0.907803,0.926915,0.810101,0.970254,0.942444,0.833111,spectrum_fno48_floor6_smooth1_qc_peak4_fieldloss_smooth0
run75_sparc_1307,sparc_1307,0.647774,0.771714,0.486795,0.627800,0.662683,0.438107,0.903383,0.910726,0.732366,0.953161,0.925780,0.655526,spectrum_fno48_floor6_smooth1_qc_peak4_fieldloss_smooth0
run75_sparc_1350,sparc_1350,0.624562,0.694027,0.414362,0.622835,0.687120,0.413016,0.921796,0.930231,0.798795,0.934500,0.782410,0.738545,spectrum_fno48_floor6_smooth1_qc_peak4_fieldloss_smooth0
run75_sparc_1352,sparc_1352,0.774815,0.885458,0.637332,0.738500,0.773991,0.571630,0.944179,0.947125,0.819000,0.955992,0.892361,0.654187,spectrum_fno48_floor6_smooth1_qc_peak4_fieldloss_smooth0
run75_sparc_1353,sparc_1353,0.618669,0.687381,0.487942,0.618633,0.680233,0.482877,0.897839,0.893860,0.784949,0.972536,0.929914,0.733611,spectrum_fno48_floor6_smooth1_qc_peak4_fieldloss_smooth0
run75_sparc_1354,sparc_1354,0.606801,0.683192,0.434938,0.572278,0.627290,0.418565,0.908446,0.902722,0.758141,0.900832,0.803716,0.495964,spectrum_fno48_floor6_smooth1_qc_peak4_fieldloss_smooth0
run75_sparc_1400,sparc_1400,0.515860,0.526159,0.406114,0.513704,0.525943,0.405872,0.968277,0.982887,0.968058,0.728591,0.654397,0.785232,spectrum_fno48_floor6_smooth1_qc_peak4_fieldloss_smooth0
run75_sparc_1403,sparc_1403,0.608975,0.917384,0.299314,0.575232,0.672591,0.299310,0.923871,0.939700,0.826609,0.958492,0.905365,0.747475,spectrum_fno48_floor6_smooth1_qc_peak4_fieldloss_smooth0
run75_sparc_1410,sparc_1410,0.931460,0.974968,0.803099,0.803189,0.815784,0.631420,0.934972,0.936340,0.813609,0.976148,0.883981,0.738670,spectrum_fno48_floor6_smooth1_qc_peak4_fieldloss_smooth0
run75_sparc_1412,sparc_1412,0.682913,0.755728,0.381513,0.638861,0.689870,0.378660,0.947064,0.950230,0.827817,0.896665,0.628705,0.697288,spectrum_fno48_floor6_smooth1_qc_peak4_fieldloss_smooth0
run75_sparc_1414,sparc_1414,1.118107,1.139926,0.903048,0.830633,0.855185,0.735707,0.900667,0.914711,0.772568,0.968068,0.932184,0.706298,spectrum_fno48_floor6_smooth1_qc_peak4_fieldloss_smooth0
run75_sparc_1427,sparc_1427,0.987643,1.291246,0.285783,0.693223,0.812855,0.284578,0.916089,0.909041,0.785011,0.969013,0.890799,0.822647,spectrum_fno48_floor6_smooth1_qc_peak4_fieldloss_smooth0
run75_sparc_1503,sparc_1503,0.892861,1.286432,0.434437,0.673545,0.777973,0.321159,0.914485,0.915724,0.784932,0.887744,0.827239,0.658763,spectrum_fno48_floor6_smooth1_qc_peak4_fieldloss_smooth0
run75_sparc_1507,sparc_1507,0.843246,0.995032,0.363928,0.683519,0.758946,0.360715,0.935749,0.942035,0.799265,0.936778,0.768711,0.650250,spectrum_fno48_floor6_smooth1_qc_peak4_fieldloss_smooth0
run75_sparc_1522,sparc_1522,0.622243,0.904898,0.443478,0.621135,0.720492,0.442581,0.916038,0.911775,0.758560,0.891558,0.813911,0.504526,spectrum_fno48_floor6_smooth1_qc_peak4_fieldloss_smooth0
run75_sparc_1527,sparc_1527,0.700852,1.062472,0.474984,0.652848,0.787137,0.474975,0.918913,0.908318,0.688079,0.887193,0.710736,0.729997,spectrum_fno48_floor6_smooth1_qc_peak4_fieldloss_smooth0
run76_sparc_1305,sparc_1305,0.470054,0.551757,0.353849,0.468709,0.549679,0.353830,0.918175,0.918367,0.765958,0.915929,0.854947,0.420200,spectrum_fno48_floor6_smooth1_qc_peak4_fieldloss_smooth0
run76_sparc_1306,sparc_1306,0.898111,0.973618,0.835649,0.863753,0.882533,0.798400,0.870486,0.877301,0.707438,0.961424,0.887511,0.787650,spectrum_fno48_floor6_smooth1_qc_peak4_fieldloss_smooth0
run76_sparc_1307,sparc_1307,0.749496,0.797371,0.690262,0.737634,0.797046,0.669412,0.883127,0.889517,0.715446,0.935198,0.933933,0.660451,spectrum_fno48_floor6_smooth1_qc_peak4_fieldloss_smooth0
run76_sparc_1314,sparc_1314,0.554232,0.555374,0.446353,0.551441,0.555039,0.442349,0.932489,0.933586,0.769145,0.852373,0.853682,0.510428,spectrum_fno48_floor6_smooth1_qc_peak4_fieldloss_smooth0
run76_sparc_1316,sparc_1316,0.529390,0.527971,0.410612,0.526767,0.521737,0.406559,0.922571,0.925884,0.744833,0.907378,0.726971,0.362706,spectrum_fno48_floor6_smooth1_qc_peak4_fieldloss_smooth0
run76_sparc_1365,sparc_1365,0.516249,0.599434,0.352288,0.509776,0.576412,0.344982,0.909687,0.913801,0.744692,0.939313,0.780508,0.573982,spectrum_fno48_floor6_smooth1_qc_peak4_fieldloss_smooth0
run76_sparc_1406,sparc_1406,0.477695,0.563265,0.377143,0.475574,0.563126,0.373413,0.919786,0.929686,0.769224,0.921571,0.807557,0.612581,spectrum_fno48_floor6_smooth1_qc_peak4_fieldloss_smooth0
run76_sparc_1408,sparc_1408,0.561933,0.668089,0.321334,0.561548,0.666816,0.314752,0.903441,0.908402,0.733186,0.899499,0.914833,0.496880,spectrum_fno48_floor6_smooth1_qc_peak4_fieldloss_smooth0
run76_sparc_1424,sparc_1424,0.601862,0.657172,0.510091,0.598647,0.655666,0.490825,0.872778,0.888030,0.725578,0.945019,0.878676,0.546367,spectrum_fno48_floor6_smooth1_qc_peak4_fieldloss_smooth0
run76_sparc_1427,sparc_1427,0.642811,0.716061,0.431826,0.600395,0.629392,0.427492,0.901154,0.912491,0.793996,0.971006,0.936222,0.657047,spectrum_fno48_floor6_smooth1_qc_peak4_fieldloss_smooth0
run76_sparc_1500,sparc_1500,0.331431,0.406336,0.278849,0.331096,0.364768,0.264443,0.993036,0.993042,0.985268,0.900562,0.715189,0.938976,spectrum_fno48_floor6_smooth1_qc_peak4_fieldloss_smooth0
run76_sparc_1513,sparc_1513,0.556438,0.575336,0.523938,0.554442,0.573377,0.519152,0.923379,0.922913,0.754598,0.869240,0.746458,0.397657,spectrum_fno48_floor6_smooth1_qc_peak4_fieldloss_smooth0
run76_sparc_1515,sparc_1515,0.539930,0.635621,0.392977,0.520418,0.588460,0.391494,0.927367,0.927073,0.754225,0.883231,0.720001,0.444391,spectrum_fno48_floor6_smooth1_qc_peak4_fieldloss_smooth0
run76_sparc_1516,sparc_1516,0.537685,0.639510,0.414888,0.517040,0.589964,0.413786,0.927833,0.926877,0.749546,0.851270,0.843666,0.530333,spectrum_fno48_floor6_smooth1_qc_peak4_fieldloss_smooth0
run76_sparc_1518,sparc_1518,0.503714,0.592172,0.402056,0.500040,0.570636,0.391292,0.923361,0.926467,0.739457,0.936021,0.844280,0.520756,spectrum_fno48_floor6_smooth1_qc_peak4_fieldloss_smooth0
run76_sparc_1519,sparc_1519,0.479178,0.583816,0.366998,0.478264,0.560185,0.346615,0.891228,0.899776,0.691643,0.875344,0.928645,0.575643,spectrum_fno48_floor6_smooth1_qc_peak4_fieldloss_smooth0
run76_sparc_1521,sparc_1521,0.577428,0.593622,0.711874,0.569483,0.578047,0.695428,0.920369,0.923364,0.752758,0.785037,0.900495,0.507601,spectrum_fno48_floor6_smooth1_qc_peak4_fieldloss
run76_sparc_1529,sparc_1529,0.694626,0.731722,0.749440,0.694344,0.711035,0.697561,0.610461,0.764036,0.496654,0.952005,0.915173,0.763338,spectrum_fno48_floor6_smooth1_qc_peak4_fieldloss
run77_sparc_1303,sparc_1303,0.662229,0.720344,0.463249,0.662226,0.719338,0.460340,0.912866,0.911824,0.784637,0.916852,0.861954,0.621724,spectrum_fno48_floor6_smooth1_qc_peak4_fieldloss_smooth0
run77_sparc_1307,sparc_1307,0.738165,0.966842,0.609623,0.661384,0.804885,0.554873,0.837775,0.706443,0.717499,0.933797,0.964211,0.427618,spectrum_fno48_floor6_smooth1_qc_peak4_fieldloss_smooth0
run77_sparc_1353,sparc_1353,0.547960,0.703436,0.395474,0.547547,0.675572,0.390259,0.907154,0.906171,0.743117,0.863379,0.918089,0.474220,spectrum_fno48_floor6_smooth1_qc_peak4_fieldloss_smooth0
run77_sparc_1355,sparc_1355,0.641038,0.670762,0.503380,0.604650,0.620859,0.503273,0.915660,0.918129,0.759885,0.869490,0.777962,0.325382,spectrum_fno48_floor6_smooth1_qc_peak4_fieldloss_smooth0
run77_sparc_1360,sparc_1360,0.584440,0.616713,0.396876,0.577778,0.608724,0.393362,0.915417,0.917660,0.779960,0.890528,0.867991,0.361505,spectrum_fno48_floor6_smooth1_qc_peak4_fieldloss_smooth0
run77_sparc_1363,sparc_1363,0.740956,0.784812,0.519525,0.654754,0.711225,0.497988,0.915423,0.915567,0.768719,0.857994,0.893052,0.478951,spectrum_fno48_floor6_smooth1_qc_peak4_fieldloss_smooth0
run77_sparc_1404,sparc_1404,0.664365,0.649971,0.545277,0.660327,0.646764,0.533913,0.916803,0.909527,0.778956,0.966993,0.926006,0.651659,spectrum_fno48_floor6_smooth1_qc_peak4_fieldloss_smooth0
run77_sparc_1408,sparc_1408,0.725602,1.437655,0.530760,0.676550,0.945172,0.475899,0.773604,0.715958,0.693816,0.972295,0.970201,0.632918,spectrum_fno48_floor6_smooth1_qc_peak4_fieldloss_smooth0
run77_sparc_1425,sparc_1425,0.660671,0.687345,0.511974,0.635582,0.648776,0.509944,0.892990,0.913577,0.779882,0.953583,0.893326,0.707689,spectrum_fno48_floor6_smooth1_qc_peak4_fieldloss_smooth0
run77_sparc_1426,sparc_1426,0.599293,0.628109,0.478879,0.599249,0.628027,0.473923,0.911222,0.902122,0.787624,0.960501,0.952929,0.727233,spectrum_fno48_floor6_smooth1_qc_peak4_fieldloss_smooth0
run77_sparc_1427,sparc_1427,0.745475,0.754267,0.743466,0.709944,0.740683,0.689597,0.919382,0.914777,0.809629,0.944961,0.921791,0.624809,spectrum_fno48_floor6_smooth1_qc_peak4_fieldloss_smooth0
run77_sparc_1500,sparc_1500,0.385580,0.477375,0.284013,0.367113,0.477375,0.282523,0.993030,0.994423,0.988890,0.921755,0.865542,0.868963,spectrum_fno48_floor6_smooth1_qc_peak4_fieldloss_smooth0
run77_sparc_1505,sparc_1505,0.602398,0.630039,0.522059,0.601201,0.615850,0.518401,0.925047,0.918044,0.784968,0.954451,0.904333,0.621864,spectrum_fno48_floor6_smooth1_qc_peak4_fieldloss_smooth0
run77_sparc_1512,sparc_1512,0.683045,0.731369,0.414229,0.633891,0.662171,0.412570,0.924692,0.930346,0.773178,0.927301,0.564112,0.532643,spectrum_fno48_floor6_smooth1_qc_peak4_fieldloss_smooth0
run77_sparc_1517,sparc_1517,0.630432,0.798496,0.380270,0.571815,0.751431,0.376430,0.910204,0.907259,0.763467,0.880637,0.849584,0.498581,spectrum_fno48_floor6_smooth1_qc_peak4_fieldloss_smooth0
run77_sparc_1528,sparc_1528,0.801157,0.791623,0.618875,0.748233,0.739490,0.584427,0.918461,0.923855,0.812516,0.948800,0.925089,0.645486,spectrum_fno48_floor6_smooth1_qc_peak4_fieldloss_smooth0
run78_sparc_1301,sparc_1301,0.608673,0.681776,0.562214,0.606641,0.650896,0.539265,0.949507,0.961879,0.900332,0.897419,0.850839,0.840927,spectrum_fno48_floor6_smooth1_qc_peak4_fieldloss_smooth0
run78_sparc_1317,sparc_1317,0.547104,0.645774,0.291422,0.544269,0.633685,0.271356,0.907095,0.907933,0.705074,0.910964,0.846005,0.482813,spectrum_fno48_floor6_smooth1_qc_peak4_fieldloss_smooth0
run78_sparc_1318,sparc_1318,0.544058,0.661308,0.288145,0.541331,0.645004,0.262998,0.903082,0.905419,0.692928,0.925756,0.877774,0.562488,spectrum_fno48_floor6_smooth1_qc_peak4_fieldloss_smooth0
run78_sparc_1352,sparc_1352,0.591411,0.656066,0.305492,0.558202,0.611807,0.304551,0.893642,0.897413,0.670718,0.950309,0.690432,0.519576,spectrum_fno48_floor6_smooth1_qc_peak4_fieldloss_smooth0
run78_sparc_1357,sparc_1357,0.555261,0.726129,0.291748,0.545841,0.679942,0.291651,0.871578,0.876324,0.635208,0.954342,0.723661,0.387865,spectrum_fno48_floor6_smooth1_qc_peak4_fieldloss_smooth0
run78_sparc_1401,sparc_1401,0.530621,0.586062,0.471368,0.516524,0.562429,0.456558,0.950020,0.951018,0.902449,0.903998,0.923270,0.773400,spectrum_fno48_floor6_smooth1_qc_peak4_fieldloss_smooth0
run78_sparc_1407,sparc_1407,0.813570,1.271156,0.376788,0.685328,0.841717,0.369086,0.902338,0.914968,0.776313,0.974888,0.946338,0.642864,spectrum_fno48_floor6_smooth1_qc_peak4_fieldloss_smooth0
run78_sparc_1415,sparc_1415,0.551797,0.612713,0.291966,0.545510,0.593620,0.264099,0.909990,0.913723,0.699360,0.940169,0.766591,0.617628,spectrum_fno48_floor6_smooth1_qc_peak4_fieldloss_smooth0
run78_sparc_1416,sparc_1416,0.550747,0.615029,0.314682,0.547485,0.607727,0.276856,0.914955,0.914996,0.715513,0.917858,0.765860,0.571591,spectrum_fno48_floor6_smooth1_qc_peak4_fieldloss_smooth0
run78_sparc_1428,sparc_1428,0.770229,1.092672,0.500293,0.725230,0.870201,0.443264,0.773004,0.783532,0.660781,0.944158,0.895579,0.486032,spectrum_fno48_floor6_smooth1_qc_peak4_fieldloss_smooth0
run78_sparc_1429,sparc_1429,0.681184,0.711714,0.631773,0.674400,0.710562,0.619587,0.660333,0.676779,0.556751,0.984461,0.982796,0.819651,spectrum_fno48_floor6_smooth1_qc_peak4_fieldloss_smooth0
run78_sparc_1440,sparc_1440,0.981666,1.268871,0.418120,0.794619,0.901025,0.363694,0.942571,0.940833,0.803732,0.894460,0.818319,0.436268,spectrum_fno48_floor6_smooth1_qc_peak4_fieldloss_smooth0
run78_sparc_1511,sparc_1511,0.557393,0.697791,0.336883,0.554715,0.664622,0.310414,0.916104,0.916198,0.714455,0.929880,0.824886,0.606606,spectrum_fno48_floor6_smooth1_qc_peak4_fieldloss_smooth0
run78_sparc_1512,sparc_1512,0.558060,0.656297,0.321061,0.552087,0.636758,0.298565,0.917983,0.917948,0.711515,0.941869,0.795208,0.604322,spectrum_fno48_floor6_smooth1_qc_peak4_fieldloss_smooth0
run78_sparc_1514,sparc_1514,0.556543,0.636950,0.273130,0.544779,0.607500,0.254424,0.914400,0.914717,0.698984,0.929670,0.661071,0.467059,spectrum_fno48_floor6_smooth1_qc_peak4_fieldloss_smooth0
run78_sparc_1524,sparc_1524,0.613016,0.875099,0.436243,0.602841,0.727632,0.425163,0.855038,0.863243,0.698258,0.926649,0.851508,0.579682,spectrum_fno48_floor6_smooth1_qc_peak4_fieldloss_smooth0
run78_sparc_1530,sparc_1530,0.521251,0.626453,0.532756,0.495405,0.594284,0.447302,0.942181,0.949178,0.899363,0.979975,0.932398,0.861249,spectrum_fno48_floor6_smooth1_qc_peak4_fieldloss
run79_sparc_1302,sparc_1302,0.576230,0.688323,0.586644,0.570392,0.684192,0.563203,0.935040,0.935532,0.838490,0.948960,0.965526,0.797619,spectrum_fno48_floor6_smooth1_qc_peak4_fieldloss
run79_sparc_1308,sparc_1308,0.794609,0.936800,0.806103,0.751735,0.870913,0.744618,0.818307,0.800209,0.639756,0.962342,0.976544,0.692207,spectrum_fno48_floor6_smooth1_qc_peak4_fieldloss
run79_sparc_1316,sparc_1316,0.768276,0.722441,0.439823,0.653557,0.656672,0.426841,0.905385,0.907810,0.766246,0.936441,0.881906,0.449102,spectrum_fno48_floor6_smooth1_qc_peak4_fieldloss_smooth0
run79_sparc_1350,sparc_1350,0.629291,0.633475,0.442355,0.612444,0.620314,0.437996,0.928222,0.932622,0.792198,0.881650,0.777252,0.433474,spectrum_fno48_floor6_smooth1_qc_peak4_fieldloss_smooth0
run79_sparc_1351,sparc_1351,0.632469,0.628029,0.504653,0.627037,0.625939,0.503321,0.924283,0.924410,0.771315,0.949976,0.872128,0.533141,spectrum_fno48_floor6_smooth1_qc_peak4_fieldloss_smooth0
run79_sparc_1361,sparc_1361,0.870317,0.852196,0.534499,0.693883,0.701732,0.473735,0.903447,0.897014,0.755223,0.930815,0.836819,0.313585,spectrum_fno48_floor6_smooth1_qc_peak4_fieldloss_smooth0
run79_sparc_1362,sparc_1362,0.664559,0.679441,0.425798,0.645710,0.654542,0.424895,0.913696,0.922140,0.753744,0.918477,0.869276,0.603440,spectrum_fno48_floor6_smooth1_qc_peak4_fieldloss_smooth0
run79_sparc_1363,sparc_1363,0.786817,0.802673,0.542464,0.754509,0.766423,0.519268,0.905233,0.903611,0.759305,0.920872,0.922925,0.525555,spectrum_fno48_floor6_smooth1_qc_peak4_fieldloss_smooth0
run79_sparc_1405,sparc_1405,0.736226,0.700324,0.715909,0.730220,0.692842,0.708108,0.868672,0.872394,0.757864,0.962810,0.967074,0.768979,spectrum_fno48_floor6_smooth1_qc_peak4
run79_sparc_1406,sparc_1406,0.502661,0.576009,0.395564,0.498419,0.573999,0.386009,0.933903,0.933764,0.809319,0.927502,0.948414,0.669392,spectrum_fno48_floor6_smooth1_qc_peak4_fieldloss_smooth0
run79_sparc_1511,sparc_1511,0.699281,0.647218,0.481362,0.624366,0.616863,0.441708,0.928472,0.929626,0.784381,0.857306,0.804676,0.380654,spectrum_fno48_floor6_smooth1_qc_peak4_fieldloss_smooth0
run79_sparc_1513,sparc_1513,0.647393,0.631411,0.531429,0.647094,0.626322,0.531237,0.919854,0.921112,0.785647,0.938117,0.801468,0.460618,spectrum_fno48_floor6_smooth1_qc_peak4_fieldloss_smooth0
run79_sparc_1514,sparc_1514,0.609241,0.589814,0.509438,0.606038,0.582843,0.508701,0.924751,0.930188,0.786612,0.898685,0.817962,0.403515,spectrum_fno48_floor6_smooth1_qc_peak4_fieldloss_smooth0
run79_sparc_1515,sparc_1515,0.669623,0.648085,0.490143,0.604670,0.604495,0.479834,0.925437,0.922187,0.781080,0.915682,0.874952,0.380869,spectrum_fno48_floor6_smooth1_qc_peak4_fieldloss_smooth0
run79_sparc_1518,sparc_1518,0.595404,0.686620,0.471812,0.556003,0.651647,0.410504,0.920870,0.926188,0.779108,0.949941,0.853468,0.430011,spectrum_fno48_floor6_smooth1_qc_peak4_fieldloss_smooth0
run79_sparc_1523,sparc_1523,1.467326,1.422303,1.044577,0.931399,0.940411,0.913563,0.830212,0.822839,0.661246,0.953495,0.944159,0.636328,spectrum_fno48_floor6_smooth1_qc_peak4_fieldloss_smooth0
run79_sparc_1524,sparc_1524,1.670206,1.651175,1.181339,0.968107,0.971384,0.969797,0.803455,0.787137,0.605746,0.970295,0.959379,0.766142,spectrum_fno48_floor6_smooth1_qc_peak4_fieldloss_smooth0
run79_sparc_1530,sparc_1530,1.032458,0.496567,0.528312,0.976819,0.402751,0.365545,0.061429,0.895632,0.654226,0.996870,0.979770,0.956014,spectrum_fno48_floor6_smooth1_qc_peak4
run79_sparc_1593,sparc_1593,0.567078,0.567954,0.403334,0.508159,0.557512,0.397802,0.915306,0.923747,0.800788,0.920548,0.832652,0.783874,spectrum_fno48_floor6_smooth1_qc_peak4_fieldloss_smooth0
run7_sparc_1300,sparc_1300,0.445399,0.514059,0.418904,0.443799,0.472253,0.418341,0.979095,0.988716,0.978693,0.835679,0.818659,0.777271,spectrum_fno48_floor6_smooth1_qc_peak4_fieldloss_smooth0
run7_sparc_1355,sparc_1355,0.846137,0.996927,0.462660,0.842448,0.920239,0.409689,0.899384,0.869362,0.680366,0.939250,0.716231,0.558107,spectrum_fno48_floor6_smooth1_qc_peak4_fieldloss_smooth0
run7_sparc_1362,sparc_1362,0.636884,0.843110,0.451028,0.634456,0.811519,0.386926,0.891794,0.882993,0.696141,0.933966,0.905089,0.800049,spectrum_fno48_floor6_smooth1_qc_peak4_fieldloss_smooth0
run7_sparc_1412,sparc_1412,0.591335,0.796279,0.249716,0.591315,0.762526,0.247045,0.872583,0.810449,0.680605,0.885408,0.734218,0.509734,spectrum_fno48_floor6_smooth1_qc_peak4_fieldloss_smooth0
run7_sparc_1428,sparc_1428,1.141832,1.293743,0.468527,0.767865,0.862211,0.423884,0.774367,0.790695,0.722660,0.915890,0.852241,0.577880,spectrum_fno48_floor6_smooth1_qc_peak4_fieldloss_smooth0
run7_sparc_1440,sparc_1440,0.995537,1.360646,0.271487,0.832964,0.874388,0.270258,0.898035,0.891530,0.765000,0.655685,0.834013,0.441531,spectrum_fno48_floor6_smooth1_qc_peak4_fieldloss_smooth0
run7_sparc_1503,sparc_1503,0.766769,0.828460,0.193818,0.723301,0.773606,0.191014,0.933214,0.933794,0.799573,0.846403,0.710670,0.576825,spectrum_fno48_floor6_smooth1_qc_peak4_fieldloss_smooth0
run7_sparc_1510,sparc_1510,0.558888,0.694805,0.183251,0.558785,0.691634,0.183171,0.902331,0.907693,0.750255,0.772468,0.640022,0.481064,spectrum_fno48_floor6_smooth1_qc_peak4_fieldloss_smooth0
run7_sparc_1512,sparc_1512,0.620785,0.733431,0.178519,0.618585,0.713555,0.146718,0.899026,0.867141,0.735382,0.684331,0.691483,0.534910,spectrum_fno48_floor6_smooth1_qc_peak4_fieldloss_smooth0
run7_sparc_1526,sparc_1526,0.698203,1.057209,0.215724,0.641338,0.802763,0.164512,0.911032,0.918389,0.775409,0.900987,0.640673,0.284024,spectrum_fno48_floor6_smooth1_qc_peak4_fieldloss_smooth0
run7_sparc_1529,sparc_1529,0.628066,0.850695,0.288281,0.626913,0.796550,0.282663,0.319171,0.387962,0.339032,0.904857,0.872385,0.573045,spectrum_fno48_floor6_smooth1_qc_peak4_fieldloss_smooth0
run80_sparc_1302,sparc_1302,0.528773,0.780268,0.188028,0.506003,0.664335,0.187832,0.943188,0.943714,0.838737,0.864529,0.810947,0.560091,spectrum_fno48_floor6_smooth1_qc_peak4_fieldloss_smooth0
run80_sparc_1307,sparc_1307,0.506005,0.563724,0.510528,0.503110,0.563406,0.395102,0.937336,0.929374,0.815786,0.977001,0.969184,0.922115,spectrum_fno48_floor6_smooth1_qc_peak4_fieldloss
run80_sparc_1315,sparc_1315,0.505020,0.601147,0.429478,0.500624,0.558498,0.422835,0.922052,0.914466,0.802439,0.730950,0.554214,0.644728,spectrum_fno48_floor6_smooth1_qc_peak4_fieldloss_smooth0
run80_sparc_1351,sparc_1351,0.764107,1.018715,0.592496,0.562121,0.655623,0.428560,0.891678,0.919509,0.766269,0.815442,0.486467,0.736422,spectrum_fno48_floor6_smooth1_qc_peak4_fieldloss_smooth0
run80_sparc_1352,sparc_1352,0.587662,0.548903,0.531634,0.516492,0.535128,0.478103,0.920465,0.911135,0.763564,0.960143,0.896384,0.717951,spectrum_fno48_floor6_smooth1_qc_peak4_fieldloss_smooth0
run80_sparc_1354,sparc_1354,0.606143,0.737460,0.620998,0.600883,0.683841,0.618978,0.861431,0.914125,0.736073,0.940026,0.826798,0.732703,spectrum_fno48_floor6_smooth1_qc_peak4_fieldloss
run80_sparc_1356,sparc_1356,0.642377,0.853715,0.494329,0.573425,0.653734,0.435621,0.927458,0.907355,0.779084,0.899625,0.685616,0.766094,spectrum_fno48_floor6_smooth1_qc_peak4_fieldloss_smooth0
run80_sparc_1361,sparc_1361,0.667439,1.407789,0.663436,0.587843,0.697376,0.583151,0.833069,0.739195,0.673131,0.854330,0.740718,0.766417,spectrum_fno48_floor6_smooth1_qc_peak4_fieldloss_smooth0
run80_sparc_1365,sparc_1365,0.572249,1.046743,0.578904,0.559994,0.728109,0.503675,0.788593,0.858426,0.669088,0.946461,0.766975,0.463380,spectrum_fno48_floor6_smooth1_qc_peak4_fieldloss
run80_sparc_1405,sparc_1405,0.787683,0.910570,0.592170,0.679334,0.666355,0.555650,0.935249,0.938546,0.815975,0.954511,0.885279,0.654520,spectrum_fno48_floor6_smooth1_qc_peak4_fieldloss_smooth0
run80_sparc_1408,sparc_1408,0.607178,0.681142,0.465284,0.513931,0.524410,0.438429,0.938508,0.939007,0.823351,0.891528,0.881943,0.644933,spectrum_fno48_floor6_smooth1_qc_peak4_fieldloss_smooth0
run80_sparc_1411,sparc_1411,0.617661,0.591625,0.365074,0.553716,0.582754,0.271835,0.935506,0.937288,0.798020,0.898983,0.557740,0.570851,spectrum_fno48_floor6_smooth1_qc_peak4_fieldloss_smooth0
run80_sparc_1414,sparc_1414,0.603006,0.538901,0.372976,0.596565,0.535565,0.342764,0.914601,0.918526,0.770995,0.922096,0.322492,0.742753,spectrum_fno48_floor6_smooth1_qc_peak4_fieldloss_smooth0
run80_sparc_1416,sparc_1416,0.503996,0.515426,0.319133,0.502861,0.515172,0.318225,0.907703,0.903991,0.760114,0.706346,0.575820,0.733197,spectrum_fno48_floor6_smooth1_qc_peak4_fieldloss_smooth0
run80_sparc_1421,sparc_1421,0.649190,0.650649,0.565152,0.633263,0.620932,0.556704,0.856948,0.913630,0.773526,0.968159,0.879803,0.672925,spectrum_fno48_floor6_smooth1_qc_peak4_fieldloss_smooth0
run80_sparc_1425,sparc_1425,0.728053,0.882097,0.400887,0.665070,0.711001,0.394267,0.951388,0.957541,0.860529,0.874387,0.603980,0.592448,spectrum_fno48_floor6_smooth1_qc_peak4_fieldloss_smooth0
run80_sparc_1426,sparc_1426,0.904002,0.898900,0.411807,0.680042,0.704028,0.407820,0.950590,0.953874,0.850406,0.869676,0.682750,0.571524,spectrum_fno48_floor6_smooth1_qc_peak4_fieldloss_smooth0
run80_sparc_1427,sparc_1427,1.069860,1.117932,0.363337,0.659677,0.719410,0.329343,0.952260,0.943971,0.839175,0.944636,0.811259,0.581916,spectrum_fno48_floor6_smooth1_qc_peak4_fieldloss_smooth0
run80_sparc_1501,sparc_1501,0.700435,0.780702,0.213287,0.680116,0.739013,0.208559,0.938038,0.941260,0.848818,0.952829,0.722133,0.689509,spectrum_fno48_floor6_smooth1_qc_peak4_fieldloss_smooth0
run80_sparc_1502,sparc_1502,0.564873,0.967658,0.178815,0.546225,0.705721,0.171468,0.948033,0.942551,0.839408,0.903055,0.892162,0.585967,spectrum_fno48_floor6_smooth1_qc_peak4_fieldloss_smooth0
run80_sparc_1505,sparc_1505,0.680703,0.860326,0.423076,0.634069,0.691182,0.408752,0.948508,0.947724,0.832420,0.915900,0.813311,0.609235,spectrum_fno48_floor6_smooth1_qc_peak4_fieldloss_smooth0
run80_sparc_1513,sparc_1513,0.688114,0.546503,0.465057,0.637667,0.545991,0.384732,0.912979,0.921872,0.784234,0.935940,0.421665,0.762596,spectrum_fno48_floor6_smooth1_qc_peak4_fieldloss_smooth0
run80_sparc_1519,sparc_1519,0.654737,0.659831,0.576143,0.641462,0.648954,0.572085,0.918103,0.917988,0.787083,0.920583,0.943898,0.617300,spectrum_fno48_floor6_smooth1_qc_peak4_fieldloss_smooth0
run80_sparc_1522,sparc_1522,0.574648,0.591105,0.483098,0.568939,0.571403,0.475496,0.786850,0.863836,0.706722,0.976011,0.962360,0.784729,spectrum_fno48_floor6_smooth1_qc_peak4_fieldloss_smooth0
run80_sparc_1523,sparc_1523,0.609576,0.790922,0.496066,0.550139,0.633272,0.403434,0.871399,0.890770,0.726876,0.893910,0.683672,0.474210,spectrum_fno48_floor6_smooth1_qc_peak4_fieldloss_smooth0
run80_sparc_1528,sparc_1528,0.753989,1.000049,0.536256,0.634145,0.659722,0.533297,0.890037,0.873934,0.741842,0.933369,0.935057,0.753180,spectrum_fno48_floor6_smooth1_qc_peak4_fieldloss_smooth0
run80_sparc_1593,sparc_1593,0.615391,0.692431,0.159575,0.578343,0.621649,0.156737,0.949732,0.950889,0.839211,0.930935,0.689761,0.598269,spectrum_fno48_floor6_smooth1_qc_peak4_fieldloss_smooth0
run81_sparc_1302,sparc_1302,0.977909,0.940116,0.935468,0.937524,0.915487,0.916194,0.891429,0.894100,0.814463,0.990594,0.984294,0.848553,spectrum_fno48_floor6_smooth1_qc_peak4_fieldloss_smooth0
run81_sparc_1303,sparc_1303,0.590218,0.607043,0.434681,0.589797,0.601317,0.395149,0.938804,0.943135,0.830081,0.912876,0.881538,0.529241,spectrum_fno48_floor6_smooth1_qc_peak4_fieldloss_smooth0
run81_sparc_1309,sparc_1309,0.857312,0.932017,0.958531,0.841811,0.846933,0.941329,0.550320,0.433917,0.500716,0.969078,0.937709,0.732721,spectrum_fno48_floor6_smooth1_qc_peak4_fieldloss
run81_sparc_1319,sparc_1319,0.579849,0.614464,0.339512,0.548030,0.583782,0.331337,0.932507,0.932921,0.778163,0.938392,0.738232,0.474986,spectrum_fno48_floor6_smooth1_qc_peak4_fieldloss_smooth0
run81_sparc_1356,sparc_1356,0.790502,0.812267,0.699132,0.779809,0.795258,0.689998,0.906748,0.905480,0.763858,0.901302,0.901883,0.557006,spectrum_fno48_floor6_smooth1_qc_peak4_fieldloss_smooth0
run81_sparc_1364,sparc_1364,0.833398,0.844136,0.720900,0.775540,0.773813,0.691538,0.905177,0.911067,0.769317,0.918425,0.900987,0.559086,spectrum_fno48_floor6_smooth1_qc_peak4_fieldloss_smooth0
run81_sparc_1402,sparc_1402,0.981425,0.944616,0.942135,0.922800,0.904472,0.912087,0.865978,0.876230,0.791961,0.985093,0.982470,0.854577,spectrum_fno48_floor6_smooth1_qc_peak4_fieldloss_smooth0
run81_sparc_1420,sparc_1420,0.817230,0.815143,0.633825,0.793010,0.791366,0.588443,0.894738,0.899630,0.741432,0.943342,0.937372,0.515020,spectrum_fno48_floor6_smooth1_qc_peak4_fieldloss_smooth0
run81_sparc_1423,sparc_1423,0.826275,0.874991,0.791064,0.779537,0.768390,0.730117,0.855285,0.860607,0.736330,0.953728,0.965970,0.790617,spectrum_fno48_floor6_smooth1_qc_peak4_fieldloss_smooth0
run81_sparc_1426,sparc_1426,0.835499,0.856941,0.822788,0.764999,0.760781,0.617359,0.894363,0.898642,0.795385,0.931538,0.920342,0.716341,spectrum_fno48_floor6_smooth1_qc_peak4_fieldloss_smooth0
run81_sparc_1430,sparc_1430,0.926168,0.918660,1.109147,0.880071,0.857361,0.992498,0.806197,0.861562,0.098245,0.990941,0.990087,0.952436,spectrum_fno48_floor6_smooth1_qc_peak4
run81_sparc_1500,sparc_1500,0.344267,0.455138,0.246316,0.286773,0.422282,0.243247,0.992453,0.994114,0.987969,0.929112,0.884264,0.903068,spectrum_fno48_floor6_smooth1_qc_peak4_fieldloss_smooth0
run81_sparc_1502,sparc_1502,0.983663,0.954881,0.945159,0.920932,0.902603,0.911044,0.870562,0.880928,0.796824,0.985383,0.983023,0.858059,spectrum_fno48_floor6_smooth1_qc_peak4_fieldloss_smooth0
run81_sparc_1512,sparc_1512,0.628987,0.642918,0.396980,0.584578,0.620916,0.389474,0.923945,0.922741,0.771595,0.929972,0.836868,0.533475,spectrum_fno48_floor6_smooth1_qc_peak4_fieldloss_smooth0
run81_sparc_1514,sparc_1514,0.620349,0.595866,0.443739,0.606781,0.590927,0.439908,0.923510,0.925563,0.777159,0.911510,0.812663,0.454447,spectrum_fno48_floor6_smooth1_qc_peak4_fieldloss_smooth0
run81_sparc_1519,sparc_1519,0.810099,0.789703,0.709420,0.766236,0.765788,0.703684,0.888257,0.896149,0.740634,0.926388,0.957202,0.630076,spectrum_fno48_floor6_smooth1_qc_peak4_fieldloss_smooth0
run81_sparc_1520,sparc_1520,0.820988,0.808593,0.707509,0.789611,0.760973,0.665613,0.891438,0.900760,0.740601,0.936769,0.933118,0.682326,spectrum_fno48_floor6_smooth1_qc_peak4_fieldloss_smooth0
run81_sparc_1524,sparc_1524,1.717639,1.489772,1.169590,0.953869,0.961226,0.974066,0.827214,0.823068,0.581151,0.868016,0.870318,0.662575,spectrum_fno48_floor6_smooth1_qc_peak4_fieldloss_smooth0
run82_sparc_1304,sparc_1304,0.860542,0.890672,0.628040,0.839611,0.885810,0.589866,0.694272,0.682299,0.629019,0.982877,0.977290,0.764227,spectrum_fno48_floor6_smooth1_qc_peak4_fieldloss_smooth0
run82_sparc_1305,sparc_1305,0.838773,0.991221,0.725184,0.808818,0.852131,0.719473,0.894784,0.905916,0.760563,0.628855,0.581513,0.243987,spectrum_fno48_floor6_smooth1_qc_peak4_fieldloss_smooth0
run82_sparc_1306,sparc_1306,0.870456,0.864710,0.657194,0.792428,0.806941,0.642613,0.897331,0.899325,0.766799,0.850928,0.734296,0.692982,spectrum_fno48_floor6_smooth1_qc_peak4_fieldloss_smooth0
run82_sparc_1309,sparc_1309,0.811718,0.755012,0.603142,0.802129,0.754978,0.591862,0.896258,0.907269,0.776980,0.901873,0.800353,0.607023,spectrum_fno48_floor6_smooth1_qc_peak4_fieldloss_smooth0
run82_sparc_1349,sparc_1349,0.717870,0.890329,0.194337,0.705414,0.752393,0.190838,0.881970,0.914176,0.774407,0.922600,0.772440,0.562735,spectrum_fno48_floor6_smooth1_qc_peak4_fieldloss_smooth0
run82_sparc_1354,sparc_1354,0.631422,0.641512,0.289135,0.630712,0.640916,0.274216,0.923117,0.937225,0.817932,0.891837,0.860414,0.661336,spectrum_fno48_floor6_smooth1_qc_peak4_fieldloss_smooth0
run82_sparc_1360,sparc_1360,0.660572,0.793825,0.175927,0.657249,0.716361,0.175769,0.935036,0.928141,0.819905,0.911526,0.777269,0.569308,spectrum_fno48_floor6_smooth1_qc_peak4_fieldloss_smooth0
run82_sparc_1364,sparc_1364,0.680984,0.844314,0.327842,0.653464,0.785300,0.320428,0.919655,0.925864,0.784167,0.682220,0.750153,0.580463,spectrum_fno48_floor6_smooth1_qc_peak4_fieldloss_smooth0
run82_sparc_1401,sparc_1401,0.625444,0.931611,0.264396,0.595903,0.751981,0.257442,0.914318,0.930300,0.838949,0.942347,0.840173,0.729645,spectrum_fno48_floor6_smooth1_qc_peak4_fieldloss_smooth0
run82_sparc_1404,sparc_1404,1.048002,1.330741,0.630869,0.810239,0.853577,0.590961,0.887817,0.897833,0.745958,0.631433,0.461248,0.299215,spectrum_fno48_floor6_smooth1_qc_peak4_fieldloss_smooth0
run82_sparc_1406,sparc_1406,0.986835,1.169669,0.735278,0.852792,0.859192,0.555458,0.896154,0.910566,0.762823,0.763749,0.708829,0.630236,spectrum_fno48_floor6_smooth1_qc_peak4_fieldloss_smooth0
run82_sparc_1410,sparc_1410,0.637218,0.635995,0.199934,0.624577,0.575336,0.172406,0.934823,0.941226,0.811456,0.918662,0.712453,0.514372,spectrum_fno48_floor6_smooth1_qc_peak4_fieldloss_smooth0
run82_sparc_1411,sparc_1411,0.650812,0.647452,0.202951,0.632968,0.584244,0.170963,0.943243,0.949567,0.826841,0.896645,0.715529,0.561328,spectrum_fno48_floor6_smooth1_qc_peak4_fieldloss_smooth0
run82_sparc_1423,sparc_1423,0.834739,0.872313,0.557329,0.789611,0.766553,0.542962,0.877065,0.890270,0.715108,0.793572,0.624304,0.473381,spectrum_fno48_floor6_smooth1_qc_peak4_fieldloss_smooth0
run82_sparc_1428,sparc_1428,0.734172,0.807765,0.534128,0.718695,0.806317,0.534122,0.716178,0.695030,0.731896,0.978090,0.969277,0.757881,spectrum_fno48_floor6_smooth1_qc_peak4_fieldloss_smooth0
run82_sparc_1430,sparc_1430,0.741891,1.040965,0.353189,0.698894,0.799166,0.323162,0.867557,0.913170,0.797392,0.686844,0.777134,0.437223,spectrum_fno48_floor6_smooth1_qc_peak4_fieldloss_smooth0
run82_sparc_1500,sparc_1500,0.470735,0.484098,0.415315,0.468606,0.483980,0.407949,0.983539,0.982644,0.968779,0.674455,0.614786,0.672548,spectrum_fno48_floor6_smooth1_qc_peak4_fieldloss_smooth0
run82_sparc_1510,sparc_1510,0.619409,0.591760,0.172515,0.618360,0.567728,0.169249,0.932177,0.940432,0.815191,0.943675,0.678028,0.467115,spectrum_fno48_floor6_smooth1_qc_peak4_fieldloss_smooth0
run82_sparc_1519,sparc_1519,0.716162,0.684193,0.237642,0.715349,0.682439,0.237635,0.947083,0.947342,0.852552,0.877114,0.606695,0.452898,spectrum_fno48_floor6_smooth1_qc_peak4_fieldloss_smooth0
run82_sparc_1527,sparc_1527,0.692740,0.833095,0.604251,0.689849,0.784991,0.456199,0.837713,0.872350,0.736619,0.680041,0.420415,0.589671,spectrum_fno48_floor6_smooth1_qc_peak4_fieldloss_smooth0
run82_sparc_1529,sparc_1529,1.393262,1.407915,0.752017,0.839013,0.891223,0.594937,0.825332,0.822492,0.699399,0.907735,0.872050,0.798789,spectrum_fno48_floor6_smooth1_qc_peak4_fieldloss_smooth0
run82_sparc_1593,sparc_1593,0.870092,1.174220,0.223301,0.639049,0.796037,0.221564,0.930577,0.932815,0.813768,0.824232,0.715160,0.742223,spectrum_fno48_floor6_smooth1_qc_peak4_fieldloss_smooth0
run83_sparc_1306,sparc_1306,0.915404,0.927554,0.948159,0.881354,0.883443,0.911538,0.867118,0.871517,0.716523,0.967276,0.946878,0.802700,spectrum_fno48_floor6_smooth1_qc_peak4_fieldloss
run83_sparc_1308,sparc_1308,0.768415,0.773542,0.800572,0.768022,0.769798,0.800072,0.872888,0.859091,0.754237,0.941149,0.920765,0.595079,spectrum_fno48_floor6_smooth1_qc_peak4_fieldloss
run83_sparc_1309,sparc_1309,0.988632,1.857985,1.035547,0.804240,0.935317,0.778224,0.740486,0.651591,0.459473,0.935099,0.953810,0.711038,spectrum_fno48_floor6_smooth1_qc_peak4_fieldloss
run83_sparc_1310,sparc_1310,0.721839,0.799379,0.596445,0.707802,0.760493,0.594063,0.905252,0.906064,0.735065,0.921188,0.743516,0.379001,spectrum_fno48_floor6_smooth1_qc_peak4_fieldloss_smooth0
run83_sparc_1318,sparc_1318,0.799162,0.913976,0.641398,0.768685,0.815221,0.633356,0.912722,0.911465,0.779082,0.881257,0.841989,0.618018,spectrum_fno48_floor6_smooth1_qc_peak4_fieldloss_smooth0
run83_sparc_1350,sparc_1350,0.629417,0.749890,0.493412,0.620999,0.698108,0.488013,0.929724,0.932955,0.793422,0.895807,0.869637,0.475152,spectrum_fno48_floor6_smooth1_qc_peak4_fieldloss_smooth0
run83_sparc_1352,sparc_1352,0.756519,0.803375,0.769458,0.739568,0.784453,0.769244,0.867430,0.877608,0.705811,0.923688,0.834017,0.342196,spectrum_fno48_floor6_smooth1_qc_peak4_fieldloss
run83_sparc_1357,sparc_1357,0.765168,0.852081,0.987282,0.739553,0.797052,0.875717,0.892961,0.873445,0.699411,0.851072,0.900966,0.450514,spectrum_fno48_floor6_smooth1_qc_peak4_fieldloss
run83_sparc_1400,sparc_1400,0.440882,0.411699,0.361867,0.440859,0.404772,0.316424,0.993411,0.995091,0.989117,0.943542,0.674108,0.924857,spectrum_fno48_floor6_smooth1_qc_peak4_fieldloss_smooth0
run83_sparc_1407,sparc_1407,0.864798,0.922613,0.981094,0.841827,0.820331,0.902714,0.849272,0.879795,0.742746,0.937084,0.933197,0.715987,spectrum_fno48_floor6_smooth1_qc_peak4_fieldloss
run83_sparc_1408,sparc_1408,0.691604,0.764501,0.574539,0.677431,0.741047,0.574317,0.911943,0.924265,0.804697,0.958719,0.903599,0.824975,spectrum_fno48_floor6_smooth1_qc_peak4_fieldloss_smooth0
run83_sparc_1413,sparc_1413,0.711242,0.754762,0.619235,0.708512,0.737845,0.596961,0.914253,0.918811,0.771639,0.954985,0.844029,0.490281,spectrum_fno48_floor6_smooth1_qc_peak4_fieldloss_smooth0
run83_sparc_1414,sparc_1414,0.814200,0.846595,0.681878,0.774832,0.798942,0.681281,0.902716,0.904885,0.754433,0.955105,0.831841,0.469178,spectrum_fno48_floor6_smooth1_qc_peak4_fieldloss_smooth0
run83_sparc_1417,sparc_1417,0.787941,0.888628,0.734425,0.673183,0.698558,0.664072,0.892814,0.896139,0.752256,0.977802,0.970365,0.713985,spectrum_fno48_floor6_smooth1_qc_peak4_fieldloss_smooth0
run83_sparc_1419,sparc_1419,1.008193,1.212042,0.954923,0.850076,0.842954,0.816880,0.871649,0.888333,0.733679,0.942180,0.925499,0.762341,spectrum_fno48_floor6_smooth1_qc_peak4_fieldloss_smooth0
run83_sparc_1421,sparc_1421,1.663735,1.758216,1.584358,0.983371,0.984325,0.984445,0.844437,0.862897,0.686096,0.940292,0.969859,0.752574,spectrum_fno48_floor6_smooth1_qc_peak4_fieldloss_smooth0
run83_sparc_1427,sparc_1427,0.920596,0.927963,1.017539,0.690196,0.716928,0.689222,0.838970,0.861257,0.778706,0.952541,0.926139,0.772175,spectrum_fno48_floor6_smooth1_qc_peak4_fieldloss
run83_sparc_1505,sparc_1505,0.686936,0.801943,0.683984,0.661475,0.672522,0.609720,0.921379,0.919331,0.811718,0.942244,0.959688,0.776285,spectrum_fno48_floor6_smooth1_qc_peak4_fieldloss_smooth0
run83_sparc_1507,sparc_1507,0.877530,0.871509,0.986743,0.837774,0.815417,0.897369,0.846006,0.885549,0.749668,0.940676,0.945851,0.710063,spectrum_fno48_floor6_smooth1_qc_peak4
run83_sparc_1509,sparc_1509,0.764224,0.931267,0.677844,0.735995,0.817219,0.676636,0.875576,0.862960,0.716995,0.911110,0.867048,0.371214,spectrum_fno48_floor6_smooth1_qc_peak4_fieldloss_smooth0
run83_sparc_1521,sparc_1521,1.252242,1.340340,1.292197,0.973141,0.974159,0.975407,0.855381,0.869932,0.684031,0.985133,0.989762,0.824431,spectrum_fno48_floor6_smooth1_qc_peak4_fieldloss
run83_sparc_1524,sparc_1524,1.592277,2.156640,2.360114,0.980460,0.981746,0.985617,0.754900,0.658191,0.351269,0.972920,0.978628,0.860325,spectrum_fno48_floor6_smooth1_qc_peak4_fieldloss
run83_sparc_1529,sparc_1529,1.079891,1.012219,0.975938,0.975689,0.929803,0.938681,0.628992,0.796293,0.748024,0.985835,0.985502,0.888660,spectrum_fno48_floor6_smooth1_qc_peak4_fieldloss_smooth0
run83_sparc_1530,sparc_1530,1.105557,0.793379,0.361732,0.991592,0.560611,0.348252,-0.227872,0.884501,0.672904,0.996897,0.763187,0.962520,spectrum_fno48_floor6_smooth1_qc_peak4_fieldloss_smooth0
run84_sparc_1300,sparc_1300,0.255818,0.357629,0.204279,0.251325,0.303094,0.168875,0.991038,0.993906,0.986180,0.938297,0.716049,0.900429,spectrum_fno48_floor6_smooth1_qc_peak4_fieldloss_smooth0
run84_sparc_1307,sparc_1307,0.554500,1.056779,0.437978,0.534271,0.724842,0.421815,0.881975,0.863759,0.718251,0.908909,0.940044,0.707188,spectrum_fno48_floor6_smooth1_qc_peak4_fieldloss_smooth0
run84_sparc_1315,sparc_1315,0.541729,0.574701,0.373029,0.540446,0.567761,0.367358,0.932021,0.933043,0.786768,0.905691,0.834000,0.594297,spectrum_fno48_floor6_smooth1_qc_peak4_fieldloss_smooth0
run84_sparc_1356,sparc_1356,0.686417,0.672781,0.479991,0.669172,0.651483,0.457013,0.907667,0.914933,0.744667,0.871925,0.830717,0.453335,spectrum_fno48_floor6_smooth1_qc_peak4_fieldloss_smooth0
run84_sparc_1358,sparc_1358,0.560271,0.588404,0.407752,0.544557,0.561766,0.407598,0.894267,0.909587,0.719946,0.894760,0.765837,0.441380,spectrum_fno48_floor6_smooth1_qc_peak4_fieldloss_smooth0
run84_sparc_1359,sparc_1359,0.539384,0.591107,0.336515,0.537840,0.576431,0.328235,0.903158,0.910178,0.721945,0.885181,0.747263,0.511092,spectrum_fno48_floor6_smooth1_qc_peak4_fieldloss_smooth0
run84_sparc_1364,sparc_1364,0.542840,0.730728,0.298021,0.531278,0.676560,0.298006,0.919885,0.919730,0.773203,0.874452,0.915582,0.353024,spectrum_fno48_floor6_smooth1_qc_peak4_fieldloss_smooth0
run84_sparc_1405,sparc_1405,0.555005,0.613369,0.472844,0.552242,0.572803,0.472271,0.913439,0.915078,0.773984,0.962321,0.947081,0.641704,spectrum_fno48_floor6_smooth1_qc_peak4_fieldloss_smooth0
run84_sparc_1417,sparc_1417,0.497348,0.559305,0.301593,0.496570,0.550149,0.301587,0.925938,0.926582,0.760918,0.940052,0.708664,0.469170,spectrum_fno48_floor6_smooth1_qc_peak4_fieldloss_smooth0
run84_sparc_1420,sparc_1420,0.582195,0.587534,0.519024,0.577188,0.568803,0.513566,0.919885,0.925281,0.754982,0.811070,0.871389,0.390042,spectrum_fno48_floor6_smooth1_qc_peak4_fieldloss_smooth0
run84_sparc_1430,sparc_1430,0.844117,0.851942,1.664173,0.743645,0.777801,0.996645,0.554466,0.660726,-0.743344,0.973173,0.949773,0.922646,spectrum_fno48_floor6_smooth1_qc_peak4_fieldloss
run84_sparc_1441,sparc_1441,0.585588,0.634871,0.443000,0.568383,0.609482,0.418388,0.922731,0.931573,0.785674,0.810850,0.787965,0.474526,spectrum_fno48_floor6_smooth1_qc_peak4_fieldloss_smooth0
run84_sparc_1500,sparc_1500,0.331349,0.401058,0.241395,0.313957,0.345814,0.241071,0.991972,0.992391,0.983331,0.920388,0.827235,0.884598,spectrum_fno48_floor6_smooth1_qc_peak4_fieldloss_smooth0
run84_sparc_1506,sparc_1506,0.608220,0.611446,0.493052,0.595685,0.592217,0.488364,0.908304,0.910705,0.767629,0.951037,0.936988,0.640076,spectrum_fno48_floor6_smooth1_qc_peak4_fieldloss_smooth0
run84_sparc_1511,sparc_1511,0.560926,0.571159,0.355980,0.559812,0.567256,0.347136,0.932907,0.933407,0.776953,0.867051,0.738589,0.496554,spectrum_fno48_floor6_smooth1_qc_peak4_fieldloss_smooth0
run84_sparc_1518,sparc_1518,0.514927,0.566063,0.339656,0.514325,0.555496,0.339168,0.906117,0.909696,0.722443,0.942769,0.726015,0.446021,spectrum_fno48_floor6_smooth1_qc_peak4_fieldloss_smooth0
run84_sparc_1522,sparc_1522,0.772826,0.759151,0.645266,0.747517,0.730841,0.644644,0.893199,0.887023,0.726051,0.881027,0.775045,0.593181,spectrum_fno48_floor6_smooth1_qc_peak4_fieldloss_smooth0
run84_sparc_1528,sparc_1528,0.817545,0.830772,0.600662,0.760198,0.762795,0.582731,0.851189,0.880686,0.746551,0.970759,0.949512,0.802106,spectrum_fno48_floor6_smooth1_qc_peak4_fieldloss_smooth0
run85_sparc_1304,sparc_1304,0.652092,0.685557,0.601605,0.643985,0.672914,0.597885,0.928266,0.927415,0.819214,0.952198,0.920885,0.802618,spectrum_fno48_floor6_smooth1_qc_peak4_fieldloss_smooth0
run85_sparc_1317,sparc_1317,0.712041,0.906571,0.604998,0.676606,0.784456,0.579200,0.865242,0.881200,0.681825,0.927460,0.896656,0.689486,spectrum_fno48_floor6_smooth1_qc_peak4_fieldloss_smooth0
run85_sparc_1351,sparc_1351,0.722028,0.836239,0.570901,0.717275,0.824726,0.553821,0.897927,0.920453,0.776589,0.826702,0.807562,0.644726,spectrum_fno48_floor6_smooth1_qc_peak4_fieldloss_smooth0
run85_sparc_1358,sparc_1358,0.563293,0.670304,0.473060,0.532448,0.668749,0.425519,0.915107,0.925982,0.756881,0.809406,0.817305,0.664851,spectrum_fno48_floor6_smooth1_qc_peak4_fieldloss_smooth0
run85_sparc_1363,sparc_1363,0.571779,0.710439,0.517390,0.571767,0.700301,0.492545,0.919368,0.909806,0.762764,0.810934,0.846085,0.482733,spectrum_fno48_floor6_smooth1_qc_peak4_fieldloss_smooth0
run85_sparc_1365,sparc_1365,0.592728,0.765707,0.448758,0.591887,0.738070,0.448562,0.851071,0.877448,0.693387,0.903976,0.869669,0.691713,spectrum_fno48_floor6_smooth1_qc_peak4_fieldloss_smooth0
run85_sparc_1403,sparc_1403,0.837906,1.099606,0.155159,0.633246,0.715191,0.150504,0.948343,0.950863,0.837637,0.918192,0.852697,0.596730,spectrum_fno48_floor6_smooth1_qc_peak4_fieldloss_smooth0
run85_sparc_1406,sparc_1406,0.724061,0.936089,0.392829,0.668845,0.716332,0.388175,0.942219,0.947191,0.816799,0.890355,0.744410,0.614430,spectrum_fno48_floor6_smooth1_qc_peak4_fieldloss_smooth0
run85_sparc_1408,sparc_1408,0.694721,0.689182,0.530478,0.576182,0.587123,0.508543,0.936929,0.932295,0.824972,0.872754,0.831078,0.647745,spectrum_fno48_floor6_smooth1_qc_peak4_fieldloss_smooth0
run85_sparc_1413,sparc_1413,0.620718,0.699688,0.489859,0.620621,0.667880,0.478410,0.902112,0.907791,0.756202,0.932954,0.765861,0.699218,spectrum_fno48_floor6_smooth1_qc_peak4_fieldloss_smooth0
run85_sparc_1414,sparc_1414,0.626169,0.672981,0.505322,0.623070,0.648068,0.473858,0.939225,0.926778,0.809167,0.890157,0.780817,0.606923,spectrum_fno48_floor6_smooth1_qc_peak4_fieldloss_smooth0
run85_sparc_1416,sparc_1416,1.287315,1.723099,0.975479,0.719372,0.784448,0.646458,0.910921,0.886376,0.748767,0.940361,0.857701,0.781671,spectrum_fno48_floor6_smooth1_qc_peak4_fieldloss_smooth0
run85_sparc_1423,sparc_1423,0.755349,0.917277,0.423611,0.656340,0.668061,0.403183,0.949537,0.950390,0.851955,0.881911,0.786461,0.566202,spectrum_fno48_floor6_smooth1_qc_peak4_fieldloss_smooth0
run85_sparc_1441,sparc_1441,0.760621,0.945542,0.381393,0.661853,0.722790,0.380780,0.939361,0.943065,0.819660,0.913819,0.608664,0.591185,spectrum_fno48_floor6_smooth1_qc_peak4_fieldloss_smooth0
run85_sparc_1507,sparc_1507,0.820365,0.963291,0.467775,0.717597,0.763451,0.466392,0.951874,0.949351,0.828190,0.921137,0.789314,0.646127,spectrum_fno48_floor6_smooth1_qc_peak4_fieldloss_smooth0
run85_sparc_1510,sparc_1510,0.640231,0.737536,0.525123,0.639995,0.633156,0.514512,0.900134,0.908852,0.775143,0.915548,0.771530,0.755879,spectrum_fno48_floor6_smooth1_qc_peak4_fieldloss_smooth0
run85_sparc_1518,sparc_1518,0.664214,0.929829,0.550263,0.664020,0.741145,0.549966,0.929053,0.930571,0.794204,0.943276,0.877095,0.692960,spectrum_fno48_floor6_smooth1_qc_peak4_fieldloss_smooth0
run86_sparc_1301,sparc_1301,0.616160,0.949300,0.280577,0.614722,0.772134,0.279659,0.905618,0.902159,0.795876,0.882006,0.856150,0.737495,spectrum_fno48_floor6_smooth1_qc_peak4_fieldloss_smooth0
run86_sparc_1304,sparc_1304,1.254123,1.325433,0.397745,0.781348,0.805852,0.326259,0.911190,0.932725,0.795058,0.969104,0.783980,0.773411,spectrum_fno48_floor6_smooth1_qc_peak4_fieldloss_smooth0
run86_sparc_1350,sparc_1350,0.627372,1.035308,0.774236,0.589204,0.750295,0.534043,0.912007,0.902223,0.703339,0.935590,0.639279,0.609955,spectrum_fno48_floor6_smooth1_qc_peak4_fieldloss
run86_sparc_1353,sparc_1353,0.527475,0.725659,0.426817,0.518669,0.673592,0.374300,0.881217,0.880513,0.642830,0.899919,0.765187,0.738278,spectrum_fno48_floor6_smooth1_qc_peak4_fieldloss_smooth0
run86_sparc_1354,sparc_1354,0.882265,0.860189,0.607717,0.879113,0.859339,0.607617,0.838109,0.835127,0.662366,0.971409,0.847384,0.622530,spectrum_fno48_floor6_smooth1_qc_peak4_fieldloss_smooth0
run86_sparc_1361,sparc_1361,0.497011,0.749023,0.335239,0.492764,0.703059,0.324061,0.901845,0.898942,0.687055,0.942399,0.802965,0.487715,spectrum_fno48_floor6_smooth1_qc_peak4_fieldloss_smooth0
run86_sparc_1401,sparc_1401,0.724041,0.985678,0.441333,0.677011,0.784579,0.410911,0.924683,0.906006,0.825549,0.932291,0.879526,0.804272,spectrum_fno48_floor6_smooth1_qc_peak4_fieldloss_smooth0
run86_sparc_1413,sparc_1413,0.583186,0.672564,0.313023,0.583171,0.670278,0.295539,0.852845,0.828777,0.680648,0.921393,0.835166,0.633471,spectrum_fno48_floor6_smooth1_qc_peak4_fieldloss_smooth0
run86_sparc_1422,sparc_1422,0.668812,0.781062,0.402459,0.668803,0.780484,0.383168,0.879929,0.875118,0.656128,0.895637,0.813166,0.580333,spectrum_fno48_floor6_smooth1_qc_peak4_fieldloss_smooth0
run86_sparc_1423,sparc_1423,0.749877,0.814483,0.253842,0.641851,0.665605,0.170974,0.937087,0.943888,0.822736,0.830717,0.557832,0.366885,spectrum_fno48_floor6_smooth1_qc_peak4_fieldloss_smooth0
run86_sparc_1428,sparc_1428,0.978338,1.256545,0.329102,0.721427,0.804820,0.300358,0.736264,0.716189,0.636014,0.954429,0.818717,0.751961,spectrum_fno48_floor6_smooth1_qc_peak4_fieldloss_smooth0
run86_sparc_1441,sparc_1441,0.726904,1.322724,0.196310,0.666012,0.852925,0.195359,0.916425,0.924161,0.782963,0.692331,0.809931,0.389912,spectrum_fno48_floor6_smooth1_qc_peak4_fieldloss_smooth0
run86_sparc_1504,sparc_1504,0.820963,1.260276,0.331325,0.716151,0.843135,0.322841,0.911521,0.914864,0.763417,0.924397,0.861203,0.475794,spectrum_fno48_floor6_smooth1_qc_peak4_fieldloss_smooth0
run86_sparc_1506,sparc_1506,0.915647,1.259479,0.631330,0.720444,0.841331,0.563683,0.929286,0.929983,0.789864,0.804654,0.862941,0.424584,spectrum_fno48_floor6_smooth1_qc_peak4_fieldloss_smooth0
run86_sparc_1514,sparc_1514,0.737448,0.824497,0.359965,0.737415,0.821881,0.359660,0.898523,0.875735,0.708999,0.951905,0.692476,0.599495,spectrum_fno48_floor6_smooth1_qc_peak4_fieldloss_smooth0
run86_sparc_1519,sparc_1519,0.701444,0.824400,0.364648,0.678215,0.791226,0.334416,0.889794,0.889903,0.689254,0.897942,0.692921,0.617746,spectrum_fno48_floor6_smooth1_qc_peak4_fieldloss_smooth0
run86_sparc_1524,sparc_1524,0.590365,0.766113,0.444388,0.567431,0.759207,0.425766,0.444148,0.452417,0.611363,0.951908,0.714216,0.622136,spectrum_fno48_floor6_smooth1_qc_peak4_fieldloss_smooth0
run86_sparc_1525,sparc_1525,0.777162,0.973556,0.238578,0.653094,0.768581,0.225886,0.931165,0.934736,0.807298,0.723857,0.664844,0.446249,spectrum_fno48_floor6_smooth1_qc_peak4_fieldloss_smooth0
run86_sparc_1527,sparc_1527,0.716882,0.914465,0.746926,0.664573,0.756890,0.686112,0.937138,0.926558,0.815040,0.748510,0.751705,0.412269,spectrum_fno48_floor6_smooth1_qc_peak4_fieldloss
run87_sparc_1305,sparc_1305,0.899045,1.172335,0.620264,0.757397,0.809278,0.538365,0.900451,0.890571,0.767832,0.903557,0.870196,0.600312,spectrum_fno48_floor6_smooth1_qc_peak4_fieldloss_smooth0
run87_sparc_1310,sparc_1310,0.573915,0.719253,0.397216,0.544641,0.647001,0.365510,0.906600,0.907644,0.694034,0.927549,0.722792,0.613625,spectrum_fno48_floor6_smooth1_qc_peak4_fieldloss_smooth0
run87_sparc_1317,sparc_1317,0.584801,0.750365,0.356995,0.548043,0.641525,0.348883,0.894399,0.895073,0.665880,0.894976,0.841127,0.531927,spectrum_fno48_floor6_smooth1_qc_peak4_fieldloss_smooth0
run87_sparc_1319,sparc_1319,0.584192,0.723125,0.346677,0.543499,0.656291,0.335152,0.891633,0.887450,0.663912,0.845394,0.884141,0.480879,spectrum_fno48_floor6_smooth1_qc_peak4_fieldloss_smooth0
run87_sparc_1349,sparc_1349,0.559930,0.758033,0.351977,0.515189,0.637840,0.331200,0.882105,0.887518,0.653912,0.931276,0.829760,0.566882,spectrum_fno48_floor6_smooth1_qc_peak4_fieldloss_smooth0
run87_sparc_1351,sparc_1351,0.565488,0.672685,0.360139,0.532202,0.605595,0.353652,0.890893,0.887855,0.660484,0.886854,0.700475,0.477676,spectrum_fno48_floor6_smooth1_qc_peak4_fieldloss_smooth0
run87_sparc_1353,sparc_1353,0.517548,0.673421,0.330281,0.501034,0.622097,0.310893,0.900320,0.893318,0.685803,0.898917,0.861157,0.416042,spectrum_fno48_floor6_smooth1_qc_peak4_fieldloss_smooth0
run87_sparc_1356,sparc_1356,0.561546,0.702944,0.360716,0.541621,0.626331,0.360518,0.879410,0.883731,0.647689,0.898756,0.856191,0.499075,spectrum_fno48_floor6_smooth1_qc_peak4_fieldloss_smooth0
run87_sparc_1360,sparc_1360,0.546954,0.713713,0.322804,0.507834,0.640646,0.316692,0.894430,0.894210,0.668885,0.947684,0.794335,0.450737,spectrum_fno48_floor6_smooth1_qc_peak4_fieldloss_smooth0
run87_sparc_1362,sparc_1362,0.507819,0.668151,0.324607,0.493761,0.615236,0.322398,0.905174,0.900112,0.699459,0.950943,0.923634,0.752106,spectrum_fno48_floor6_smooth1_qc_peak4_fieldloss_smooth0
run87_sparc_1402,sparc_1402,0.363177,0.823828,0.448064,0.359957,0.632400,0.398204,0.905283,0.912812,0.806377,0.957749,0.910412,0.731459,spectrum_fno48_floor6_smooth1_qc_peak4_fieldloss
run87_sparc_1414,sparc_1414,0.593559,0.724105,0.372838,0.546919,0.621117,0.362962,0.909088,0.905156,0.701259,0.884282,0.779535,0.460077,spectrum_fno48_floor6_smooth1_qc_peak4_fieldloss_smooth0
run87_sparc_1423,sparc_1423,1.063379,1.449754,0.972102,0.809868,0.873201,0.691174,0.845770,0.887589,0.719349,0.891787,0.845150,0.623809,spectrum_fno48_floor6_smooth1_qc_peak4_fieldloss_smooth0
run87_sparc_1426,sparc_1426,1.076622,1.398875,0.679959,0.807218,0.872241,0.614261,0.914565,0.905619,0.762295,0.851656,0.797016,0.661928,spectrum_fno48_floor6_smooth1_qc_peak4_fieldloss_smooth0
run87_sparc_1428,sparc_1428,1.093771,1.261883,0.981527,0.820926,0.855224,0.727437,0.920958,0.904900,0.754722,0.905098,0.749729,0.735927,spectrum_fno48_floor6_smooth1_qc_peak4_fieldloss_smooth0
run87_sparc_1506,sparc_1506,0.799382,1.021378,0.520063,0.685800,0.768627,0.519101,0.880667,0.901659,0.769867,0.968361,0.941632,0.800408,spectrum_fno48_floor6_smooth1_qc_peak4_fieldloss_smooth0
run87_sparc_1507,sparc_1507,0.625061,1.023854,0.530899,0.611683,0.748577,0.529603,0.920839,0.929319,0.796321,0.970958,0.958947,0.871188,spectrum_fno48_floor6_smooth1_qc_peak4_fieldloss_smooth0
run87_sparc_1509,sparc_1509,0.544227,0.694603,0.349568,0.544206,0.670396,0.343410,0.907358,0.905643,0.682509,0.889601,0.930740,0.486295,spectrum_fno48_floor6_smooth1_qc_peak4_fieldloss_smooth0
run87_sparc_1511,sparc_1511,0.553982,0.667266,0.352076,0.532792,0.612359,0.346926,0.917041,0.912815,0.727014,0.884448,0.818518,0.599832,spectrum_fno48_floor6_smooth1_qc_peak4_fieldloss_smooth0
run87_sparc_1517,sparc_1517,0.553303,0.675208,0.353342,0.540113,0.636719,0.341789,0.899031,0.896993,0.659397,0.860316,0.811744,0.410396,spectrum_fno48_floor6_smooth1_qc_peak4_fieldloss_smooth0
run87_sparc_1521,sparc_1521,0.618141,1.159005,0.311503,0.602467,0.895326,0.308132,0.885737,0.872044,0.657214,0.912587,0.950017,0.417727,spectrum_fno48_floor6_smooth1_qc_peak4_fieldloss_smooth0
run87_sparc_1523,sparc_1523,0.505462,0.853357,0.307565,0.503524,0.706362,0.291702,0.892202,0.892582,0.698424,0.732582,0.874031,0.517250,spectrum_fno48_floor6_smooth1_qc_peak4_fieldloss_smooth0
run87_sparc_1524,sparc_1524,0.642116,0.963786,0.411686,0.616747,0.745834,0.410475,0.880721,0.877687,0.659003,0.909795,0.882277,0.551239,spectrum_fno48_floor6_smooth1_qc_peak4_fieldloss_smooth0
run87_sparc_1526,sparc_1526,0.804777,1.114616,0.449301,0.732667,0.801788,0.446375,0.896500,0.911537,0.770539,0.948898,0.776047,0.588902,spectrum_fno48_floor6_smooth1_qc_peak4_fieldloss_smooth0
run87_sparc_1528,sparc_1528,1.054332,1.127610,0.781517,0.789912,0.818776,0.651898,0.844610,0.845138,0.712009,0.909826,0.854487,0.716876,spectrum_fno48_floor6_smooth1_qc_peak4_fieldloss_smooth0
run88_sparc_1307,sparc_1307,0.659981,0.983890,0.440794,0.634084,0.782738,0.428548,0.770379,0.807986,0.708499,0.965860,0.961042,0.742319,spectrum_fno48_floor6_smooth1_qc_peak4_fieldloss_smooth0
run88_sparc_1315,sparc_1315,0.539831,0.529847,0.326273,0.539609,0.527626,0.318348,0.930601,0.930523,0.766793,0.905854,0.884869,0.546829,spectrum_fno48_floor6_smooth1_qc_peak4_fieldloss_smooth0
run88_sparc_1349,sparc_1349,0.582584,0.737538,0.524313,0.570306,0.668065,0.523176,0.905413,0.904837,0.741385,0.847164,0.903935,0.426950,spectrum_fno48_floor6_smooth1_qc_peak4_fieldloss_smooth0
run88_sparc_1353,sparc_1353,0.633982,0.740852,0.581231,0.578513,0.687383,0.573030,0.905537,0.907989,0.732546,0.857698,0.897116,0.486062,spectrum_fno48_floor6_smooth1_qc_peak4_fieldloss_smooth0
run88_sparc_1356,sparc_1356,0.634610,0.750370,0.536679,0.614444,0.708082,0.525110,0.912218,0.912438,0.752084,0.930810,0.897474,0.476529,spectrum_fno48_floor6_smooth1_qc_peak4_fieldloss_smooth0
run88_sparc_1361,sparc_1361,0.550746,0.616339,0.308509,0.513208,0.563534,0.307644,0.916179,0.922683,0.759537,0.930940,0.854849,0.391736,spectrum_fno48_floor6_smooth1_qc_peak4_fieldloss_smooth0
run88_sparc_1363,sparc_1363,0.675541,0.734914,0.735922,0.648672,0.704319,0.695882,0.909057,0.904159,0.723040,0.888034,0.907641,0.510102,spectrum_fno48_floor6_smooth1_qc_peak4_fieldloss
run88_sparc_1404,sparc_1404,0.686695,0.667341,0.596035,0.666817,0.647375,0.589454,0.910953,0.919100,0.775902,0.979835,0.912972,0.723458,spectrum_fno48_floor6_smooth1_qc_peak4_fieldloss_smooth0
run88_sparc_1406,sparc_1406,0.589341,0.650489,0.478889,0.580221,0.608631,0.469076,0.921486,0.925311,0.769184,0.947326,0.871033,0.600122,spectrum_fno48_floor6_smooth1_qc_peak4_fieldloss_smooth0
run88_sparc_1409,sparc_1409,0.621299,0.695073,0.493571,0.605931,0.669590,0.479538,0.914240,0.909696,0.751888,0.926094,0.916534,0.500000,spectrum_fno48_floor6_smooth1_qc_peak4_fieldloss_smooth0
run88_sparc_1421,sparc_1421,0.658562,0.655865,0.608754,0.610843,0.607860,0.604567,0.921512,0.923704,0.768398,0.766833,0.870164,0.402208,spectrum_fno48_floor6_smooth1_qc_peak4_fieldloss_smooth0
run88_sparc_1424,sparc_1424,0.594079,0.634665,0.473886,0.593994,0.627825,0.473865,0.888443,0.902987,0.743065,0.862097,0.792396,0.501903,spectrum_fno48_floor6_smooth1_qc_peak4_fieldloss_smooth0
run88_sparc_1425,sparc_1425,0.687359,0.699967,0.557990,0.631785,0.650660,0.557422,0.906722,0.906077,0.744724,0.931137,0.825436,0.504528,spectrum_fno48_floor6_smooth1_qc_peak4_fieldloss_smooth0
run88_sparc_1427,sparc_1427,0.650193,0.665774,0.559910,0.646025,0.658282,0.525671,0.920196,0.907583,0.801609,0.956071,0.934687,0.673610,spectrum_fno48_floor6_smooth1_qc_peak4_fieldloss_smooth0
run88_sparc_1440,sparc_1440,0.649793,0.674078,0.544142,0.649716,0.670259,0.504195,0.909166,0.923371,0.776185,0.961780,0.746937,0.575696,spectrum_fno48_floor6_smooth1_qc_peak4_fieldloss_smooth0
run88_sparc_1503,sparc_1503,0.557596,0.607730,0.534325,0.548653,0.606759,0.481696,0.936035,0.935285,0.812783,0.897775,0.906713,0.506722,spectrum_fno48_floor6_smooth1_qc_peak4_fieldloss_smooth0
run88_sparc_1504,sparc_1504,0.601200,0.645535,0.563484,0.600998,0.629890,0.561477,0.920102,0.917457,0.782832,0.924051,0.819399,0.488505,spectrum_fno48_floor6_smooth1_qc_peak4_fieldloss_smooth0
run88_sparc_1513,sparc_1513,0.561566,0.578761,0.413715,0.552969,0.563627,0.396103,0.927599,0.928798,0.758126,0.937074,0.867113,0.575118,spectrum_fno48_floor6_smooth1_qc_peak4_fieldloss_smooth0
run88_sparc_1515,sparc_1515,0.541214,0.563521,0.352190,0.532943,0.545374,0.351265,0.928530,0.932189,0.759409,0.885714,0.849501,0.467171,spectrum_fno48_floor6_smooth1_qc_peak4_fieldloss_smooth0
run88_sparc_1523,sparc_1523,1.068362,1.067723,1.046361,0.992928,0.993941,0.990198,0.762413,0.776974,0.604862,0.979510,0.948053,0.638991,spectrum_fno48_floor6_smooth1_qc_peak4_fieldloss_smooth0
run88_sparc_1528,sparc_1528,0.595674,0.626727,0.495387,0.590639,0.625695,0.488586,0.915639,0.917874,0.797858,0.961472,0.919562,0.663869,spectrum_fno48_floor6_smooth1_qc_peak4_fieldloss_smooth0
run89_sparc_1303,sparc_1303,0.595598,0.679828,0.451932,0.554356,0.679826,0.340249,0.915062,0.912904,0.778181,0.930358,0.917058,0.626776,spectrum_fno48_floor6_smooth1_qc_peak4_fieldloss_smooth0
run89_sparc_1305,sparc_1305,1.287495,1.377194,0.285922,0.933970,0.983213,0.285467,0.538490,0.621674,0.607311,0.642027,0.659208,0.358510,spectrum_fno48_floor6_smooth1_qc_peak4_fieldloss_smooth0
run89_sparc_1309,sparc_1309,0.709334,0.883751,0.605355,0.704869,0.811906,0.598586,0.904489,0.865140,0.695449,0.922751,0.963688,0.581963,spectrum_fno48_floor6_smooth1_qc_peak4_fieldloss_smooth0
run89_sparc_1314,sparc_1314,0.485314,0.582455,0.243688,0.480842,0.561203,0.242430,0.925070,0.926289,0.749733,0.893977,0.787512,0.481177,spectrum_fno48_floor6_smooth1_qc_peak4_fieldloss_smooth0
run89_sparc_1353,sparc_1353,0.451023,0.657745,0.245774,0.449352,0.589791,0.238302,0.893702,0.890547,0.675604,0.884243,0.931948,0.666716,spectrum_fno48_floor6_smooth1_qc_peak4_fieldloss_smooth0
run89_sparc_1362,sparc_1362,0.452881,0.577682,0.298373,0.452862,0.555521,0.275783,0.884859,0.883702,0.668262,0.915096,0.948732,0.730177,spectrum_fno48_floor6_smooth1_qc_peak4_fieldloss_smooth0
run89_sparc_1364,sparc_1364,0.546527,0.707205,0.315981,0.527326,0.672084,0.315226,0.872898,0.874128,0.682060,0.917224,0.923367,0.377679,spectrum_fno48_floor6_smooth1_qc_peak4_fieldloss_smooth0
run89_sparc_1402,sparc_1402,0.741715,0.824221,0.510805,0.709349,0.812147,0.490201,0.875394,0.911864,0.810196,0.912523,0.919372,0.716181,spectrum_fno48_floor6_smooth1_qc_peak4_fieldloss_smooth0
run89_sparc_1404,sparc_1404,1.913466,1.229773,0.445770,0.980403,0.997112,0.436845,0.709377,0.699921,0.638189,0.687743,0.469777,0.289069,spectrum_fno48_floor6_smooth1_qc_peak4_fieldloss_smooth0
run89_sparc_1409,sparc_1409,0.551183,0.727460,0.311291,0.540972,0.660614,0.310930,0.914319,0.911807,0.722680,0.937420,0.938486,0.519867,spectrum_fno48_floor6_smooth1_qc_peak4_fieldloss_smooth0
run89_sparc_1410,sparc_1410,0.505421,0.628969,0.281980,0.505406,0.614537,0.267149,0.922311,0.924116,0.733294,0.872110,0.921344,0.436294,spectrum_fno48_floor6_smooth1_qc_peak4_fieldloss_smooth0
run89_sparc_1417,sparc_1417,0.497304,0.621140,0.276209,0.491585,0.586993,0.271405,0.925493,0.929175,0.751781,0.885679,0.847188,0.606769,spectrum_fno48_floor6_smooth1_qc_peak4_fieldloss_smooth0
run89_sparc_1421,sparc_1421,0.565047,0.594783,0.446395,0.559015,0.587717,0.444353,0.911040,0.913568,0.725633,0.866378,0.820144,0.503679,spectrum_fno48_floor6_smooth1_qc_peak4_fieldloss_smooth0
run89_sparc_1422,sparc_1422,0.580840,0.668349,0.404611,0.568001,0.633726,0.393934,0.901951,0.909240,0.713191,0.879311,0.896742,0.321869,spectrum_fno48_floor6_smooth1_qc_peak4_fieldloss_smooth0
run89_sparc_1426,sparc_1426,0.643214,0.819242,0.774539,0.642928,0.818676,0.747931,0.788351,0.795464,0.607295,0.974099,0.846055,0.671647,spectrum_fno48_floor6_smooth1_qc_peak4_fieldloss
run89_sparc_1428,sparc_1428,0.736810,0.796639,0.682604,0.726770,0.764285,0.668175,0.872574,0.845548,0.714244,0.957639,0.870925,0.774399,spectrum_fno48_floor6_smooth1_qc_peak4_fieldloss_smooth0
run89_sparc_1429,sparc_1429,0.689630,0.785954,0.619327,0.683014,0.764106,0.619143,0.864488,0.851749,0.728088,0.941916,0.935461,0.737086,spectrum_fno48_floor6_smooth1_qc_peak4_fieldloss_smooth0
run89_sparc_1430,sparc_1430,1.143662,0.761474,0.917852,0.909453,0.695233,0.784536,0.173468,0.701885,0.410481,0.982356,0.937591,0.801318,spectrum_fno48_floor6_smooth1_qc_peak4
run89_sparc_1500,sparc_1500,0.685452,0.540036,0.457541,0.612399,0.535185,0.347090,0.985702,0.990759,0.982160,0.960959,0.856715,0.892925,spectrum_fno48_floor6_smooth1_qc_peak4_fieldloss_smooth0
run89_sparc_1501,sparc_1501,0.653041,0.629886,0.573198,0.627700,0.601953,0.571813,0.858927,0.892556,0.750279,0.895467,0.860136,0.612516,spectrum_fno48_floor6_smooth1_qc_peak4_fieldloss_smooth0
run89_sparc_1510,sparc_1510,0.554291,0.653100,0.317577,0.522442,0.615958,0.311890,0.915464,0.918560,0.726551,0.901212,0.831336,0.468698,spectrum_fno48_floor6_smooth1_qc_peak4_fieldloss_smooth0
run89_sparc_1512,sparc_1512,0.505690,0.637534,0.304531,0.498520,0.605931,0.298243,0.913146,0.920846,0.728169,0.857957,0.873342,0.395746,spectrum_fno48_floor6_smooth1_qc_peak4_fieldloss_smooth0
run89_sparc_1517,sparc_1517,0.482767,0.595585,0.268541,0.478863,0.570107,0.268480,0.902120,0.906843,0.703016,0.903533,0.909250,0.693761,spectrum_fno48_floor6_smooth1_qc_peak4_fieldloss_smooth0
run8_sparc_1302,sparc_1302,0.774560,0.880161,0.703148,0.733367,0.752705,0.660628,0.877887,0.874099,0.759712,0.965075,0.960781,0.785611,spectrum_fno48_floor6_smooth1_qc_peak4_fieldloss_smooth0
run8_sparc_1313,sparc_1313,0.526299,0.557022,0.310498,0.497156,0.516425,0.310243,0.930211,0.933199,0.749023,0.936215,0.666496,0.590182,spectrum_fno48_floor6_smooth1_qc_peak4_fieldloss_smooth0
run8_sparc_1350,sparc_1350,0.526299,0.557021,0.310498,0.497156,0.516424,0.310243,0.930211,0.933199,0.749025,0.936218,0.666506,0.590181,spectrum_fno48_floor6_smooth1_qc_peak4_fieldloss_smooth0
run8_sparc_1403,sparc_1403,0.681327,0.784751,0.536690,0.627373,0.673890,0.450072,0.906691,0.904106,0.762855,0.969302,0.759196,0.676097,spectrum_fno48_floor6_smooth1_qc_peak4_fieldloss_smooth0
run8_sparc_1405,sparc_1405,0.632548,0.711632,0.564549,0.628349,0.706856,0.529692,0.869637,0.845288,0.676544,0.943430,0.856432,0.599113,spectrum_fno48_floor6_smooth1_qc_peak4_fieldloss_smooth0
run8_sparc_1408,sparc_1408,0.608425,0.749466,0.450445,0.602060,0.749460,0.430461,0.867379,0.870023,0.673856,0.960694,0.964497,0.669365,spectrum_fno48_floor6_smooth1_qc_peak4_fieldloss_smooth0
run8_sparc_1409,sparc_1409,0.537843,0.686178,0.329207,0.534649,0.646886,0.329000,0.902882,0.920933,0.733179,0.928551,0.877802,0.479161,spectrum_fno48_floor6_smooth1_qc_peak4_fieldloss_smooth0
run8_sparc_1426,sparc_1426,0.643678,0.660450,0.539451,0.641338,0.659648,0.524368,0.887949,0.884738,0.719400,0.947403,0.830650,0.637297,spectrum_fno48_floor6_smooth1_qc_peak4_fieldloss_smooth0
run8_sparc_1427,sparc_1427,0.654757,0.665839,0.606356,0.654690,0.660901,0.575442,0.899701,0.872939,0.766183,0.971721,0.922479,0.694833,spectrum_fno48_floor6_smooth1_qc_peak4_fieldloss_smooth0
run8_sparc_1428,sparc_1428,0.633816,0.670337,0.574236,0.633577,0.666645,0.525620,0.909031,0.905267,0.778467,0.947581,0.876928,0.631099,spectrum_fno48_floor6_smooth1_qc_peak4_fieldloss_smooth0
run8_sparc_1440,sparc_1440,0.517626,0.662030,0.370096,0.510738,0.642468,0.347810,0.918343,0.919271,0.766521,0.878534,0.870082,0.467473,spectrum_fno48_floor6_smooth1_qc_peak4_fieldloss_smooth0
run8_sparc_1502,sparc_1502,0.558499,0.641627,0.338673,0.557166,0.620624,0.334393,0.911820,0.924394,0.806880,0.917131,0.902942,0.559232,spectrum_fno48_floor6_smooth1_qc_peak4_fieldloss_smooth0
run8_sparc_1508,sparc_1508,1.042827,1.068679,0.947285,0.862665,0.896767,0.845934,0.623778,0.594666,0.462300,0.967901,0.832726,0.806596,spectrum_fno48_floor6_smooth1_qc_peak4_fieldloss_smooth0
run8_sparc_1510,sparc_1510,0.542367,0.632537,0.339439,0.532640,0.599156,0.339344,0.925704,0.933834,0.750926,0.938843,0.700489,0.368739,spectrum_fno48_floor6_smooth1_qc_peak4_fieldloss_smooth0
run90_sparc_1302,sparc_1302,0.714993,0.677551,0.639202,0.713053,0.677549,0.630041,0.759563,0.769060,0.697276,0.981689,0.969653,0.767547,spectrum_fno48_floor6_smooth1_qc_peak4_fieldloss_smooth0
run90_sparc_1307,sparc_1307,1.304354,1.250501,1.098458,0.923016,0.892521,0.941916,0.184759,0.375037,0.011436,0.982352,0.941177,0.879299,spectrum_fno48_floor6_smooth1_qc_peak4_fieldloss_smooth0
run90_sparc_1315,sparc_1315,0.555531,0.593375,0.311679,0.519681,0.522423,0.311678,0.936033,0.937203,0.769310,0.943459,0.878908,0.482456,spectrum_fno48_floor6_smooth1_qc_peak4_fieldloss_smooth0
run90_sparc_1318,sparc_1318,0.510955,0.573673,0.290382,0.497106,0.543810,0.286386,0.933305,0.931482,0.756598,0.883882,0.632130,0.493387,spectrum_fno48_floor6_smooth1_qc_peak4_fieldloss_smooth0
run90_sparc_1350,sparc_1350,0.550698,0.588924,0.279062,0.510874,0.525678,0.276221,0.934206,0.934432,0.782432,0.906018,0.701465,0.435192,spectrum_fno48_floor6_smooth1_qc_peak4_fieldloss_smooth0
run90_sparc_1357,sparc_1357,0.569899,0.674160,0.308593,0.527041,0.571442,0.308196,0.913048,0.910088,0.730324,0.874405,0.862288,0.531033,spectrum_fno48_floor6_smooth1_qc_peak4_fieldloss_smooth0
run90_sparc_1358,sparc_1358,0.479844,0.536656,0.311162,0.477650,0.529033,0.308176,0.908557,0.911377,0.717987,0.930404,0.906446,0.624891,spectrum_fno48_floor6_smooth1_qc_peak4_fieldloss_smooth0
run90_sparc_1364,sparc_1364,0.456533,0.719862,0.307625,0.449209,0.654956,0.307546,0.889914,0.888573,0.723489,0.948562,0.937464,0.600192,spectrum_fno48_floor6_smooth1_qc_peak4_fieldloss_smooth0
run90_sparc_1400,sparc_1400,0.539669,0.923118,1.073235,0.538268,0.905048,0.890796,0.991516,0.992493,0.985008,0.857955,0.835905,0.933283,spectrum_fno48_floor6_smooth1_qc_peak4_fieldloss
run90_sparc_1408,sparc_1408,0.645246,0.777399,0.516894,0.642787,0.775424,0.513647,0.894661,0.896351,0.711333,0.965428,0.960372,0.790755,spectrum_fno48_floor6_smooth1_qc_peak4_fieldloss_smooth0
run90_sparc_1413,sparc_1413,0.523666,0.583520,0.302946,0.519731,0.554845,0.302752,0.928442,0.931180,0.748331,0.916058,0.777864,0.383175,spectrum_fno48_floor6_smooth1_qc_peak4_fieldloss_smooth0
run90_sparc_1416,sparc_1416,0.540410,0.623368,0.301042,0.494883,0.561318,0.300192,0.924768,0.927073,0.750973,0.929352,0.795371,0.504536,spectrum_fno48_floor6_smooth1_qc_peak4_fieldloss_smooth0
run90_sparc_1417,sparc_1417,0.487857,0.591694,0.283823,0.482747,0.562210,0.283332,0.925891,0.924827,0.737830,0.865409,0.842275,0.457373,spectrum_fno48_floor6_smooth1_qc_peak4_fieldloss_smooth0
run90_sparc_1419,sparc_1419,0.476220,0.612685,0.348524,0.474496,0.573138,0.348466,0.914289,0.913547,0.715980,0.926403,0.836035,0.368427,spectrum_fno48_floor6_smooth1_qc_peak4_fieldloss_smooth0
run90_sparc_1422,sparc_1422,0.587088,0.649135,0.427549,0.560026,0.617524,0.402564,0.902523,0.903817,0.734041,0.894173,0.832763,0.396180,spectrum_fno48_floor6_smooth1_qc_peak4_fieldloss_smooth0
run90_sparc_1423,sparc_1423,0.574289,0.714388,0.411970,0.559109,0.676737,0.411213,0.901490,0.899536,0.697077,0.917541,0.846099,0.547486,spectrum_fno48_floor6_smooth1_qc_peak4_fieldloss_smooth0
run90_sparc_1427,sparc_1427,0.593756,0.635161,0.499236,0.589531,0.633280,0.487548,0.901948,0.884143,0.776003,0.941631,0.836303,0.610167,spectrum_fno48_floor6_smooth1_qc_peak4_fieldloss_smooth0
run90_sparc_1429,sparc_1429,0.598463,0.640229,0.487882,0.593776,0.632204,0.473336,0.900452,0.901210,0.791345,0.900611,0.853299,0.655741,spectrum_fno48_floor6_smooth1_qc_peak4_fieldloss_smooth0
run90_sparc_1506,sparc_1506,0.622692,0.698588,0.587641,0.617049,0.696405,0.570283,0.885936,0.867236,0.695171,0.949021,0.886644,0.684463,spectrum_fno48_floor6_smooth1_qc_peak4_fieldloss_smooth0
run90_sparc_1593,sparc_1593,0.632496,0.740349,0.573662,0.610896,0.677027,0.552861,0.904849,0.904848,0.771101,0.969756,0.884653,0.709080,spectrum_fno48_floor6_smooth1_qc_peak4_fieldloss_smooth0
run91_sparc_1304,sparc_1304,0.709283,0.916387,0.438046,0.655052,0.716155,0.427283,0.941093,0.944019,0.822835,0.845148,0.603881,0.578716,spectrum_fno48_floor6_smooth1_qc_peak4_fieldloss_smooth0
run91_sparc_1313,sparc_1313,0.707835,0.837840,0.577838,0.707321,0.771841,0.556692,0.943911,0.941931,0.812279,0.897361,0.851561,0.759440,spectrum_fno48_floor6_smooth1_qc_peak4_fieldloss_smooth0
run91_sparc_1358,sparc_1358,0.558382,0.671551,0.619914,0.523986,0.671134,0.464817,0.929864,0.932525,0.786841,0.908079,0.865438,0.760819,spectrum_fno48_floor6_smooth1_qc_peak4_fieldloss
run91_sparc_1363,sparc_1363,0.558441,0.721676,0.745332,0.551725,0.682077,0.554097,0.917325,0.926217,0.775336,0.847639,0.845424,0.617143,spectrum_fno48_floor6_smooth1_qc_peak4_fieldloss
run91_sparc_1401,sparc_1401,0.743343,0.889802,0.600272,0.616635,0.655641,0.518035,0.947037,0.958989,0.891243,0.967034,0.858860,0.881554,spectrum_fno48_floor6_smooth1_qc_peak4_fieldloss_smooth0
run91_sparc_1406,sparc_1406,0.751211,0.921236,0.575841,0.724542,0.757217,0.560437,0.949508,0.952735,0.828369,0.897763,0.775401,0.613740,spectrum_fno48_floor6_smooth1_qc_peak4_fieldloss_smooth0
run91_sparc_1409,sparc_1409,0.706122,0.747963,0.542111,0.629328,0.692771,0.489412,0.946877,0.945066,0.835133,0.929052,0.763074,0.702810,spectrum_fno48_floor6_smooth1_qc_peak4_fieldloss_smooth0
run91_sparc_1413,sparc_1413,0.744576,0.859534,0.573184,0.724251,0.793308,0.572766,0.901647,0.918078,0.790404,0.916498,0.847117,0.734069,spectrum_fno48_floor6_smooth1_qc_peak4_fieldloss_smooth0
run91_sparc_1414,sparc_1414,0.674463,0.717242,0.552648,0.672332,0.712756,0.541526,0.925546,0.933956,0.806467,0.906573,0.780429,0.676124,spectrum_fno48_floor6_smooth1_qc_peak4_fieldloss_smooth0
run91_sparc_1416,sparc_1416,0.615366,0.862285,0.446598,0.613578,0.691484,0.445730,0.933636,0.940226,0.808393,0.930109,0.823688,0.674147,spectrum_fno48_floor6_smooth1_qc_peak4_fieldloss_smooth0
run91_sparc_1420,sparc_1420,0.677843,0.792511,0.606383,0.677521,0.755621,0.606383,0.915409,0.928549,0.774431,0.913947,0.643717,0.606471,spectrum_fno48_floor6_smooth1_qc_peak4_fieldloss_smooth0
run91_sparc_1440,sparc_1440,0.732561,0.911036,0.555465,0.710199,0.770280,0.543948,0.950731,0.953450,0.841501,0.919734,0.695062,0.606338,spectrum_fno48_floor6_smooth1_qc_peak4_fieldloss_smooth0
run91_sparc_1500,sparc_1500,0.359603,0.376217,0.259421,0.312320,0.333705,0.256441,0.957013,0.984827,0.971743,0.831191,0.837802,0.780731,spectrum_fno48_floor6_smooth1_qc_peak4_fieldloss_smooth0
run91_sparc_1501,sparc_1501,0.797272,1.029719,0.543601,0.671608,0.749994,0.500190,0.958833,0.958934,0.888457,0.891854,0.888537,0.804473,spectrum_fno48_floor6_smooth1_qc_peak4_fieldloss_smooth0
run91_sparc_1504,sparc_1504,0.937261,0.959313,0.254852,0.652899,0.730622,0.253678,0.939656,0.941076,0.816841,0.925165,0.672323,0.742089,spectrum_fno48_floor6_smooth1_qc_peak4_fieldloss_smooth0
run91_sparc_1507,sparc_1507,0.861164,0.972721,0.369566,0.709432,0.757443,0.369351,0.945133,0.946262,0.821320,0.958345,0.807472,0.684142,spectrum_fno48_floor6_smooth1_qc_peak4_fieldloss_smooth0
run91_sparc_1513,sparc_1513,0.613954,0.725759,0.484456,0.613213,0.719055,0.484456,0.945254,0.945905,0.821799,0.927427,0.785167,0.755975,spectrum_fno48_floor6_smooth1_qc_peak4_fieldloss_smooth0
run91_sparc_1525,sparc_1525,0.697336,0.729015,0.342427,0.629836,0.656552,0.342420,0.957363,0.953406,0.864229,0.848857,0.699151,0.559179,spectrum_fno48_floor6_smooth1_qc_peak4_fieldloss_smooth0
run91_sparc_1526,sparc_1526,0.868080,0.851652,0.238123,0.640501,0.659425,0.226022,0.940115,0.941208,0.833663,0.950882,0.693016,0.679581,spectrum_fno48_floor6_smooth1_qc_peak4_fieldloss_smooth0
run91_sparc_1528,sparc_1528,1.036769,1.103012,0.232318,0.731936,0.825851,0.229871,0.792619,0.826358,0.720439,0.961730,0.775661,0.796870,spectrum_fno48_floor6_smooth1_qc_peak4_fieldloss_smooth0
run91_sparc_1529,sparc_1529,0.522454,0.869211,0.231332,0.516236,0.712943,0.229243,0.905980,0.912778,0.780320,0.847998,0.852208,0.684097,spectrum_fno48_floor6_smooth1_qc_peak4_fieldloss_smooth0
run92_sparc_1301,sparc_1301,0.458282,0.579981,0.389605,0.454300,0.524763,0.389570,0.907212,0.913821,0.805496,0.849535,0.833865,0.622433,spectrum_fno48_floor6_smooth1_qc_peak4_fieldloss_smooth0
run92_sparc_1307,sparc_1307,1.082414,1.206113,0.732397,0.760155,0.800076,0.566858,0.844245,0.875958,0.729627,0.933925,0.901080,0.679145,spectrum_fno48_floor6_smooth1_qc_peak4_fieldloss_smooth0
run92_sparc_1309,sparc_1309,0.556434,0.679571,0.382187,0.543184,0.627966,0.376347,0.911481,0.905006,0.723221,0.926030,0.858173,0.596329,spectrum_fno48_floor6_smooth1_qc_peak4_fieldloss_smooth0
run92_sparc_1310,sparc_1310,0.494974,0.578641,0.282700,0.494884,0.576928,0.266174,0.913373,0.916395,0.723690,0.940018,0.729399,0.587035,spectrum_fno48_floor6_smooth1_qc_peak4_fieldloss_smooth0
run92_sparc_1313,sparc_1313,0.477896,0.518398,0.286789,0.475339,0.509414,0.259162,0.926591,0.925852,0.743122,0.907832,0.569921,0.595396,spectrum_fno48_floor6_smooth1_qc_peak4_fieldloss_smooth0
run92_sparc_1349,sparc_1349,0.451687,0.552103,0.260621,0.451612,0.542110,0.235265,0.893854,0.900528,0.694961,0.893213,0.863812,0.489977,spectrum_fno48_floor6_smooth1_qc_peak4_fieldloss_smooth0
run92_sparc_1351,sparc_1351,0.489891,0.539223,0.297310,0.475823,0.510166,0.283685,0.912817,0.916089,0.721320,0.943032,0.678983,0.657330,spectrum_fno48_floor6_smooth1_qc_peak4_fieldloss_smooth0
run92_sparc_1352,sparc_1352,0.535518,0.597042,0.289246,0.479772,0.529923,0.282161,0.916231,0.917213,0.730513,0.931713,0.842867,0.505321,spectrum_fno48_floor6_smooth1_qc_peak4_fieldloss_smooth0
run92_sparc_1355,sparc_1355,0.445175,0.524526,0.315457,0.444107,0.511288,0.300719,0.906244,0.906152,0.725622,0.894670,0.879468,0.596928,spectrum_fno48_floor6_smooth1_qc_peak4_fieldloss_smooth0
run92_sparc_1358,sparc_1358,0.464584,0.486819,0.285272,0.463794,0.484608,0.284949,0.905231,0.909665,0.716854,0.923036,0.844997,0.673244,spectrum_fno48_floor6_smooth1_qc_peak4_fieldloss_smooth0
run92_sparc_1363,sparc_1363,0.466034,0.574075,0.260327,0.462866,0.555554,0.255042,0.906052,0.907626,0.727548,0.925088,0.874435,0.647738,spectrum_fno48_floor6_smooth1_qc_peak4_fieldloss_smooth0
run92_sparc_1410,sparc_1410,0.538317,0.586629,0.301887,0.517013,0.555353,0.291639,0.923995,0.931138,0.755030,0.932054,0.694429,0.435741,spectrum_fno48_floor6_smooth1_qc_peak4_fieldloss_smooth0
run92_sparc_1416,sparc_1416,0.486478,0.544689,0.266530,0.469811,0.528069,0.262023,0.917759,0.920702,0.722662,0.932111,0.821921,0.488636,spectrum_fno48_floor6_smooth1_qc_peak4_fieldloss_smooth0
run92_sparc_1421,sparc_1421,0.540347,0.575975,0.582627,0.538467,0.562874,0.556640,0.898477,0.903598,0.705137,0.877499,0.735266,0.467983,spectrum_fno48_floor6_smooth1_qc_peak4_fieldloss
run92_sparc_1425,sparc_1425,0.615054,0.672603,0.489168,0.596326,0.650800,0.482576,0.904385,0.899840,0.732009,0.947026,0.895425,0.713113,spectrum_fno48_floor6_smooth1_qc_peak4_fieldloss_smooth0
run92_sparc_1426,sparc_1426,0.610490,0.660669,0.497525,0.610042,0.660635,0.450646,0.882349,0.863818,0.711297,0.920293,0.886946,0.727797,spectrum_fno48_floor6_smooth1_qc_peak4_fieldloss_smooth0
run92_sparc_1430,sparc_1430,0.744678,0.824304,0.586857,0.622173,0.656997,0.537511,0.877715,0.919593,0.798534,0.933804,0.869050,0.653636,spectrum_fno48_floor6_smooth1_qc_peak4_fieldloss_smooth0
run92_sparc_1440,sparc_1440,0.542120,0.750370,0.356606,0.539578,0.715378,0.351989,0.923502,0.912566,0.759849,0.895515,0.926041,0.563272,spectrum_fno48_floor6_smooth1_qc_peak4_fieldloss_smooth0
run92_sparc_1505,sparc_1505,0.540351,0.718001,0.383702,0.540040,0.672550,0.382358,0.913529,0.903973,0.761969,0.943311,0.828001,0.491086,spectrum_fno48_floor6_smooth1_qc_peak4_fieldloss_smooth0
run92_sparc_1507,sparc_1507,0.571272,1.224291,0.485259,0.569490,0.866495,0.456504,0.853905,0.726025,0.684231,0.977907,0.970263,0.818606,spectrum_fno48_floor6_smooth1_qc_peak4_fieldloss_smooth0
run92_sparc_1511,sparc_1511,0.525310,0.564672,0.306589,0.521702,0.547251,0.270577,0.932620,0.933005,0.759657,0.909727,0.800289,0.403997,spectrum_fno48_floor6_smooth1_qc_peak4_fieldloss_smooth0
run92_sparc_1513,sparc_1513,0.501668,0.530937,0.279901,0.490560,0.520307,0.263447,0.927132,0.926969,0.752609,0.851439,0.872334,0.368669,spectrum_fno48_floor6_smooth1_qc_peak4_fieldloss_smooth0
run92_sparc_1518,sparc_1518,0.457855,0.504900,0.258446,0.457598,0.504719,0.251601,0.920135,0.922613,0.736071,0.910242,0.832316,0.453948,spectrum_fno48_floor6_smooth1_qc_peak4_fieldloss_smooth0
run92_sparc_1530,sparc_1530,0.653556,0.631590,0.712778,0.653491,0.629743,0.708530,0.765971,0.848078,0.793963,0.994213,0.992146,0.934125,spectrum_fno48_floor6_smooth1_qc_peak4
run93_sparc_1311,sparc_1311,0.648459,0.645229,0.297364,0.631055,0.598930,0.248834,0.921614,0.922210,0.772166,0.864597,0.683389,0.618732,spectrum_fno48_floor6_smooth1_qc_peak4_fieldloss_smooth0
run93_sparc_1349,sparc_1349,0.730546,0.788008,0.230790,0.700603,0.741381,0.221646,0.924445,0.920857,0.790435,0.947576,0.815227,0.567912,spectrum_fno48_floor6_smooth1_qc_peak4_fieldloss_smooth0
run93_sparc_1355,sparc_1355,0.708922,0.731565,0.230506,0.689676,0.702440,0.215303,0.933446,0.932370,0.802063,0.949264,0.840831,0.606650,spectrum_fno48_floor6_smooth1_qc_peak4_fieldloss_smooth0
run93_sparc_1408,sparc_1408,0.715059,0.734665,0.415914,0.708118,0.732224,0.415532,0.909288,0.865605,0.741110,0.900896,0.948947,0.650723,spectrum_fno48_floor6_smooth1_qc_peak4_fieldloss_smooth0
run93_sparc_1411,sparc_1411,0.621786,0.595737,0.232340,0.613955,0.573468,0.211495,0.925768,0.934398,0.790090,0.882814,0.683240,0.537865,spectrum_fno48_floor6_smooth1_qc_peak4_fieldloss_smooth0
run93_sparc_1413,sparc_1413,0.638621,0.627111,0.251697,0.623883,0.594096,0.207383,0.929313,0.938047,0.799809,0.857546,0.620219,0.438863,spectrum_fno48_floor6_smooth1_qc_peak4_fieldloss_smooth0
run93_sparc_1417,sparc_1417,0.639988,0.652365,0.236604,0.633897,0.645354,0.214314,0.930862,0.938080,0.806430,0.819943,0.597337,0.439420,spectrum_fno48_floor6_smooth1_qc_peak4_fieldloss_smooth0
run93_sparc_1426,sparc_1426,0.618719,0.620733,0.191405,0.617490,0.616097,0.187871,0.912772,0.906697,0.769454,0.809843,0.612872,0.561305,spectrum_fno48_floor6_smooth1_qc_peak4_fieldloss_smooth0
run93_sparc_1428,sparc_1428,0.703800,1.051471,0.779840,0.658195,0.784984,0.747914,0.295108,0.558156,0.458281,0.990247,0.949600,0.765925,spectrum_fno48_floor6_smooth1_qc_peak4_fieldloss
run93_sparc_1429,sparc_1429,0.934421,1.169698,0.837560,0.655265,0.705639,0.675652,0.830684,0.750081,0.640548,0.980694,0.977545,0.801913,spectrum_fno48_floor6_smooth1_qc_peak4_fieldloss_smooth0
run93_sparc_1504,sparc_1504,0.922614,1.009881,0.274286,0.756958,0.770352,0.273033,0.917638,0.921260,0.773881,0.866342,0.820156,0.660772,spectrum_fno48_floor6_smooth1_qc_peak4_fieldloss_smooth0
run93_sparc_1507,sparc_1507,0.930442,0.958556,0.349588,0.777800,0.802057,0.322484,0.930690,0.931432,0.782478,0.802394,0.931996,0.416990,spectrum_fno48_floor6_smooth1_qc_peak4_fieldloss_smooth0
run93_sparc_1508,sparc_1508,0.723577,0.738891,0.421487,0.708103,0.737091,0.417123,0.915292,0.860336,0.750984,0.903028,0.931913,0.621004,spectrum_fno48_floor6_smooth1_qc_peak4_fieldloss_smooth0
run93_sparc_1528,sparc_1528,0.725268,0.859976,0.384958,0.671049,0.776488,0.383798,0.904761,0.893692,0.758138,0.884073,0.860615,0.573573,spectrum_fno48_floor6_smooth1_qc_peak4_fieldloss_smooth0
run94_sparc_1306,sparc_1306,1.120637,1.156872,1.106635,0.870230,0.903381,0.801583,0.888771,0.881142,0.704979,0.886951,0.847599,0.755764,spectrum_fno48_floor6_smooth1_qc_peak4_fieldloss_smooth0
run94_sparc_1307,sparc_1307,0.890056,0.894093,0.942302,0.787088,0.819521,0.728255,0.877290,0.871207,0.691477,0.950688,0.853957,0.739934,spectrum_fno48_floor6_smooth1_qc_peak4_fieldloss
run94_sparc_1308,sparc_1308,0.759242,0.825911,0.601304,0.706922,0.722645,0.598497,0.858838,0.884562,0.703118,0.978059,0.972866,0.872778,spectrum_fno48_floor6_smooth1_qc_peak4_fieldloss_smooth0
run94_sparc_1309,sparc_1309,1.010147,1.054350,0.851079,0.880760,0.886426,0.838116,0.423885,-0.035425,0.140285,0.982311,0.979081,0.844674,spectrum_fno48_floor6_smooth1_qc_peak4_fieldloss_smooth0
run94_sparc_1313,sparc_1313,0.515105,0.716207,0.273253,0.503588,0.639649,0.250958,0.919892,0.917604,0.733405,0.909262,0.844469,0.482470,spectrum_fno48_floor6_smooth1_qc_peak4_fieldloss_smooth0
run94_sparc_1318,sparc_1318,0.519614,0.873924,0.288739,0.508299,0.740728,0.255358,0.902514,0.892433,0.688140,0.922769,0.888700,0.463162,spectrum_fno48_floor6_smooth1_qc_peak4_fieldloss_smooth0
run94_sparc_1319,sparc_1319,0.525644,0.894407,0.289811,0.514522,0.753471,0.258046,0.901526,0.891991,0.687343,0.924659,0.892019,0.451633,spectrum_fno48_floor6_smooth1_qc_peak4_fieldloss_smooth0
run94_sparc_1350,sparc_1350,0.515105,0.716207,0.273253,0.503588,0.639649,0.250958,0.919891,0.917604,0.733403,0.909262,0.844469,0.482470,spectrum_fno48_floor6_smooth1_qc_peak4_fieldloss_smooth0
run94_sparc_1355,sparc_1355,0.478043,0.790992,0.275662,0.478025,0.720310,0.232312,0.898465,0.894091,0.694593,0.923503,0.860418,0.691509,spectrum_fno48_floor6_smooth1_qc_peak4_fieldloss_smooth0
run94_sparc_1356,sparc_1356,0.525775,0.662743,0.359991,0.517197,0.598450,0.347276,0.899766,0.897399,0.681751,0.908580,0.821989,0.393002,spectrum_fno48_floor6_smooth1_qc_peak4_fieldloss_smooth0
run94_sparc_1415,sparc_1415,0.514351,0.807592,0.300869,0.514316,0.709110,0.252477,0.908228,0.904502,0.692870,0.935505,0.842630,0.534757,spectrum_fno48_floor6_smooth1_qc_peak4_fieldloss_smooth0
run94_sparc_1419,sparc_1419,0.566060,1.000888,0.287250,0.563085,0.860874,0.283068,0.893955,0.883595,0.687145,0.902757,0.888540,0.496435,spectrum_fno48_floor6_smooth1_qc_peak4_fieldloss_smooth0
run94_sparc_1424,sparc_1424,1.226202,1.133732,0.911057,0.851410,0.857945,0.674336,0.917865,0.903728,0.787629,0.836377,0.440202,0.588939,spectrum_fno48_floor6_smooth1_qc_peak4_fieldloss_smooth0
run94_sparc_1429,sparc_1429,1.369047,2.058003,1.857781,0.895760,0.954267,0.873339,0.604205,0.612954,0.492678,0.951685,0.899425,0.875523,spectrum_fno48_floor6_smooth1_qc_peak4_fieldloss
run94_sparc_1505,sparc_1505,0.879163,1.054527,0.587272,0.784230,0.822258,0.578546,0.858003,0.827193,0.725795,0.905626,0.848984,0.643399,spectrum_fno48_floor6_smooth1_qc_peak4_fieldloss_smooth0
run94_sparc_1509,sparc_1509,0.853759,1.037778,0.451359,0.759160,0.819820,0.450900,0.767241,0.867190,0.621860,0.860684,0.872382,0.719501,spectrum_fno48_floor6_smooth1_qc_peak4_fieldloss_smooth0
run94_sparc_1513,sparc_1513,0.499758,0.787969,0.309228,0.495824,0.702504,0.245416,0.916434,0.912095,0.707159,0.910943,0.852434,0.664392,spectrum_fno48_floor6_smooth1_qc_peak4_fieldloss_smooth0
run94_sparc_1514,sparc_1514,0.506131,0.792446,0.278060,0.504449,0.722538,0.242366,0.911871,0.909476,0.699270,0.933437,0.842690,0.665267,spectrum_fno48_floor6_smooth1_qc_peak4_fieldloss_smooth0
run94_sparc_1520,sparc_1520,0.507551,0.697345,0.310139,0.501758,0.662805,0.300897,0.901995,0.895458,0.699449,0.929481,0.873919,0.706799,spectrum_fno48_floor6_smooth1_qc_peak4_fieldloss_smooth0
run94_sparc_1525,sparc_1525,1.088863,1.104447,0.691216,0.811613,0.807223,0.588235,0.924897,0.910760,0.791928,0.824949,0.742423,0.622881,spectrum_fno48_floor6_smooth1_qc_peak4_fieldloss_smooth0
run94_sparc_1527,sparc_1527,0.827891,0.901249,0.515354,0.779482,0.783514,0.513941,0.909005,0.926662,0.806737,0.864059,0.783304,0.694358,spectrum_fno48_floor6_smooth1_qc_peak4_fieldloss_smooth0
run95_sparc_1310,sparc_1310,0.713257,0.762371,0.514446,0.713110,0.761444,0.512966,0.899945,0.856465,0.756491,0.945778,0.915112,0.749246,spectrum_fno48_floor6_smooth1_qc_peak4_fieldloss_smooth0
run95_sparc_1314,sparc_1314,0.685922,0.691209,0.546526,0.683103,0.689061,0.546525,0.911098,0.915249,0.762252,0.902557,0.903546,0.573343,spectrum_fno48_floor6_smooth1_qc_peak4_fieldloss_smooth0
run95_sparc_1315,sparc_1315,0.667770,0.661371,0.510463,0.666431,0.656353,0.510406,0.901534,0.901072,0.745516,0.889364,0.858522,0.462457,spectrum_fno48_floor6_smooth1_qc_peak4_fieldloss_smooth0
run95_sparc_1316,sparc_1316,0.667239,0.674427,0.603807,0.626800,0.660244,0.550532,0.914074,0.910954,0.756335,0.878382,0.816534,0.365701,spectrum_fno48_floor6_smooth1_qc_peak4_fieldloss_smooth0
run95_sparc_1318,sparc_1318,0.690196,0.696013,0.507068,0.649025,0.676911,0.507008,0.898371,0.914120,0.748656,0.877226,0.810000,0.550748,spectrum_fno48_floor6_smooth1_qc_peak4_fieldloss_smooth0
run95_sparc_1319,sparc_1319,0.700014,0.702512,0.544821,0.642448,0.675018,0.541836,0.896849,0.916161,0.758529,0.892126,0.816345,0.578776,spectrum_fno48_floor6_smooth1_qc_peak4_fieldloss_smooth0
run95_sparc_1350,sparc_1350,0.677029,0.671364,0.508585,0.670935,0.669996,0.508064,0.917345,0.920879,0.762205,0.894209,0.892528,0.595736,spectrum_fno48_floor6_smooth1_qc_peak4_fieldloss_smooth0
run95_sparc_1364,sparc_1364,0.815353,0.758558,0.708785,0.715995,0.700536,0.656919,0.908900,0.907264,0.755766,0.936363,0.905645,0.659790,spectrum_fno48_floor6_smooth1_qc_peak4_fieldloss_smooth0
run95_sparc_1403,sparc_1403,0.551899,0.582021,0.352152,0.527266,0.562663,0.320530,0.944918,0.952288,0.852657,0.932565,0.884643,0.636509,spectrum_fno48_floor6_smooth1_qc_peak4_fieldloss_smooth0
run95_sparc_1409,sparc_1409,1.299452,1.103068,1.003558,0.932343,0.936561,0.917642,0.729856,0.682465,0.480382,0.949087,0.903856,0.835810,spectrum_fno48_floor6_smooth1_qc_peak4_fieldloss_smooth0
run95_sparc_1415,sparc_1415,0.729111,0.690343,0.563706,0.717393,0.690037,0.561478,0.901641,0.910569,0.740007,0.918515,0.843501,0.488372,spectrum_fno48_floor6_smooth1_qc_peak4_fieldloss_smooth0
run95_sparc_1416,sparc_1416,0.674560,0.668728,0.457721,0.674525,0.668705,0.457711,0.913029,0.920337,0.765778,0.912653,0.748539,0.445432,spectrum_fno48_floor6_smooth1_qc_peak4_fieldloss_smooth0
run95_sparc_1423,sparc_1423,0.753921,0.741456,0.705537,0.751509,0.733443,0.705426,0.886793,0.875592,0.750536,0.958833,0.929093,0.733864,spectrum_fno48_floor6_smooth1_qc_peak4_fieldloss_smooth0
run95_sparc_1430,sparc_1430,1.016123,1.012652,1.048244,0.908029,0.879454,0.983845,0.842489,0.894863,0.427364,0.991398,0.987226,0.944615,spectrum_fno48_floor6_smooth1_qc_peak4
run95_sparc_1502,sparc_1502,0.637570,0.747860,0.438533,0.635068,0.745439,0.412308,0.937637,0.946419,0.864578,0.944158,0.956677,0.595293,spectrum_fno48_floor6_smooth1_qc_peak4_fieldloss_smooth0
run95_sparc_1503,sparc_1503,0.539199,0.589210,0.429390,0.538832,0.557089,0.405886,0.940303,0.945229,0.843123,0.922003,0.912509,0.643537,spectrum_fno48_floor6_smooth1_qc_peak4_fieldloss_smooth0
run95_sparc_1505,sparc_1505,0.573819,0.689605,0.458182,0.570017,0.593497,0.448818,0.940655,0.941463,0.826178,0.909974,0.871435,0.405029,spectrum_fno48_floor6_smooth1_qc_peak4_fieldloss_smooth0
run95_sparc_1509,sparc_1509,1.503006,1.257975,1.025752,0.942539,0.948773,0.936082,0.695752,0.654433,0.393629,0.952864,0.917984,0.834245,spectrum_fno48_floor6_smooth1_qc_peak4_fieldloss_smooth0
run95_sparc_1510,sparc_1510,0.676217,0.683050,0.454206,0.667726,0.678984,0.454140,0.930242,0.927003,0.776401,0.913994,0.757702,0.659683,spectrum_fno48_floor6_smooth1_qc_peak4_fieldloss_smooth0
run95_sparc_1514,sparc_1514,0.767700,0.693753,0.640952,0.721001,0.689028,0.640717,0.906862,0.909707,0.741073,0.935101,0.884284,0.549768,spectrum_fno48_floor6_smooth1_qc_peak4_fieldloss_smooth0
run95_sparc_1515,sparc_1515,0.767269,0.721967,0.553708,0.657591,0.667895,0.550154,0.905879,0.909510,0.745036,0.889997,0.864761,0.449158,spectrum_fno48_floor6_smooth1_qc_peak4_fieldloss_smooth0
run95_sparc_1518,sparc_1518,0.627711,0.691416,0.487010,0.613496,0.678351,0.462075,0.907670,0.905162,0.752743,0.913983,0.760002,0.535291,spectrum_fno48_floor6_smooth1_qc_peak4_fieldloss_smooth0
run95_sparc_1523,sparc_1523,1.642303,1.418191,1.759094,0.959344,0.961198,0.957860,0.823273,0.813775,0.659711,0.872791,0.820915,0.489518,spectrum_fno48_floor6_smooth1_qc_peak4
run96_sparc_1307,sparc_1307,1.235958,1.405810,1.115638,0.755733,0.811332,0.676008,0.906271,0.893994,0.732933,0.953310,0.935782,0.623575,spectrum_fno48_floor6_smooth1_qc_peak4_fieldloss_smooth0
run96_sparc_1315,sparc_1315,0.497182,0.584420,0.267758,0.483138,0.543265,0.261600,0.922543,0.925810,0.740707,0.946467,0.711078,0.551732,spectrum_fno48_floor6_smooth1_qc_peak4_fieldloss_smooth0
run96_sparc_1317,sparc_1317,0.464166,0.560548,0.242163,0.460370,0.542054,0.235013,0.926353,0.929195,0.748693,0.946668,0.830012,0.613932,spectrum_fno48_floor6_smooth1_qc_peak4_fieldloss_smooth0
run96_sparc_1349,sparc_1349,0.452661,0.554248,0.294559,0.447588,0.551757,0.236808,0.894835,0.902523,0.698285,0.914347,0.818916,0.519057,spectrum_fno48_floor6_smooth1_qc_peak4_fieldloss_smooth0
run96_sparc_1353,sparc_1353,0.447709,0.572877,0.235306,0.434750,0.548237,0.235140,0.908975,0.911384,0.712952,0.884652,0.867125,0.580525,spectrum_fno48_floor6_smooth1_qc_peak4_fieldloss_smooth0
run96_sparc_1357,sparc_1357,0.476945,0.588321,0.278328,0.473304,0.577883,0.240641,0.922714,0.910161,0.731326,0.871589,0.783262,0.469056,spectrum_fno48_floor6_smooth1_qc_peak4_fieldloss_smooth0
run96_sparc_1363,sparc_1363,0.432272,0.566251,0.241960,0.431753,0.545091,0.234881,0.911189,0.910277,0.735484,0.929381,0.869339,0.651353,spectrum_fno48_floor6_smooth1_qc_peak4_fieldloss_smooth0
run96_sparc_1364,sparc_1364,0.465745,0.619533,0.289681,0.465234,0.607333,0.287067,0.904713,0.896352,0.698726,0.882398,0.894116,0.390391,spectrum_fno48_floor6_smooth1_qc_peak4_fieldloss_smooth0
run96_sparc_1403,sparc_1403,0.570804,0.824845,0.386683,0.510958,0.676263,0.355002,0.919616,0.914348,0.786263,0.852570,0.933385,0.522444,spectrum_fno48_floor6_smooth1_qc_peak4_fieldloss_smooth0
run96_sparc_1411,sparc_1411,0.483430,0.531221,0.275158,0.476442,0.510854,0.245345,0.923983,0.927862,0.750173,0.930262,0.844594,0.478115,spectrum_fno48_floor6_smooth1_qc_peak4_fieldloss_smooth0
run96_sparc_1413,sparc_1413,0.488034,0.547558,0.276082,0.487995,0.543690,0.263377,0.936089,0.935751,0.781126,0.954431,0.590650,0.607844,spectrum_fno48_floor6_smooth1_qc_peak4_fieldloss_smooth0
run96_sparc_1440,sparc_1440,0.754683,0.955732,0.277045,0.592780,0.738231,0.274585,0.857767,0.867191,0.734034,0.935518,0.715122,0.637775,spectrum_fno48_floor6_smooth1_qc_peak4_fieldloss_smooth0
run96_sparc_1516,sparc_1516,0.528449,0.577181,0.286335,0.505427,0.547342,0.284386,0.929762,0.929941,0.749571,0.916128,0.568131,0.417570,spectrum_fno48_floor6_smooth1_qc_peak4_fieldloss_smooth0
run96_sparc_1518,sparc_1518,0.493640,0.575954,0.260281,0.474132,0.548864,0.260186,0.921086,0.919808,0.728260,0.918576,0.819546,0.415732,spectrum_fno48_floor6_smooth1_qc_peak4_fieldloss_smooth0
run96_sparc_1524,sparc_1524,0.730907,0.729781,0.815108,0.700924,0.698068,0.779822,0.890241,0.882451,0.717010,0.829016,0.803990,0.415854,spectrum_fno48_floor6_smooth1_qc_peak4
run96_sparc_1593,sparc_1593,0.491328,0.687229,0.385479,0.490735,0.666147,0.377479,0.916480,0.916982,0.777064,0.931105,0.945133,0.693230,spectrum_fno48_floor6_smooth1_qc_peak4_fieldloss_smooth0
run97_sparc_1302,sparc_1302,0.549472,0.594274,0.509104,0.544168,0.594188,0.470851,0.933092,0.940187,0.843726,0.915609,0.879270,0.670292,spectrum_fno48_floor6_smooth1_qc_peak4_fieldloss_smooth0
run97_sparc_1303,sparc_1303,0.557092,0.563635,0.418253,0.556586,0.556444,0.416738,0.932641,0.928557,0.810136,0.902068,0.922651,0.550166,spectrum_fno48_floor6_smooth1_qc_peak4_fieldloss_smooth0
run97_sparc_1304,sparc_1304,0.563889,0.641677,0.418647,0.561030,0.595542,0.418610,0.933650,0.937114,0.806644,0.916523,0.937602,0.487684,spectrum_fno48_floor6_smooth1_qc_peak4_fieldloss_smooth0
run97_sparc_1315,sparc_1315,0.640161,0.791315,0.394734,0.600605,0.713487,0.387888,0.925531,0.911833,0.777617,0.935479,0.638102,0.596971,spectrum_fno48_floor6_smooth1_qc_peak4_fieldloss_smooth0
run97_sparc_1317,sparc_1317,0.568116,0.652963,0.320229,0.567370,0.652932,0.311216,0.916506,0.926290,0.765929,0.908726,0.818391,0.492866,spectrum_fno48_floor6_smooth1_qc_peak4_fieldloss_smooth0
run97_sparc_1355,sparc_1355,0.710434,0.812084,0.666099,0.652359,0.706953,0.653928,0.915209,0.917469,0.751504,0.936131,0.874083,0.455977,spectrum_fno48_floor6_smooth1_qc_peak4_fieldloss_smooth0
run97_sparc_1359,sparc_1359,0.590480,0.676888,0.385322,0.584167,0.661985,0.382882,0.916806,0.918650,0.755576,0.958544,0.834296,0.654901,spectrum_fno48_floor6_smooth1_qc_peak4_fieldloss_smooth0
run97_sparc_1403,sparc_1403,0.585028,0.610336,0.482841,0.573416,0.597034,0.480413,0.921385,0.923895,0.791443,0.924013,0.941447,0.738026,spectrum_fno48_floor6_smooth1_qc_peak4_fieldloss_smooth0
run97_sparc_1405,sparc_1405,0.657597,0.658637,0.583199,0.654177,0.655474,0.579759,0.915740,0.922825,0.793305,0.952865,0.900445,0.627967,spectrum_fno48_floor6_smooth1_qc_peak4_fieldloss_smooth0
run97_sparc_1411,sparc_1411,0.568614,1.040916,0.191466,0.561989,0.991056,0.184511,0.817436,0.842438,0.612021,0.721574,0.255126,0.575951,spectrum_fno48_floor6_smooth1_qc_peak4_fieldloss_smooth0
run97_sparc_1419,sparc_1419,0.643303,0.865259,0.589713,0.625562,0.815357,0.581868,0.896831,0.892268,0.751233,0.878134,0.906231,0.565383,spectrum_fno48_floor6_smooth1_qc_peak4_fieldloss_smooth0
run97_sparc_1440,sparc_1440,0.536926,0.578034,0.399331,0.535874,0.568885,0.366478,0.940659,0.941818,0.817328,0.934020,0.674532,0.590213,spectrum_fno48_floor6_smooth1_qc_peak4_fieldloss_smooth0
run97_sparc_1501,sparc_1501,0.872316,0.957560,0.837077,0.720085,0.790718,0.693396,0.906816,0.916445,0.867599,0.974078,0.983557,0.860000,spectrum_fno48_floor6_smooth1_qc_peak4_fieldloss_smooth0
run97_sparc_1504,sparc_1504,0.726208,0.689143,0.608455,0.713828,0.658493,0.608318,0.911107,0.915462,0.794920,0.972531,0.938216,0.706444,spectrum_fno48_floor6_smooth1_qc_peak4_fieldloss_smooth0
run97_sparc_1516,sparc_1516,0.717149,0.924893,0.632419,0.716207,0.882185,0.620787,0.915290,0.893015,0.746770,0.851352,0.796508,0.571062,spectrum_fno48_floor6_smooth1_qc_peak4_fieldloss_smooth0
run97_sparc_1517,sparc_1517,0.542381,0.766164,0.414173,0.542251,0.763496,0.391825,0.919568,0.901939,0.737240,0.929693,0.758077,0.414844,spectrum_fno48_floor6_smooth1_qc_peak4_fieldloss_smooth0
run97_sparc_1518,sparc_1518,0.531887,0.805029,0.377201,0.530229,0.772277,0.360164,0.917454,0.905565,0.742907,0.906818,0.844644,0.464035,spectrum_fno48_floor6_smooth1_qc_peak4_fieldloss_smooth0
run97_sparc_1524,sparc_1524,0.883411,0.987867,0.797235,0.853039,0.899482,0.795454,0.760490,0.781808,0.567138,0.837768,0.821100,0.596270,spectrum_fno48_floor6_smooth1_qc_peak4_fieldloss_smooth0
run98_sparc_1302,sparc_1302,0.670326,1.053521,0.235920,0.632744,0.790571,0.235727,0.905863,0.914562,0.791954,0.823911,0.725129,0.628157,spectrum_fno48_floor6_smooth1_qc_peak4_fieldloss_smooth0
run98_sparc_1306,sparc_1306,1.090563,1.308480,0.767340,0.785876,0.896867,0.605473,0.894396,0.876594,0.700868,0.910525,0.900602,0.570568,spectrum_fno48_floor6_smooth1_qc_peak4_fieldloss_smooth0
run98_sparc_1309,sparc_1309,0.642129,0.758955,0.287270,0.599007,0.663965,0.283825,0.885880,0.885546,0.723342,0.900487,0.781449,0.629762,spectrum_fno48_floor6_smooth1_qc_peak4_fieldloss_smooth0
run98_sparc_1315,sparc_1315,0.696551,0.649315,0.263868,0.658557,0.627206,0.263323,0.907417,0.903214,0.727727,0.900472,0.634401,0.564923,spectrum_fno48_floor6_smooth1_qc_peak4_fieldloss_smooth0
run98_sparc_1319,sparc_1319,0.617430,0.905322,0.603677,0.591254,0.752427,0.536721,0.903441,0.904957,0.675633,0.893019,0.712292,0.642740,spectrum_fno48_floor6_smooth1_qc_peak4_fieldloss_smooth0
run98_sparc_1357,sparc_1357,0.698556,0.675465,0.171864,0.600285,0.621020,0.155745,0.910838,0.908235,0.715896,0.861611,0.579530,0.632625,spectrum_fno48_floor6_smooth1_qc_peak4_fieldloss_smooth0
run98_sparc_1358,sparc_1358,0.499687,0.660107,0.280822,0.498837,0.632860,0.280515,0.890123,0.891791,0.691006,0.936988,0.499654,0.556500,spectrum_fno48_floor6_smooth1_qc_peak4_fieldloss_smooth0
run98_sparc_1359,sparc_1359,0.499451,0.684570,0.298663,0.498730,0.635107,0.265510,0.896389,0.896042,0.681675,0.918371,0.717483,0.428389,spectrum_fno48_floor6_smooth1_qc_peak4_fieldloss_smooth0
run98_sparc_1365,sparc_1365,0.502677,0.727201,0.411652,0.502676,0.689298,0.405832,0.883607,0.894847,0.652364,0.925630,0.697362,0.637031,spectrum_fno48_floor6_smooth1_qc_peak4_fieldloss_smooth0
run98_sparc_1408,sparc_1408,0.642188,0.979881,0.315802,0.598890,0.723607,0.280534,0.901985,0.910482,0.730595,0.932392,0.887738,0.496595,spectrum_fno48_floor6_smooth1_qc_peak4_fieldloss_smooth0
run98_sparc_1409,sparc_1409,0.572373,0.624962,0.210605,0.570131,0.622576,0.205292,0.899134,0.896412,0.700985,0.948415,0.803775,0.578284,spectrum_fno48_floor6_smooth1_qc_peak4_fieldloss_smooth0
run98_sparc_1425,sparc_1425,0.759528,0.916678,0.397047,0.636061,0.693720,0.351042,0.940979,0.941635,0.820669,0.836697,0.701508,0.538380,spectrum_fno48_floor6_smooth1_qc_peak4_fieldloss_smooth0
run98_sparc_1427,sparc_1427,1.073368,0.950829,0.272257,0.684490,0.667282,0.215521,0.942966,0.945376,0.832539,0.856367,0.727122,0.482958,spectrum_fno48_floor6_smooth1_qc_peak4_fieldloss_smooth0
run98_sparc_1501,sparc_1501,0.575923,0.742308,0.391399,0.575035,0.712415,0.383940,0.923001,0.913799,0.819866,0.914360,0.864356,0.755218,spectrum_fno48_floor6_smooth1_qc_peak4_fieldloss_smooth0
run98_sparc_1503,sparc_1503,0.835015,0.954515,0.246940,0.696593,0.730117,0.242149,0.926726,0.932896,0.785135,0.877703,0.836451,0.378883,spectrum_fno48_floor6_smooth1_qc_peak4_fieldloss_smooth0
run98_sparc_1504,sparc_1504,0.822263,1.247991,0.259527,0.666455,0.832016,0.248607,0.929117,0.931117,0.778928,0.937313,0.868831,0.551333,spectrum_fno48_floor6_smooth1_qc_peak4_fieldloss_smooth0
run98_sparc_1505,sparc_1505,0.749114,1.155360,0.221994,0.669870,0.824854,0.218655,0.919914,0.923032,0.774773,0.912626,0.833880,0.593309,spectrum_fno48_floor6_smooth1_qc_peak4_fieldloss_smooth0
run98_sparc_1509,sparc_1509,0.684595,0.691374,0.181816,0.582392,0.631396,0.180671,0.899791,0.907213,0.730680,0.912145,0.760219,0.527893,spectrum_fno48_floor6_smooth1_qc_peak4_fieldloss_smooth0
run98_sparc_1511,sparc_1511,0.605653,0.627632,0.118774,0.587570,0.610250,0.114796,0.925318,0.931034,0.769024,0.870467,0.717085,0.469999,spectrum_fno48_floor6_smooth1_qc_peak4_fieldloss_smooth0
run98_sparc_1513,sparc_1513,0.639489,0.590203,0.143789,0.596724,0.590185,0.134199,0.927303,0.929138,0.766552,0.906816,0.660028,0.431730,spectrum_fno48_floor6_smooth1_qc_peak4_fieldloss_smooth0
run98_sparc_1521,sparc_1521,0.674005,0.729049,0.184296,0.611019,0.684840,0.182302,0.899994,0.887760,0.714183,0.855067,0.690832,0.546203,spectrum_fno48_floor6_smooth1_qc_peak4_fieldloss_smooth0
run98_sparc_1525,sparc_1525,0.674231,1.015920,0.145670,0.610173,0.745032,0.145359,0.938320,0.939340,0.821796,0.857983,0.738469,0.536163,spectrum_fno48_floor6_smooth1_qc_peak4_fieldloss_smooth0
run99_sparc_1300,sparc_1300,1.164390,1.074724,1.283206,0.964111,0.987615,0.951936,0.985836,0.991710,0.980699,0.978691,0.699770,0.909051,spectrum_fno48_floor6_smooth1_qc_peak4
run99_sparc_1308,sparc_1308,1.443044,1.479528,1.558263,0.955251,0.942389,0.953888,0.471732,0.411981,0.481871,0.978773,0.979865,0.872858,spectrum_fno48_floor6_smooth1_qc_peak4_fieldloss
run99_sparc_1314,sparc_1314,1.170011,1.120721,1.053417,0.955542,0.952026,0.942508,0.895304,0.914654,0.756196,0.979259,0.935003,0.746078,spectrum_fno48_floor6_smooth1_qc_peak4_fieldloss_smooth0
run99_sparc_1351,sparc_1351,1.396208,1.479223,1.327539,0.912127,0.907711,0.914443,0.898367,0.906629,0.769351,0.968387,0.976258,0.728678,spectrum_fno48_floor6_smooth1_qc_peak4_fieldloss_smooth0
run99_sparc_1357,sparc_1357,1.176118,1.090956,1.263063,0.885753,0.922102,0.907396,0.876655,0.892203,0.723538,0.920832,0.916940,0.478398,spectrum_fno48_floor6_smooth1_qc_peak4
run99_sparc_1365,sparc_1365,1.575773,1.850380,1.687639,0.960748,0.962140,0.962416,0.876773,0.876997,0.689736,0.965488,0.955946,0.629561,spectrum_fno48_floor6_smooth1_qc_peak4_fieldloss
run99_sparc_1406,sparc_1406,0.879339,1.099230,0.792647,0.800546,0.845266,0.667612,0.915650,0.916784,0.817006,0.954049,0.967578,0.709324,spectrum_fno48_floor6_smooth1_qc_peak4_fieldloss_smooth0
run99_sparc_1407,sparc_1407,0.799435,0.823248,0.669575,0.777567,0.770243,0.667126,0.919508,0.925132,0.795249,0.978000,0.974461,0.800138,spectrum_fno48_floor6_smooth1_qc_peak4_fieldloss_smooth0
run99_sparc_1412,sparc_1412,1.583083,1.536226,1.193375,0.961039,0.959814,0.944810,0.878610,0.885613,0.720842,0.978895,0.979011,0.652231,spectrum_fno48_floor6_smooth1_qc_peak4_fieldloss_smooth0
run99_sparc_1413,sparc_1413,1.342188,1.284308,1.292193,0.964785,0.963780,0.949655,0.882719,0.890596,0.729788,0.980399,0.980937,0.667980,spectrum_fno48_floor6_smooth1_qc_peak4
run99_sparc_1423,sparc_1423,0.993914,1.002832,0.780399,0.786928,0.821866,0.772217,0.678387,0.887885,0.777787,0.926420,0.950799,0.666875,spectrum_fno48_floor6_smooth1_qc_peak4_fieldloss_smooth0
run99_sparc_1429,sparc_1429,1.006009,0.930359,1.032569,0.904232,0.874922,0.910233,0.853741,0.891907,0.783846,0.984378,0.980859,0.896940,spectrum_fno48_floor6_smooth1_qc_peak4
run99_sparc_1430,sparc_1430,1.071039,0.933494,1.371905,0.886792,0.902790,0.970283,0.836478,0.789737,0.645968,0.990513,0.991974,0.973876,spectrum_fno48_floor6_smooth1_qc_peak4
run99_sparc_1506,sparc_1506,0.857945,0.793535,0.745145,0.840029,0.779064,0.703376,0.896654,0.930269,0.822934,0.979593,0.972767,0.748689,spectrum_fno48_floor6_smooth1_qc_peak4_fieldloss_smooth0
run99_sparc_1521,sparc_1521,1.282653,1.215981,1.198719,0.979582,0.980283,0.980041,0.850264,0.862372,0.694759,0.964591,0.945469,0.719225,spectrum_fno48_floor6_smooth1_qc_peak4_fieldloss_smooth0
run99_sparc_1525,sparc_1525,0.760301,0.787867,0.670350,0.697291,0.718763,0.668401,0.914446,0.928847,0.826119,0.949828,0.943803,0.771157,spectrum_fno48_floor6_smooth1_qc_peak4_fieldloss_smooth0
run99_sparc_1528,sparc_1528,0.968781,0.864226,0.938519,0.923161,0.827183,0.893957,0.853081,0.916142,0.816070,0.983110,0.968211,0.845085,spectrum_fno48_floor6_smooth1_qc_peak4
run99_sparc_1530,sparc_1530,1.078824,0.655249,0.769431,0.996345,0.643805,0.768234,-0.241258,0.404467,0.252739,0.996031,0.995529,0.973276,spectrum_fno48_floor6_smooth1_qc_peak4
run9_sparc_1305,sparc_1305,1.001903,0.773786,0.624820,0.773863,0.720301,0.548553,0.889974,0.912243,0.769165,0.900564,0.712961,0.559587,spectrum_fno48_floor6_smooth1_qc_peak4_fieldloss_smooth0
run9_sparc_1307,sparc_1307,0.644554,0.773866,0.414664,0.642148,0.738003,0.395705,0.861346,0.889842,0.730486,0.964032,0.980075,0.790420,spectrum_fno48_floor6_smooth1_qc_peak4_fieldloss_smooth0
run9_sparc_1308,sparc_1308,0.669794,0.801921,0.497442,0.648091,0.743090,0.441206,0.858860,0.856764,0.721419,0.973125,0.987183,0.822107,spectrum_fno48_floor6_smooth1_qc_peak4_fieldloss_smooth0
run9_sparc_1350,sparc_1350,0.607000,1.036153,0.320898,0.583403,0.886085,0.307979,0.917706,0.895294,0.734136,0.842135,0.892634,0.599165,spectrum_fno48_floor6_smooth1_qc_peak4_fieldloss_smooth0
run9_sparc_1351,sparc_1351,0.579922,1.071127,0.327494,0.567124,0.875579,0.299197,0.898943,0.885535,0.686673,0.849222,0.892585,0.576282,spectrum_fno48_floor6_smooth1_qc_peak4_fieldloss_smooth0
run9_sparc_1354,sparc_1354,0.593708,1.018164,0.315206,0.584795,0.887264,0.294318,0.900339,0.881980,0.694040,0.890705,0.876972,0.520504,spectrum_fno48_floor6_smooth1_qc_peak4_fieldloss_smooth0
run9_sparc_1360,sparc_1360,0.484664,0.710002,0.304081,0.484104,0.703148,0.299557,0.880727,0.871682,0.685054,0.882751,0.875686,0.568465,spectrum_fno48_floor6_smooth1_qc_peak4_fieldloss_smooth0
run9_sparc_1402,sparc_1402,0.496420,0.586077,0.389453,0.496266,0.565259,0.387749,0.929261,0.942885,0.854581,0.751947,0.811968,0.685919,spectrum_fno48_floor6_smooth1_qc_peak4_fieldloss_smooth0
run9_sparc_1406,sparc_1406,0.929515,1.094326,0.536685,0.707172,0.744430,0.427060,0.893048,0.923029,0.740736,0.934954,0.873225,0.730340,spectrum_fno48_floor6_smooth1_qc_peak4_fieldloss_smooth0
run9_sparc_1421,sparc_1421,0.570467,0.766007,0.365725,0.553063,0.753597,0.350759,0.894414,0.878551,0.681921,0.768726,0.845594,0.343707,spectrum_fno48_floor6_smooth1_qc_peak4_fieldloss_smooth0
run9_sparc_1429,sparc_1429,0.627128,0.746383,0.571402,0.626055,0.696871,0.571336,0.884084,0.870055,0.784982,0.964436,0.940434,0.761709,spectrum_fno48_floor6_smooth1_qc_peak4_fieldloss_smooth0
run9_sparc_1430,sparc_1430,0.915215,0.834877,0.675463,0.720127,0.647590,0.591928,0.372767,0.837227,0.542725,0.973240,0.951342,0.883291,spectrum_fno48_floor6_smooth1_qc_peak4_fieldloss_smooth0
run9_sparc_1441,sparc_1441,0.985143,1.162401,0.528525,0.723286,0.771378,0.428206,0.917909,0.935473,0.782949,0.822207,0.817991,0.633237,spectrum_fno48_floor6_smooth1_qc_peak4_fieldloss_smooth0
run9_sparc_1506,sparc_1506,1.132559,0.904582,0.555555,0.806365,0.733896,0.503713,0.820116,0.911450,0.731572,0.921491,0.685627,0.717347,spectrum_fno48_floor6_smooth1_qc_peak4_fieldloss_smooth0
run9_sparc_1514,sparc_1514,0.619061,0.931546,0.319561,0.610089,0.844064,0.317057,0.891369,0.891070,0.696660,0.870339,0.861273,0.661708,spectrum_fno48_floor6_smooth1_qc_peak4_fieldloss_smooth0
run9_sparc_1515,sparc_1515,0.596272,0.895406,0.324078,0.596073,0.845879,0.313377,0.893883,0.889458,0.702365,0.847954,0.851787,0.672832,spectrum_fno48_floor6_smooth1_qc_peak4_fieldloss_smooth0
run9_sparc_1526,sparc_1526,1.297159,1.335755,0.841036,0.808453,0.862340,0.594929,0.848845,0.858672,0.692825,0.908230,0.717636,0.597545,spectrum_fno48_floor6_smooth1_qc_peak4_fieldloss_smooth0
run9_sparc_1593,sparc_1593,0.534914,1.288557,0.782446,0.460887,0.764320,0.549526,0.898625,0.929916,0.822061,0.954477,0.851379,0.824660,spectrum_fno48_floor6_smooth1_qc_peak4_fieldloss
